# Blender 4.3.2
# www.blender.org
mtllib titleStart.mtl
o テキスト
v -3.337049 -0.117009 -0.130000
v -3.254122 -0.117009 -0.130000
v -3.254122 0.047870 -0.130000
v -3.338025 0.047870 -0.130000
v -3.338025 0.130796 -0.130000
v -3.589732 0.130796 -0.130000
v -3.589732 0.047870 -0.130000
v -3.673635 0.047870 -0.130000
v -3.673635 -0.034082 -0.130000
v -3.755586 -0.034082 -0.130000
v -3.755586 0.047870 -0.130000
v -3.839488 0.047870 -0.130000
v -3.839488 0.128845 -0.130000
v -3.922415 0.128845 -0.130000
v -3.922415 -0.036033 -0.130000
v -3.838513 -0.036033 -0.130000
v -3.838513 -0.117009 -0.130000
v -3.589732 -0.117009 -0.130000
v -3.589732 -0.034082 -0.130000
v -3.505830 -0.034082 -0.130000
v -3.505830 0.047870 -0.130000
v -3.420952 0.047870 -0.130000
v -3.420952 -0.034082 -0.130000
v -3.337049 -0.034082 -0.130000
v -2.922415 0.299577 -0.130000
v -2.586806 0.299577 -0.130000
v -2.586806 0.383479 -0.130000
v -3.171196 0.383479 -0.130000
v -3.171196 0.299577 -0.130000
v -3.089245 0.299577 -0.130000
v -3.089245 0.215674 -0.130000
v -3.006318 0.215674 -0.130000
v -3.006318 0.131772 -0.130000
v -3.089245 0.131772 -0.130000
v -3.089245 0.047870 -0.130000
v -3.171196 0.047870 -0.130000
v -3.171196 -0.201887 -0.130000
v -3.089245 -0.201887 -0.130000
v -3.089245 -0.285789 -0.130000
v -2.754610 -0.285789 -0.130000
v -2.754610 -0.034082 -0.130000
v -3.006318 -0.034082 -0.130000
v -3.006318 -0.117009 -0.130000
v -3.088269 -0.117009 -0.130000
v -3.088269 -0.034082 -0.130000
v -3.006318 -0.034082 -0.130000
v -3.006318 0.047870 -0.130000
v -2.754610 0.047870 -0.130000
v -2.754610 0.131772 -0.130000
v -2.838513 0.131772 -0.130000
v -2.838513 0.215674 -0.130000
v -2.922415 0.215674 -0.130000
v -2.837538 -0.201887 -0.130000
v -2.922415 -0.201887 -0.130000
v -2.922415 -0.117009 -0.130000
v -2.837538 -0.117009 -0.130000
v -1.835586 -0.201887 -0.130000
v -1.751683 -0.201887 -0.130000
v -1.751683 0.131772 -0.130000
v -1.835586 0.131772 -0.130000
v -1.835586 0.383479 -0.130000
v -1.918513 0.383479 -0.130000
v -1.918513 0.215674 -0.130000
v -2.253147 0.215674 -0.130000
v -2.253147 0.383479 -0.130000
v -2.336074 0.383479 -0.130000
v -2.336074 0.215674 -0.130000
v -2.419976 0.215674 -0.130000
v -2.419976 0.131772 -0.130000
v -2.503878 0.131772 -0.130000
v -2.503878 -0.201887 -0.130000
v -2.419976 -0.201887 -0.130000
v -2.419976 -0.285789 -0.130000
v -2.253147 -0.285789 -0.130000
v -2.253147 -0.201887 -0.130000
v -2.337049 -0.201887 -0.130000
v -2.337049 -0.117009 -0.130000
v -2.420952 -0.117009 -0.130000
v -2.420952 0.047870 -0.130000
v -2.337049 0.047870 -0.130000
v -2.337049 0.131772 -0.130000
v -2.254122 0.131772 -0.130000
v -2.254122 -0.117009 -0.130000
v -2.171196 -0.117009 -0.130000
v -2.171196 -0.201887 -0.130000
v -2.087293 -0.201887 -0.130000
v -2.087293 -0.285789 -0.130000
v -1.835586 -0.285789 -0.130000
v -1.918513 0.047870 -0.130000
v -1.834610 0.047870 -0.130000
v -1.834610 -0.117009 -0.130000
v -1.918513 -0.117009 -0.130000
v -1.918513 -0.201887 -0.130000
v -2.003391 -0.201887 -0.130000
v -2.003391 -0.034082 -0.130000
v -1.918513 -0.034082 -0.130000
v -2.171196 0.131772 -0.130000
v -2.171196 -0.034082 -0.130000
v -2.087293 -0.034082 -0.130000
v -2.087293 0.047870 -0.130000
v -2.003391 0.047870 -0.130000
v -2.003391 0.131772 -0.130000
v -0.835586 0.128845 -0.130000
v -0.752659 0.128845 -0.130000
v -0.752659 0.211772 -0.130000
v -0.918513 0.211772 -0.130000
v -0.918513 0.378601 -0.130000
v -1.001440 0.378601 -0.130000
v -1.001440 0.211772 -0.130000
v -1.250220 0.211772 -0.130000
v -1.250220 0.378601 -0.130000
v -1.333147 0.378601 -0.130000
v -1.333147 0.461528 -0.130000
v -1.416074 0.461528 -0.130000
v -1.416074 0.295674 -0.130000
v -1.333147 0.295674 -0.130000
v -1.333147 0.211772 -0.130000
v -1.499000 0.211772 -0.130000
v -1.499000 0.295674 -0.130000
v -1.581928 0.295674 -0.130000
v -1.581928 0.211772 -0.130000
v -1.664854 0.211772 -0.130000
v -1.664854 0.045918 -0.130000
v -1.581928 0.045918 -0.130000
v -1.581928 0.128845 -0.130000
v -1.167293 0.128845 -0.130000
v -1.167293 -0.037009 -0.130000
v -1.084367 -0.037009 -0.130000
v -1.084367 -0.118960 -0.130000
v -1.167293 -0.118960 -0.130000
v -1.167293 -0.201887 -0.130000
v -1.001440 -0.201887 -0.130000
v -1.001440 -0.284813 -0.130000
v -0.835586 -0.284813 -0.130000
v -0.835586 -0.201887 -0.130000
v -0.918513 -0.201887 -0.130000
v -0.918513 -0.119935 -0.130000
v -0.835586 -0.119935 -0.130000
v -1.581928 -0.284813 -0.130000
v -1.250220 -0.284813 -0.130000
v -1.250220 0.045918 -0.130000
v -1.581928 0.045918 -0.130000
v -1.001440 -0.037009 -0.130000
v -1.001440 0.045918 -0.130000
v -1.084367 0.045918 -0.130000
v -1.084367 0.128845 -0.130000
v -0.918513 0.128845 -0.130000
v -0.918513 -0.037009 -0.130000
v -1.333147 -0.037009 -0.130000
v -1.333147 -0.201887 -0.130000
v -1.499000 -0.201887 -0.130000
v -1.499000 -0.037009 -0.130000
v -0.669732 -0.117009 -0.130000
v -0.586806 -0.117009 -0.130000
v -0.586806 0.047870 -0.130000
v -0.669732 0.047870 -0.130000
v -0.253147 0.215674 -0.130000
v 0.082463 0.215674 -0.130000
v 0.082463 0.298601 -0.130000
v -0.501928 0.299577 -0.130000
v -0.501928 0.215674 -0.130000
v -0.419976 0.215674 -0.130000
v -0.419976 0.131772 -0.130000
v -0.337049 0.131772 -0.130000
v -0.337049 0.047870 -0.130000
v -0.253147 0.047870 -0.130000
v -0.253147 -0.117009 -0.130000
v -0.337049 -0.117009 -0.130000
v -0.337049 -0.201887 -0.130000
v -0.419976 -0.201887 -0.130000
v -0.419976 -0.285789 -0.130000
v -0.253147 -0.285789 -0.130000
v -0.253147 -0.201887 -0.130000
v -0.169245 -0.201887 -0.130000
v -0.169245 0.131772 -0.130000
v -0.253147 0.131772 -0.130000
v -0.501928 -0.117009 -0.130000
v -0.419000 -0.117009 -0.130000
v -0.419000 0.047870 -0.130000
v -0.501928 0.047870 -0.130000
v 0.581975 0.131772 -0.130000
v 0.917585 0.131772 -0.130000
v 0.917585 0.215674 -0.130000
v 0.581975 0.215674 -0.130000
v 0.415146 -0.285789 -0.130000
v 0.665877 -0.285789 -0.130000
v 0.665877 -0.201887 -0.130000
v 0.498072 -0.201887 -0.130000
v 0.498072 -0.117009 -0.130000
v 0.416121 -0.117009 -0.130000
v 0.416121 -0.036033 -0.130000
v 0.332219 -0.036033 -0.130000
v 0.332219 0.047870 -0.130000
v 0.248316 0.047870 -0.130000
v 0.248316 0.131772 -0.130000
v 0.165390 0.131772 -0.130000
v 0.165390 -0.036033 -0.130000
v 0.249292 -0.036033 -0.130000
v 0.249292 -0.117009 -0.130000
v 0.333194 -0.117009 -0.130000
v 0.333194 -0.201887 -0.130000
v 0.415146 -0.201887 -0.130000
v 1.501975 0.047870 -0.130000
v 1.668804 0.047870 -0.130000
v 1.668804 0.131772 -0.130000
v 1.584902 0.131772 -0.130000
v 1.584902 0.215674 -0.130000
v 1.500999 0.215674 -0.130000
v 1.500999 0.383479 -0.130000
v 1.000511 0.383479 -0.130000
v 1.000511 0.047870 -0.130000
v 1.084414 0.047870 -0.130000
v 1.084414 -0.117009 -0.130000
v 1.166365 -0.117009 -0.130000
v 1.166365 -0.201887 -0.130000
v 1.333194 -0.201887 -0.130000
v 1.333194 -0.285789 -0.130000
v 1.584902 -0.285789 -0.130000
v 1.584902 -0.201887 -0.130000
v 1.417097 -0.201887 -0.130000
v 1.417097 -0.117009 -0.130000
v 1.249292 -0.117009 -0.130000
v 1.249292 -0.034082 -0.130000
v 1.333194 -0.034082 -0.130000
v 1.333194 0.047870 -0.130000
v 1.417097 0.047870 -0.130000
v 1.417097 0.131772 -0.130000
v 1.501975 0.131772 -0.130000
v 1.167341 0.047870 -0.130000
v 1.249292 0.047870 -0.130000
v 1.249292 0.131772 -0.130000
v 1.333194 0.131772 -0.130000
v 1.333194 0.215674 -0.130000
v 1.418072 0.215674 -0.130000
v 1.418072 0.299577 -0.130000
v 1.083438 0.299577 -0.130000
v 1.083438 0.131772 -0.130000
v 1.167341 0.131772 -0.130000
v 1.751731 0.215674 -0.130000
v 1.834658 0.215674 -0.130000
v 1.834658 0.383479 -0.130000
v 1.751731 0.383479 -0.130000
v 2.420999 -0.201887 -0.130000
v 2.503926 -0.201887 -0.130000
v 2.503926 -0.034082 -0.130000
v 2.420023 -0.034082 -0.130000
v 2.420023 0.047870 -0.130000
v 2.337097 0.047870 -0.130000
v 2.337097 -0.117009 -0.130000
v 2.420999 -0.117009 -0.130000
v 2.252219 0.131772 -0.130000
v 2.503926 0.131772 -0.130000
v 2.503926 0.215674 -0.130000
v 2.252219 0.215674 -0.130000
v 2.252219 0.383479 -0.130000
v 2.168316 0.383479 -0.130000
v 2.168316 0.215674 -0.130000
v 2.002463 0.215674 -0.130000
v 2.002463 0.383479 -0.130000
v 1.919536 0.383479 -0.130000
v 1.919536 0.131772 -0.130000
v 2.168316 0.131772 -0.130000
v 2.168316 -0.285789 -0.130000
v 2.252219 -0.285789 -0.130000
v 2.002463 -0.117009 -0.130000
v 2.084414 -0.117009 -0.130000
v 2.084414 -0.034082 -0.130000
v 2.001487 -0.034082 -0.130000
v 2.001487 -0.036033 -0.130000
v 1.919536 -0.036033 -0.130000
v 1.919536 -0.117009 -0.130000
v 1.835633 -0.117009 -0.130000
v 1.835633 -0.285789 -0.130000
v 1.918560 -0.285789 -0.130000
v 1.918560 -0.201887 -0.130000
v 2.002463 -0.201887 -0.130000
v 3.088316 -0.285789 -0.130000
v 3.171243 -0.285789 -0.130000
v 3.171243 -0.034082 -0.130000
v 3.087341 -0.034082 -0.130000
v 3.087341 0.215674 -0.130000
v 3.003438 0.215674 -0.130000
v 3.003438 0.298601 -0.130000
v 2.751731 0.299577 -0.130000
v 2.751731 0.215674 -0.130000
v 2.668804 0.215674 -0.130000
v 2.668804 -0.036033 -0.130000
v 2.586853 -0.036033 -0.130000
v 2.586853 -0.285789 -0.130000
v 2.669780 -0.285789 -0.130000
v 2.669780 -0.117009 -0.130000
v 3.088316 -0.117009 -0.130000
v 3.004414 -0.034082 -0.130000
v 2.751731 -0.034082 -0.130000
v 2.751731 0.131772 -0.130000
v 2.835633 0.131772 -0.130000
v 2.835633 0.215674 -0.130000
v 2.920511 0.215674 -0.130000
v 2.920511 0.131772 -0.130000
v 3.004414 0.131772 -0.130000
v 3.839536 -0.117009 -0.130000
v 3.922463 -0.117009 -0.130000
v 3.922463 0.047870 -0.130000
v 3.838560 0.047870 -0.130000
v 3.838560 0.130796 -0.130000
v 3.586853 0.130796 -0.130000
v 3.586853 0.047870 -0.130000
v 3.502950 0.047870 -0.130000
v 3.502950 -0.034082 -0.130000
v 3.420999 -0.034082 -0.130000
v 3.420999 0.047870 -0.130000
v 3.337097 0.047870 -0.130000
v 3.337097 0.128845 -0.130000
v 3.254170 0.128845 -0.130000
v 3.254170 -0.036033 -0.130000
v 3.338073 -0.036033 -0.130000
v 3.338073 -0.117009 -0.130000
v 3.586853 -0.117009 -0.130000
v 3.586853 -0.034082 -0.130000
v 3.670755 -0.034082 -0.130000
v 3.670755 0.047870 -0.130000
v 3.755633 0.047870 -0.130000
v 3.755633 -0.034082 -0.130000
v 3.839536 -0.034082 -0.130000
v -3.337049 -0.117009 0.130000
v -3.254122 -0.117009 0.130000
v -3.254122 0.047870 0.130000
v -3.338025 0.047870 0.130000
v -3.338025 0.130796 0.130000
v -3.589732 0.130796 0.130000
v -3.589732 0.047870 0.130000
v -3.673635 0.047870 0.130000
v -3.673635 -0.034082 0.130000
v -3.755586 -0.034082 0.130000
v -3.755586 0.047870 0.130000
v -3.839488 0.047870 0.130000
v -3.839488 0.128845 0.130000
v -3.922415 0.128845 0.130000
v -3.922415 -0.036033 0.130000
v -3.838513 -0.036033 0.130000
v -3.838513 -0.117009 0.130000
v -3.589732 -0.117009 0.130000
v -3.589732 -0.034082 0.130000
v -3.505830 -0.034082 0.130000
v -3.505830 0.047870 0.130000
v -3.420952 0.047870 0.130000
v -3.420952 -0.034082 0.130000
v -3.337049 -0.034082 0.130000
v -2.922415 0.299577 0.130000
v -2.586806 0.299577 0.130000
v -2.586806 0.383479 0.130000
v -3.171196 0.383479 0.130000
v -3.171196 0.299577 0.130000
v -3.089245 0.299577 0.130000
v -3.089245 0.215674 0.130000
v -3.006318 0.215674 0.130000
v -3.006318 0.131772 0.130000
v -3.089245 0.131772 0.130000
v -3.089245 0.047870 0.130000
v -3.171196 0.047870 0.130000
v -3.171196 -0.201887 0.130000
v -3.089245 -0.201887 0.130000
v -3.089245 -0.285789 0.130000
v -2.754610 -0.285789 0.130000
v -2.754610 -0.034082 0.130000
v -3.006318 -0.034082 0.130000
v -3.006318 -0.117009 0.130000
v -3.088269 -0.117009 0.130000
v -3.088269 -0.034082 0.130000
v -3.006318 -0.034082 0.130000
v -3.006318 0.047870 0.130000
v -2.754610 0.047870 0.130000
v -2.754610 0.131772 0.130000
v -2.838513 0.131772 0.130000
v -2.838513 0.215674 0.130000
v -2.922415 0.215674 0.130000
v -2.837538 -0.201887 0.130000
v -2.922415 -0.201887 0.130000
v -2.922415 -0.117009 0.130000
v -2.837538 -0.117009 0.130000
v -1.835586 -0.201887 0.130000
v -1.751683 -0.201887 0.130000
v -1.751683 0.131772 0.130000
v -1.835586 0.131772 0.130000
v -1.835586 0.383479 0.130000
v -1.918513 0.383479 0.130000
v -1.918513 0.215674 0.130000
v -2.253147 0.215674 0.130000
v -2.253147 0.383479 0.130000
v -2.336074 0.383479 0.130000
v -2.336074 0.215674 0.130000
v -2.419976 0.215674 0.130000
v -2.419976 0.131772 0.130000
v -2.503878 0.131772 0.130000
v -2.503878 -0.201887 0.130000
v -2.419976 -0.201887 0.130000
v -2.419976 -0.285789 0.130000
v -2.253147 -0.285789 0.130000
v -2.253147 -0.201887 0.130000
v -2.337049 -0.201887 0.130000
v -2.337049 -0.117009 0.130000
v -2.420952 -0.117009 0.130000
v -2.420952 0.047870 0.130000
v -2.337049 0.047870 0.130000
v -2.337049 0.131772 0.130000
v -2.254122 0.131772 0.130000
v -2.254122 -0.117009 0.130000
v -2.171196 -0.117009 0.130000
v -2.171196 -0.201887 0.130000
v -2.087293 -0.201887 0.130000
v -2.087293 -0.285789 0.130000
v -1.835586 -0.285789 0.130000
v -1.918513 0.047870 0.130000
v -1.834610 0.047870 0.130000
v -1.834610 -0.117009 0.130000
v -1.918513 -0.117009 0.130000
v -1.918513 -0.201887 0.130000
v -2.003391 -0.201887 0.130000
v -2.003391 -0.034082 0.130000
v -1.918513 -0.034082 0.130000
v -2.171196 0.131772 0.130000
v -2.171196 -0.034082 0.130000
v -2.087293 -0.034082 0.130000
v -2.087293 0.047870 0.130000
v -2.003391 0.047870 0.130000
v -2.003391 0.131772 0.130000
v -0.835586 0.128845 0.130000
v -0.752659 0.128845 0.130000
v -0.752659 0.211772 0.130000
v -0.918513 0.211772 0.130000
v -0.918513 0.378601 0.130000
v -1.001440 0.378601 0.130000
v -1.001440 0.211772 0.130000
v -1.250220 0.211772 0.130000
v -1.250220 0.378601 0.130000
v -1.333147 0.378601 0.130000
v -1.333147 0.461528 0.130000
v -1.416074 0.461528 0.130000
v -1.416074 0.295674 0.130000
v -1.333147 0.295674 0.130000
v -1.333147 0.211772 0.130000
v -1.499000 0.211772 0.130000
v -1.499000 0.295674 0.130000
v -1.581928 0.295674 0.130000
v -1.581928 0.211772 0.130000
v -1.664854 0.211772 0.130000
v -1.664854 0.045918 0.130000
v -1.581928 0.045918 0.130000
v -1.581928 0.128845 0.130000
v -1.167293 0.128845 0.130000
v -1.167293 -0.037009 0.130000
v -1.084367 -0.037009 0.130000
v -1.084367 -0.118960 0.130000
v -1.167293 -0.118960 0.130000
v -1.167293 -0.201887 0.130000
v -1.001440 -0.201887 0.130000
v -1.001440 -0.284813 0.130000
v -0.835586 -0.284813 0.130000
v -0.835586 -0.201887 0.130000
v -0.918513 -0.201887 0.130000
v -0.918513 -0.119935 0.130000
v -0.835586 -0.119935 0.130000
v -1.581928 -0.284813 0.130000
v -1.250220 -0.284813 0.130000
v -1.250220 0.045918 0.130000
v -1.581928 0.045918 0.130000
v -1.001440 -0.037009 0.130000
v -1.001440 0.045918 0.130000
v -1.084367 0.045918 0.130000
v -1.084367 0.128845 0.130000
v -0.918513 0.128845 0.130000
v -0.918513 -0.037009 0.130000
v -1.333147 -0.037009 0.130000
v -1.333147 -0.201887 0.130000
v -1.499000 -0.201887 0.130000
v -1.499000 -0.037009 0.130000
v -0.669732 -0.117009 0.130000
v -0.586806 -0.117009 0.130000
v -0.586806 0.047870 0.130000
v -0.669732 0.047870 0.130000
v -0.253147 0.215674 0.130000
v 0.082463 0.215674 0.130000
v 0.082463 0.298601 0.130000
v -0.501928 0.299577 0.130000
v -0.501928 0.215674 0.130000
v -0.419976 0.215674 0.130000
v -0.419976 0.131772 0.130000
v -0.337049 0.131772 0.130000
v -0.337049 0.047870 0.130000
v -0.253147 0.047870 0.130000
v -0.253147 -0.117009 0.130000
v -0.337049 -0.117009 0.130000
v -0.337049 -0.201887 0.130000
v -0.419976 -0.201887 0.130000
v -0.419976 -0.285789 0.130000
v -0.253147 -0.285789 0.130000
v -0.253147 -0.201887 0.130000
v -0.169245 -0.201887 0.130000
v -0.169245 0.131772 0.130000
v -0.253147 0.131772 0.130000
v -0.501928 -0.117009 0.130000
v -0.419000 -0.117009 0.130000
v -0.419000 0.047870 0.130000
v -0.501928 0.047870 0.130000
v 0.581975 0.131772 0.130000
v 0.917585 0.131772 0.130000
v 0.917585 0.215674 0.130000
v 0.581975 0.215674 0.130000
v 0.415146 -0.285789 0.130000
v 0.665877 -0.285789 0.130000
v 0.665877 -0.201887 0.130000
v 0.498072 -0.201887 0.130000
v 0.498072 -0.117009 0.130000
v 0.416121 -0.117009 0.130000
v 0.416121 -0.036033 0.130000
v 0.332219 -0.036033 0.130000
v 0.332219 0.047870 0.130000
v 0.248316 0.047870 0.130000
v 0.248316 0.131772 0.130000
v 0.165390 0.131772 0.130000
v 0.165390 -0.036033 0.130000
v 0.249292 -0.036033 0.130000
v 0.249292 -0.117009 0.130000
v 0.333194 -0.117009 0.130000
v 0.333194 -0.201887 0.130000
v 0.415146 -0.201887 0.130000
v 1.501975 0.047870 0.130000
v 1.668804 0.047870 0.130000
v 1.668804 0.131772 0.130000
v 1.584902 0.131772 0.130000
v 1.584902 0.215674 0.130000
v 1.500999 0.215674 0.130000
v 1.500999 0.383479 0.130000
v 1.000511 0.383479 0.130000
v 1.000511 0.047870 0.130000
v 1.084414 0.047870 0.130000
v 1.084414 -0.117009 0.130000
v 1.166365 -0.117009 0.130000
v 1.166365 -0.201887 0.130000
v 1.333194 -0.201887 0.130000
v 1.333194 -0.285789 0.130000
v 1.584902 -0.285789 0.130000
v 1.584902 -0.201887 0.130000
v 1.417097 -0.201887 0.130000
v 1.417097 -0.117009 0.130000
v 1.249292 -0.117009 0.130000
v 1.249292 -0.034082 0.130000
v 1.333194 -0.034082 0.130000
v 1.333194 0.047870 0.130000
v 1.417097 0.047870 0.130000
v 1.417097 0.131772 0.130000
v 1.501975 0.131772 0.130000
v 1.167341 0.047870 0.130000
v 1.249292 0.047870 0.130000
v 1.249292 0.131772 0.130000
v 1.333194 0.131772 0.130000
v 1.333194 0.215674 0.130000
v 1.418072 0.215674 0.130000
v 1.418072 0.299577 0.130000
v 1.083438 0.299577 0.130000
v 1.083438 0.131772 0.130000
v 1.167341 0.131772 0.130000
v 1.751731 0.215674 0.130000
v 1.834658 0.215674 0.130000
v 1.834658 0.383479 0.130000
v 1.751731 0.383479 0.130000
v 2.420999 -0.201887 0.130000
v 2.503926 -0.201887 0.130000
v 2.503926 -0.034082 0.130000
v 2.420023 -0.034082 0.130000
v 2.420023 0.047870 0.130000
v 2.337097 0.047870 0.130000
v 2.337097 -0.117009 0.130000
v 2.420999 -0.117009 0.130000
v 2.252219 0.131772 0.130000
v 2.503926 0.131772 0.130000
v 2.503926 0.215674 0.130000
v 2.252219 0.215674 0.130000
v 2.252219 0.383479 0.130000
v 2.168316 0.383479 0.130000
v 2.168316 0.215674 0.130000
v 2.002463 0.215674 0.130000
v 2.002463 0.383479 0.130000
v 1.919536 0.383479 0.130000
v 1.919536 0.131772 0.130000
v 2.168316 0.131772 0.130000
v 2.168316 -0.285789 0.130000
v 2.252219 -0.285789 0.130000
v 2.002463 -0.117009 0.130000
v 2.084414 -0.117009 0.130000
v 2.084414 -0.034082 0.130000
v 2.001487 -0.034082 0.130000
v 2.001487 -0.036033 0.130000
v 1.919536 -0.036033 0.130000
v 1.919536 -0.117009 0.130000
v 1.835633 -0.117009 0.130000
v 1.835633 -0.285789 0.130000
v 1.918560 -0.285789 0.130000
v 1.918560 -0.201887 0.130000
v 2.002463 -0.201887 0.130000
v 3.088316 -0.285789 0.130000
v 3.171243 -0.285789 0.130000
v 3.171243 -0.034082 0.130000
v 3.087341 -0.034082 0.130000
v 3.087341 0.215674 0.130000
v 3.003438 0.215674 0.130000
v 3.003438 0.298601 0.130000
v 2.751731 0.299577 0.130000
v 2.751731 0.215674 0.130000
v 2.668804 0.215674 0.130000
v 2.668804 -0.036033 0.130000
v 2.586853 -0.036033 0.130000
v 2.586853 -0.285789 0.130000
v 2.669780 -0.285789 0.130000
v 2.669780 -0.117009 0.130000
v 3.088316 -0.117009 0.130000
v 3.004414 -0.034082 0.130000
v 2.751731 -0.034082 0.130000
v 2.751731 0.131772 0.130000
v 2.835633 0.131772 0.130000
v 2.835633 0.215674 0.130000
v 2.920511 0.215674 0.130000
v 2.920511 0.131772 0.130000
v 3.004414 0.131772 0.130000
v 3.839536 -0.117009 0.130000
v 3.922463 -0.117009 0.130000
v 3.922463 0.047870 0.130000
v 3.838560 0.047870 0.130000
v 3.838560 0.130796 0.130000
v 3.586853 0.130796 0.130000
v 3.586853 0.047870 0.130000
v 3.502950 0.047870 0.130000
v 3.502950 -0.034082 0.130000
v 3.420999 -0.034082 0.130000
v 3.420999 0.047870 0.130000
v 3.337097 0.047870 0.130000
v 3.337097 0.128845 0.130000
v 3.254170 0.128845 0.130000
v 3.254170 -0.036033 0.130000
v 3.338073 -0.036033 0.130000
v 3.338073 -0.117009 0.130000
v 3.586853 -0.117009 0.130000
v 3.586853 -0.034082 0.130000
v 3.670755 -0.034082 0.130000
v 3.670755 0.047870 0.130000
v 3.755633 0.047870 0.130000
v 3.755633 -0.034082 0.130000
v 3.839536 -0.034082 0.130000
v 3.839536 -0.117009 0.130000
v 3.833355 -0.123189 0.129021
v 3.827780 -0.128764 0.126180
v 3.823355 -0.133189 0.121756
v 3.820515 -0.136030 0.116180
v 3.819536 -0.137009 0.110000
v 3.819536 -0.137009 -0.110000
v 3.820515 -0.136030 -0.116180
v 3.823355 -0.133189 -0.121756
v 3.827780 -0.128764 -0.126180
v 3.833355 -0.123189 -0.129021
v 3.839536 -0.117009 -0.130000
v 3.922463 -0.117009 0.130000
v 3.928643 -0.123189 0.129021
v 3.934218 -0.128764 0.126180
v 3.938643 -0.133189 0.121756
v 3.941484 -0.136030 0.116180
v 3.942463 -0.137009 0.110000
v 3.942463 -0.137009 -0.110000
v 3.941484 -0.136030 -0.116180
v 3.938643 -0.133189 -0.121756
v 3.934218 -0.128764 -0.126180
v 3.928643 -0.123189 -0.129021
v 3.922463 -0.117009 -0.130000
v 3.922463 0.047870 0.130000
v 3.928643 0.054050 0.129021
v 3.934218 0.059625 0.126180
v 3.938643 0.064050 0.121756
v 3.941484 0.066891 0.116180
v 3.942463 0.067870 0.110000
v 3.942463 0.067870 -0.110000
v 3.941484 0.066891 -0.116180
v 3.938643 0.064050 -0.121756
v 3.934218 0.059625 -0.126180
v 3.928643 0.054050 -0.129021
v 3.922463 0.047870 -0.130000
v 3.838560 0.047870 0.130000
v 3.844741 0.054050 0.129021
v 3.850316 0.059625 0.126180
v 3.854741 0.064050 0.121756
v 3.857581 0.066891 0.116180
v 3.858560 0.067870 0.110000
v 3.858560 0.067870 -0.110000
v 3.857581 0.066891 -0.116180
v 3.854741 0.064050 -0.121756
v 3.850316 0.059625 -0.126180
v 3.844741 0.054050 -0.129021
v 3.838560 0.047870 -0.130000
v 3.838560 0.130796 0.130000
v 3.844741 0.136977 0.129021
v 3.850316 0.142552 0.126180
v 3.854741 0.146977 0.121756
v 3.857581 0.149817 0.116180
v 3.858560 0.150796 0.110000
v 3.858560 0.150796 -0.110000
v 3.857581 0.149817 -0.116180
v 3.854741 0.146977 -0.121756
v 3.850316 0.142552 -0.126180
v 3.844741 0.136977 -0.129021
v 3.838560 0.130796 -0.130000
v 3.586853 0.130796 0.130000
v 3.580673 0.136977 0.129021
v 3.575097 0.142552 0.126180
v 3.570673 0.146977 0.121756
v 3.567832 0.149817 0.116180
v 3.566853 0.150796 0.110000
v 3.566853 0.150796 -0.110000
v 3.567832 0.149817 -0.116180
v 3.570673 0.146977 -0.121756
v 3.575097 0.142552 -0.126180
v 3.580673 0.136977 -0.129021
v 3.586853 0.130796 -0.130000
v 3.586853 0.047870 0.130000
v 3.580673 0.054050 0.129021
v 3.575097 0.059625 0.126180
v 3.570673 0.064050 0.121756
v 3.567832 0.066891 0.116180
v 3.566853 0.067870 0.110000
v 3.566853 0.067870 -0.110000
v 3.567832 0.066891 -0.116180
v 3.570673 0.064050 -0.121756
v 3.575097 0.059625 -0.126180
v 3.580673 0.054050 -0.129021
v 3.586853 0.047870 -0.130000
v 3.502950 0.047870 0.130000
v 3.496770 0.054050 0.129021
v 3.491195 0.059625 0.126180
v 3.486770 0.064050 0.121756
v 3.483929 0.066891 0.116180
v 3.482950 0.067870 0.110000
v 3.482950 0.067870 -0.110000
v 3.483929 0.066891 -0.116180
v 3.486770 0.064050 -0.121756
v 3.491195 0.059625 -0.126180
v 3.496770 0.054050 -0.129021
v 3.502950 0.047870 -0.130000
v 3.502950 -0.034082 0.130000
v 3.496770 -0.027901 0.129021
v 3.491195 -0.022326 0.126180
v 3.486770 -0.017901 0.121756
v 3.483929 -0.015061 0.116180
v 3.482950 -0.014082 0.110000
v 3.482950 -0.014082 -0.110000
v 3.483929 -0.015061 -0.116180
v 3.486770 -0.017901 -0.121756
v 3.491195 -0.022326 -0.126180
v 3.496770 -0.027901 -0.129021
v 3.502950 -0.034082 -0.130000
v 3.420999 -0.034082 0.130000
v 3.427180 -0.027901 0.129021
v 3.432755 -0.022326 0.126180
v 3.437180 -0.017901 0.121756
v 3.440020 -0.015061 0.116180
v 3.440999 -0.014082 0.110000
v 3.440999 -0.014082 -0.110000
v 3.440020 -0.015061 -0.116180
v 3.437180 -0.017901 -0.121756
v 3.432755 -0.022326 -0.126180
v 3.427180 -0.027901 -0.129021
v 3.420999 -0.034082 -0.130000
v 3.420999 0.047870 0.130000
v 3.427180 0.054050 0.129021
v 3.432755 0.059625 0.126180
v 3.437180 0.064050 0.121756
v 3.440020 0.066891 0.116180
v 3.440999 0.067870 0.110000
v 3.440999 0.067870 -0.110000
v 3.440020 0.066891 -0.116180
v 3.437180 0.064050 -0.121756
v 3.432755 0.059625 -0.126180
v 3.427180 0.054050 -0.129021
v 3.420999 0.047870 -0.130000
v 3.337097 0.047870 0.130000
v 3.343277 0.054050 0.129021
v 3.348853 0.059625 0.126180
v 3.353277 0.064050 0.121756
v 3.356118 0.066891 0.116180
v 3.357097 0.067870 0.110000
v 3.357097 0.067870 -0.110000
v 3.356118 0.066891 -0.116180
v 3.353277 0.064050 -0.121756
v 3.348853 0.059625 -0.126180
v 3.343277 0.054050 -0.129021
v 3.337097 0.047870 -0.130000
v 3.337097 0.128845 0.130000
v 3.343277 0.135025 0.129021
v 3.348853 0.140601 0.126180
v 3.353277 0.145025 0.121756
v 3.356118 0.147866 0.116180
v 3.357097 0.148845 0.110000
v 3.357097 0.148845 -0.110000
v 3.356118 0.147866 -0.116180
v 3.353277 0.145025 -0.121756
v 3.348853 0.140601 -0.126180
v 3.343277 0.135025 -0.129021
v 3.337097 0.128845 -0.130000
v 3.254170 0.128845 0.130000
v 3.247990 0.135025 0.129021
v 3.242414 0.140601 0.126180
v 3.237990 0.145025 0.121756
v 3.235149 0.147866 0.116180
v 3.234170 0.148845 0.110000
v 3.234170 0.148845 -0.110000
v 3.235149 0.147866 -0.116180
v 3.237990 0.145025 -0.121756
v 3.242414 0.140601 -0.126180
v 3.247990 0.135025 -0.129021
v 3.254170 0.128845 -0.130000
v 3.254170 -0.036033 0.130000
v 3.247990 -0.042213 0.129021
v 3.242414 -0.047789 0.126180
v 3.237990 -0.052213 0.121756
v 3.235149 -0.055054 0.116180
v 3.234170 -0.056033 0.110000
v 3.234170 -0.056033 -0.110000
v 3.235149 -0.055054 -0.116180
v 3.237990 -0.052213 -0.121756
v 3.242414 -0.047789 -0.126180
v 3.247990 -0.042213 -0.129021
v 3.254170 -0.036033 -0.130000
v 3.338073 -0.036033 0.130000
v 3.331892 -0.042213 0.129021
v 3.326317 -0.047789 0.126180
v 3.321892 -0.052213 0.121756
v 3.319051 -0.055054 0.116180
v 3.318073 -0.056033 0.110000
v 3.318073 -0.056033 -0.110000
v 3.319051 -0.055054 -0.116180
v 3.321892 -0.052213 -0.121756
v 3.326317 -0.047789 -0.126180
v 3.331892 -0.042213 -0.129021
v 3.338073 -0.036033 -0.130000
v 3.338073 -0.117009 0.130000
v 3.331892 -0.123189 0.129021
v 3.326317 -0.128764 0.126180
v 3.321892 -0.133189 0.121756
v 3.319051 -0.136030 0.116180
v 3.318073 -0.137009 0.110000
v 3.318073 -0.137009 -0.110000
v 3.319051 -0.136030 -0.116180
v 3.321892 -0.133189 -0.121756
v 3.326317 -0.128764 -0.126180
v 3.331892 -0.123189 -0.129021
v 3.338073 -0.117009 -0.130000
v 3.586853 -0.117009 0.130000
v 3.593033 -0.123189 0.129021
v 3.598609 -0.128764 0.126180
v 3.603033 -0.133189 0.121756
v 3.605874 -0.136030 0.116180
v 3.606853 -0.137009 0.110000
v 3.606853 -0.137009 -0.110000
v 3.605874 -0.136030 -0.116180
v 3.603033 -0.133189 -0.121756
v 3.598609 -0.128764 -0.126180
v 3.593033 -0.123189 -0.129021
v 3.586853 -0.117009 -0.130000
v 3.586853 -0.034082 0.130000
v 3.593033 -0.040262 0.129021
v 3.598609 -0.045837 0.126180
v 3.603033 -0.050262 0.121756
v 3.605874 -0.053103 0.116180
v 3.606853 -0.054082 0.110000
v 3.606853 -0.054082 -0.110000
v 3.605874 -0.053103 -0.116180
v 3.603033 -0.050262 -0.121756
v 3.598609 -0.045837 -0.126180
v 3.593033 -0.040262 -0.129021
v 3.586853 -0.034082 -0.130000
v 3.670755 -0.034082 0.130000
v 3.676936 -0.040262 0.129021
v 3.682511 -0.045837 0.126180
v 3.686936 -0.050262 0.121756
v 3.689776 -0.053103 0.116180
v 3.690755 -0.054082 0.110000
v 3.690755 -0.054082 -0.110000
v 3.689776 -0.053103 -0.116180
v 3.686936 -0.050262 -0.121756
v 3.682511 -0.045837 -0.126180
v 3.676936 -0.040262 -0.129021
v 3.670755 -0.034082 -0.130000
v 3.670755 0.047870 0.130000
v 3.676936 0.041689 0.129021
v 3.682511 0.036114 0.126180
v 3.686936 0.031689 0.121756
v 3.689776 0.028848 0.116180
v 3.690755 0.027870 0.110000
v 3.690755 0.027870 -0.110000
v 3.689776 0.028848 -0.116180
v 3.686936 0.031689 -0.121756
v 3.682511 0.036114 -0.126180
v 3.676936 0.041689 -0.129021
v 3.670755 0.047870 -0.130000
v 3.755633 0.047870 0.130000
v 3.749453 0.041689 0.129021
v 3.743878 0.036114 0.126180
v 3.739453 0.031689 0.121756
v 3.736612 0.028848 0.116180
v 3.735633 0.027870 0.110000
v 3.735633 0.027870 -0.110000
v 3.736612 0.028848 -0.116180
v 3.739453 0.031689 -0.121756
v 3.743878 0.036114 -0.126180
v 3.749453 0.041689 -0.129021
v 3.755633 0.047870 -0.130000
v 3.755633 -0.034082 0.130000
v 3.749453 -0.040262 0.129021
v 3.743878 -0.045837 0.126180
v 3.739453 -0.050262 0.121756
v 3.736612 -0.053103 0.116180
v 3.735633 -0.054082 0.110000
v 3.735633 -0.054082 -0.110000
v 3.736612 -0.053103 -0.116180
v 3.739453 -0.050262 -0.121756
v 3.743878 -0.045837 -0.126180
v 3.749453 -0.040262 -0.129021
v 3.755633 -0.034082 -0.130000
v 3.839536 -0.034082 0.130000
v 3.833355 -0.040262 0.129021
v 3.827780 -0.045837 0.126180
v 3.823355 -0.050262 0.121756
v 3.820515 -0.053103 0.116180
v 3.819536 -0.054082 0.110000
v 3.819536 -0.054082 -0.110000
v 3.820515 -0.053103 -0.116180
v 3.823355 -0.050262 -0.121756
v 3.827780 -0.045837 -0.126180
v 3.833355 -0.040262 -0.129021
v 3.839536 -0.034082 -0.130000
v 3.088316 -0.285789 0.130000
v 3.082136 -0.291969 0.129021
v 3.076561 -0.297545 0.126180
v 3.072136 -0.301969 0.121756
v 3.069295 -0.304810 0.116180
v 3.068316 -0.305789 0.110000
v 3.068316 -0.305789 -0.110000
v 3.069295 -0.304810 -0.116180
v 3.072136 -0.301969 -0.121756
v 3.076561 -0.297545 -0.126180
v 3.082136 -0.291969 -0.129021
v 3.088316 -0.285789 -0.130000
v 3.171243 -0.285789 0.130000
v 3.177423 -0.291969 0.129021
v 3.182999 -0.297545 0.126180
v 3.187423 -0.301969 0.121756
v 3.190264 -0.304810 0.116180
v 3.191243 -0.305789 0.110000
v 3.191243 -0.305789 -0.110000
v 3.190264 -0.304810 -0.116180
v 3.187423 -0.301969 -0.121756
v 3.182999 -0.297545 -0.126180
v 3.177423 -0.291969 -0.129021
v 3.171243 -0.285789 -0.130000
v 3.171243 -0.034082 0.130000
v 3.177423 -0.027901 0.129021
v 3.182999 -0.022326 0.126180
v 3.187423 -0.017901 0.121756
v 3.190264 -0.015061 0.116180
v 3.191243 -0.014082 0.110000
v 3.191243 -0.014082 -0.110000
v 3.190264 -0.015061 -0.116180
v 3.187423 -0.017901 -0.121756
v 3.182999 -0.022326 -0.126180
v 3.177423 -0.027901 -0.129021
v 3.171243 -0.034082 -0.130000
v 3.087341 -0.034082 0.130000
v 3.093521 -0.027901 0.129021
v 3.099097 -0.022326 0.126180
v 3.103521 -0.017901 0.121756
v 3.106362 -0.015061 0.116180
v 3.107341 -0.014082 0.110000
v 3.107341 -0.014082 -0.110000
v 3.106362 -0.015061 -0.116180
v 3.103521 -0.017901 -0.121756
v 3.099097 -0.022326 -0.126180
v 3.093521 -0.027901 -0.129021
v 3.087341 -0.034082 -0.130000
v 3.087341 0.215674 0.130000
v 3.093521 0.221855 0.129021
v 3.099097 0.227430 0.126180
v 3.103521 0.231855 0.121756
v 3.106362 0.234696 0.116180
v 3.107341 0.235674 0.110000
v 3.107341 0.235674 -0.110000
v 3.106362 0.234696 -0.116180
v 3.103521 0.231855 -0.121756
v 3.099097 0.227430 -0.126180
v 3.093521 0.221855 -0.129021
v 3.087341 0.215674 -0.130000
v 3.003438 0.215674 0.130000
v 3.009619 0.221855 0.129021
v 3.015194 0.227430 0.126180
v 3.019619 0.231855 0.121756
v 3.022460 0.234696 0.116180
v 3.023438 0.235674 0.110000
v 3.023438 0.235674 -0.110000
v 3.022460 0.234696 -0.116180
v 3.019619 0.231855 -0.121756
v 3.015194 0.227430 -0.126180
v 3.009619 0.221855 -0.129021
v 3.003438 0.215674 -0.130000
v 3.003438 0.298601 0.130000
v 3.009619 0.304758 0.129021
v 3.015194 0.310311 0.126180
v 3.019619 0.314719 0.121756
v 3.022460 0.317549 0.116180
v 3.023438 0.318524 0.110000
v 3.023438 0.318524 -0.110000
v 3.022460 0.317549 -0.116180
v 3.019619 0.314719 -0.121756
v 3.015194 0.310311 -0.126180
v 3.009619 0.304758 -0.129021
v 3.003438 0.298601 -0.130000
v 2.751731 0.299577 0.130000
v 2.745551 0.305781 0.129021
v 2.739975 0.311378 0.126180
v 2.735551 0.315820 0.121756
v 2.732710 0.318672 0.116180
v 2.731731 0.319654 0.110000
v 2.731731 0.319654 -0.110000
v 2.732710 0.318672 -0.116180
v 2.735551 0.315820 -0.121756
v 2.739975 0.311378 -0.126180
v 2.745551 0.305781 -0.129021
v 2.751731 0.299577 -0.130000
v 2.751731 0.215674 0.130000
v 2.745551 0.221855 0.129021
v 2.739975 0.227430 0.126180
v 2.735551 0.231855 0.121756
v 2.732710 0.234696 0.116180
v 2.731731 0.235674 0.110000
v 2.731731 0.235674 -0.110000
v 2.732710 0.234696 -0.116180
v 2.735551 0.231855 -0.121756
v 2.739975 0.227430 -0.126180
v 2.745551 0.221855 -0.129021
v 2.751731 0.215674 -0.130000
v 2.668804 0.215674 0.130000
v 2.662624 0.221855 0.129021
v 2.657048 0.227430 0.126180
v 2.652624 0.231855 0.121756
v 2.649783 0.234696 0.116180
v 2.648804 0.235674 0.110000
v 2.648804 0.235674 -0.110000
v 2.649783 0.234696 -0.116180
v 2.652624 0.231855 -0.121756
v 2.657048 0.227430 -0.126180
v 2.662624 0.221855 -0.129021
v 2.668804 0.215674 -0.130000
v 2.668804 -0.036033 0.130000
v 2.662624 -0.029853 0.129021
v 2.657048 -0.024277 0.126180
v 2.652624 -0.019853 0.121756
v 2.649783 -0.017012 0.116180
v 2.648804 -0.016033 0.110000
v 2.648804 -0.016033 -0.110000
v 2.649783 -0.017012 -0.116180
v 2.652624 -0.019853 -0.121756
v 2.657048 -0.024277 -0.126180
v 2.662624 -0.029853 -0.129021
v 2.668804 -0.036033 -0.130000
v 2.586853 -0.036033 0.130000
v 2.580673 -0.029853 0.129021
v 2.575097 -0.024277 0.126180
v 2.570673 -0.019853 0.121756
v 2.567832 -0.017012 0.116180
v 2.566853 -0.016033 0.110000
v 2.566853 -0.016033 -0.110000
v 2.567832 -0.017012 -0.116180
v 2.570673 -0.019853 -0.121756
v 2.575097 -0.024277 -0.126180
v 2.580673 -0.029853 -0.129021
v 2.586853 -0.036033 -0.130000
v 2.586853 -0.285789 0.130000
v 2.580673 -0.291969 0.129021
v 2.575097 -0.297545 0.126180
v 2.570673 -0.301969 0.121756
v 2.567832 -0.304810 0.116180
v 2.566853 -0.305789 0.110000
v 2.566853 -0.305789 -0.110000
v 2.567832 -0.304810 -0.116180
v 2.570673 -0.301969 -0.121756
v 2.575097 -0.297545 -0.126180
v 2.580673 -0.291969 -0.129021
v 2.586853 -0.285789 -0.130000
v 2.669780 -0.285789 0.130000
v 2.675960 -0.291969 0.129021
v 2.681535 -0.297545 0.126180
v 2.685960 -0.301969 0.121756
v 2.688801 -0.304810 0.116180
v 2.689780 -0.305789 0.110000
v 2.689780 -0.305789 -0.110000
v 2.688801 -0.304810 -0.116180
v 2.685960 -0.301969 -0.121756
v 2.681535 -0.297545 -0.126180
v 2.675960 -0.291969 -0.129021
v 2.669780 -0.285789 -0.130000
v 2.669780 -0.117009 0.130000
v 2.675960 -0.123189 0.129021
v 2.681535 -0.128764 0.126180
v 2.685960 -0.133189 0.121756
v 2.688801 -0.136030 0.116180
v 2.689780 -0.137009 0.110000
v 2.689780 -0.137009 -0.110000
v 2.688801 -0.136030 -0.116180
v 2.685960 -0.133189 -0.121756
v 2.681535 -0.128764 -0.126180
v 2.675960 -0.123189 -0.129021
v 2.669780 -0.117009 -0.130000
v 3.088316 -0.117009 0.130000
v 3.082136 -0.123189 0.129021
v 3.076561 -0.128764 0.126180
v 3.072136 -0.133189 0.121756
v 3.069295 -0.136030 0.116180
v 3.068316 -0.137009 0.110000
v 3.068316 -0.137009 -0.110000
v 3.069295 -0.136030 -0.116180
v 3.072136 -0.133189 -0.121756
v 3.076561 -0.128764 -0.126180
v 3.082136 -0.123189 -0.129021
v 3.088316 -0.117009 -0.130000
v 3.004414 -0.034082 0.130000
v 2.998234 -0.027901 0.129021
v 2.992658 -0.022326 0.126180
v 2.988234 -0.017901 0.121756
v 2.985393 -0.015061 0.116180
v 2.984414 -0.014082 0.110000
v 2.984414 -0.014082 -0.110000
v 2.985393 -0.015061 -0.116180
v 2.988234 -0.017901 -0.121756
v 2.992658 -0.022326 -0.126180
v 2.998234 -0.027901 -0.129021
v 3.004414 -0.034082 -0.130000
v 2.751731 -0.034082 0.130000
v 2.757911 -0.027901 0.129021
v 2.763487 -0.022326 0.126180
v 2.767911 -0.017901 0.121756
v 2.770752 -0.015061 0.116180
v 2.771731 -0.014082 0.110000
v 2.771731 -0.014082 -0.110000
v 2.770752 -0.015061 -0.116180
v 2.767911 -0.017901 -0.121756
v 2.763487 -0.022326 -0.126180
v 2.757911 -0.027901 -0.129021
v 2.751731 -0.034082 -0.130000
v 2.751731 0.131772 0.130000
v 2.757911 0.125592 0.129021
v 2.763487 0.120016 0.126180
v 2.767911 0.115592 0.121756
v 2.770752 0.112751 0.116180
v 2.771731 0.111772 0.110000
v 2.771731 0.111772 -0.110000
v 2.770752 0.112751 -0.116180
v 2.767911 0.115592 -0.121756
v 2.763487 0.120016 -0.126180
v 2.757911 0.125592 -0.129021
v 2.751731 0.131772 -0.130000
v 2.835633 0.131772 0.130000
v 2.841814 0.125592 0.129021
v 2.847389 0.120016 0.126180
v 2.851814 0.115592 0.121756
v 2.854655 0.112751 0.116180
v 2.855633 0.111772 0.110000
v 2.855633 0.111772 -0.110000
v 2.854655 0.112751 -0.116180
v 2.851814 0.115592 -0.121756
v 2.847389 0.120016 -0.126180
v 2.841814 0.125592 -0.129021
v 2.835633 0.131772 -0.130000
v 2.835633 0.215674 0.130000
v 2.841814 0.209494 0.129021
v 2.847389 0.203919 0.126180
v 2.851814 0.199494 0.121756
v 2.854655 0.196653 0.116180
v 2.855633 0.195674 0.110000
v 2.855633 0.195674 -0.110000
v 2.854655 0.196653 -0.116180
v 2.851814 0.199494 -0.121756
v 2.847389 0.203919 -0.126180
v 2.841814 0.209494 -0.129021
v 2.835633 0.215674 -0.130000
v 2.920511 0.215674 0.130000
v 2.914331 0.209494 0.129021
v 2.908756 0.203919 0.126180
v 2.904331 0.199494 0.121756
v 2.901490 0.196653 0.116180
v 2.900512 0.195674 0.110000
v 2.900512 0.195674 -0.110000
v 2.901490 0.196653 -0.116180
v 2.904331 0.199494 -0.121756
v 2.908756 0.203919 -0.126180
v 2.914331 0.209494 -0.129021
v 2.920511 0.215674 -0.130000
v 2.920511 0.131772 0.130000
v 2.914331 0.125592 0.129021
v 2.908756 0.120016 0.126180
v 2.904331 0.115592 0.121756
v 2.901490 0.112751 0.116180
v 2.900512 0.111772 0.110000
v 2.900512 0.111772 -0.110000
v 2.901490 0.112751 -0.116180
v 2.904331 0.115592 -0.121756
v 2.908756 0.120016 -0.126180
v 2.914331 0.125592 -0.129021
v 2.920511 0.131772 -0.130000
v 3.004414 0.131772 0.130000
v 2.998234 0.125592 0.129021
v 2.992658 0.120016 0.126180
v 2.988234 0.115592 0.121756
v 2.985393 0.112751 0.116180
v 2.984414 0.111772 0.110000
v 2.984414 0.111772 -0.110000
v 2.985393 0.112751 -0.116180
v 2.988234 0.115592 -0.121756
v 2.992658 0.120016 -0.126180
v 2.998234 0.125592 -0.129021
v 3.004414 0.131772 -0.130000
v 2.420999 -0.201887 0.130000
v 2.414819 -0.208067 0.129021
v 2.409244 -0.213642 0.126180
v 2.404819 -0.218067 0.121756
v 2.401978 -0.220908 0.116180
v 2.400999 -0.221887 0.110000
v 2.400999 -0.221887 -0.110000
v 2.401978 -0.220908 -0.116180
v 2.404819 -0.218067 -0.121756
v 2.409244 -0.213642 -0.126180
v 2.414819 -0.208067 -0.129021
v 2.420999 -0.201887 -0.130000
v 2.503926 -0.201887 0.130000
v 2.510106 -0.208067 0.129021
v 2.515682 -0.213642 0.126180
v 2.520106 -0.218067 0.121756
v 2.522947 -0.220908 0.116180
v 2.523926 -0.221887 0.110000
v 2.523926 -0.221887 -0.110000
v 2.522947 -0.220908 -0.116180
v 2.520106 -0.218067 -0.121756
v 2.515682 -0.213642 -0.126180
v 2.510106 -0.208067 -0.129021
v 2.503926 -0.201887 -0.130000
v 2.503926 -0.034082 0.130000
v 2.510106 -0.027901 0.129021
v 2.515682 -0.022326 0.126180
v 2.520106 -0.017901 0.121756
v 2.522947 -0.015061 0.116180
v 2.523926 -0.014082 0.110000
v 2.523926 -0.014082 -0.110000
v 2.522947 -0.015061 -0.116180
v 2.520106 -0.017901 -0.121756
v 2.515682 -0.022326 -0.126180
v 2.510106 -0.027901 -0.129021
v 2.503926 -0.034082 -0.130000
v 2.420023 -0.034082 0.130000
v 2.426204 -0.027901 0.129021
v 2.431779 -0.022326 0.126180
v 2.436204 -0.017901 0.121756
v 2.439045 -0.015061 0.116180
v 2.440023 -0.014082 0.110000
v 2.440023 -0.014082 -0.110000
v 2.439045 -0.015061 -0.116180
v 2.436204 -0.017901 -0.121756
v 2.431779 -0.022326 -0.126180
v 2.426204 -0.027901 -0.129021
v 2.420023 -0.034082 -0.130000
v 2.420023 0.047870 0.130000
v 2.426204 0.054050 0.129021
v 2.431779 0.059625 0.126180
v 2.436204 0.064050 0.121756
v 2.439045 0.066891 0.116180
v 2.440023 0.067870 0.110000
v 2.440023 0.067870 -0.110000
v 2.439045 0.066891 -0.116180
v 2.436204 0.064050 -0.121756
v 2.431779 0.059625 -0.126180
v 2.426204 0.054050 -0.129021
v 2.420023 0.047870 -0.130000
v 2.337097 0.047870 0.130000
v 2.330916 0.054050 0.129021
v 2.325341 0.059625 0.126180
v 2.320916 0.064050 0.121756
v 2.318076 0.066891 0.116180
v 2.317097 0.067870 0.110000
v 2.317097 0.067870 -0.110000
v 2.318076 0.066891 -0.116180
v 2.320916 0.064050 -0.121756
v 2.325341 0.059625 -0.126180
v 2.330916 0.054050 -0.129021
v 2.337097 0.047870 -0.130000
v 2.337097 -0.117009 0.130000
v 2.330916 -0.123189 0.129021
v 2.325341 -0.128764 0.126180
v 2.320916 -0.133189 0.121756
v 2.318076 -0.136030 0.116180
v 2.317097 -0.137009 0.110000
v 2.317097 -0.137009 -0.110000
v 2.318076 -0.136030 -0.116180
v 2.320916 -0.133189 -0.121756
v 2.325341 -0.128764 -0.126180
v 2.330916 -0.123189 -0.129021
v 2.337097 -0.117009 -0.130000
v 2.420999 -0.117009 0.130000
v 2.414819 -0.123189 0.129021
v 2.409244 -0.128764 0.126180
v 2.404819 -0.133189 0.121756
v 2.401978 -0.136030 0.116180
v 2.400999 -0.137009 0.110000
v 2.400999 -0.137009 -0.110000
v 2.401978 -0.136030 -0.116180
v 2.404819 -0.133189 -0.121756
v 2.409244 -0.128764 -0.126180
v 2.414819 -0.123189 -0.129021
v 2.420999 -0.117009 -0.130000
v 2.252219 0.131772 0.130000
v 2.258399 0.125592 0.129021
v 2.263974 0.120016 0.126180
v 2.268399 0.115592 0.121756
v 2.271240 0.112751 0.116180
v 2.272219 0.111772 0.110000
v 2.272219 0.111772 -0.110000
v 2.271240 0.112751 -0.116180
v 2.268399 0.115592 -0.121756
v 2.263974 0.120016 -0.126180
v 2.258399 0.125592 -0.129021
v 2.252219 0.131772 -0.130000
v 2.503926 0.131772 0.130000
v 2.510106 0.125592 0.129021
v 2.515682 0.120016 0.126180
v 2.520106 0.115592 0.121756
v 2.522947 0.112751 0.116180
v 2.523926 0.111772 0.110000
v 2.523926 0.111772 -0.110000
v 2.522947 0.112751 -0.116180
v 2.520106 0.115592 -0.121756
v 2.515682 0.120016 -0.126180
v 2.510106 0.125592 -0.129021
v 2.503926 0.131772 -0.130000
v 2.503926 0.215674 0.130000
v 2.510106 0.221855 0.129021
v 2.515682 0.227430 0.126180
v 2.520106 0.231855 0.121756
v 2.522947 0.234696 0.116180
v 2.523926 0.235674 0.110000
v 2.523926 0.235674 -0.110000
v 2.522947 0.234696 -0.116180
v 2.520106 0.231855 -0.121756
v 2.515682 0.227430 -0.126180
v 2.510106 0.221855 -0.129021
v 2.503926 0.215674 -0.130000
v 2.252219 0.215674 0.130000
v 2.258399 0.221855 0.129021
v 2.263974 0.227430 0.126180
v 2.268399 0.231855 0.121756
v 2.271240 0.234696 0.116180
v 2.272219 0.235674 0.110000
v 2.272219 0.235674 -0.110000
v 2.271240 0.234696 -0.116180
v 2.268399 0.231855 -0.121756
v 2.263974 0.227430 -0.126180
v 2.258399 0.221855 -0.129021
v 2.252219 0.215674 -0.130000
v 2.252219 0.383479 0.130000
v 2.258399 0.389660 0.129021
v 2.263974 0.395235 0.126180
v 2.268399 0.399660 0.121756
v 2.271240 0.402500 0.116180
v 2.272219 0.403479 0.110000
v 2.272219 0.403479 -0.110000
v 2.271240 0.402500 -0.116180
v 2.268399 0.399660 -0.121756
v 2.263974 0.395235 -0.126180
v 2.258399 0.389660 -0.129021
v 2.252219 0.383479 -0.130000
v 2.168316 0.383479 0.130000
v 2.162136 0.389660 0.129021
v 2.156560 0.395235 0.126180
v 2.152136 0.399660 0.121756
v 2.149295 0.402500 0.116180
v 2.148316 0.403479 0.110000
v 2.148316 0.403479 -0.110000
v 2.149295 0.402500 -0.116180
v 2.152136 0.399660 -0.121756
v 2.156560 0.395235 -0.126180
v 2.162136 0.389660 -0.129021
v 2.168316 0.383479 -0.130000
v 2.168316 0.215674 0.130000
v 2.162136 0.221855 0.129021
v 2.156560 0.227430 0.126180
v 2.152136 0.231855 0.121756
v 2.149295 0.234696 0.116180
v 2.148316 0.235674 0.110000
v 2.148316 0.235674 -0.110000
v 2.149295 0.234696 -0.116180
v 2.152136 0.231855 -0.121756
v 2.156560 0.227430 -0.126180
v 2.162136 0.221855 -0.129021
v 2.168316 0.215674 -0.130000
v 2.002463 0.215674 0.130000
v 2.008643 0.221855 0.129021
v 2.014218 0.227430 0.126180
v 2.018643 0.231855 0.121756
v 2.021484 0.234696 0.116180
v 2.022463 0.235674 0.110000
v 2.022463 0.235674 -0.110000
v 2.021484 0.234696 -0.116180
v 2.018643 0.231855 -0.121756
v 2.014218 0.227430 -0.126180
v 2.008643 0.221855 -0.129021
v 2.002463 0.215674 -0.130000
v 2.002463 0.383479 0.130000
v 2.008643 0.389660 0.129021
v 2.014218 0.395235 0.126180
v 2.018643 0.399660 0.121756
v 2.021484 0.402500 0.116180
v 2.022463 0.403479 0.110000
v 2.022463 0.403479 -0.110000
v 2.021484 0.402500 -0.116180
v 2.018643 0.399660 -0.121756
v 2.014218 0.395235 -0.126180
v 2.008643 0.389660 -0.129021
v 2.002463 0.383479 -0.130000
v 1.919536 0.383479 0.130000
v 1.913356 0.389660 0.129021
v 1.907780 0.395235 0.126180
v 1.903356 0.399660 0.121756
v 1.900515 0.402500 0.116180
v 1.899536 0.403479 0.110000
v 1.899536 0.403479 -0.110000
v 1.900515 0.402500 -0.116180
v 1.903356 0.399660 -0.121756
v 1.907780 0.395235 -0.126180
v 1.913356 0.389660 -0.129021
v 1.919536 0.383479 -0.130000
v 1.919536 0.131772 0.130000
v 1.913356 0.125592 0.129021
v 1.907780 0.120016 0.126180
v 1.903356 0.115592 0.121756
v 1.900515 0.112751 0.116180
v 1.899536 0.111772 0.110000
v 1.899536 0.111772 -0.110000
v 1.900515 0.112751 -0.116180
v 1.903356 0.115592 -0.121756
v 1.907780 0.120016 -0.126180
v 1.913356 0.125592 -0.129021
v 1.919536 0.131772 -0.130000
v 2.168316 0.131772 0.130000
v 2.162136 0.125592 0.129021
v 2.156560 0.120016 0.126180
v 2.152136 0.115592 0.121756
v 2.149295 0.112751 0.116180
v 2.148316 0.111772 0.110000
v 2.148316 0.111772 -0.110000
v 2.149295 0.112751 -0.116180
v 2.152136 0.115592 -0.121756
v 2.156560 0.120016 -0.126180
v 2.162136 0.125592 -0.129021
v 2.168316 0.131772 -0.130000
v 2.168316 -0.285789 0.130000
v 2.162136 -0.291969 0.129021
v 2.156560 -0.297545 0.126180
v 2.152136 -0.301969 0.121756
v 2.149295 -0.304810 0.116180
v 2.148316 -0.305789 0.110000
v 2.148316 -0.305789 -0.110000
v 2.149295 -0.304810 -0.116180
v 2.152136 -0.301969 -0.121756
v 2.156560 -0.297545 -0.126180
v 2.162136 -0.291969 -0.129021
v 2.168316 -0.285789 -0.130000
v 2.252219 -0.285789 0.130000
v 2.258399 -0.291969 0.129021
v 2.263974 -0.297545 0.126180
v 2.268399 -0.301969 0.121756
v 2.271240 -0.304810 0.116180
v 2.272219 -0.305789 0.110000
v 2.272219 -0.305789 -0.110000
v 2.271240 -0.304810 -0.116180
v 2.268399 -0.301969 -0.121756
v 2.263974 -0.297545 -0.126180
v 2.258399 -0.291969 -0.129021
v 2.252219 -0.285789 -0.130000
v 2.002463 -0.117009 0.130000
v 2.008643 -0.123189 0.129021
v 2.014218 -0.128764 0.126180
v 2.018643 -0.133189 0.121756
v 2.021484 -0.136030 0.116180
v 2.022463 -0.137009 0.110000
v 2.022463 -0.137009 -0.110000
v 2.021484 -0.136030 -0.116180
v 2.018643 -0.133189 -0.121756
v 2.014218 -0.128764 -0.126180
v 2.008643 -0.123189 -0.129021
v 2.002463 -0.117009 -0.130000
v 2.084414 -0.117009 0.130000
v 2.090594 -0.123189 0.129021
v 2.096169 -0.128764 0.126180
v 2.100594 -0.133189 0.121756
v 2.103435 -0.136030 0.116180
v 2.104414 -0.137009 0.110000
v 2.104414 -0.137009 -0.110000
v 2.103435 -0.136030 -0.116180
v 2.100594 -0.133189 -0.121756
v 2.096169 -0.128764 -0.126180
v 2.090594 -0.123189 -0.129021
v 2.084414 -0.117009 -0.130000
v 2.084414 -0.034082 0.130000
v 2.090594 -0.027901 0.129021
v 2.096169 -0.022326 0.126180
v 2.100594 -0.017901 0.121756
v 2.103435 -0.015061 0.116180
v 2.104414 -0.014082 0.110000
v 2.104414 -0.014082 -0.110000
v 2.103435 -0.015061 -0.116180
v 2.100594 -0.017901 -0.121756
v 2.096169 -0.022326 -0.126180
v 2.090594 -0.027901 -0.129021
v 2.084414 -0.034082 -0.130000
v 2.001487 -0.034082 0.130000
v 1.995307 -0.027901 0.129021
v 1.989731 -0.022326 0.126180
v 1.985307 -0.017901 0.121756
v 1.982466 -0.015061 0.116180
v 1.981487 -0.014082 0.110000
v 1.981487 -0.014082 -0.110000
v 1.982466 -0.015061 -0.116180
v 1.985307 -0.017901 -0.121756
v 1.989731 -0.022326 -0.126180
v 1.995307 -0.027901 -0.129021
v 2.001487 -0.034082 -0.130000
v 2.001487 -0.036033 0.130000
v 1.995307 -0.029853 0.129021
v 1.989731 -0.024277 0.126180
v 1.985307 -0.019853 0.121756
v 1.982466 -0.017012 0.116180
v 1.981487 -0.016033 0.110000
v 1.981487 -0.016033 -0.110000
v 1.982466 -0.017012 -0.116180
v 1.985307 -0.019853 -0.121756
v 1.989731 -0.024277 -0.126180
v 1.995307 -0.029853 -0.129021
v 2.001487 -0.036033 -0.130000
v 1.919536 -0.036033 0.130000
v 1.913356 -0.029853 0.129021
v 1.907780 -0.024277 0.126180
v 1.903356 -0.019853 0.121756
v 1.900515 -0.017012 0.116180
v 1.899536 -0.016033 0.110000
v 1.899536 -0.016033 -0.110000
v 1.900515 -0.017012 -0.116180
v 1.903356 -0.019853 -0.121756
v 1.907780 -0.024277 -0.126180
v 1.913356 -0.029853 -0.129021
v 1.919536 -0.036033 -0.130000
v 1.919536 -0.117009 0.130000
v 1.913356 -0.110828 0.129021
v 1.907780 -0.105253 0.126180
v 1.903356 -0.100828 0.121756
v 1.900515 -0.097987 0.116180
v 1.899536 -0.097009 0.110000
v 1.899536 -0.097009 -0.110000
v 1.900515 -0.097987 -0.116180
v 1.903356 -0.100828 -0.121756
v 1.907780 -0.105253 -0.126180
v 1.913356 -0.110828 -0.129021
v 1.919536 -0.117009 -0.130000
v 1.835633 -0.117009 0.130000
v 1.829453 -0.110828 0.129021
v 1.823878 -0.105253 0.126180
v 1.819453 -0.100828 0.121756
v 1.816612 -0.097987 0.116180
v 1.815633 -0.097009 0.110000
v 1.815633 -0.097009 -0.110000
v 1.816612 -0.097987 -0.116180
v 1.819453 -0.100828 -0.121756
v 1.823878 -0.105253 -0.126180
v 1.829453 -0.110828 -0.129021
v 1.835633 -0.117009 -0.130000
v 1.835633 -0.285789 0.130000
v 1.829453 -0.291969 0.129021
v 1.823878 -0.297545 0.126180
v 1.819453 -0.301969 0.121756
v 1.816612 -0.304810 0.116180
v 1.815633 -0.305789 0.110000
v 1.815633 -0.305789 -0.110000
v 1.816612 -0.304810 -0.116180
v 1.819453 -0.301969 -0.121756
v 1.823878 -0.297545 -0.126180
v 1.829453 -0.291969 -0.129021
v 1.835633 -0.285789 -0.130000
v 1.918560 -0.285789 0.130000
v 1.924741 -0.291969 0.129021
v 1.930316 -0.297545 0.126180
v 1.934741 -0.301969 0.121756
v 1.937581 -0.304810 0.116180
v 1.938560 -0.305789 0.110000
v 1.938560 -0.305789 -0.110000
v 1.937581 -0.304810 -0.116180
v 1.934741 -0.301969 -0.121756
v 1.930316 -0.297545 -0.126180
v 1.924741 -0.291969 -0.129021
v 1.918560 -0.285789 -0.130000
v 1.918560 -0.201887 0.130000
v 1.924741 -0.208067 0.129021
v 1.930316 -0.213642 0.126180
v 1.934741 -0.218067 0.121756
v 1.937581 -0.220908 0.116180
v 1.938560 -0.221887 0.110000
v 1.938560 -0.221887 -0.110000
v 1.937581 -0.220908 -0.116180
v 1.934741 -0.218067 -0.121756
v 1.930316 -0.213642 -0.126180
v 1.924741 -0.208067 -0.129021
v 1.918560 -0.201887 -0.130000
v 2.002463 -0.201887 0.130000
v 2.008643 -0.208067 0.129021
v 2.014218 -0.213642 0.126180
v 2.018643 -0.218067 0.121756
v 2.021484 -0.220908 0.116180
v 2.022463 -0.221887 0.110000
v 2.022463 -0.221887 -0.110000
v 2.021484 -0.220908 -0.116180
v 2.018643 -0.218067 -0.121756
v 2.014218 -0.213642 -0.126180
v 2.008643 -0.208067 -0.129021
v 2.002463 -0.201887 -0.130000
v 1.751731 0.215674 0.130000
v 1.745551 0.209494 0.129021
v 1.739975 0.203919 0.126180
v 1.735551 0.199494 0.121756
v 1.732710 0.196653 0.116180
v 1.731731 0.195674 0.110000
v 1.731731 0.195674 -0.110000
v 1.732710 0.196653 -0.116180
v 1.735551 0.199494 -0.121756
v 1.739975 0.203919 -0.126180
v 1.745551 0.209494 -0.129021
v 1.751731 0.215674 -0.130000
v 1.834658 0.215674 0.130000
v 1.840838 0.209494 0.129021
v 1.846413 0.203919 0.126180
v 1.850838 0.199494 0.121756
v 1.853679 0.196653 0.116180
v 1.854658 0.195674 0.110000
v 1.854658 0.195674 -0.110000
v 1.853679 0.196653 -0.116180
v 1.850838 0.199494 -0.121756
v 1.846413 0.203919 -0.126180
v 1.840838 0.209494 -0.129021
v 1.834658 0.215674 -0.130000
v 1.834658 0.383479 0.130000
v 1.840838 0.389660 0.129021
v 1.846413 0.395235 0.126180
v 1.850838 0.399660 0.121756
v 1.853679 0.402500 0.116180
v 1.854658 0.403479 0.110000
v 1.854658 0.403479 -0.110000
v 1.853679 0.402500 -0.116180
v 1.850838 0.399660 -0.121756
v 1.846413 0.395235 -0.126180
v 1.840838 0.389660 -0.129021
v 1.834658 0.383479 -0.130000
v 1.751731 0.383479 0.130000
v 1.745551 0.389660 0.129021
v 1.739975 0.395235 0.126180
v 1.735551 0.399660 0.121756
v 1.732710 0.402500 0.116180
v 1.731731 0.403479 0.110000
v 1.731731 0.403479 -0.110000
v 1.732710 0.402500 -0.116180
v 1.735551 0.399660 -0.121756
v 1.739975 0.395235 -0.126180
v 1.745551 0.389660 -0.129021
v 1.751731 0.383479 -0.130000
v 1.501975 0.047870 0.130000
v 1.495795 0.041689 0.129021
v 1.490219 0.036114 0.126180
v 1.485795 0.031689 0.121756
v 1.482954 0.028848 0.116180
v 1.481975 0.027870 0.110000
v 1.481975 0.027870 -0.110000
v 1.482954 0.028848 -0.116180
v 1.485795 0.031689 -0.121756
v 1.490219 0.036114 -0.126180
v 1.495795 0.041689 -0.129021
v 1.501975 0.047870 -0.130000
v 1.668804 0.047870 0.130000
v 1.674984 0.041689 0.129021
v 1.680560 0.036114 0.126180
v 1.684984 0.031689 0.121756
v 1.687825 0.028848 0.116180
v 1.688804 0.027870 0.110000
v 1.688804 0.027870 -0.110000
v 1.687825 0.028848 -0.116180
v 1.684984 0.031689 -0.121756
v 1.680560 0.036114 -0.126180
v 1.674984 0.041689 -0.129021
v 1.668804 0.047870 -0.130000
v 1.668804 0.131772 0.130000
v 1.674984 0.137952 0.129021
v 1.680560 0.143528 0.126180
v 1.684984 0.147952 0.121756
v 1.687825 0.150793 0.116180
v 1.688804 0.151772 0.110000
v 1.688804 0.151772 -0.110000
v 1.687825 0.150793 -0.116180
v 1.684984 0.147952 -0.121756
v 1.680560 0.143528 -0.126180
v 1.674984 0.137952 -0.129021
v 1.668804 0.131772 -0.130000
v 1.584902 0.131772 0.130000
v 1.591082 0.137952 0.129021
v 1.596658 0.143528 0.126180
v 1.601082 0.147952 0.121756
v 1.603923 0.150793 0.116180
v 1.604902 0.151772 0.110000
v 1.604902 0.151772 -0.110000
v 1.603923 0.150793 -0.116180
v 1.601082 0.147952 -0.121756
v 1.596658 0.143528 -0.126180
v 1.591082 0.137952 -0.129021
v 1.584902 0.131772 -0.130000
v 1.584902 0.215674 0.130000
v 1.591082 0.221855 0.129021
v 1.596658 0.227430 0.126180
v 1.601082 0.231855 0.121756
v 1.603923 0.234696 0.116180
v 1.604902 0.235674 0.110000
v 1.604902 0.235674 -0.110000
v 1.603923 0.234696 -0.116180
v 1.601082 0.231855 -0.121756
v 1.596658 0.227430 -0.126180
v 1.591082 0.221855 -0.129021
v 1.584902 0.215674 -0.130000
v 1.500999 0.215674 0.130000
v 1.507179 0.221855 0.129021
v 1.512755 0.227430 0.126180
v 1.517179 0.231855 0.121756
v 1.520020 0.234696 0.116180
v 1.520999 0.235674 0.110000
v 1.520999 0.235674 -0.110000
v 1.520020 0.234696 -0.116180
v 1.517179 0.231855 -0.121756
v 1.512755 0.227430 -0.126180
v 1.507179 0.221855 -0.129021
v 1.500999 0.215674 -0.130000
v 1.500999 0.383479 0.130000
v 1.507179 0.389660 0.129021
v 1.512755 0.395235 0.126180
v 1.517179 0.399660 0.121756
v 1.520020 0.402500 0.116180
v 1.520999 0.403479 0.110000
v 1.520999 0.403479 -0.110000
v 1.520020 0.402500 -0.116180
v 1.517179 0.399660 -0.121756
v 1.512755 0.395235 -0.126180
v 1.507179 0.389660 -0.129021
v 1.500999 0.383479 -0.130000
v 1.000511 0.383479 0.130000
v 0.994331 0.389660 0.129021
v 0.988756 0.395235 0.126180
v 0.984331 0.399660 0.121756
v 0.981490 0.402500 0.116180
v 0.980511 0.403479 0.110000
v 0.980511 0.403479 -0.110000
v 0.981490 0.402500 -0.116180
v 0.984331 0.399660 -0.121756
v 0.988756 0.395235 -0.126180
v 0.994331 0.389660 -0.129021
v 1.000511 0.383479 -0.130000
v 1.000511 0.047870 0.130000
v 0.994331 0.041689 0.129021
v 0.988756 0.036114 0.126180
v 0.984331 0.031689 0.121756
v 0.981490 0.028848 0.116180
v 0.980511 0.027870 0.110000
v 0.980511 0.027870 -0.110000
v 0.981490 0.028848 -0.116180
v 0.984331 0.031689 -0.121756
v 0.988756 0.036114 -0.126180
v 0.994331 0.041689 -0.129021
v 1.000511 0.047870 -0.130000
v 1.084414 0.047870 0.130000
v 1.078234 0.041689 0.129021
v 1.072658 0.036114 0.126180
v 1.068234 0.031689 0.121756
v 1.065393 0.028848 0.116180
v 1.064414 0.027870 0.110000
v 1.064414 0.027870 -0.110000
v 1.065393 0.028848 -0.116180
v 1.068234 0.031689 -0.121756
v 1.072658 0.036114 -0.126180
v 1.078234 0.041689 -0.129021
v 1.084414 0.047870 -0.130000
v 1.084414 -0.117009 0.130000
v 1.078234 -0.123189 0.129021
v 1.072658 -0.128764 0.126180
v 1.068234 -0.133189 0.121756
v 1.065393 -0.136030 0.116180
v 1.064414 -0.137009 0.110000
v 1.064414 -0.137009 -0.110000
v 1.065393 -0.136030 -0.116180
v 1.068234 -0.133189 -0.121756
v 1.072658 -0.128764 -0.126180
v 1.078234 -0.123189 -0.129021
v 1.084414 -0.117009 -0.130000
v 1.166365 -0.117009 0.130000
v 1.160185 -0.123189 0.129021
v 1.154609 -0.128764 0.126180
v 1.150185 -0.133189 0.121756
v 1.147344 -0.136030 0.116180
v 1.146365 -0.137009 0.110000
v 1.146365 -0.137009 -0.110000
v 1.147344 -0.136030 -0.116180
v 1.150185 -0.133189 -0.121756
v 1.154609 -0.128764 -0.126180
v 1.160185 -0.123189 -0.129021
v 1.166365 -0.117009 -0.130000
v 1.166365 -0.201887 0.130000
v 1.160185 -0.208067 0.129021
v 1.154609 -0.213642 0.126180
v 1.150185 -0.218067 0.121756
v 1.147344 -0.220908 0.116180
v 1.146365 -0.221887 0.110000
v 1.146365 -0.221887 -0.110000
v 1.147344 -0.220908 -0.116180
v 1.150185 -0.218067 -0.121756
v 1.154609 -0.213642 -0.126180
v 1.160185 -0.208067 -0.129021
v 1.166365 -0.201887 -0.130000
v 1.333194 -0.201887 0.130000
v 1.327014 -0.208067 0.129021
v 1.321439 -0.213642 0.126180
v 1.317014 -0.218067 0.121756
v 1.314173 -0.220908 0.116180
v 1.313195 -0.221887 0.110000
v 1.313195 -0.221887 -0.110000
v 1.314173 -0.220908 -0.116180
v 1.317014 -0.218067 -0.121756
v 1.321439 -0.213642 -0.126180
v 1.327014 -0.208067 -0.129021
v 1.333194 -0.201887 -0.130000
v 1.333194 -0.285789 0.130000
v 1.327014 -0.291969 0.129021
v 1.321439 -0.297545 0.126180
v 1.317014 -0.301969 0.121756
v 1.314173 -0.304810 0.116180
v 1.313195 -0.305789 0.110000
v 1.313195 -0.305789 -0.110000
v 1.314173 -0.304810 -0.116180
v 1.317014 -0.301969 -0.121756
v 1.321439 -0.297545 -0.126180
v 1.327014 -0.291969 -0.129021
v 1.333194 -0.285789 -0.130000
v 1.584902 -0.285789 0.130000
v 1.591082 -0.291969 0.129021
v 1.596658 -0.297545 0.126180
v 1.601082 -0.301969 0.121756
v 1.603923 -0.304810 0.116180
v 1.604902 -0.305789 0.110000
v 1.604902 -0.305789 -0.110000
v 1.603923 -0.304810 -0.116180
v 1.601082 -0.301969 -0.121756
v 1.596658 -0.297545 -0.126180
v 1.591082 -0.291969 -0.129021
v 1.584902 -0.285789 -0.130000
v 1.584902 -0.201887 0.130000
v 1.591082 -0.195706 0.129021
v 1.596658 -0.190131 0.126180
v 1.601082 -0.185706 0.121756
v 1.603923 -0.182865 0.116180
v 1.604902 -0.181887 0.110000
v 1.604902 -0.181887 -0.110000
v 1.603923 -0.182865 -0.116180
v 1.601082 -0.185706 -0.121756
v 1.596658 -0.190131 -0.126180
v 1.591082 -0.195706 -0.129021
v 1.584902 -0.201887 -0.130000
v 1.417097 -0.201887 0.130000
v 1.423277 -0.195706 0.129021
v 1.428853 -0.190131 0.126180
v 1.433277 -0.185706 0.121756
v 1.436118 -0.182865 0.116180
v 1.437097 -0.181887 0.110000
v 1.437097 -0.181887 -0.110000
v 1.436118 -0.182865 -0.116180
v 1.433277 -0.185706 -0.121756
v 1.428853 -0.190131 -0.126180
v 1.423277 -0.195706 -0.129021
v 1.417097 -0.201887 -0.130000
v 1.417097 -0.117009 0.130000
v 1.423277 -0.110828 0.129021
v 1.428853 -0.105253 0.126180
v 1.433277 -0.100828 0.121756
v 1.436118 -0.097987 0.116180
v 1.437097 -0.097009 0.110000
v 1.437097 -0.097009 -0.110000
v 1.436118 -0.097987 -0.116180
v 1.433277 -0.100828 -0.121756
v 1.428853 -0.105253 -0.126180
v 1.423277 -0.110828 -0.129021
v 1.417097 -0.117009 -0.130000
v 1.249292 -0.117009 0.130000
v 1.255472 -0.110828 0.129021
v 1.261048 -0.105253 0.126180
v 1.265472 -0.100828 0.121756
v 1.268313 -0.097987 0.116180
v 1.269292 -0.097009 0.110000
v 1.269292 -0.097009 -0.110000
v 1.268313 -0.097987 -0.116180
v 1.265472 -0.100828 -0.121756
v 1.261048 -0.105253 -0.126180
v 1.255472 -0.110828 -0.129021
v 1.249292 -0.117009 -0.130000
v 1.249292 -0.034082 0.130000
v 1.255472 -0.040262 0.129021
v 1.261048 -0.045837 0.126180
v 1.265472 -0.050262 0.121756
v 1.268313 -0.053103 0.116180
v 1.269292 -0.054082 0.110000
v 1.269292 -0.054082 -0.110000
v 1.268313 -0.053103 -0.116180
v 1.265472 -0.050262 -0.121756
v 1.261048 -0.045837 -0.126180
v 1.255472 -0.040262 -0.129021
v 1.249292 -0.034082 -0.130000
v 1.333194 -0.034082 0.130000
v 1.339375 -0.040262 0.129021
v 1.344950 -0.045837 0.126180
v 1.349375 -0.050262 0.121756
v 1.352216 -0.053103 0.116180
v 1.353194 -0.054082 0.110000
v 1.353194 -0.054082 -0.110000
v 1.352216 -0.053103 -0.116180
v 1.349375 -0.050262 -0.121756
v 1.344950 -0.045837 -0.126180
v 1.339375 -0.040262 -0.129021
v 1.333194 -0.034082 -0.130000
v 1.333194 0.047870 0.130000
v 1.339375 0.041689 0.129021
v 1.344950 0.036114 0.126180
v 1.349375 0.031689 0.121756
v 1.352216 0.028848 0.116180
v 1.353194 0.027870 0.110000
v 1.353194 0.027870 -0.110000
v 1.352216 0.028848 -0.116180
v 1.349375 0.031689 -0.121756
v 1.344950 0.036114 -0.126180
v 1.339375 0.041689 -0.129021
v 1.333194 0.047870 -0.130000
v 1.417097 0.047870 0.130000
v 1.423277 0.041689 0.129021
v 1.428853 0.036114 0.126180
v 1.433277 0.031689 0.121756
v 1.436118 0.028848 0.116180
v 1.437097 0.027870 0.110000
v 1.437097 0.027870 -0.110000
v 1.436118 0.028848 -0.116180
v 1.433277 0.031689 -0.121756
v 1.428853 0.036114 -0.126180
v 1.423277 0.041689 -0.129021
v 1.417097 0.047870 -0.130000
v 1.417097 0.131772 0.130000
v 1.423277 0.125592 0.129021
v 1.428853 0.120016 0.126180
v 1.433277 0.115592 0.121756
v 1.436118 0.112751 0.116180
v 1.437097 0.111772 0.110000
v 1.437097 0.111772 -0.110000
v 1.436118 0.112751 -0.116180
v 1.433277 0.115592 -0.121756
v 1.428853 0.120016 -0.126180
v 1.423277 0.125592 -0.129021
v 1.417097 0.131772 -0.130000
v 1.501975 0.131772 0.130000
v 1.495795 0.125592 0.129021
v 1.490219 0.120016 0.126180
v 1.485795 0.115592 0.121756
v 1.482954 0.112751 0.116180
v 1.481975 0.111772 0.110000
v 1.481975 0.111772 -0.110000
v 1.482954 0.112751 -0.116180
v 1.485795 0.115592 -0.121756
v 1.490219 0.120016 -0.126180
v 1.495795 0.125592 -0.129021
v 1.501975 0.131772 -0.130000
v 1.167341 0.047870 0.130000
v 1.161160 0.041689 0.129021
v 1.155585 0.036114 0.126180
v 1.151160 0.031689 0.121756
v 1.148320 0.028848 0.116180
v 1.147341 0.027870 0.110000
v 1.147341 0.027870 -0.110000
v 1.148320 0.028848 -0.116180
v 1.151160 0.031689 -0.121756
v 1.155585 0.036114 -0.126180
v 1.161160 0.041689 -0.129021
v 1.167341 0.047870 -0.130000
v 1.249292 0.047870 0.130000
v 1.255472 0.041689 0.129021
v 1.261048 0.036114 0.126180
v 1.265472 0.031689 0.121756
v 1.268313 0.028848 0.116180
v 1.269292 0.027870 0.110000
v 1.269292 0.027870 -0.110000
v 1.268313 0.028848 -0.116180
v 1.265472 0.031689 -0.121756
v 1.261048 0.036114 -0.126180
v 1.255472 0.041689 -0.129021
v 1.249292 0.047870 -0.130000
v 1.249292 0.131772 0.130000
v 1.255472 0.125592 0.129021
v 1.261048 0.120016 0.126180
v 1.265472 0.115592 0.121756
v 1.268313 0.112751 0.116180
v 1.269292 0.111772 0.110000
v 1.269292 0.111772 -0.110000
v 1.268313 0.112751 -0.116180
v 1.265472 0.115592 -0.121756
v 1.261048 0.120016 -0.126180
v 1.255472 0.125592 -0.129021
v 1.249292 0.131772 -0.130000
v 1.333194 0.131772 0.130000
v 1.339375 0.125592 0.129021
v 1.344950 0.120016 0.126180
v 1.349375 0.115592 0.121756
v 1.352216 0.112751 0.116180
v 1.353194 0.111772 0.110000
v 1.353194 0.111772 -0.110000
v 1.352216 0.112751 -0.116180
v 1.349375 0.115592 -0.121756
v 1.344950 0.120016 -0.126180
v 1.339375 0.125592 -0.129021
v 1.333194 0.131772 -0.130000
v 1.333194 0.215674 0.130000
v 1.339375 0.209494 0.129021
v 1.344950 0.203919 0.126180
v 1.349375 0.199494 0.121756
v 1.352216 0.196653 0.116180
v 1.353194 0.195674 0.110000
v 1.353194 0.195674 -0.110000
v 1.352216 0.196653 -0.116180
v 1.349375 0.199494 -0.121756
v 1.344950 0.203919 -0.126180
v 1.339375 0.209494 -0.129021
v 1.333194 0.215674 -0.130000
v 1.418072 0.215674 0.130000
v 1.424253 0.209494 0.129021
v 1.429828 0.203919 0.126180
v 1.434253 0.199494 0.121756
v 1.437093 0.196653 0.116180
v 1.438072 0.195674 0.110000
v 1.438072 0.195674 -0.110000
v 1.437093 0.196653 -0.116180
v 1.434253 0.199494 -0.121756
v 1.429828 0.203919 -0.126180
v 1.424253 0.209494 -0.129021
v 1.418072 0.215674 -0.130000
v 1.418072 0.299577 0.130000
v 1.424253 0.305757 0.129021
v 1.429828 0.311333 0.126180
v 1.434253 0.315757 0.121756
v 1.437093 0.318598 0.116180
v 1.438072 0.319577 0.110000
v 1.438072 0.319577 -0.110000
v 1.437093 0.318598 -0.116180
v 1.434253 0.315757 -0.121756
v 1.429828 0.311333 -0.126180
v 1.424253 0.305757 -0.129021
v 1.418072 0.299577 -0.130000
v 1.083438 0.299577 0.130000
v 1.077258 0.305757 0.129021
v 1.071683 0.311333 0.126180
v 1.067258 0.315757 0.121756
v 1.064417 0.318598 0.116180
v 1.063438 0.319577 0.110000
v 1.063438 0.319577 -0.110000
v 1.064417 0.318598 -0.116180
v 1.067258 0.315757 -0.121756
v 1.071683 0.311333 -0.126180
v 1.077258 0.305757 -0.129021
v 1.083438 0.299577 -0.130000
v 1.083438 0.131772 0.130000
v 1.077258 0.125592 0.129021
v 1.071683 0.120016 0.126180
v 1.067258 0.115592 0.121756
v 1.064417 0.112751 0.116180
v 1.063438 0.111772 0.110000
v 1.063438 0.111772 -0.110000
v 1.064417 0.112751 -0.116180
v 1.067258 0.115592 -0.121756
v 1.071683 0.120016 -0.126180
v 1.077258 0.125592 -0.129021
v 1.083438 0.131772 -0.130000
v 1.167341 0.131772 0.130000
v 1.161160 0.125592 0.129021
v 1.155585 0.120016 0.126180
v 1.151160 0.115592 0.121756
v 1.148320 0.112751 0.116180
v 1.147341 0.111772 0.110000
v 1.147341 0.111772 -0.110000
v 1.148320 0.112751 -0.116180
v 1.151160 0.115592 -0.121756
v 1.155585 0.120016 -0.126180
v 1.161160 0.125592 -0.129021
v 1.167341 0.131772 -0.130000
v 0.581975 0.131772 0.130000
v 0.575795 0.125592 0.129021
v 0.570219 0.120016 0.126180
v 0.565795 0.115592 0.121756
v 0.562954 0.112751 0.116180
v 0.561975 0.111772 0.110000
v 0.561975 0.111772 -0.110000
v 0.562954 0.112751 -0.116180
v 0.565795 0.115592 -0.121756
v 0.570219 0.120016 -0.126180
v 0.575795 0.125592 -0.129021
v 0.581975 0.131772 -0.130000
v 0.917585 0.131772 0.130000
v 0.923765 0.125592 0.129021
v 0.929340 0.120016 0.126180
v 0.933765 0.115592 0.121756
v 0.936606 0.112751 0.116180
v 0.937585 0.111772 0.110000
v 0.937585 0.111772 -0.110000
v 0.936606 0.112751 -0.116180
v 0.933765 0.115592 -0.121756
v 0.929340 0.120016 -0.126180
v 0.923765 0.125592 -0.129021
v 0.917585 0.131772 -0.130000
v 0.917585 0.215674 0.130000
v 0.923765 0.221855 0.129021
v 0.929340 0.227430 0.126180
v 0.933765 0.231855 0.121756
v 0.936606 0.234696 0.116180
v 0.937585 0.235674 0.110000
v 0.937585 0.235674 -0.110000
v 0.936606 0.234696 -0.116180
v 0.933765 0.231855 -0.121756
v 0.929340 0.227430 -0.126180
v 0.923765 0.221855 -0.129021
v 0.917585 0.215674 -0.130000
v 0.581975 0.215674 0.130000
v 0.575795 0.221855 0.129021
v 0.570219 0.227430 0.126180
v 0.565795 0.231855 0.121756
v 0.562954 0.234696 0.116180
v 0.561975 0.235674 0.110000
v 0.561975 0.235674 -0.110000
v 0.562954 0.234696 -0.116180
v 0.565795 0.231855 -0.121756
v 0.570219 0.227430 -0.126180
v 0.575795 0.221855 -0.129021
v 0.581975 0.215674 -0.130000
v 0.415146 -0.285789 0.130000
v 0.408965 -0.291969 0.129021
v 0.403390 -0.297545 0.126180
v 0.398965 -0.301969 0.121756
v 0.396125 -0.304810 0.116180
v 0.395146 -0.305789 0.110000
v 0.395146 -0.305789 -0.110000
v 0.396125 -0.304810 -0.116180
v 0.398965 -0.301969 -0.121756
v 0.403390 -0.297545 -0.126180
v 0.408965 -0.291969 -0.129021
v 0.415146 -0.285789 -0.130000
v 0.665877 -0.285789 0.130000
v 0.672058 -0.291969 0.129021
v 0.677633 -0.297545 0.126180
v 0.682058 -0.301969 0.121756
v 0.684898 -0.304810 0.116180
v 0.685877 -0.305789 0.110000
v 0.685877 -0.305789 -0.110000
v 0.684898 -0.304810 -0.116180
v 0.682058 -0.301969 -0.121756
v 0.677633 -0.297545 -0.126180
v 0.672058 -0.291969 -0.129021
v 0.665877 -0.285789 -0.130000
v 0.665877 -0.201887 0.130000
v 0.672058 -0.195706 0.129021
v 0.677633 -0.190131 0.126180
v 0.682058 -0.185706 0.121756
v 0.684898 -0.182865 0.116180
v 0.685877 -0.181887 0.110000
v 0.685877 -0.181887 -0.110000
v 0.684898 -0.182865 -0.116180
v 0.682058 -0.185706 -0.121756
v 0.677633 -0.190131 -0.126180
v 0.672058 -0.195706 -0.129021
v 0.665877 -0.201887 -0.130000
v 0.498072 -0.201887 0.130000
v 0.504253 -0.195706 0.129021
v 0.509828 -0.190131 0.126180
v 0.514253 -0.185706 0.121756
v 0.517093 -0.182865 0.116180
v 0.518072 -0.181887 0.110000
v 0.518072 -0.181887 -0.110000
v 0.517093 -0.182865 -0.116180
v 0.514253 -0.185706 -0.121756
v 0.509828 -0.190131 -0.126180
v 0.504253 -0.195706 -0.129021
v 0.498072 -0.201887 -0.130000
v 0.498072 -0.117009 0.130000
v 0.504253 -0.110828 0.129021
v 0.509828 -0.105253 0.126180
v 0.514253 -0.100828 0.121756
v 0.517093 -0.097987 0.116180
v 0.518072 -0.097009 0.110000
v 0.518072 -0.097009 -0.110000
v 0.517093 -0.097987 -0.116180
v 0.514253 -0.100828 -0.121756
v 0.509828 -0.105253 -0.126180
v 0.504253 -0.110828 -0.129021
v 0.498072 -0.117009 -0.130000
v 0.416121 -0.117009 0.130000
v 0.422302 -0.110828 0.129021
v 0.427877 -0.105253 0.126180
v 0.432302 -0.100828 0.121756
v 0.435142 -0.097987 0.116180
v 0.436121 -0.097009 0.110000
v 0.436121 -0.097009 -0.110000
v 0.435142 -0.097987 -0.116180
v 0.432302 -0.100828 -0.121756
v 0.427877 -0.105253 -0.126180
v 0.422302 -0.110828 -0.129021
v 0.416121 -0.117009 -0.130000
v 0.416121 -0.036033 0.130000
v 0.422302 -0.029853 0.129021
v 0.427877 -0.024277 0.126180
v 0.432302 -0.019853 0.121756
v 0.435142 -0.017012 0.116180
v 0.436121 -0.016033 0.110000
v 0.436121 -0.016033 -0.110000
v 0.435142 -0.017012 -0.116180
v 0.432302 -0.019853 -0.121756
v 0.427877 -0.024277 -0.126180
v 0.422302 -0.029853 -0.129021
v 0.416121 -0.036033 -0.130000
v 0.332219 -0.036033 0.130000
v 0.338399 -0.029853 0.129021
v 0.343975 -0.024277 0.126180
v 0.348399 -0.019853 0.121756
v 0.351240 -0.017012 0.116180
v 0.352219 -0.016033 0.110000
v 0.352219 -0.016033 -0.110000
v 0.351240 -0.017012 -0.116180
v 0.348399 -0.019853 -0.121756
v 0.343975 -0.024277 -0.126180
v 0.338399 -0.029853 -0.129021
v 0.332219 -0.036033 -0.130000
v 0.332219 0.047870 0.130000
v 0.338399 0.054050 0.129021
v 0.343975 0.059625 0.126180
v 0.348399 0.064050 0.121756
v 0.351240 0.066891 0.116180
v 0.352219 0.067870 0.110000
v 0.352219 0.067870 -0.110000
v 0.351240 0.066891 -0.116180
v 0.348399 0.064050 -0.121756
v 0.343975 0.059625 -0.126180
v 0.338399 0.054050 -0.129021
v 0.332219 0.047870 -0.130000
v 0.248316 0.047870 0.130000
v 0.254497 0.054050 0.129021
v 0.260072 0.059625 0.126180
v 0.264497 0.064050 0.121756
v 0.267337 0.066891 0.116180
v 0.268316 0.067870 0.110000
v 0.268316 0.067870 -0.110000
v 0.267337 0.066891 -0.116180
v 0.264497 0.064050 -0.121756
v 0.260072 0.059625 -0.126180
v 0.254497 0.054050 -0.129021
v 0.248316 0.047870 -0.130000
v 0.248316 0.131772 0.130000
v 0.254497 0.137952 0.129021
v 0.260072 0.143528 0.126180
v 0.264497 0.147952 0.121756
v 0.267337 0.150793 0.116180
v 0.268316 0.151772 0.110000
v 0.268316 0.151772 -0.110000
v 0.267337 0.150793 -0.116180
v 0.264497 0.147952 -0.121756
v 0.260072 0.143528 -0.126180
v 0.254497 0.137952 -0.129021
v 0.248316 0.131772 -0.130000
v 0.165390 0.131772 0.130000
v 0.159209 0.137952 0.129021
v 0.153634 0.143528 0.126180
v 0.149209 0.147952 0.121756
v 0.146369 0.150793 0.116180
v 0.145390 0.151772 0.110000
v 0.145390 0.151772 -0.110000
v 0.146369 0.150793 -0.116180
v 0.149209 0.147952 -0.121756
v 0.153634 0.143528 -0.126180
v 0.159209 0.137952 -0.129021
v 0.165390 0.131772 -0.130000
v 0.165390 -0.036033 0.130000
v 0.159209 -0.042213 0.129021
v 0.153634 -0.047789 0.126180
v 0.149209 -0.052213 0.121756
v 0.146369 -0.055054 0.116180
v 0.145390 -0.056033 0.110000
v 0.145390 -0.056033 -0.110000
v 0.146369 -0.055054 -0.116180
v 0.149209 -0.052213 -0.121756
v 0.153634 -0.047789 -0.126180
v 0.159209 -0.042213 -0.129021
v 0.165390 -0.036033 -0.130000
v 0.249292 -0.036033 0.130000
v 0.243112 -0.042213 0.129021
v 0.237536 -0.047789 0.126180
v 0.233112 -0.052213 0.121756
v 0.230271 -0.055054 0.116180
v 0.229292 -0.056033 0.110000
v 0.229292 -0.056033 -0.110000
v 0.230271 -0.055054 -0.116180
v 0.233112 -0.052213 -0.121756
v 0.237536 -0.047789 -0.126180
v 0.243112 -0.042213 -0.129021
v 0.249292 -0.036033 -0.130000
v 0.249292 -0.117009 0.130000
v 0.243112 -0.123189 0.129021
v 0.237536 -0.128764 0.126180
v 0.233112 -0.133189 0.121756
v 0.230271 -0.136030 0.116180
v 0.229292 -0.137009 0.110000
v 0.229292 -0.137009 -0.110000
v 0.230271 -0.136030 -0.116180
v 0.233112 -0.133189 -0.121756
v 0.237536 -0.128764 -0.126180
v 0.243112 -0.123189 -0.129021
v 0.249292 -0.117009 -0.130000
v 0.333194 -0.117009 0.130000
v 0.327014 -0.123189 0.129021
v 0.321439 -0.128764 0.126180
v 0.317014 -0.133189 0.121756
v 0.314173 -0.136030 0.116180
v 0.313195 -0.137009 0.110000
v 0.313195 -0.137009 -0.110000
v 0.314173 -0.136030 -0.116180
v 0.317014 -0.133189 -0.121756
v 0.321439 -0.128764 -0.126180
v 0.327014 -0.123189 -0.129021
v 0.333194 -0.117009 -0.130000
v 0.333194 -0.201887 0.130000
v 0.327014 -0.208067 0.129021
v 0.321439 -0.213642 0.126180
v 0.317014 -0.218067 0.121756
v 0.314173 -0.220908 0.116180
v 0.313195 -0.221887 0.110000
v 0.313195 -0.221887 -0.110000
v 0.314173 -0.220908 -0.116180
v 0.317014 -0.218067 -0.121756
v 0.321439 -0.213642 -0.126180
v 0.327014 -0.208067 -0.129021
v 0.333194 -0.201887 -0.130000
v 0.415146 -0.201887 0.130000
v 0.408965 -0.208067 0.129021
v 0.403390 -0.213642 0.126180
v 0.398965 -0.218067 0.121756
v 0.396125 -0.220908 0.116180
v 0.395146 -0.221887 0.110000
v 0.395146 -0.221887 -0.110000
v 0.396125 -0.220908 -0.116180
v 0.398965 -0.218067 -0.121756
v 0.403390 -0.213642 -0.126180
v 0.408965 -0.208067 -0.129021
v 0.415146 -0.201887 -0.130000
v -0.253147 0.215674 0.130000
v -0.246967 0.209494 0.129021
v -0.241391 0.203919 0.126180
v -0.236966 0.199494 0.121756
v -0.234126 0.196653 0.116180
v -0.233147 0.195674 0.110000
v -0.233147 0.195674 -0.110000
v -0.234126 0.196653 -0.116180
v -0.236966 0.199494 -0.121756
v -0.241391 0.203919 -0.126180
v -0.246967 0.209494 -0.129021
v -0.253147 0.215674 -0.130000
v 0.082463 0.215674 0.130000
v 0.088643 0.209494 0.129021
v 0.094218 0.203919 0.126180
v 0.098643 0.199494 0.121756
v 0.101484 0.196653 0.116180
v 0.102463 0.195674 0.110000
v 0.102463 0.195674 -0.110000
v 0.101484 0.196653 -0.116180
v 0.098643 0.199494 -0.121756
v 0.094218 0.203919 -0.126180
v 0.088643 0.209494 -0.129021
v 0.082463 0.215674 -0.130000
v 0.082463 0.298601 0.130000
v 0.088643 0.304771 0.129021
v 0.094218 0.310337 0.126180
v 0.098643 0.314755 0.121756
v 0.101484 0.317591 0.116180
v 0.102463 0.318568 0.110000
v 0.102463 0.318568 -0.110000
v 0.101484 0.317591 -0.116180
v 0.098643 0.314755 -0.121756
v 0.094218 0.310337 -0.126180
v 0.088643 0.304771 -0.129021
v 0.082463 0.298601 -0.130000
v -0.501928 0.299577 0.130000
v -0.508108 0.305767 0.129021
v -0.513684 0.311352 0.126180
v -0.518108 0.315784 0.121756
v -0.520949 0.318630 0.116180
v -0.521928 0.319610 0.110000
v -0.521928 0.319610 -0.110000
v -0.520949 0.318630 -0.116180
v -0.518108 0.315784 -0.121756
v -0.513684 0.311352 -0.126180
v -0.508108 0.305767 -0.129021
v -0.501928 0.299577 -0.130000
v -0.501928 0.215674 0.130000
v -0.508108 0.209494 0.129021
v -0.513683 0.203919 0.126180
v -0.518108 0.199494 0.121756
v -0.520949 0.196653 0.116180
v -0.521928 0.195674 0.110000
v -0.521928 0.195674 -0.110000
v -0.520949 0.196653 -0.116180
v -0.518108 0.199494 -0.121756
v -0.513683 0.203919 -0.126180
v -0.508108 0.209494 -0.129021
v -0.501928 0.215674 -0.130000
v -0.419976 0.215674 0.130000
v -0.426156 0.209494 0.129021
v -0.431732 0.203919 0.126180
v -0.436157 0.199494 0.121756
v -0.438997 0.196653 0.116180
v -0.439976 0.195674 0.110000
v -0.439976 0.195674 -0.110000
v -0.438997 0.196653 -0.116180
v -0.436157 0.199494 -0.121756
v -0.431732 0.203919 -0.126180
v -0.426156 0.209494 -0.129021
v -0.419976 0.215674 -0.130000
v -0.419976 0.131772 0.130000
v -0.426156 0.125592 0.129021
v -0.431732 0.120016 0.126180
v -0.436157 0.115592 0.121756
v -0.438997 0.112751 0.116180
v -0.439976 0.111772 0.110000
v -0.439976 0.111772 -0.110000
v -0.438997 0.112751 -0.116180
v -0.436157 0.115592 -0.121756
v -0.431732 0.120016 -0.126180
v -0.426156 0.125592 -0.129021
v -0.419976 0.131772 -0.130000
v -0.337049 0.131772 0.130000
v -0.343230 0.125592 0.129021
v -0.348805 0.120016 0.126180
v -0.353230 0.115592 0.121756
v -0.356070 0.112751 0.116180
v -0.357049 0.111772 0.110000
v -0.357049 0.111772 -0.110000
v -0.356070 0.112751 -0.116180
v -0.353230 0.115592 -0.121756
v -0.348805 0.120016 -0.126180
v -0.343230 0.125592 -0.129021
v -0.337049 0.131772 -0.130000
v -0.337049 0.047870 0.130000
v -0.343230 0.041689 0.129021
v -0.348805 0.036114 0.126180
v -0.353230 0.031689 0.121756
v -0.356070 0.028848 0.116180
v -0.357049 0.027870 0.110000
v -0.357049 0.027870 -0.110000
v -0.356070 0.028848 -0.116180
v -0.353230 0.031689 -0.121756
v -0.348805 0.036114 -0.126180
v -0.343230 0.041689 -0.129021
v -0.337049 0.047870 -0.130000
v -0.253147 0.047870 0.130000
v -0.259327 0.041689 0.129021
v -0.264903 0.036114 0.126180
v -0.269327 0.031689 0.121756
v -0.272168 0.028848 0.116180
v -0.273147 0.027870 0.110000
v -0.273147 0.027870 -0.110000
v -0.272168 0.028848 -0.116180
v -0.269327 0.031689 -0.121756
v -0.264903 0.036114 -0.126180
v -0.259327 0.041689 -0.129021
v -0.253147 0.047870 -0.130000
v -0.253147 -0.117009 0.130000
v -0.259327 -0.110828 0.129021
v -0.264903 -0.105253 0.126180
v -0.269327 -0.100828 0.121756
v -0.272168 -0.097987 0.116180
v -0.273147 -0.097009 0.110000
v -0.273147 -0.097009 -0.110000
v -0.272168 -0.097987 -0.116180
v -0.269327 -0.100828 -0.121756
v -0.264903 -0.105253 -0.126180
v -0.259327 -0.110828 -0.129021
v -0.253147 -0.117009 -0.130000
v -0.337049 -0.117009 0.130000
v -0.343230 -0.110828 0.129021
v -0.348805 -0.105253 0.126180
v -0.353230 -0.100828 0.121756
v -0.356070 -0.097987 0.116180
v -0.357049 -0.097009 0.110000
v -0.357049 -0.097009 -0.110000
v -0.356070 -0.097987 -0.116180
v -0.353230 -0.100828 -0.121756
v -0.348805 -0.105253 -0.126180
v -0.343230 -0.110828 -0.129021
v -0.337049 -0.117009 -0.130000
v -0.337049 -0.201887 0.130000
v -0.343230 -0.195706 0.129021
v -0.348805 -0.190131 0.126180
v -0.353230 -0.185706 0.121756
v -0.356070 -0.182865 0.116180
v -0.357049 -0.181887 0.110000
v -0.357049 -0.181887 -0.110000
v -0.356070 -0.182865 -0.116180
v -0.353230 -0.185706 -0.121756
v -0.348805 -0.190131 -0.126180
v -0.343230 -0.195706 -0.129021
v -0.337049 -0.201887 -0.130000
v -0.419976 -0.201887 0.130000
v -0.426156 -0.195706 0.129021
v -0.431732 -0.190131 0.126180
v -0.436157 -0.185706 0.121756
v -0.438997 -0.182865 0.116180
v -0.439976 -0.181887 0.110000
v -0.439976 -0.181887 -0.110000
v -0.438997 -0.182865 -0.116180
v -0.436157 -0.185706 -0.121756
v -0.431732 -0.190131 -0.126180
v -0.426156 -0.195706 -0.129021
v -0.419976 -0.201887 -0.130000
v -0.419976 -0.285789 0.130000
v -0.426156 -0.291969 0.129021
v -0.431732 -0.297545 0.126180
v -0.436157 -0.301969 0.121756
v -0.438997 -0.304810 0.116180
v -0.439976 -0.305789 0.110000
v -0.439976 -0.305789 -0.110000
v -0.438997 -0.304810 -0.116180
v -0.436157 -0.301969 -0.121756
v -0.431732 -0.297545 -0.126180
v -0.426156 -0.291969 -0.129021
v -0.419976 -0.285789 -0.130000
v -0.253147 -0.285789 0.130000
v -0.246967 -0.291969 0.129021
v -0.241391 -0.297545 0.126180
v -0.236966 -0.301969 0.121756
v -0.234126 -0.304810 0.116180
v -0.233147 -0.305789 0.110000
v -0.233147 -0.305789 -0.110000
v -0.234126 -0.304810 -0.116180
v -0.236966 -0.301969 -0.121756
v -0.241391 -0.297545 -0.126180
v -0.246967 -0.291969 -0.129021
v -0.253147 -0.285789 -0.130000
v -0.253147 -0.201887 0.130000
v -0.246967 -0.208067 0.129021
v -0.241391 -0.213642 0.126180
v -0.236966 -0.218067 0.121756
v -0.234126 -0.220908 0.116180
v -0.233147 -0.221887 0.110000
v -0.233147 -0.221887 -0.110000
v -0.234126 -0.220908 -0.116180
v -0.236966 -0.218067 -0.121756
v -0.241391 -0.213642 -0.126180
v -0.246967 -0.208067 -0.129021
v -0.253147 -0.201887 -0.130000
v -0.169245 -0.201887 0.130000
v -0.163064 -0.208067 0.129021
v -0.157489 -0.213642 0.126180
v -0.153064 -0.218067 0.121756
v -0.150223 -0.220908 0.116180
v -0.149245 -0.221887 0.110000
v -0.149245 -0.221887 -0.110000
v -0.150223 -0.220908 -0.116180
v -0.153064 -0.218067 -0.121756
v -0.157489 -0.213642 -0.126180
v -0.163064 -0.208067 -0.129021
v -0.169245 -0.201887 -0.130000
v -0.169245 0.131772 0.130000
v -0.163064 0.137952 0.129021
v -0.157489 0.143528 0.126180
v -0.153064 0.147952 0.121756
v -0.150223 0.150793 0.116180
v -0.149245 0.151772 0.110000
v -0.149245 0.151772 -0.110000
v -0.150223 0.150793 -0.116180
v -0.153064 0.147952 -0.121756
v -0.157489 0.143528 -0.126180
v -0.163064 0.137952 -0.129021
v -0.169245 0.131772 -0.130000
v -0.253147 0.131772 0.130000
v -0.246967 0.137952 0.129021
v -0.241391 0.143528 0.126180
v -0.236966 0.147952 0.121756
v -0.234126 0.150793 0.116180
v -0.233147 0.151772 0.110000
v -0.233147 0.151772 -0.110000
v -0.234126 0.150793 -0.116180
v -0.236966 0.147952 -0.121756
v -0.241391 0.143528 -0.126180
v -0.246967 0.137952 -0.129021
v -0.253147 0.131772 -0.130000
v -0.501928 -0.117009 0.130000
v -0.508108 -0.123189 0.129021
v -0.513683 -0.128764 0.126180
v -0.518108 -0.133189 0.121756
v -0.520949 -0.136030 0.116180
v -0.521928 -0.137009 0.110000
v -0.521928 -0.137009 -0.110000
v -0.520949 -0.136030 -0.116180
v -0.518108 -0.133189 -0.121756
v -0.513683 -0.128764 -0.126180
v -0.508108 -0.123189 -0.129021
v -0.501928 -0.117009 -0.130000
v -0.419000 -0.117009 0.130000
v -0.412820 -0.123189 0.129021
v -0.407244 -0.128764 0.126180
v -0.402820 -0.133189 0.121756
v -0.399979 -0.136030 0.116180
v -0.399000 -0.137009 0.110000
v -0.399000 -0.137009 -0.110000
v -0.399979 -0.136030 -0.116180
v -0.402820 -0.133189 -0.121756
v -0.407244 -0.128764 -0.126180
v -0.412820 -0.123189 -0.129021
v -0.419000 -0.117009 -0.130000
v -0.419000 0.047870 0.130000
v -0.412820 0.054050 0.129021
v -0.407244 0.059625 0.126180
v -0.402820 0.064050 0.121756
v -0.399979 0.066891 0.116180
v -0.399000 0.067870 0.110000
v -0.399000 0.067870 -0.110000
v -0.399979 0.066891 -0.116180
v -0.402820 0.064050 -0.121756
v -0.407244 0.059625 -0.126180
v -0.412820 0.054050 -0.129021
v -0.419000 0.047870 -0.130000
v -0.501928 0.047870 0.130000
v -0.508108 0.054050 0.129021
v -0.513683 0.059625 0.126180
v -0.518108 0.064050 0.121756
v -0.520949 0.066891 0.116180
v -0.521928 0.067870 0.110000
v -0.521928 0.067870 -0.110000
v -0.520949 0.066891 -0.116180
v -0.518108 0.064050 -0.121756
v -0.513683 0.059625 -0.126180
v -0.508108 0.054050 -0.129021
v -0.501928 0.047870 -0.130000
v -0.669732 -0.117009 0.130000
v -0.675913 -0.123189 0.129021
v -0.681488 -0.128764 0.126180
v -0.685913 -0.133189 0.121756
v -0.688753 -0.136030 0.116180
v -0.689732 -0.137009 0.110000
v -0.689732 -0.137009 -0.110000
v -0.688753 -0.136030 -0.116180
v -0.685913 -0.133189 -0.121756
v -0.681488 -0.128764 -0.126180
v -0.675913 -0.123189 -0.129021
v -0.669732 -0.117009 -0.130000
v -0.586806 -0.117009 0.130000
v -0.580625 -0.123189 0.129021
v -0.575050 -0.128764 0.126180
v -0.570625 -0.133189 0.121756
v -0.567785 -0.136030 0.116180
v -0.566806 -0.137009 0.110000
v -0.566806 -0.137009 -0.110000
v -0.567785 -0.136030 -0.116180
v -0.570625 -0.133189 -0.121756
v -0.575050 -0.128764 -0.126180
v -0.580625 -0.123189 -0.129021
v -0.586806 -0.117009 -0.130000
v -0.586806 0.047870 0.130000
v -0.580625 0.054050 0.129021
v -0.575050 0.059625 0.126180
v -0.570625 0.064050 0.121756
v -0.567785 0.066891 0.116180
v -0.566806 0.067870 0.110000
v -0.566806 0.067870 -0.110000
v -0.567785 0.066891 -0.116180
v -0.570625 0.064050 -0.121756
v -0.575050 0.059625 -0.126180
v -0.580625 0.054050 -0.129021
v -0.586806 0.047870 -0.130000
v -0.669732 0.047870 0.130000
v -0.675913 0.054050 0.129021
v -0.681488 0.059625 0.126180
v -0.685913 0.064050 0.121756
v -0.688753 0.066891 0.116180
v -0.689732 0.067870 0.110000
v -0.689732 0.067870 -0.110000
v -0.688753 0.066891 -0.116180
v -0.685913 0.064050 -0.121756
v -0.681488 0.059625 -0.126180
v -0.675913 0.054050 -0.129021
v -0.669732 0.047870 -0.130000
v -0.835586 0.128845 0.130000
v -0.829406 0.122665 0.129021
v -0.823830 0.117089 0.126180
v -0.819405 0.112665 0.121756
v -0.816565 0.109824 0.116180
v -0.815586 0.108845 0.110000
v -0.815586 0.108845 -0.110000
v -0.816565 0.109824 -0.116180
v -0.819405 0.112665 -0.121756
v -0.823830 0.117089 -0.126180
v -0.829406 0.122665 -0.129021
v -0.835586 0.128845 -0.130000
v -0.752659 0.128845 0.130000
v -0.746479 0.122665 0.129021
v -0.740904 0.117089 0.126180
v -0.736479 0.112665 0.121756
v -0.733638 0.109824 0.116180
v -0.732659 0.108845 0.110000
v -0.732659 0.108845 -0.110000
v -0.733638 0.109824 -0.116180
v -0.736479 0.112665 -0.121756
v -0.740904 0.117089 -0.126180
v -0.746479 0.122665 -0.129021
v -0.752659 0.128845 -0.130000
v -0.752659 0.211772 0.130000
v -0.746479 0.217952 0.129021
v -0.740904 0.223528 0.126180
v -0.736479 0.227952 0.121756
v -0.733638 0.230793 0.116180
v -0.732659 0.231772 0.110000
v -0.732659 0.231772 -0.110000
v -0.733638 0.230793 -0.116180
v -0.736479 0.227952 -0.121756
v -0.740904 0.223528 -0.126180
v -0.746479 0.217952 -0.129021
v -0.752659 0.211772 -0.130000
v -0.918513 0.211772 0.130000
v -0.912332 0.217952 0.129021
v -0.906757 0.223528 0.126180
v -0.902332 0.227952 0.121756
v -0.899492 0.230793 0.116180
v -0.898513 0.231772 0.110000
v -0.898513 0.231772 -0.110000
v -0.899492 0.230793 -0.116180
v -0.902332 0.227952 -0.121756
v -0.906757 0.223528 -0.126180
v -0.912332 0.217952 -0.129021
v -0.918513 0.211772 -0.130000
v -0.918513 0.378601 0.130000
v -0.912332 0.384782 0.129021
v -0.906757 0.390357 0.126180
v -0.902332 0.394782 0.121756
v -0.899492 0.397622 0.116180
v -0.898513 0.398601 0.110000
v -0.898513 0.398601 -0.110000
v -0.899492 0.397622 -0.116180
v -0.902332 0.394782 -0.121756
v -0.906757 0.390357 -0.126180
v -0.912332 0.384782 -0.129021
v -0.918513 0.378601 -0.130000
v -1.001440 0.378601 0.130000
v -1.007620 0.384782 0.129021
v -1.013196 0.390357 0.126180
v -1.017620 0.394782 0.121756
v -1.020461 0.397622 0.116180
v -1.021440 0.398601 0.110000
v -1.021440 0.398601 -0.110000
v -1.020461 0.397622 -0.116180
v -1.017620 0.394782 -0.121756
v -1.013196 0.390357 -0.126180
v -1.007620 0.384782 -0.129021
v -1.001440 0.378601 -0.130000
v -1.001440 0.211772 0.130000
v -1.007620 0.217952 0.129021
v -1.013196 0.223528 0.126180
v -1.017620 0.227952 0.121756
v -1.020461 0.230793 0.116180
v -1.021440 0.231772 0.110000
v -1.021440 0.231772 -0.110000
v -1.020461 0.230793 -0.116180
v -1.017620 0.227952 -0.121756
v -1.013196 0.223528 -0.126180
v -1.007620 0.217952 -0.129021
v -1.001440 0.211772 -0.130000
v -1.250220 0.211772 0.130000
v -1.244040 0.217952 0.129021
v -1.238464 0.223528 0.126180
v -1.234040 0.227952 0.121756
v -1.231199 0.230793 0.116180
v -1.230220 0.231772 0.110000
v -1.230220 0.231772 -0.110000
v -1.231199 0.230793 -0.116180
v -1.234040 0.227952 -0.121756
v -1.238464 0.223528 -0.126180
v -1.244040 0.217952 -0.129021
v -1.250220 0.211772 -0.130000
v -1.250220 0.378601 0.130000
v -1.244040 0.384782 0.129021
v -1.238464 0.390357 0.126180
v -1.234040 0.394782 0.121756
v -1.231199 0.397622 0.116180
v -1.230220 0.398601 0.110000
v -1.230220 0.398601 -0.110000
v -1.231199 0.397622 -0.116180
v -1.234040 0.394782 -0.121756
v -1.238464 0.390357 -0.126180
v -1.244040 0.384782 -0.129021
v -1.250220 0.378601 -0.130000
v -1.333147 0.378601 0.130000
v -1.326967 0.384782 0.129021
v -1.321391 0.390357 0.126180
v -1.316966 0.394782 0.121756
v -1.314126 0.397622 0.116180
v -1.313147 0.398601 0.110000
v -1.313147 0.398601 -0.110000
v -1.314126 0.397622 -0.116180
v -1.316966 0.394782 -0.121756
v -1.321391 0.390357 -0.126180
v -1.326967 0.384782 -0.129021
v -1.333147 0.378601 -0.130000
v -1.333147 0.461528 0.130000
v -1.326967 0.467708 0.129021
v -1.321391 0.473284 0.126180
v -1.316966 0.477708 0.121756
v -1.314126 0.480549 0.116180
v -1.313147 0.481528 0.110000
v -1.313147 0.481528 -0.110000
v -1.314126 0.480549 -0.116180
v -1.316966 0.477708 -0.121756
v -1.321391 0.473284 -0.126180
v -1.326967 0.467708 -0.129021
v -1.333147 0.461528 -0.130000
v -1.416074 0.461528 0.130000
v -1.422254 0.467708 0.129021
v -1.427830 0.473284 0.126180
v -1.432254 0.477708 0.121756
v -1.435095 0.480549 0.116180
v -1.436074 0.481528 0.110000
v -1.436074 0.481528 -0.110000
v -1.435095 0.480549 -0.116180
v -1.432254 0.477708 -0.121756
v -1.427830 0.473284 -0.126180
v -1.422254 0.467708 -0.129021
v -1.416074 0.461528 -0.130000
v -1.416074 0.295674 0.130000
v -1.422254 0.289494 0.129021
v -1.427830 0.283919 0.126180
v -1.432254 0.279494 0.121756
v -1.435095 0.276653 0.116180
v -1.436074 0.275674 0.110000
v -1.436074 0.275674 -0.110000
v -1.435095 0.276653 -0.116180
v -1.432254 0.279494 -0.121756
v -1.427830 0.283919 -0.126180
v -1.422254 0.289494 -0.129021
v -1.416074 0.295674 -0.130000
v -1.333147 0.295674 0.130000
v -1.339327 0.289494 0.129021
v -1.344903 0.283919 0.126180
v -1.349327 0.279494 0.121756
v -1.352168 0.276653 0.116180
v -1.353147 0.275674 0.110000
v -1.353147 0.275674 -0.110000
v -1.352168 0.276653 -0.116180
v -1.349327 0.279494 -0.121756
v -1.344903 0.283919 -0.126180
v -1.339327 0.289494 -0.129021
v -1.333147 0.295674 -0.130000
v -1.333147 0.211772 0.130000
v -1.339327 0.217952 0.129021
v -1.344903 0.223528 0.126180
v -1.349327 0.227952 0.121756
v -1.352168 0.230793 0.116180
v -1.353147 0.231772 0.110000
v -1.353147 0.231772 -0.110000
v -1.352168 0.230793 -0.116180
v -1.349327 0.227952 -0.121756
v -1.344903 0.223528 -0.126180
v -1.339327 0.217952 -0.129021
v -1.333147 0.211772 -0.130000
v -1.499000 0.211772 0.130000
v -1.492820 0.217952 0.129021
v -1.487244 0.223528 0.126180
v -1.482820 0.227952 0.121756
v -1.479979 0.230793 0.116180
v -1.479000 0.231772 0.110000
v -1.479000 0.231772 -0.110000
v -1.479979 0.230793 -0.116180
v -1.482820 0.227952 -0.121756
v -1.487244 0.223528 -0.126180
v -1.492820 0.217952 -0.129021
v -1.499000 0.211772 -0.130000
v -1.499000 0.295674 0.130000
v -1.492820 0.301855 0.129021
v -1.487244 0.307430 0.126180
v -1.482820 0.311855 0.121756
v -1.479979 0.314696 0.116180
v -1.479000 0.315674 0.110000
v -1.479000 0.315674 -0.110000
v -1.479979 0.314696 -0.116180
v -1.482820 0.311855 -0.121756
v -1.487244 0.307430 -0.126180
v -1.492820 0.301855 -0.129021
v -1.499000 0.295674 -0.130000
v -1.581928 0.295674 0.130000
v -1.588108 0.301855 0.129021
v -1.593683 0.307430 0.126180
v -1.598108 0.311855 0.121756
v -1.600949 0.314696 0.116180
v -1.601928 0.315674 0.110000
v -1.601928 0.315674 -0.110000
v -1.600949 0.314696 -0.116180
v -1.598108 0.311855 -0.121756
v -1.593683 0.307430 -0.126180
v -1.588108 0.301855 -0.129021
v -1.581928 0.295674 -0.130000
v -1.581928 0.211772 0.130000
v -1.588108 0.217952 0.129021
v -1.593683 0.223528 0.126180
v -1.598108 0.227952 0.121756
v -1.600949 0.230793 0.116180
v -1.601928 0.231772 0.110000
v -1.601928 0.231772 -0.110000
v -1.600949 0.230793 -0.116180
v -1.598108 0.227952 -0.121756
v -1.593683 0.223528 -0.126180
v -1.588108 0.217952 -0.129021
v -1.581928 0.211772 -0.130000
v -1.664854 0.211772 0.130000
v -1.671035 0.217952 0.129021
v -1.676610 0.223528 0.126180
v -1.681035 0.227952 0.121756
v -1.683875 0.230793 0.116180
v -1.684854 0.231772 0.110000
v -1.684854 0.231772 -0.110000
v -1.683875 0.230793 -0.116180
v -1.681035 0.227952 -0.121756
v -1.676610 0.223528 -0.126180
v -1.671035 0.217952 -0.129021
v -1.664854 0.211772 -0.130000
v -1.664854 0.045918 0.130000
v -1.671035 0.039738 0.129021
v -1.676610 0.034163 0.126180
v -1.681035 0.029738 0.121756
v -1.683875 0.026897 0.116180
v -1.684854 0.025918 0.110000
v -1.684854 0.025918 -0.110000
v -1.683875 0.026897 -0.116180
v -1.681035 0.029738 -0.121756
v -1.676610 0.034163 -0.126180
v -1.671035 0.039738 -0.129021
v -1.664854 0.045918 -0.130000
v -1.581928 0.045918 0.130000
v -1.575747 0.039738 0.129021
v -1.570172 0.034163 0.126180
v -1.565747 0.029738 0.121756
v -1.562907 0.026897 0.116180
v -1.561928 0.025918 0.110000
v -1.561928 0.025918 -0.110000
v -1.562907 0.026897 -0.116180
v -1.565747 0.029738 -0.121756
v -1.570172 0.034163 -0.126180
v -1.575747 0.039738 -0.129021
v -1.581928 0.045918 -0.130000
v -1.581928 0.128845 0.130000
v -1.575747 0.122665 0.129021
v -1.570172 0.117089 0.126180
v -1.565747 0.112665 0.121756
v -1.562907 0.109824 0.116180
v -1.561928 0.108845 0.110000
v -1.561928 0.108845 -0.110000
v -1.562907 0.109824 -0.116180
v -1.565747 0.112665 -0.121756
v -1.570172 0.117089 -0.126180
v -1.575747 0.122665 -0.129021
v -1.581928 0.128845 -0.130000
v -1.167293 0.128845 0.130000
v -1.173474 0.122665 0.129021
v -1.179049 0.117089 0.126180
v -1.183474 0.112665 0.121756
v -1.186314 0.109824 0.116180
v -1.187293 0.108845 0.110000
v -1.187293 0.108845 -0.110000
v -1.186314 0.109824 -0.116180
v -1.183474 0.112665 -0.121756
v -1.179049 0.117089 -0.126180
v -1.173474 0.122665 -0.129021
v -1.167293 0.128845 -0.130000
v -1.167293 -0.037009 0.130000
v -1.173474 -0.043189 0.129021
v -1.179049 -0.048764 0.126180
v -1.183474 -0.053189 0.121756
v -1.186314 -0.056030 0.116180
v -1.187293 -0.057009 0.110000
v -1.187293 -0.057009 -0.110000
v -1.186314 -0.056030 -0.116180
v -1.183474 -0.053189 -0.121756
v -1.179049 -0.048764 -0.126180
v -1.173474 -0.043189 -0.129021
v -1.167293 -0.037009 -0.130000
v -1.084367 -0.037009 0.130000
v -1.090547 -0.043189 0.129021
v -1.096123 -0.048764 0.126180
v -1.100547 -0.053189 0.121756
v -1.103388 -0.056030 0.116180
v -1.104367 -0.057009 0.110000
v -1.104367 -0.057009 -0.110000
v -1.103388 -0.056030 -0.116180
v -1.100547 -0.053189 -0.121756
v -1.096123 -0.048764 -0.126180
v -1.090547 -0.043189 -0.129021
v -1.084367 -0.037009 -0.130000
v -1.084367 -0.118960 0.130000
v -1.090547 -0.112779 0.129021
v -1.096123 -0.107204 0.126180
v -1.100547 -0.102779 0.121756
v -1.103388 -0.099939 0.116180
v -1.104367 -0.098960 0.110000
v -1.104367 -0.098960 -0.110000
v -1.103388 -0.099939 -0.116180
v -1.100547 -0.102779 -0.121756
v -1.096123 -0.107204 -0.126180
v -1.090547 -0.112779 -0.129021
v -1.084367 -0.118960 -0.130000
v -1.167293 -0.118960 0.130000
v -1.173474 -0.112779 0.129021
v -1.179049 -0.107204 0.126180
v -1.183474 -0.102779 0.121756
v -1.186314 -0.099939 0.116180
v -1.187293 -0.098960 0.110000
v -1.187293 -0.098960 -0.110000
v -1.186314 -0.099939 -0.116180
v -1.183474 -0.102779 -0.121756
v -1.179049 -0.107204 -0.126180
v -1.173474 -0.112779 -0.129021
v -1.167293 -0.118960 -0.130000
v -1.167293 -0.201887 0.130000
v -1.173474 -0.208067 0.129021
v -1.179049 -0.213642 0.126180
v -1.183474 -0.218067 0.121756
v -1.186314 -0.220908 0.116180
v -1.187293 -0.221887 0.110000
v -1.187293 -0.221887 -0.110000
v -1.186314 -0.220908 -0.116180
v -1.183474 -0.218067 -0.121756
v -1.179049 -0.213642 -0.126180
v -1.173474 -0.208067 -0.129021
v -1.167293 -0.201887 -0.130000
v -1.001440 -0.201887 0.130000
v -1.007620 -0.208067 0.129021
v -1.013196 -0.213642 0.126180
v -1.017620 -0.218067 0.121756
v -1.020461 -0.220908 0.116180
v -1.021440 -0.221887 0.110000
v -1.021440 -0.221887 -0.110000
v -1.020461 -0.220908 -0.116180
v -1.017620 -0.218067 -0.121756
v -1.013196 -0.213642 -0.126180
v -1.007620 -0.208067 -0.129021
v -1.001440 -0.201887 -0.130000
v -1.001440 -0.284813 0.130000
v -1.007620 -0.290994 0.129021
v -1.013196 -0.296569 0.126180
v -1.017620 -0.300994 0.121756
v -1.020461 -0.303835 0.116180
v -1.021440 -0.304813 0.110000
v -1.021440 -0.304813 -0.110000
v -1.020461 -0.303835 -0.116180
v -1.017620 -0.300994 -0.121756
v -1.013196 -0.296569 -0.126180
v -1.007620 -0.290994 -0.129021
v -1.001440 -0.284813 -0.130000
v -0.835586 -0.284813 0.130000
v -0.829406 -0.290994 0.129021
v -0.823830 -0.296569 0.126180
v -0.819405 -0.300994 0.121756
v -0.816565 -0.303835 0.116180
v -0.815586 -0.304813 0.110000
v -0.815586 -0.304813 -0.110000
v -0.816565 -0.303835 -0.116180
v -0.819405 -0.300994 -0.121756
v -0.823830 -0.296569 -0.126180
v -0.829406 -0.290994 -0.129021
v -0.835586 -0.284813 -0.130000
v -0.835586 -0.201887 0.130000
v -0.829406 -0.195706 0.129021
v -0.823830 -0.190131 0.126180
v -0.819405 -0.185706 0.121756
v -0.816565 -0.182865 0.116180
v -0.815586 -0.181887 0.110000
v -0.815586 -0.181887 -0.110000
v -0.816565 -0.182865 -0.116180
v -0.819405 -0.185706 -0.121756
v -0.823830 -0.190131 -0.126180
v -0.829406 -0.195706 -0.129021
v -0.835586 -0.201887 -0.130000
v -0.918513 -0.201887 0.130000
v -0.912332 -0.195706 0.129021
v -0.906757 -0.190131 0.126180
v -0.902332 -0.185706 0.121756
v -0.899492 -0.182865 0.116180
v -0.898513 -0.181887 0.110000
v -0.898513 -0.181887 -0.110000
v -0.899492 -0.182865 -0.116180
v -0.902332 -0.185706 -0.121756
v -0.906757 -0.190131 -0.126180
v -0.912332 -0.195706 -0.129021
v -0.918513 -0.201887 -0.130000
v -0.918513 -0.119935 0.130000
v -0.912332 -0.126116 0.129021
v -0.906757 -0.131691 0.126180
v -0.902332 -0.136116 0.121756
v -0.899492 -0.138956 0.116180
v -0.898513 -0.139935 0.110000
v -0.898513 -0.139935 -0.110000
v -0.899492 -0.138956 -0.116180
v -0.902332 -0.136116 -0.121756
v -0.906757 -0.131691 -0.126180
v -0.912332 -0.126116 -0.129021
v -0.918513 -0.119935 -0.130000
v -0.835586 -0.119935 0.130000
v -0.829406 -0.126116 0.129021
v -0.823830 -0.131691 0.126180
v -0.819405 -0.136116 0.121756
v -0.816565 -0.138956 0.116180
v -0.815586 -0.139935 0.110000
v -0.815586 -0.139935 -0.110000
v -0.816565 -0.138956 -0.116180
v -0.819405 -0.136116 -0.121756
v -0.823830 -0.131691 -0.126180
v -0.829406 -0.126116 -0.129021
v -0.835586 -0.119935 -0.130000
v -1.581928 -0.284813 0.130000
v -1.588108 -0.290994 0.129021
v -1.593683 -0.296569 0.126180
v -1.598108 -0.300994 0.121756
v -1.600949 -0.303835 0.116180
v -1.601928 -0.304813 0.110000
v -1.601928 -0.304813 -0.110000
v -1.600949 -0.303835 -0.116180
v -1.598108 -0.300994 -0.121756
v -1.593683 -0.296569 -0.126180
v -1.588108 -0.290994 -0.129021
v -1.581928 -0.284813 -0.130000
v -1.250220 -0.284813 0.130000
v -1.244040 -0.290994 0.129021
v -1.238464 -0.296569 0.126180
v -1.234040 -0.300994 0.121756
v -1.231199 -0.303835 0.116180
v -1.230220 -0.304813 0.110000
v -1.230220 -0.304813 -0.110000
v -1.231199 -0.303835 -0.116180
v -1.234040 -0.300994 -0.121756
v -1.238464 -0.296569 -0.126180
v -1.244040 -0.290994 -0.129021
v -1.250220 -0.284813 -0.130000
v -1.250220 0.045918 0.130000
v -1.244040 0.052099 0.129021
v -1.238464 0.057674 0.126180
v -1.234040 0.062099 0.121756
v -1.231199 0.064939 0.116180
v -1.230220 0.065918 0.110000
v -1.230220 0.065918 -0.110000
v -1.231199 0.064939 -0.116180
v -1.234040 0.062099 -0.121756
v -1.238464 0.057674 -0.126180
v -1.244040 0.052099 -0.129021
v -1.250220 0.045918 -0.130000
v -1.581928 0.045918 0.130000
v -1.588108 0.052099 0.129021
v -1.593683 0.057674 0.126180
v -1.598108 0.062099 0.121756
v -1.600949 0.064939 0.116180
v -1.601928 0.065918 0.110000
v -1.601928 0.065918 -0.110000
v -1.600949 0.064939 -0.116180
v -1.598108 0.062099 -0.121756
v -1.593683 0.057674 -0.126180
v -1.588108 0.052099 -0.129021
v -1.581928 0.045918 -0.130000
v -1.001440 -0.037009 0.130000
v -0.995260 -0.030828 0.129021
v -0.989684 -0.025253 0.126180
v -0.985259 -0.020828 0.121756
v -0.982419 -0.017987 0.116180
v -0.981440 -0.017009 0.110000
v -0.981440 -0.017009 -0.110000
v -0.982419 -0.017987 -0.116180
v -0.985259 -0.020828 -0.121756
v -0.989684 -0.025253 -0.126180
v -0.995260 -0.030828 -0.129021
v -1.001440 -0.037009 -0.130000
v -1.001440 0.045918 0.130000
v -0.995260 0.052099 0.129021
v -0.989684 0.057674 0.126180
v -0.985259 0.062099 0.121756
v -0.982419 0.064939 0.116180
v -0.981440 0.065918 0.110000
v -0.981440 0.065918 -0.110000
v -0.982419 0.064939 -0.116180
v -0.985259 0.062099 -0.121756
v -0.989684 0.057674 -0.126180
v -0.995260 0.052099 -0.129021
v -1.001440 0.045918 -0.130000
v -1.084367 0.045918 0.130000
v -1.078186 0.052099 0.129021
v -1.072611 0.057674 0.126180
v -1.068186 0.062099 0.121756
v -1.065346 0.064939 0.116180
v -1.064367 0.065918 0.110000
v -1.064367 0.065918 -0.110000
v -1.065346 0.064939 -0.116180
v -1.068186 0.062099 -0.121756
v -1.072611 0.057674 -0.126180
v -1.078186 0.052099 -0.129021
v -1.084367 0.045918 -0.130000
v -1.084367 0.128845 0.130000
v -1.078186 0.122665 0.129021
v -1.072611 0.117089 0.126180
v -1.068186 0.112665 0.121756
v -1.065346 0.109824 0.116180
v -1.064367 0.108845 0.110000
v -1.064367 0.108845 -0.110000
v -1.065346 0.109824 -0.116180
v -1.068186 0.112665 -0.121756
v -1.072611 0.117089 -0.126180
v -1.078186 0.122665 -0.129021
v -1.084367 0.128845 -0.130000
v -0.918513 0.128845 0.130000
v -0.924693 0.122665 0.129021
v -0.930268 0.117089 0.126180
v -0.934693 0.112665 0.121756
v -0.937534 0.109824 0.116180
v -0.938513 0.108845 0.110000
v -0.938513 0.108845 -0.110000
v -0.937534 0.109824 -0.116180
v -0.934693 0.112665 -0.121756
v -0.930268 0.117089 -0.126180
v -0.924693 0.122665 -0.129021
v -0.918513 0.128845 -0.130000
v -0.918513 -0.037009 0.130000
v -0.924693 -0.030828 0.129021
v -0.930268 -0.025253 0.126180
v -0.934693 -0.020828 0.121756
v -0.937534 -0.017987 0.116180
v -0.938513 -0.017009 0.110000
v -0.938513 -0.017009 -0.110000
v -0.937534 -0.017987 -0.116180
v -0.934693 -0.020828 -0.121756
v -0.930268 -0.025253 -0.126180
v -0.924693 -0.030828 -0.129021
v -0.918513 -0.037009 -0.130000
v -1.333147 -0.037009 0.130000
v -1.339327 -0.043189 0.129021
v -1.344903 -0.048764 0.126180
v -1.349327 -0.053189 0.121756
v -1.352168 -0.056030 0.116180
v -1.353147 -0.057009 0.110000
v -1.353147 -0.057009 -0.110000
v -1.352168 -0.056030 -0.116180
v -1.349327 -0.053189 -0.121756
v -1.344903 -0.048764 -0.126180
v -1.339327 -0.043189 -0.129021
v -1.333147 -0.037009 -0.130000
v -1.333147 -0.201887 0.130000
v -1.339327 -0.195706 0.129021
v -1.344903 -0.190131 0.126180
v -1.349327 -0.185706 0.121756
v -1.352168 -0.182865 0.116180
v -1.353147 -0.181887 0.110000
v -1.353147 -0.181887 -0.110000
v -1.352168 -0.182865 -0.116180
v -1.349327 -0.185706 -0.121756
v -1.344903 -0.190131 -0.126180
v -1.339327 -0.195706 -0.129021
v -1.333147 -0.201887 -0.130000
v -1.499000 -0.201887 0.130000
v -1.492820 -0.195706 0.129021
v -1.487244 -0.190131 0.126180
v -1.482820 -0.185706 0.121756
v -1.479979 -0.182865 0.116180
v -1.479000 -0.181887 0.110000
v -1.479000 -0.181887 -0.110000
v -1.479979 -0.182865 -0.116180
v -1.482820 -0.185706 -0.121756
v -1.487244 -0.190131 -0.126180
v -1.492820 -0.195706 -0.129021
v -1.499000 -0.201887 -0.130000
v -1.499000 -0.037009 0.130000
v -1.492820 -0.043189 0.129021
v -1.487244 -0.048764 0.126180
v -1.482820 -0.053189 0.121756
v -1.479979 -0.056030 0.116180
v -1.479000 -0.057009 0.110000
v -1.479000 -0.057009 -0.110000
v -1.479979 -0.056030 -0.116180
v -1.482820 -0.053189 -0.121756
v -1.487244 -0.048764 -0.126180
v -1.492820 -0.043189 -0.129021
v -1.499000 -0.037009 -0.130000
v -1.835586 -0.201887 0.130000
v -1.829406 -0.208067 0.129021
v -1.823830 -0.213642 0.126180
v -1.819405 -0.218067 0.121756
v -1.816565 -0.220908 0.116180
v -1.815586 -0.221887 0.110000
v -1.815586 -0.221887 -0.110000
v -1.816565 -0.220908 -0.116180
v -1.819405 -0.218067 -0.121756
v -1.823830 -0.213642 -0.126180
v -1.829406 -0.208067 -0.129021
v -1.835586 -0.201887 -0.130000
v -1.751683 -0.201887 0.130000
v -1.745503 -0.208067 0.129021
v -1.739928 -0.213642 0.126180
v -1.735503 -0.218067 0.121756
v -1.732662 -0.220908 0.116180
v -1.731683 -0.221887 0.110000
v -1.731683 -0.221887 -0.110000
v -1.732662 -0.220908 -0.116180
v -1.735503 -0.218067 -0.121756
v -1.739928 -0.213642 -0.126180
v -1.745503 -0.208067 -0.129021
v -1.751683 -0.201887 -0.130000
v -1.751683 0.131772 0.130000
v -1.745503 0.137952 0.129021
v -1.739928 0.143528 0.126180
v -1.735503 0.147952 0.121756
v -1.732662 0.150793 0.116180
v -1.731683 0.151772 0.110000
v -1.731683 0.151772 -0.110000
v -1.732662 0.150793 -0.116180
v -1.735503 0.147952 -0.121756
v -1.739928 0.143528 -0.126180
v -1.745503 0.137952 -0.129021
v -1.751683 0.131772 -0.130000
v -1.835586 0.131772 0.130000
v -1.829406 0.137952 0.129021
v -1.823830 0.143528 0.126180
v -1.819405 0.147952 0.121756
v -1.816565 0.150793 0.116180
v -1.815586 0.151772 0.110000
v -1.815586 0.151772 -0.110000
v -1.816565 0.150793 -0.116180
v -1.819405 0.147952 -0.121756
v -1.823830 0.143528 -0.126180
v -1.829406 0.137952 -0.129021
v -1.835586 0.131772 -0.130000
v -1.835586 0.383479 0.130000
v -1.829406 0.389660 0.129021
v -1.823830 0.395235 0.126180
v -1.819405 0.399660 0.121756
v -1.816565 0.402500 0.116180
v -1.815586 0.403479 0.110000
v -1.815586 0.403479 -0.110000
v -1.816565 0.402500 -0.116180
v -1.819405 0.399660 -0.121756
v -1.823830 0.395235 -0.126180
v -1.829406 0.389660 -0.129021
v -1.835586 0.383479 -0.130000
v -1.918513 0.383479 0.130000
v -1.924693 0.389660 0.129021
v -1.930268 0.395235 0.126180
v -1.934693 0.399660 0.121756
v -1.937534 0.402500 0.116180
v -1.938513 0.403479 0.110000
v -1.938513 0.403479 -0.110000
v -1.937534 0.402500 -0.116180
v -1.934693 0.399660 -0.121756
v -1.930268 0.395235 -0.126180
v -1.924693 0.389660 -0.129021
v -1.918513 0.383479 -0.130000
v -1.918513 0.215674 0.130000
v -1.924693 0.221855 0.129021
v -1.930268 0.227430 0.126180
v -1.934693 0.231855 0.121756
v -1.937534 0.234696 0.116180
v -1.938513 0.235674 0.110000
v -1.938513 0.235674 -0.110000
v -1.937534 0.234696 -0.116180
v -1.934693 0.231855 -0.121756
v -1.930268 0.227430 -0.126180
v -1.924693 0.221855 -0.129021
v -1.918513 0.215674 -0.130000
v -2.253147 0.215674 0.130000
v -2.246967 0.221855 0.129021
v -2.241391 0.227430 0.126180
v -2.236966 0.231855 0.121756
v -2.234126 0.234696 0.116180
v -2.233147 0.235674 0.110000
v -2.233147 0.235674 -0.110000
v -2.234126 0.234696 -0.116180
v -2.236966 0.231855 -0.121756
v -2.241391 0.227430 -0.126180
v -2.246967 0.221855 -0.129021
v -2.253147 0.215674 -0.130000
v -2.253147 0.383479 0.130000
v -2.246967 0.389660 0.129021
v -2.241391 0.395235 0.126180
v -2.236966 0.399660 0.121756
v -2.234126 0.402500 0.116180
v -2.233147 0.403479 0.110000
v -2.233147 0.403479 -0.110000
v -2.234126 0.402500 -0.116180
v -2.236966 0.399660 -0.121756
v -2.241391 0.395235 -0.126180
v -2.246967 0.389660 -0.129021
v -2.253147 0.383479 -0.130000
v -2.336074 0.383479 0.130000
v -2.342254 0.389660 0.129021
v -2.347830 0.395235 0.126180
v -2.352254 0.399660 0.121756
v -2.355095 0.402500 0.116180
v -2.356074 0.403479 0.110000
v -2.356074 0.403479 -0.110000
v -2.355095 0.402500 -0.116180
v -2.352254 0.399660 -0.121756
v -2.347830 0.395235 -0.126180
v -2.342254 0.389660 -0.129021
v -2.336074 0.383479 -0.130000
v -2.336074 0.215674 0.130000
v -2.342254 0.221855 0.129021
v -2.347830 0.227430 0.126180
v -2.352254 0.231855 0.121756
v -2.355095 0.234696 0.116180
v -2.356074 0.235674 0.110000
v -2.356074 0.235674 -0.110000
v -2.355095 0.234696 -0.116180
v -2.352254 0.231855 -0.121756
v -2.347830 0.227430 -0.126180
v -2.342254 0.221855 -0.129021
v -2.336074 0.215674 -0.130000
v -2.419976 0.215674 0.130000
v -2.426156 0.221855 0.129021
v -2.431732 0.227430 0.126180
v -2.436157 0.231855 0.121756
v -2.438997 0.234696 0.116180
v -2.439976 0.235674 0.110000
v -2.439976 0.235674 -0.110000
v -2.438997 0.234696 -0.116180
v -2.436157 0.231855 -0.121756
v -2.431732 0.227430 -0.126180
v -2.426156 0.221855 -0.129021
v -2.419976 0.215674 -0.130000
v -2.419976 0.131772 0.130000
v -2.426156 0.137952 0.129021
v -2.431732 0.143528 0.126180
v -2.436157 0.147952 0.121756
v -2.438997 0.150793 0.116180
v -2.439976 0.151772 0.110000
v -2.439976 0.151772 -0.110000
v -2.438997 0.150793 -0.116180
v -2.436157 0.147952 -0.121756
v -2.431732 0.143528 -0.126180
v -2.426156 0.137952 -0.129021
v -2.419976 0.131772 -0.130000
v -2.503878 0.131772 0.130000
v -2.510059 0.137952 0.129021
v -2.515634 0.143528 0.126180
v -2.520059 0.147952 0.121756
v -2.522899 0.150793 0.116180
v -2.523878 0.151772 0.110000
v -2.523878 0.151772 -0.110000
v -2.522899 0.150793 -0.116180
v -2.520059 0.147952 -0.121756
v -2.515634 0.143528 -0.126180
v -2.510059 0.137952 -0.129021
v -2.503878 0.131772 -0.130000
v -2.503878 -0.201887 0.130000
v -2.510059 -0.208067 0.129021
v -2.515634 -0.213642 0.126180
v -2.520059 -0.218067 0.121756
v -2.522899 -0.220908 0.116180
v -2.523878 -0.221887 0.110000
v -2.523878 -0.221887 -0.110000
v -2.522899 -0.220908 -0.116180
v -2.520059 -0.218067 -0.121756
v -2.515634 -0.213642 -0.126180
v -2.510059 -0.208067 -0.129021
v -2.503878 -0.201887 -0.130000
v -2.419976 -0.201887 0.130000
v -2.426156 -0.208067 0.129021
v -2.431732 -0.213642 0.126180
v -2.436157 -0.218067 0.121756
v -2.438997 -0.220908 0.116180
v -2.439976 -0.221887 0.110000
v -2.439976 -0.221887 -0.110000
v -2.438997 -0.220908 -0.116180
v -2.436157 -0.218067 -0.121756
v -2.431732 -0.213642 -0.126180
v -2.426156 -0.208067 -0.129021
v -2.419976 -0.201887 -0.130000
v -2.419976 -0.285789 0.130000
v -2.426156 -0.291969 0.129021
v -2.431732 -0.297545 0.126180
v -2.436157 -0.301969 0.121756
v -2.438997 -0.304810 0.116180
v -2.439976 -0.305789 0.110000
v -2.439976 -0.305789 -0.110000
v -2.438997 -0.304810 -0.116180
v -2.436157 -0.301969 -0.121756
v -2.431732 -0.297545 -0.126180
v -2.426156 -0.291969 -0.129021
v -2.419976 -0.285789 -0.130000
v -2.253147 -0.285789 0.130000
v -2.246967 -0.291969 0.129021
v -2.241391 -0.297545 0.126180
v -2.236966 -0.301969 0.121756
v -2.234126 -0.304810 0.116180
v -2.233147 -0.305789 0.110000
v -2.233147 -0.305789 -0.110000
v -2.234126 -0.304810 -0.116180
v -2.236966 -0.301969 -0.121756
v -2.241391 -0.297545 -0.126180
v -2.246967 -0.291969 -0.129021
v -2.253147 -0.285789 -0.130000
v -2.253147 -0.201887 0.130000
v -2.246967 -0.195706 0.129021
v -2.241391 -0.190131 0.126180
v -2.236966 -0.185706 0.121756
v -2.234126 -0.182865 0.116180
v -2.233147 -0.181887 0.110000
v -2.233147 -0.181887 -0.110000
v -2.234126 -0.182865 -0.116180
v -2.236966 -0.185706 -0.121756
v -2.241391 -0.190131 -0.126180
v -2.246967 -0.195706 -0.129021
v -2.253147 -0.201887 -0.130000
v -2.337049 -0.201887 0.130000
v -2.330869 -0.195706 0.129021
v -2.325293 -0.190131 0.126180
v -2.320869 -0.185706 0.121756
v -2.318028 -0.182865 0.116180
v -2.317049 -0.181887 0.110000
v -2.317049 -0.181887 -0.110000
v -2.318028 -0.182865 -0.116180
v -2.320869 -0.185706 -0.121756
v -2.325293 -0.190131 -0.126180
v -2.330869 -0.195706 -0.129021
v -2.337049 -0.201887 -0.130000
v -2.337049 -0.117009 0.130000
v -2.330869 -0.110828 0.129021
v -2.325293 -0.105253 0.126180
v -2.320869 -0.100828 0.121756
v -2.318028 -0.097987 0.116180
v -2.317049 -0.097009 0.110000
v -2.317049 -0.097009 -0.110000
v -2.318028 -0.097987 -0.116180
v -2.320869 -0.100828 -0.121756
v -2.325293 -0.105253 -0.126180
v -2.330869 -0.110828 -0.129021
v -2.337049 -0.117009 -0.130000
v -2.420952 -0.117009 0.130000
v -2.414771 -0.110828 0.129021
v -2.409196 -0.105253 0.126180
v -2.404771 -0.100828 0.121756
v -2.401931 -0.097987 0.116180
v -2.400952 -0.097009 0.110000
v -2.400952 -0.097009 -0.110000
v -2.401931 -0.097987 -0.116180
v -2.404771 -0.100828 -0.121756
v -2.409196 -0.105253 -0.126180
v -2.414771 -0.110828 -0.129021
v -2.420952 -0.117009 -0.130000
v -2.420952 0.047870 0.130000
v -2.414771 0.041689 0.129021
v -2.409196 0.036114 0.126180
v -2.404771 0.031689 0.121756
v -2.401931 0.028848 0.116180
v -2.400952 0.027870 0.110000
v -2.400952 0.027870 -0.110000
v -2.401931 0.028848 -0.116180
v -2.404771 0.031689 -0.121756
v -2.409196 0.036114 -0.126180
v -2.414771 0.041689 -0.129021
v -2.420952 0.047870 -0.130000
v -2.337049 0.047870 0.130000
v -2.330869 0.041689 0.129021
v -2.325293 0.036114 0.126180
v -2.320869 0.031689 0.121756
v -2.318028 0.028848 0.116180
v -2.317049 0.027870 0.110000
v -2.317049 0.027870 -0.110000
v -2.318028 0.028848 -0.116180
v -2.320869 0.031689 -0.121756
v -2.325293 0.036114 -0.126180
v -2.330869 0.041689 -0.129021
v -2.337049 0.047870 -0.130000
v -2.337049 0.131772 0.130000
v -2.330869 0.125592 0.129021
v -2.325293 0.120016 0.126180
v -2.320869 0.115592 0.121756
v -2.318028 0.112751 0.116180
v -2.317049 0.111772 0.110000
v -2.317049 0.111772 -0.110000
v -2.318028 0.112751 -0.116180
v -2.320869 0.115592 -0.121756
v -2.325293 0.120016 -0.126180
v -2.330869 0.125592 -0.129021
v -2.337049 0.131772 -0.130000
v -2.254122 0.131772 0.130000
v -2.260303 0.125592 0.129021
v -2.265878 0.120016 0.126180
v -2.270303 0.115592 0.121756
v -2.273144 0.112751 0.116180
v -2.274122 0.111772 0.110000
v -2.274122 0.111772 -0.110000
v -2.273144 0.112751 -0.116180
v -2.270303 0.115592 -0.121756
v -2.265878 0.120016 -0.126180
v -2.260303 0.125592 -0.129021
v -2.254122 0.131772 -0.130000
v -2.254122 -0.117009 0.130000
v -2.260303 -0.123189 0.129021
v -2.265878 -0.128764 0.126180
v -2.270303 -0.133189 0.121756
v -2.273144 -0.136030 0.116180
v -2.274122 -0.137009 0.110000
v -2.274122 -0.137009 -0.110000
v -2.273144 -0.136030 -0.116180
v -2.270303 -0.133189 -0.121756
v -2.265878 -0.128764 -0.126180
v -2.260303 -0.123189 -0.129021
v -2.254122 -0.117009 -0.130000
v -2.171196 -0.117009 0.130000
v -2.177376 -0.123189 0.129021
v -2.182952 -0.128764 0.126180
v -2.187376 -0.133189 0.121756
v -2.190217 -0.136030 0.116180
v -2.191196 -0.137009 0.110000
v -2.191196 -0.137009 -0.110000
v -2.190217 -0.136030 -0.116180
v -2.187376 -0.133189 -0.121756
v -2.182952 -0.128764 -0.126180
v -2.177376 -0.123189 -0.129021
v -2.171196 -0.117009 -0.130000
v -2.171196 -0.201887 0.130000
v -2.177376 -0.208067 0.129021
v -2.182952 -0.213642 0.126180
v -2.187376 -0.218067 0.121756
v -2.190217 -0.220908 0.116180
v -2.191196 -0.221887 0.110000
v -2.191196 -0.221887 -0.110000
v -2.190217 -0.220908 -0.116180
v -2.187376 -0.218067 -0.121756
v -2.182952 -0.213642 -0.126180
v -2.177376 -0.208067 -0.129021
v -2.171196 -0.201887 -0.130000
v -2.087293 -0.201887 0.130000
v -2.093474 -0.208067 0.129021
v -2.099049 -0.213642 0.126180
v -2.103474 -0.218067 0.121756
v -2.106314 -0.220908 0.116180
v -2.107293 -0.221887 0.110000
v -2.107293 -0.221887 -0.110000
v -2.106314 -0.220908 -0.116180
v -2.103474 -0.218067 -0.121756
v -2.099049 -0.213642 -0.126180
v -2.093474 -0.208067 -0.129021
v -2.087293 -0.201887 -0.130000
v -2.087293 -0.285789 0.130000
v -2.093474 -0.291969 0.129021
v -2.099049 -0.297545 0.126180
v -2.103474 -0.301969 0.121756
v -2.106314 -0.304810 0.116180
v -2.107293 -0.305789 0.110000
v -2.107293 -0.305789 -0.110000
v -2.106314 -0.304810 -0.116180
v -2.103474 -0.301969 -0.121756
v -2.099049 -0.297545 -0.126180
v -2.093474 -0.291969 -0.129021
v -2.087293 -0.285789 -0.130000
v -1.835586 -0.285789 0.130000
v -1.829406 -0.291969 0.129021
v -1.823830 -0.297545 0.126180
v -1.819405 -0.301969 0.121756
v -1.816565 -0.304810 0.116180
v -1.815586 -0.305789 0.110000
v -1.815586 -0.305789 -0.110000
v -1.816565 -0.304810 -0.116180
v -1.819405 -0.301969 -0.121756
v -1.823830 -0.297545 -0.126180
v -1.829406 -0.291969 -0.129021
v -1.835586 -0.285789 -0.130000
v -1.918513 0.047870 0.130000
v -1.912332 0.041689 0.129021
v -1.906757 0.036114 0.126180
v -1.902332 0.031689 0.121756
v -1.899492 0.028848 0.116180
v -1.898513 0.027870 0.110000
v -1.898513 0.027870 -0.110000
v -1.899492 0.028848 -0.116180
v -1.902332 0.031689 -0.121756
v -1.906757 0.036114 -0.126180
v -1.912332 0.041689 -0.129021
v -1.918513 0.047870 -0.130000
v -1.834610 0.047870 0.130000
v -1.840791 0.041689 0.129021
v -1.846366 0.036114 0.126180
v -1.850791 0.031689 0.121756
v -1.853631 0.028848 0.116180
v -1.854610 0.027870 0.110000
v -1.854610 0.027870 -0.110000
v -1.853631 0.028848 -0.116180
v -1.850791 0.031689 -0.121756
v -1.846366 0.036114 -0.126180
v -1.840791 0.041689 -0.129021
v -1.834610 0.047870 -0.130000
v -1.834610 -0.117009 0.130000
v -1.840791 -0.110828 0.129021
v -1.846366 -0.105253 0.126180
v -1.850791 -0.100828 0.121756
v -1.853631 -0.097987 0.116180
v -1.854610 -0.097009 0.110000
v -1.854610 -0.097009 -0.110000
v -1.853631 -0.097987 -0.116180
v -1.850791 -0.100828 -0.121756
v -1.846366 -0.105253 -0.126180
v -1.840791 -0.110828 -0.129021
v -1.834610 -0.117009 -0.130000
v -1.918513 -0.117009 0.130000
v -1.924693 -0.110828 0.129021
v -1.930268 -0.105253 0.126180
v -1.934693 -0.100828 0.121756
v -1.937534 -0.097987 0.116180
v -1.938513 -0.097009 0.110000
v -1.938513 -0.097009 -0.110000
v -1.937534 -0.097987 -0.116180
v -1.934693 -0.100828 -0.121756
v -1.930268 -0.105253 -0.126180
v -1.924693 -0.110828 -0.129021
v -1.918513 -0.117009 -0.130000
v -1.918513 -0.201887 0.130000
v -1.924693 -0.195706 0.129021
v -1.930268 -0.190131 0.126180
v -1.934693 -0.185706 0.121756
v -1.937534 -0.182865 0.116180
v -1.938513 -0.181887 0.110000
v -1.938513 -0.181887 -0.110000
v -1.937534 -0.182865 -0.116180
v -1.934693 -0.185706 -0.121756
v -1.930268 -0.190131 -0.126180
v -1.924693 -0.195706 -0.129021
v -1.918513 -0.201887 -0.130000
v -2.003391 -0.201887 0.130000
v -1.997211 -0.195706 0.129021
v -1.991635 -0.190131 0.126180
v -1.987211 -0.185706 0.121756
v -1.984370 -0.182865 0.116180
v -1.983391 -0.181887 0.110000
v -1.983391 -0.181887 -0.110000
v -1.984370 -0.182865 -0.116180
v -1.987211 -0.185706 -0.121756
v -1.991635 -0.190131 -0.126180
v -1.997211 -0.195706 -0.129021
v -2.003391 -0.201887 -0.130000
v -2.003391 -0.034082 0.130000
v -1.997211 -0.040262 0.129021
v -1.991635 -0.045837 0.126180
v -1.987211 -0.050262 0.121756
v -1.984370 -0.053103 0.116180
v -1.983391 -0.054082 0.110000
v -1.983391 -0.054082 -0.110000
v -1.984370 -0.053103 -0.116180
v -1.987211 -0.050262 -0.121756
v -1.991635 -0.045837 -0.126180
v -1.997211 -0.040262 -0.129021
v -2.003391 -0.034082 -0.130000
v -1.918513 -0.034082 0.130000
v -1.912332 -0.040262 0.129021
v -1.906757 -0.045837 0.126180
v -1.902332 -0.050262 0.121756
v -1.899492 -0.053103 0.116180
v -1.898513 -0.054082 0.110000
v -1.898513 -0.054082 -0.110000
v -1.899492 -0.053103 -0.116180
v -1.902332 -0.050262 -0.121756
v -1.906757 -0.045837 -0.126180
v -1.912332 -0.040262 -0.129021
v -1.918513 -0.034082 -0.130000
v -2.171196 0.131772 0.130000
v -2.177376 0.137952 0.129021
v -2.182952 0.143528 0.126180
v -2.187376 0.147952 0.121756
v -2.190217 0.150793 0.116180
v -2.191196 0.151772 0.110000
v -2.191196 0.151772 -0.110000
v -2.190217 0.150793 -0.116180
v -2.187376 0.147952 -0.121756
v -2.182952 0.143528 -0.126180
v -2.177376 0.137952 -0.129021
v -2.171196 0.131772 -0.130000
v -2.171196 -0.034082 0.130000
v -2.177376 -0.040262 0.129021
v -2.182952 -0.045837 0.126180
v -2.187376 -0.050262 0.121756
v -2.190217 -0.053103 0.116180
v -2.191196 -0.054082 0.110000
v -2.191196 -0.054082 -0.110000
v -2.190217 -0.053103 -0.116180
v -2.187376 -0.050262 -0.121756
v -2.182952 -0.045837 -0.126180
v -2.177376 -0.040262 -0.129021
v -2.171196 -0.034082 -0.130000
v -2.087293 -0.034082 0.130000
v -2.081113 -0.040262 0.129021
v -2.075537 -0.045837 0.126180
v -2.071113 -0.050262 0.121756
v -2.068272 -0.053103 0.116180
v -2.067293 -0.054082 0.110000
v -2.067293 -0.054082 -0.110000
v -2.068272 -0.053103 -0.116180
v -2.071113 -0.050262 -0.121756
v -2.075537 -0.045837 -0.126180
v -2.081113 -0.040262 -0.129021
v -2.087293 -0.034082 -0.130000
v -2.087293 0.047870 0.130000
v -2.081113 0.041689 0.129021
v -2.075537 0.036114 0.126180
v -2.071113 0.031689 0.121756
v -2.068272 0.028848 0.116180
v -2.067293 0.027870 0.110000
v -2.067293 0.027870 -0.110000
v -2.068272 0.028848 -0.116180
v -2.071113 0.031689 -0.121756
v -2.075537 0.036114 -0.126180
v -2.081113 0.041689 -0.129021
v -2.087293 0.047870 -0.130000
v -2.003391 0.047870 0.130000
v -1.997211 0.041689 0.129021
v -1.991635 0.036114 0.126180
v -1.987211 0.031689 0.121756
v -1.984370 0.028848 0.116180
v -1.983391 0.027870 0.110000
v -1.983391 0.027870 -0.110000
v -1.984370 0.028848 -0.116180
v -1.987211 0.031689 -0.121756
v -1.991635 0.036114 -0.126180
v -1.997211 0.041689 -0.129021
v -2.003391 0.047870 -0.130000
v -2.003391 0.131772 0.130000
v -1.997211 0.137952 0.129021
v -1.991635 0.143528 0.126180
v -1.987211 0.147952 0.121756
v -1.984370 0.150793 0.116180
v -1.983391 0.151772 0.110000
v -1.983391 0.151772 -0.110000
v -1.984370 0.150793 -0.116180
v -1.987211 0.147952 -0.121756
v -1.991635 0.143528 -0.126180
v -1.997211 0.137952 -0.129021
v -2.003391 0.131772 -0.130000
v -2.922415 0.299577 0.130000
v -2.916235 0.293396 0.129021
v -2.910660 0.287821 0.126180
v -2.906235 0.283396 0.121756
v -2.903394 0.280556 0.116180
v -2.902416 0.279577 0.110000
v -2.902416 0.279577 -0.110000
v -2.903394 0.280556 -0.116180
v -2.906235 0.283396 -0.121756
v -2.910660 0.287821 -0.126180
v -2.916235 0.293396 -0.129021
v -2.922415 0.299577 -0.130000
v -2.586806 0.299577 0.130000
v -2.580625 0.293396 0.129021
v -2.575050 0.287821 0.126180
v -2.570625 0.283396 0.121756
v -2.567785 0.280556 0.116180
v -2.566806 0.279577 0.110000
v -2.566806 0.279577 -0.110000
v -2.567785 0.280556 -0.116180
v -2.570625 0.283396 -0.121756
v -2.575050 0.287821 -0.126180
v -2.580625 0.293396 -0.129021
v -2.586806 0.299577 -0.130000
v -2.586806 0.383479 0.130000
v -2.580625 0.389660 0.129021
v -2.575050 0.395235 0.126180
v -2.570625 0.399660 0.121756
v -2.567785 0.402500 0.116180
v -2.566806 0.403479 0.110000
v -2.566806 0.403479 -0.110000
v -2.567785 0.402500 -0.116180
v -2.570625 0.399660 -0.121756
v -2.575050 0.395235 -0.126180
v -2.580625 0.389660 -0.129021
v -2.586806 0.383479 -0.130000
v -3.171196 0.383479 0.130000
v -3.177376 0.389660 0.129021
v -3.182952 0.395235 0.126180
v -3.187376 0.399660 0.121756
v -3.190217 0.402500 0.116180
v -3.191196 0.403479 0.110000
v -3.191196 0.403479 -0.110000
v -3.190217 0.402500 -0.116180
v -3.187376 0.399660 -0.121756
v -3.182952 0.395235 -0.126180
v -3.177376 0.389660 -0.129021
v -3.171196 0.383479 -0.130000
v -3.171196 0.299577 0.130000
v -3.177376 0.293396 0.129021
v -3.182952 0.287821 0.126180
v -3.187376 0.283396 0.121756
v -3.190217 0.280556 0.116180
v -3.191196 0.279577 0.110000
v -3.191196 0.279577 -0.110000
v -3.190217 0.280556 -0.116180
v -3.187376 0.283396 -0.121756
v -3.182952 0.287821 -0.126180
v -3.177376 0.293396 -0.129021
v -3.171196 0.299577 -0.130000
v -3.089245 0.299577 0.130000
v -3.095425 0.293396 0.129021
v -3.101001 0.287821 0.126180
v -3.105425 0.283396 0.121756
v -3.108266 0.280556 0.116180
v -3.109245 0.279577 0.110000
v -3.109245 0.279577 -0.110000
v -3.108266 0.280556 -0.116180
v -3.105425 0.283396 -0.121756
v -3.101001 0.287821 -0.126180
v -3.095425 0.293396 -0.129021
v -3.089245 0.299577 -0.130000
v -3.089245 0.215674 0.130000
v -3.095425 0.209494 0.129021
v -3.101001 0.203919 0.126180
v -3.105425 0.199494 0.121756
v -3.108266 0.196653 0.116180
v -3.109245 0.195674 0.110000
v -3.109245 0.195674 -0.110000
v -3.108266 0.196653 -0.116180
v -3.105425 0.199494 -0.121756
v -3.101001 0.203919 -0.126180
v -3.095425 0.209494 -0.129021
v -3.089245 0.215674 -0.130000
v -3.006318 0.215674 0.130000
v -3.012498 0.209494 0.129021
v -3.018074 0.203919 0.126180
v -3.022498 0.199494 0.121756
v -3.025339 0.196653 0.116180
v -3.026318 0.195674 0.110000
v -3.026318 0.195674 -0.110000
v -3.025339 0.196653 -0.116180
v -3.022498 0.199494 -0.121756
v -3.018074 0.203919 -0.126180
v -3.012498 0.209494 -0.129021
v -3.006318 0.215674 -0.130000
v -3.006318 0.131772 0.130000
v -3.012498 0.137952 0.129021
v -3.018074 0.143528 0.126180
v -3.022498 0.147952 0.121756
v -3.025339 0.150793 0.116180
v -3.026318 0.151772 0.110000
v -3.026318 0.151772 -0.110000
v -3.025339 0.150793 -0.116180
v -3.022498 0.147952 -0.121756
v -3.018074 0.143528 -0.126180
v -3.012498 0.137952 -0.129021
v -3.006318 0.131772 -0.130000
v -3.089245 0.131772 0.130000
v -3.095425 0.137952 0.129021
v -3.101001 0.143528 0.126180
v -3.105425 0.147952 0.121756
v -3.108266 0.150793 0.116180
v -3.109245 0.151772 0.110000
v -3.109245 0.151772 -0.110000
v -3.108266 0.150793 -0.116180
v -3.105425 0.147952 -0.121756
v -3.101001 0.143528 -0.126180
v -3.095425 0.137952 -0.129021
v -3.089245 0.131772 -0.130000
v -3.089245 0.047870 0.130000
v -3.095425 0.054050 0.129021
v -3.101001 0.059625 0.126180
v -3.105425 0.064050 0.121756
v -3.108266 0.066891 0.116180
v -3.109245 0.067870 0.110000
v -3.109245 0.067870 -0.110000
v -3.108266 0.066891 -0.116180
v -3.105425 0.064050 -0.121756
v -3.101001 0.059625 -0.126180
v -3.095425 0.054050 -0.129021
v -3.089245 0.047870 -0.130000
v -3.171196 0.047870 0.130000
v -3.177376 0.054050 0.129021
v -3.182952 0.059625 0.126180
v -3.187376 0.064050 0.121756
v -3.190217 0.066891 0.116180
v -3.191196 0.067870 0.110000
v -3.191196 0.067870 -0.110000
v -3.190217 0.066891 -0.116180
v -3.187376 0.064050 -0.121756
v -3.182952 0.059625 -0.126180
v -3.177376 0.054050 -0.129021
v -3.171196 0.047870 -0.130000
v -3.171196 -0.201887 0.130000
v -3.177376 -0.208067 0.129021
v -3.182952 -0.213642 0.126180
v -3.187376 -0.218067 0.121756
v -3.190217 -0.220908 0.116180
v -3.191196 -0.221887 0.110000
v -3.191196 -0.221887 -0.110000
v -3.190217 -0.220908 -0.116180
v -3.187376 -0.218067 -0.121756
v -3.182952 -0.213642 -0.126180
v -3.177376 -0.208067 -0.129021
v -3.171196 -0.201887 -0.130000
v -3.089245 -0.201887 0.130000
v -3.095425 -0.208067 0.129021
v -3.101001 -0.213642 0.126180
v -3.105425 -0.218067 0.121756
v -3.108266 -0.220908 0.116180
v -3.109245 -0.221887 0.110000
v -3.109245 -0.221887 -0.110000
v -3.108266 -0.220908 -0.116180
v -3.105425 -0.218067 -0.121756
v -3.101001 -0.213642 -0.126180
v -3.095425 -0.208067 -0.129021
v -3.089245 -0.201887 -0.130000
v -3.089245 -0.285789 0.130000
v -3.095425 -0.291969 0.129021
v -3.101001 -0.297545 0.126180
v -3.105425 -0.301969 0.121756
v -3.108266 -0.304810 0.116180
v -3.109245 -0.305789 0.110000
v -3.109245 -0.305789 -0.110000
v -3.108266 -0.304810 -0.116180
v -3.105425 -0.301969 -0.121756
v -3.101001 -0.297545 -0.126180
v -3.095425 -0.291969 -0.129021
v -3.089245 -0.285789 -0.130000
v -2.754610 -0.285789 0.130000
v -2.748430 -0.291969 0.129021
v -2.742855 -0.297545 0.126180
v -2.738430 -0.301969 0.121756
v -2.735589 -0.304810 0.116180
v -2.734610 -0.305789 0.110000
v -2.734610 -0.305789 -0.110000
v -2.735589 -0.304810 -0.116180
v -2.738430 -0.301969 -0.121756
v -2.742855 -0.297545 -0.126180
v -2.748430 -0.291969 -0.129021
v -2.754610 -0.285789 -0.130000
v -2.754610 -0.034082 0.130000
v -2.748430 -0.027901 0.129021
v -2.742855 -0.022326 0.126180
v -2.738430 -0.017901 0.121756
v -2.735589 -0.015061 0.116180
v -2.734610 -0.014082 0.110000
v -2.734610 -0.014082 -0.110000
v -2.735589 -0.015061 -0.116180
v -2.738430 -0.017901 -0.121756
v -2.742855 -0.022326 -0.126180
v -2.748430 -0.027901 -0.129021
v -2.754610 -0.034082 -0.130000
v -3.006318 -0.034082 0.130000
v -3.012498 -0.027901 0.129021
v -3.018074 -0.022326 0.126180
v -3.022498 -0.017901 0.121756
v -3.025339 -0.015061 0.116180
v -3.026318 -0.014082 0.110000
v -3.026318 -0.014082 -0.110000
v -3.025339 -0.015061 -0.116180
v -3.022498 -0.017901 -0.121756
v -3.018074 -0.022326 -0.126180
v -3.012498 -0.027901 -0.129021
v -3.006318 -0.034082 -0.130000
v -3.006318 -0.117009 0.130000
v -3.012498 -0.110828 0.129021
v -3.018074 -0.105253 0.126180
v -3.022498 -0.100828 0.121756
v -3.025339 -0.097987 0.116180
v -3.026318 -0.097009 0.110000
v -3.026318 -0.097009 -0.110000
v -3.025339 -0.097987 -0.116180
v -3.022498 -0.100828 -0.121756
v -3.018074 -0.105253 -0.126180
v -3.012498 -0.110828 -0.129021
v -3.006318 -0.117009 -0.130000
v -3.088269 -0.117009 0.130000
v -3.082089 -0.110828 0.129021
v -3.076513 -0.105253 0.126180
v -3.072088 -0.100828 0.121756
v -3.069248 -0.097987 0.116180
v -3.068269 -0.097009 0.110000
v -3.068269 -0.097009 -0.110000
v -3.069248 -0.097987 -0.116180
v -3.072088 -0.100828 -0.121756
v -3.076513 -0.105253 -0.126180
v -3.082089 -0.110828 -0.129021
v -3.088269 -0.117009 -0.130000
v -3.088269 -0.034082 0.130000
v -3.082089 -0.040262 0.129021
v -3.076513 -0.045837 0.126180
v -3.072088 -0.050262 0.121756
v -3.069248 -0.053103 0.116180
v -3.068269 -0.054082 0.110000
v -3.068269 -0.054082 -0.110000
v -3.069248 -0.053103 -0.116180
v -3.072088 -0.050262 -0.121756
v -3.076513 -0.045837 -0.126180
v -3.082089 -0.040262 -0.129021
v -3.088269 -0.034082 -0.130000
v -3.006318 -0.034082 0.130000
v -3.000138 -0.040262 0.129021
v -2.994562 -0.045837 0.126180
v -2.990137 -0.050262 0.121756
v -2.987297 -0.053103 0.116180
v -2.986318 -0.054082 0.110000
v -2.986318 -0.054082 -0.110000
v -2.987297 -0.053103 -0.116180
v -2.990137 -0.050262 -0.121756
v -2.994562 -0.045837 -0.126180
v -3.000138 -0.040262 -0.129021
v -3.006318 -0.034082 -0.130000
v -3.006318 0.047870 0.130000
v -3.000138 0.041689 0.129021
v -2.994562 0.036114 0.126180
v -2.990137 0.031689 0.121756
v -2.987297 0.028848 0.116180
v -2.986318 0.027870 0.110000
v -2.986318 0.027870 -0.110000
v -2.987297 0.028848 -0.116180
v -2.990137 0.031689 -0.121756
v -2.994562 0.036114 -0.126180
v -3.000138 0.041689 -0.129021
v -3.006318 0.047870 -0.130000
v -2.754610 0.047870 0.130000
v -2.748430 0.041689 0.129021
v -2.742855 0.036114 0.126180
v -2.738430 0.031689 0.121756
v -2.735589 0.028848 0.116180
v -2.734610 0.027870 0.110000
v -2.734610 0.027870 -0.110000
v -2.735589 0.028848 -0.116180
v -2.738430 0.031689 -0.121756
v -2.742855 0.036114 -0.126180
v -2.748430 0.041689 -0.129021
v -2.754610 0.047870 -0.130000
v -2.754610 0.131772 0.130000
v -2.748430 0.137952 0.129021
v -2.742855 0.143528 0.126180
v -2.738430 0.147952 0.121756
v -2.735589 0.150793 0.116180
v -2.734610 0.151772 0.110000
v -2.734610 0.151772 -0.110000
v -2.735589 0.150793 -0.116180
v -2.738430 0.147952 -0.121756
v -2.742855 0.143528 -0.126180
v -2.748430 0.137952 -0.129021
v -2.754610 0.131772 -0.130000
v -2.838513 0.131772 0.130000
v -2.832333 0.137952 0.129021
v -2.826757 0.143528 0.126180
v -2.822333 0.147952 0.121756
v -2.819492 0.150793 0.116180
v -2.818513 0.151772 0.110000
v -2.818513 0.151772 -0.110000
v -2.819492 0.150793 -0.116180
v -2.822333 0.147952 -0.121756
v -2.826757 0.143528 -0.126180
v -2.832333 0.137952 -0.129021
v -2.838513 0.131772 -0.130000
v -2.838513 0.215674 0.130000
v -2.832333 0.221855 0.129021
v -2.826757 0.227430 0.126180
v -2.822333 0.231855 0.121756
v -2.819492 0.234696 0.116180
v -2.818513 0.235674 0.110000
v -2.818513 0.235674 -0.110000
v -2.819492 0.234696 -0.116180
v -2.822333 0.231855 -0.121756
v -2.826757 0.227430 -0.126180
v -2.832333 0.221855 -0.129021
v -2.838513 0.215674 -0.130000
v -2.922415 0.215674 0.130000
v -2.916235 0.221855 0.129021
v -2.910660 0.227430 0.126180
v -2.906235 0.231855 0.121756
v -2.903394 0.234696 0.116180
v -2.902416 0.235674 0.110000
v -2.902416 0.235674 -0.110000
v -2.903394 0.234696 -0.116180
v -2.906235 0.231855 -0.121756
v -2.910660 0.227430 -0.126180
v -2.916235 0.221855 -0.129021
v -2.922415 0.215674 -0.130000
v -2.837538 -0.201887 0.130000
v -2.843718 -0.195706 0.129021
v -2.849293 -0.190131 0.126180
v -2.853718 -0.185706 0.121756
v -2.856559 -0.182865 0.116180
v -2.857538 -0.181887 0.110000
v -2.857538 -0.181887 -0.110000
v -2.856559 -0.182865 -0.116180
v -2.853718 -0.185706 -0.121756
v -2.849293 -0.190131 -0.126180
v -2.843718 -0.195706 -0.129021
v -2.837538 -0.201887 -0.130000
v -2.922415 -0.201887 0.130000
v -2.916235 -0.195706 0.129021
v -2.910660 -0.190131 0.126180
v -2.906235 -0.185706 0.121756
v -2.903394 -0.182865 0.116180
v -2.902416 -0.181887 0.110000
v -2.902416 -0.181887 -0.110000
v -2.903394 -0.182865 -0.116180
v -2.906235 -0.185706 -0.121756
v -2.910660 -0.190131 -0.126180
v -2.916235 -0.195706 -0.129021
v -2.922415 -0.201887 -0.130000
v -2.922415 -0.117009 0.130000
v -2.916235 -0.123189 0.129021
v -2.910660 -0.128764 0.126180
v -2.906235 -0.133189 0.121756
v -2.903394 -0.136030 0.116180
v -2.902416 -0.137009 0.110000
v -2.902416 -0.137009 -0.110000
v -2.903394 -0.136030 -0.116180
v -2.906235 -0.133189 -0.121756
v -2.910660 -0.128764 -0.126180
v -2.916235 -0.123189 -0.129021
v -2.922415 -0.117009 -0.130000
v -2.837538 -0.117009 0.130000
v -2.843718 -0.123189 0.129021
v -2.849293 -0.128764 0.126180
v -2.853718 -0.133189 0.121756
v -2.856559 -0.136030 0.116180
v -2.857538 -0.137009 0.110000
v -2.857538 -0.137009 -0.110000
v -2.856559 -0.136030 -0.116180
v -2.853718 -0.133189 -0.121756
v -2.849293 -0.128764 -0.126180
v -2.843718 -0.123189 -0.129021
v -2.837538 -0.117009 -0.130000
v -3.337049 -0.117009 0.130000
v -3.343230 -0.123189 0.129021
v -3.348805 -0.128764 0.126180
v -3.353230 -0.133189 0.121756
v -3.356070 -0.136030 0.116180
v -3.357049 -0.137009 0.110000
v -3.357049 -0.137009 -0.110000
v -3.356070 -0.136030 -0.116180
v -3.353230 -0.133189 -0.121756
v -3.348805 -0.128764 -0.126180
v -3.343230 -0.123189 -0.129021
v -3.337049 -0.117009 -0.130000
v -3.254122 -0.117009 0.130000
v -3.247942 -0.123189 0.129021
v -3.242367 -0.128764 0.126180
v -3.237942 -0.133189 0.121756
v -3.235101 -0.136030 0.116180
v -3.234123 -0.137009 0.110000
v -3.234123 -0.137009 -0.110000
v -3.235101 -0.136030 -0.116180
v -3.237942 -0.133189 -0.121756
v -3.242367 -0.128764 -0.126180
v -3.247942 -0.123189 -0.129021
v -3.254122 -0.117009 -0.130000
v -3.254122 0.047870 0.130000
v -3.247942 0.054050 0.129021
v -3.242367 0.059625 0.126180
v -3.237942 0.064050 0.121756
v -3.235101 0.066891 0.116180
v -3.234123 0.067870 0.110000
v -3.234123 0.067870 -0.110000
v -3.235101 0.066891 -0.116180
v -3.237942 0.064050 -0.121756
v -3.242367 0.059625 -0.126180
v -3.247942 0.054050 -0.129021
v -3.254122 0.047870 -0.130000
v -3.338025 0.047870 0.130000
v -3.331845 0.054050 0.129021
v -3.326269 0.059625 0.126180
v -3.321844 0.064050 0.121756
v -3.319004 0.066891 0.116180
v -3.318025 0.067870 0.110000
v -3.318025 0.067870 -0.110000
v -3.319004 0.066891 -0.116180
v -3.321844 0.064050 -0.121756
v -3.326269 0.059625 -0.126180
v -3.331845 0.054050 -0.129021
v -3.338025 0.047870 -0.130000
v -3.338025 0.130796 0.130000
v -3.331845 0.136977 0.129021
v -3.326269 0.142552 0.126180
v -3.321844 0.146977 0.121756
v -3.319004 0.149817 0.116180
v -3.318025 0.150796 0.110000
v -3.318025 0.150796 -0.110000
v -3.319004 0.149817 -0.116180
v -3.321844 0.146977 -0.121756
v -3.326269 0.142552 -0.126180
v -3.331845 0.136977 -0.129021
v -3.338025 0.130796 -0.130000
v -3.589732 0.130796 0.130000
v -3.595913 0.136977 0.129021
v -3.601488 0.142552 0.126180
v -3.605913 0.146977 0.121756
v -3.608753 0.149817 0.116180
v -3.609732 0.150796 0.110000
v -3.609732 0.150796 -0.110000
v -3.608753 0.149817 -0.116180
v -3.605913 0.146977 -0.121756
v -3.601488 0.142552 -0.126180
v -3.595913 0.136977 -0.129021
v -3.589732 0.130796 -0.130000
v -3.589732 0.047870 0.130000
v -3.595913 0.054050 0.129021
v -3.601488 0.059625 0.126180
v -3.605913 0.064050 0.121756
v -3.608753 0.066891 0.116180
v -3.609732 0.067870 0.110000
v -3.609732 0.067870 -0.110000
v -3.608753 0.066891 -0.116180
v -3.605913 0.064050 -0.121756
v -3.601488 0.059625 -0.126180
v -3.595913 0.054050 -0.129021
v -3.589732 0.047870 -0.130000
v -3.673635 0.047870 0.130000
v -3.679815 0.054050 0.129021
v -3.685390 0.059625 0.126180
v -3.689815 0.064050 0.121756
v -3.692656 0.066891 0.116180
v -3.693635 0.067870 0.110000
v -3.693635 0.067870 -0.110000
v -3.692656 0.066891 -0.116180
v -3.689815 0.064050 -0.121756
v -3.685390 0.059625 -0.126180
v -3.679815 0.054050 -0.129021
v -3.673635 0.047870 -0.130000
v -3.673635 -0.034082 0.130000
v -3.679815 -0.027901 0.129021
v -3.685390 -0.022326 0.126180
v -3.689815 -0.017901 0.121756
v -3.692656 -0.015061 0.116180
v -3.693635 -0.014082 0.110000
v -3.693635 -0.014082 -0.110000
v -3.692656 -0.015061 -0.116180
v -3.689815 -0.017901 -0.121756
v -3.685390 -0.022326 -0.126180
v -3.679815 -0.027901 -0.129021
v -3.673635 -0.034082 -0.130000
v -3.755586 -0.034082 0.130000
v -3.749406 -0.027901 0.129021
v -3.743830 -0.022326 0.126180
v -3.739405 -0.017901 0.121756
v -3.736565 -0.015061 0.116180
v -3.735586 -0.014082 0.110000
v -3.735586 -0.014082 -0.110000
v -3.736565 -0.015061 -0.116180
v -3.739405 -0.017901 -0.121756
v -3.743830 -0.022326 -0.126180
v -3.749406 -0.027901 -0.129021
v -3.755586 -0.034082 -0.130000
v -3.755586 0.047870 0.130000
v -3.749406 0.054050 0.129021
v -3.743830 0.059625 0.126180
v -3.739405 0.064050 0.121756
v -3.736565 0.066891 0.116180
v -3.735586 0.067870 0.110000
v -3.735586 0.067870 -0.110000
v -3.736565 0.066891 -0.116180
v -3.739405 0.064050 -0.121756
v -3.743830 0.059625 -0.126180
v -3.749406 0.054050 -0.129021
v -3.755586 0.047870 -0.130000
v -3.839488 0.047870 0.130000
v -3.833308 0.054050 0.129021
v -3.827733 0.059625 0.126180
v -3.823308 0.064050 0.121756
v -3.820467 0.066891 0.116180
v -3.819488 0.067870 0.110000
v -3.819488 0.067870 -0.110000
v -3.820467 0.066891 -0.116180
v -3.823308 0.064050 -0.121756
v -3.827733 0.059625 -0.126180
v -3.833308 0.054050 -0.129021
v -3.839488 0.047870 -0.130000
v -3.839488 0.128845 0.130000
v -3.833308 0.135025 0.129021
v -3.827733 0.140601 0.126180
v -3.823308 0.145025 0.121756
v -3.820467 0.147866 0.116180
v -3.819488 0.148845 0.110000
v -3.819488 0.148845 -0.110000
v -3.820467 0.147866 -0.116180
v -3.823308 0.145025 -0.121756
v -3.827733 0.140601 -0.126180
v -3.833308 0.135025 -0.129021
v -3.839488 0.128845 -0.130000
v -3.922415 0.128845 0.130000
v -3.928595 0.135025 0.129021
v -3.934170 0.140601 0.126180
v -3.938596 0.145025 0.121756
v -3.941436 0.147866 0.116180
v -3.942415 0.148845 0.110000
v -3.942415 0.148845 -0.110000
v -3.941436 0.147866 -0.116180
v -3.938596 0.145025 -0.121756
v -3.934170 0.140601 -0.126180
v -3.928595 0.135025 -0.129021
v -3.922415 0.128845 -0.130000
v -3.922415 -0.036033 0.130000
v -3.928595 -0.042213 0.129021
v -3.934170 -0.047789 0.126180
v -3.938596 -0.052213 0.121756
v -3.941436 -0.055054 0.116180
v -3.942415 -0.056033 0.110000
v -3.942415 -0.056033 -0.110000
v -3.941436 -0.055054 -0.116180
v -3.938596 -0.052213 -0.121756
v -3.934170 -0.047789 -0.126180
v -3.928595 -0.042213 -0.129021
v -3.922415 -0.036033 -0.130000
v -3.838513 -0.036033 0.130000
v -3.844693 -0.042213 0.129021
v -3.850268 -0.047789 0.126180
v -3.854693 -0.052213 0.121756
v -3.857534 -0.055054 0.116180
v -3.858513 -0.056033 0.110000
v -3.858513 -0.056033 -0.110000
v -3.857534 -0.055054 -0.116180
v -3.854693 -0.052213 -0.121756
v -3.850268 -0.047789 -0.126180
v -3.844693 -0.042213 -0.129021
v -3.838513 -0.036033 -0.130000
v -3.838513 -0.117009 0.130000
v -3.844693 -0.123189 0.129021
v -3.850268 -0.128764 0.126180
v -3.854693 -0.133189 0.121756
v -3.857534 -0.136030 0.116180
v -3.858513 -0.137009 0.110000
v -3.858513 -0.137009 -0.110000
v -3.857534 -0.136030 -0.116180
v -3.854693 -0.133189 -0.121756
v -3.850268 -0.128764 -0.126180
v -3.844693 -0.123189 -0.129021
v -3.838513 -0.117009 -0.130000
v -3.589732 -0.117009 0.130000
v -3.583552 -0.123189 0.129021
v -3.577977 -0.128764 0.126180
v -3.573552 -0.133189 0.121756
v -3.570711 -0.136030 0.116180
v -3.569732 -0.137009 0.110000
v -3.569732 -0.137009 -0.110000
v -3.570711 -0.136030 -0.116180
v -3.573552 -0.133189 -0.121756
v -3.577977 -0.128764 -0.126180
v -3.583552 -0.123189 -0.129021
v -3.589732 -0.117009 -0.130000
v -3.589732 -0.034082 0.130000
v -3.583552 -0.040262 0.129021
v -3.577977 -0.045837 0.126180
v -3.573552 -0.050262 0.121756
v -3.570711 -0.053103 0.116180
v -3.569732 -0.054082 0.110000
v -3.569732 -0.054082 -0.110000
v -3.570711 -0.053103 -0.116180
v -3.573552 -0.050262 -0.121756
v -3.577977 -0.045837 -0.126180
v -3.583552 -0.040262 -0.129021
v -3.589732 -0.034082 -0.130000
v -3.505830 -0.034082 0.130000
v -3.499649 -0.040262 0.129021
v -3.494074 -0.045837 0.126180
v -3.489649 -0.050262 0.121756
v -3.486809 -0.053103 0.116180
v -3.485830 -0.054082 0.110000
v -3.485830 -0.054082 -0.110000
v -3.486809 -0.053103 -0.116180
v -3.489649 -0.050262 -0.121756
v -3.494074 -0.045837 -0.126180
v -3.499649 -0.040262 -0.129021
v -3.505830 -0.034082 -0.130000
v -3.505830 0.047870 0.130000
v -3.499649 0.041689 0.129021
v -3.494074 0.036114 0.126180
v -3.489649 0.031689 0.121756
v -3.486809 0.028848 0.116180
v -3.485830 0.027870 0.110000
v -3.485830 0.027870 -0.110000
v -3.486809 0.028848 -0.116180
v -3.489649 0.031689 -0.121756
v -3.494074 0.036114 -0.126180
v -3.499649 0.041689 -0.129021
v -3.505830 0.047870 -0.130000
v -3.420952 0.047870 0.130000
v -3.427132 0.041689 0.129021
v -3.432708 0.036114 0.126180
v -3.437132 0.031689 0.121756
v -3.439973 0.028848 0.116180
v -3.440952 0.027870 0.110000
v -3.440952 0.027870 -0.110000
v -3.439973 0.028848 -0.116180
v -3.437132 0.031689 -0.121756
v -3.432708 0.036114 -0.126180
v -3.427132 0.041689 -0.129021
v -3.420952 0.047870 -0.130000
v -3.420952 -0.034082 0.130000
v -3.427132 -0.040262 0.129021
v -3.432708 -0.045837 0.126180
v -3.437132 -0.050262 0.121756
v -3.439973 -0.053103 0.116180
v -3.440952 -0.054082 0.110000
v -3.440952 -0.054082 -0.110000
v -3.439973 -0.053103 -0.116180
v -3.437132 -0.050262 -0.121756
v -3.432708 -0.045837 -0.126180
v -3.427132 -0.040262 -0.129021
v -3.420952 -0.034082 -0.130000
v -3.337049 -0.034082 0.130000
v -3.343230 -0.040262 0.129021
v -3.348805 -0.045837 0.126180
v -3.353230 -0.050262 0.121756
v -3.356070 -0.053103 0.116180
v -3.357049 -0.054082 0.110000
v -3.357049 -0.054082 -0.110000
v -3.356070 -0.053103 -0.116180
v -3.353230 -0.050262 -0.121756
v -3.348805 -0.045837 -0.126180
v -3.343230 -0.040262 -0.129021
v -3.337049 -0.034082 -0.130000
vn -0.0000 -0.0000 -1.0000
vn -0.0000 1.0000 -0.0000
vn -0.0000 -1.0000 -0.0000
vn -0.0000 -0.0000 1.0000
vn 0.1980 -0.1980 0.9600
vn -0.0787 -0.0787 0.9938
vn -0.1980 -0.1980 0.9600
vn -0.3610 -0.3610 0.8599
vn 0.5226 -0.5226 0.6736
vn -0.5226 -0.5226 0.6736
vn 0.6543 -0.6543 0.3792
vn -0.6543 -0.6543 0.3793
vn -0.7032 -0.7032 0.1049
vn 0.7032 -0.7032 -0.1049
vn -0.7032 -0.7032 -0.1049
vn 0.6543 -0.6543 -0.3792
vn -0.6543 -0.6543 -0.3793
vn 0.5226 -0.5226 -0.6736
vn -0.5226 -0.5226 -0.6737
vn -0.3610 -0.3610 -0.8599
vn 0.1980 -0.1980 -0.9600
vn -0.1980 -0.1980 -0.9600
vn -0.0787 -0.0787 -0.9938
vn 0.1980 0.1980 0.9600
vn 0.0787 -0.0787 0.9938
vn 0.3610 0.3610 0.8599
vn 0.3610 -0.3610 0.8599
vn 0.5226 0.5226 0.6736
vn 0.6543 0.6543 0.3793
vn 0.7032 -0.7032 0.1049
vn 0.7032 0.7032 -0.1049
vn 0.6543 0.6543 -0.3793
vn 0.3610 0.3610 -0.8599
vn 0.3610 -0.3610 -0.8599
vn 0.1980 0.1980 -0.9600
vn 0.0787 0.0787 -0.9938
vn 0.0787 -0.0787 -0.9938
vn 0.1203 0.1203 0.9854
vn 0.0787 0.0787 0.9938
vn 0.2882 0.2882 0.9132
vn 0.4667 0.4666 0.7513
vn 0.6319 0.6319 0.4487
vn 0.7023 0.7024 0.1158
vn 0.7032 0.7032 0.1049
vn 0.7024 0.7023 -0.1158
vn 0.5226 0.5226 -0.6736
vn 0.6319 0.6319 -0.4487
vn 0.4667 0.4666 -0.7513
vn 0.2882 0.2882 -0.9132
vn 0.1203 0.1203 -0.9854
vn 0.6543 0.6543 0.3792
vn 0.6543 0.6543 -0.3792
vn -0.0787 0.0787 0.9938
vn -0.3610 0.3610 0.8599
vn -0.6543 0.6543 0.3792
vn -0.7032 0.7032 0.1049
vn -0.7032 0.7032 -0.1049
vn -0.5226 0.5226 -0.6736
vn -0.3610 0.3610 -0.8599
vn -0.0787 0.0787 -0.9938
vn -0.1203 0.1203 0.9854
vn -0.1980 0.1980 0.9600
vn -0.2882 0.2882 0.9132
vn -0.4666 0.4666 0.7513
vn -0.5226 0.5226 0.6736
vn -0.6319 0.6319 0.4487
vn -0.7024 0.7023 0.1158
vn -0.7023 0.7024 -0.1158
vn -0.6543 0.6543 -0.3792
vn -0.6319 0.6319 -0.4487
vn -0.4666 0.4666 -0.7513
vn -0.1980 0.1980 -0.9600
vn -0.2882 0.2882 -0.9132
vn -0.1203 0.1203 -0.9854
vn -0.6543 0.6543 0.3793
vn -0.6543 0.6543 -0.3793
vn -0.7023 0.7024 0.1158
vn 0.4666 0.4666 0.7513
vn 0.7023 0.7024 -0.1158
vn 0.4666 0.4666 -0.7513
vn 0.6320 0.6319 0.4487
vn -0.6543 -0.6543 0.3792
vn -0.1203 -0.1203 0.9854
vn -0.2882 -0.2882 0.9132
vn -0.4666 -0.4666 0.7513
vn -0.6319 -0.6319 0.4487
vn -0.7023 -0.7024 0.1158
vn -0.7024 -0.7023 -0.1158
vn -0.6319 -0.6319 -0.4487
vn -0.4666 -0.4666 -0.7513
vn -0.2882 -0.2882 -0.9132
vn -0.1203 -0.1203 -0.9854
vn -0.5226 -0.5226 -0.6736
vn 0.6543 -0.6543 0.3793
vn 0.6543 -0.6543 -0.3793
vn 0.1203 -0.1203 0.9854
vn 0.2882 -0.2882 0.9132
vn 0.4666 -0.4666 0.7513
vn 0.6319 -0.6319 0.4487
vn 0.7024 -0.7023 0.1158
vn 0.7023 -0.7024 -0.1158
vn 0.6319 -0.6319 -0.4487
vn 0.4667 -0.4666 -0.7513
vn 0.2882 -0.2882 -0.9132
vn 0.1203 -0.1203 -0.9854
vn 0.7024 -0.7024 0.1158
vn 0.4666 -0.4666 -0.7513
vn -0.6320 -0.6319 0.4486
vn -0.7024 -0.7024 -0.1158
vn -0.6320 -0.6319 -0.4486
vn -0.5226 -0.5226 0.6737
vn -0.4667 -0.4666 0.7513
vn -0.7024 -0.7024 0.1158
vn 0.7024 0.7023 0.1158
vn 0.0790 0.0787 0.9938
vn 0.1986 0.1979 0.9599
vn 0.3621 0.3607 0.8595
vn 0.5240 0.5220 0.6731
vn 0.6557 0.6532 0.3788
vn 0.7046 0.7019 -0.1047
vn 0.6557 0.6532 -0.3788
vn 0.5240 0.5220 -0.6731
vn 0.3621 0.3607 -0.8595
vn 0.1986 0.1979 -0.9599
vn 0.0790 0.0787 -0.9938
vn -0.0784 0.0787 0.9938
vn -0.1974 0.1981 0.9601
vn -0.3599 0.3613 0.8602
vn -0.5212 0.5232 0.6742
vn 0.7046 0.7019 0.1047
vn -0.6529 0.6554 0.3797
vn -0.7018 0.7046 -0.1051
vn -0.6529 0.6554 -0.3797
vn -0.5212 0.5232 -0.6742
vn -0.3599 0.3613 -0.8602
vn -0.1974 0.1981 -0.9601
vn -0.0784 0.0787 -0.9938
vn -0.7018 0.7046 0.1051
vn -0.7024 0.7023 -0.1158
vn -0.3609 0.3610 0.8599
vn -0.6543 -0.6543 -0.3792
vn -0.3609 -0.3610 -0.8599
vn 0.4667 -0.4666 0.7513
vn 0.7023 -0.7024 0.1158
vn 0.7024 -0.7023 -0.1158
vn -0.4667 0.4666 -0.7513
vn -0.7024 -0.7023 0.1158
vn -0.7023 0.7023 0.1158
vn -0.7023 -0.7024 -0.1158
vn 0.1983 0.1979 0.9599
vn 0.3615 0.3609 0.8597
vn 0.5232 0.5223 0.6734
vn 0.6549 0.6538 0.3790
vn 0.7038 0.7026 0.1048
vn 0.7038 0.7026 -0.1048
vn 0.6549 0.6538 -0.3790
vn 0.5232 0.5223 -0.6734
vn 0.3615 0.3609 -0.8597
vn 0.1983 0.1979 -0.9599
vn -0.0786 0.0787 0.9938
vn 0.0788 0.0787 0.9938
vn -0.1977 0.1981 0.9600
vn -0.3605 0.3611 0.8600
vn -0.5220 0.5229 0.6739
vn -0.6537 0.6548 0.3795
vn -0.7026 0.7038 -0.1050
vn -0.6537 0.6548 -0.3795
vn -0.5220 0.5229 -0.6739
vn -0.3605 0.3611 -0.8600
vn -0.1977 0.1981 -0.9600
vn -0.0786 0.0787 -0.9938
vn 0.0788 0.0787 -0.9938
vn -0.7026 0.7038 0.1050
vn -0.7024 0.7024 -0.1158
vn 0.6320 0.6319 -0.4487
vn -0.6320 0.6319 0.4486
vn -0.6320 0.6319 -0.4487
vn -0.4667 0.4666 0.7513
vn 0.7024 0.7024 0.1158
vn -0.6320 0.6319 0.4487
vn 0.7024 0.7024 -0.1158
vn 0.7023 -0.7023 0.1158
vn -0.6320 -0.6319 0.4487
vn 0.6320 -0.6319 0.4487
vn 0.6320 -0.6319 -0.4487
vn -0.7023 -0.7023 -0.1158
vn -0.6320 -0.6319 -0.4487
vn -0.4667 -0.4666 -0.7513
vn 0.3609 -0.3610 -0.8599
vn 0.3609 -0.3610 0.8599
vn -0.7024 0.7023 -0.1157
vn -0.7023 -0.7023 0.1158
vn -0.4666 0.4666 0.7514
vn -0.4666 0.4666 -0.7514
vt 0.898203 0.029634
vt 0.941873 0.043604
vt 0.898327 0.043981
vt 0.941749 0.029258
vt 0.984836 0.029761
vt 0.998979 0.043981
vt 0.984631 0.043771
vt 0.999395 0.015455
vt 0.883109 0.001409
vt 0.883689 0.029930
vt 0.897745 0.015462
vt 0.912547 0.029342
vt 0.912259 0.015166
vt 0.927232 0.029172
vt 0.927315 0.014993
vt 0.956265 0.029343
vt 0.956349 0.015164
vt 0.970527 0.015371
vt 0.970320 0.029549
vt 0.897453 0.001117
vt 0.941833 0.014952
vt 0.942042 0.000605
vt 0.984879 0.015243
vt 0.985084 0.001233
vt 0.696637 0.874478
vt 0.797641 0.888660
vt 0.696682 0.888973
vt 0.797596 0.874165
vt 0.754616 0.873868
vt 0.754633 0.859371
vt 0.783440 0.873901
vt 0.783457 0.859405
vt 0.740028 0.844984
vt 0.740137 0.859480
vt 0.769129 0.859263
vt 0.769020 0.844767
vt 0.725423 0.830597
vt 0.725532 0.845093
vt 0.783348 0.844659
vt 0.783239 0.830163
vt 0.768910 0.830082
vt 0.768990 0.815923
vt 0.797399 0.830243
vt 0.783150 0.816002
vt 0.797641 0.787089
vt 0.725652 0.772363
vt 0.740017 0.801557
vt 0.725705 0.815861
vt 0.769076 0.815853
vt 0.769076 0.801592
vt 0.783231 0.801674
vt 0.739990 0.786859
vt 0.754631 0.801446
vt 0.754670 0.786854
vt 0.783498 0.786846
vt 0.783493 0.772343
vt 0.043998 0.787602
vt 0.000605 0.801898
vt 0.000605 0.787602
vt 0.029533 0.801898
vt 0.029533 0.859588
vt 0.000605 0.873884
vt 0.000605 0.859588
vt 0.029533 0.873884
vt 0.029533 0.888348
vt 0.043998 0.888348
vt 0.101574 0.772344
vt 0.043814 0.773077
vt 0.058509 0.787251
vt 0.044358 0.816525
vt 0.058813 0.816406
vt 0.044515 0.845414
vt 0.073140 0.845313
vt 0.044509 0.859727
vt 0.087534 0.859613
vt 0.044378 0.874040
vt 0.058855 0.874425
vt 0.043613 0.902825
vt 0.058470 0.888902
vt 0.101183 0.904356
vt 0.087063 0.786893
vt 0.058787 0.801740
vt 0.072882 0.801717
vt 0.058899 0.830877
vt 0.073077 0.830796
vt 0.086919 0.889658
vt 0.073107 0.816302
vt 0.102133 0.816075
vt 0.087489 0.845262
vt 0.087246 0.801444
vt 0.101997 0.801271
vt 0.102187 0.845221
vt 0.101949 0.875571
vt 0.087304 0.875181
vt 0.101913 0.786871
vt 0.116434 0.786740
vt 0.102287 0.830658
vt 0.116878 0.830511
vt 0.116687 0.861349
vt 0.102207 0.861091
vt 0.101694 0.889882
vt 0.116174 0.890140
vt 0.774644 0.014669
vt 0.757767 0.003418
vt 0.771831 0.000605
vt 0.763393 0.031547
vt 0.850626 0.028899
vt 0.830903 0.003418
vt 0.844967 0.000605
vt 0.836562 0.031712
vt 0.794368 0.040151
vt 0.788709 0.011856
vt 0.777457 0.028734
vt 0.780303 0.042964
vt 0.752174 0.048590
vt 0.735263 0.037173
vt 0.749328 0.034360
vt 0.738109 0.051403
vt 0.881569 0.037338
vt 0.878756 0.023274
vt 0.724045 0.054216
vt 0.867504 0.040151
vt 0.853429 0.042966
vt 0.825292 0.048592
vt 0.811239 0.051403
vt 0.740921 0.065466
vt 0.729670 0.082343
vt 0.876030 0.082342
vt 0.859111 0.071130
vt 0.828092 0.062664
vt 0.816804 0.079484
vt 0.743734 0.079530
vt 0.844996 0.073986
vt 0.842175 0.059867
vt 0.289918 0.963031
vt 0.332848 0.948664
vt 0.347215 0.963031
vt 0.347215 0.905565
vt 0.332848 0.919932
vt 0.289918 0.905565
vt 0.830917 0.076859
vt 0.833750 0.090776
vt 0.304285 0.948664
vt 0.304285 0.919932
vt 0.819707 0.093833
vt 0.861988 0.085399
vt 0.822574 0.107915
vt 0.864821 0.099316
vt 0.881900 0.110334
vt 0.878870 0.096286
vt 0.850772 0.102346
vt 0.853803 0.116395
vt 0.984498 0.633436
vt 0.970190 0.532612
vt 0.984666 0.532612
vt 0.970190 0.633436
vt 0.969760 0.575533
vt 0.955284 0.575471
vt 0.969883 0.546749
vt 0.955407 0.546687
vt 0.897776 0.590202
vt 0.955347 0.589948
vt 0.940807 0.575535
vt 0.955220 0.560995
vt 0.940743 0.561058
vt 0.912358 0.575660
vt 0.571266 0.905565
vt 0.585632 0.934129
vt 0.571266 0.934129
vt 0.585632 0.905565
vt 0.912294 0.561183
vt 0.897649 0.561248
vt 0.897586 0.575725
vt 0.883109 0.575663
vt 0.897711 0.546939
vt 0.883233 0.546876
vt 0.602417 0.905565
vt 0.616783 0.934129
vt 0.602417 0.934129
vt 0.616783 0.905565
vt 0.859180 0.830485
vt 0.873715 0.772344
vt 0.873715 0.830485
vt 0.859180 0.772344
vt 0.975466 0.161677
vt 0.995705 0.164308
vt 0.984388 0.173127
vt 0.977860 0.141409
vt 0.955093 0.159150
vt 0.964016 0.170600
vt 0.935014 0.157199
vt 0.943722 0.168173
vt 0.966332 0.150232
vt 0.957624 0.139257
vt 0.914755 0.154686
vt 0.923984 0.166109
vt 0.946175 0.148182
vt 0.936946 0.136758
vt 0.883109 0.161914
vt 0.892330 0.173127
vt 0.925838 0.145572
vt 0.916617 0.134359
vt 0.506515 0.859477
vt 0.520847 0.873952
vt 0.506530 0.888451
vt 0.593013 0.888451
vt 0.578738 0.873954
vt 0.593215 0.830619
vt 0.520832 0.859452
vt 0.578844 0.845003
vt 0.492020 0.845038
vt 0.492048 0.859505
vt 0.535510 0.859439
vt 0.535523 0.844882
vt 0.477340 0.830801
vt 0.477562 0.845259
vt 0.506310 0.844819
vt 0.506089 0.830361
vt 0.520967 0.844723
vt 0.520997 0.830344
vt 0.550059 0.844800
vt 0.550105 0.830278
vt 0.564356 0.830333
vt 0.564285 0.844967
vt 0.535548 0.830184
vt 0.535606 0.816036
vt 0.578715 0.830349
vt 0.550156 0.816070
vt 0.578783 0.801757
vt 0.550190 0.801689
vt 0.520997 0.787153
vt 0.521090 0.801873
vt 0.564571 0.801598
vt 0.564479 0.786879
vt 0.491638 0.773126
vt 0.491899 0.787675
vt 0.535546 0.786892
vt 0.535285 0.772344
vt 0.927842 0.296341
vt 0.955070 0.313847
vt 0.942622 0.321237
vt 0.940290 0.288951
vt 0.964897 0.274343
vt 0.991979 0.291935
vt 0.979676 0.299239
vt 0.969810 0.254591
vt 0.883109 0.306063
vt 0.890499 0.318511
vt 0.920232 0.283523
vt 0.883109 0.221773
vt 0.932639 0.276063
vt 0.895516 0.214313
vt 0.540115 0.934636
vt 0.554482 0.948833
vt 0.540115 0.948833
vt 0.554482 0.920270
vt 0.525580 0.905565
vt 0.525580 0.934636
vt 0.539946 0.920270
vt 0.406929 0.935028
vt 0.421407 0.949257
vt 0.407054 0.949381
vt 0.421404 0.948919
vt 0.435588 0.948796
vt 0.435467 0.934780
vt 0.539946 0.905565
vt 0.421112 0.934780
vt 0.421112 0.920088
vt 0.449990 0.934780
vt 0.435636 0.920088
vt 0.449990 0.905565
vt 0.435636 0.905565
vt 0.859180 0.861974
vt 0.873546 0.891045
vt 0.859180 0.891045
vt 0.873546 0.861974
vt 0.984447 0.706603
vt 0.970057 0.663303
vt 0.984502 0.663266
vt 0.970169 0.706640
vt 0.926835 0.721394
vt 0.970228 0.721217
vt 0.955564 0.706881
vt 0.969965 0.692346
vt 0.955633 0.692415
vt 0.969884 0.677786
vt 0.955448 0.677797
vt 0.970102 0.648897
vt 0.955482 0.663255
vt 0.926414 0.648851
vt 0.926800 0.706997
vt 0.926762 0.663233
vt 0.883129 0.736031
vt 0.926856 0.735969
vt 0.912430 0.721584
vt 0.926404 0.634645
vt 0.912377 0.649030
vt 0.883109 0.634676
vt 0.883109 0.721625
vt 0.883119 0.649051
vt 0.813197 0.787438
vt 0.799227 0.831108
vt 0.798850 0.787562
vt 0.813574 0.830984
vt 0.813070 0.874071
vt 0.798850 0.888214
vt 0.799060 0.873866
vt 0.827376 0.888630
vt 0.841422 0.772344
vt 0.812902 0.772924
vt 0.827369 0.786980
vt 0.813489 0.801782
vt 0.827665 0.801494
vt 0.813659 0.816467
vt 0.827838 0.816550
vt 0.813488 0.845500
vt 0.827667 0.845584
vt 0.827460 0.859762
vt 0.813282 0.859555
vt 0.841714 0.786688
vt 0.827879 0.831068
vt 0.842227 0.831277
vt 0.827588 0.874114
vt 0.841598 0.874319
vt 0.898203 0.059536
vt 0.898327 0.045190
vt 0.941873 0.045566
vt 0.941749 0.059913
vt 0.984836 0.059409
vt 0.984632 0.045399
vt 0.998979 0.045190
vt 0.999396 0.073715
vt 0.883109 0.087762
vt 0.883689 0.059241
vt 0.897746 0.073709
vt 0.912548 0.059828
vt 0.912259 0.074005
vt 0.927233 0.059998
vt 0.927316 0.074177
vt 0.956266 0.059827
vt 0.956350 0.074006
vt 0.970528 0.073799
vt 0.970321 0.059621
vt 0.897454 0.088054
vt 0.941834 0.074219
vt 0.942043 0.088566
vt 0.984880 0.073927
vt 0.985085 0.087937
vt 0.695428 0.874480
vt 0.695383 0.888975
vt 0.594424 0.888660
vt 0.594470 0.874165
vt 0.637449 0.873868
vt 0.637432 0.859373
vt 0.608626 0.873902
vt 0.608609 0.859406
vt 0.652038 0.844985
vt 0.651929 0.859482
vt 0.622936 0.859264
vt 0.623045 0.844767
vt 0.666643 0.830598
vt 0.666534 0.845094
vt 0.608717 0.844660
vt 0.608826 0.830163
vt 0.623155 0.830083
vt 0.623075 0.815923
vt 0.594667 0.830243
vt 0.608916 0.816003
vt 0.594424 0.787089
vt 0.666414 0.772364
vt 0.666361 0.815862
vt 0.652049 0.801557
vt 0.622990 0.815854
vt 0.622990 0.801593
vt 0.608835 0.801674
vt 0.652076 0.786860
vt 0.637435 0.801447
vt 0.637396 0.786854
vt 0.608568 0.786846
vt 0.608573 0.772344
vt 0.739265 0.602777
vt 0.739265 0.559367
vt 0.753567 0.559367
vt 0.753567 0.588307
vt 0.811280 0.588307
vt 0.811280 0.559367
vt 0.825582 0.559367
vt 0.825582 0.588307
vt 0.840052 0.588307
vt 0.840052 0.602777
vt 0.724045 0.660293
vt 0.724757 0.602598
vt 0.738917 0.617288
vt 0.768187 0.603137
vt 0.768062 0.617595
vt 0.797091 0.603294
vt 0.796988 0.631938
vt 0.811416 0.603289
vt 0.811294 0.646360
vt 0.825736 0.603158
vt 0.826122 0.617642
vt 0.854535 0.602392
vt 0.840605 0.617256
vt 0.856067 0.659990
vt 0.738577 0.645796
vt 0.753386 0.617567
vt 0.753383 0.631660
vt 0.782546 0.617675
vt 0.782462 0.631856
vt 0.841362 0.645719
vt 0.767977 0.631885
vt 0.767682 0.660922
vt 0.796920 0.646305
vt 0.753130 0.645977
vt 0.752935 0.660740
vt 0.796848 0.661026
vt 0.827268 0.660756
vt 0.826878 0.646104
vt 0.738554 0.660644
vt 0.738397 0.675124
vt 0.782265 0.661101
vt 0.782085 0.675664
vt 0.813039 0.675501
vt 0.812781 0.661014
vt 0.841587 0.660501
vt 0.841845 0.674988
vt 0.774644 0.219329
vt 0.771831 0.233394
vt 0.757767 0.230581
vt 0.763392 0.202452
vt 0.850626 0.205099
vt 0.844967 0.233394
vt 0.830903 0.230581
vt 0.836562 0.202286
vt 0.794368 0.193848
vt 0.788709 0.222142
vt 0.777457 0.205265
vt 0.780303 0.191035
vt 0.752174 0.185409
vt 0.749328 0.199639
vt 0.735263 0.196826
vt 0.738109 0.182596
vt 0.881568 0.196661
vt 0.878755 0.210725
vt 0.724045 0.179783
vt 0.867504 0.193848
vt 0.853428 0.191033
vt 0.825291 0.185406
vt 0.811238 0.182595
vt 0.740921 0.168532
vt 0.729670 0.151656
vt 0.876030 0.151657
vt 0.859111 0.162868
vt 0.828092 0.171335
vt 0.816804 0.154515
vt 0.743733 0.154469
vt 0.844995 0.160013
vt 0.842175 0.174132
vt 0.405720 0.963031
vt 0.348424 0.963031
vt 0.362790 0.948664
vt 0.348424 0.905565
vt 0.362790 0.919932
vt 0.405720 0.905565
vt 0.830916 0.157139
vt 0.833749 0.143223
vt 0.391354 0.948664
vt 0.391354 0.919932
vt 0.819706 0.140166
vt 0.861987 0.148600
vt 0.822573 0.126083
vt 0.864820 0.134683
vt 0.881899 0.123664
vt 0.878869 0.137713
vt 0.850771 0.131653
vt 0.853802 0.117604
vt 0.984498 0.430579
vt 0.984666 0.531403
vt 0.970190 0.531403
vt 0.970191 0.430579
vt 0.969760 0.488482
vt 0.955284 0.488544
vt 0.969883 0.517266
vt 0.955407 0.517328
vt 0.897776 0.473813
vt 0.955348 0.474067
vt 0.940807 0.488480
vt 0.955220 0.503021
vt 0.940743 0.502957
vt 0.912358 0.488355
vt 0.570057 0.905565
vt 0.570057 0.934129
vt 0.555691 0.934129
vt 0.555691 0.905565
vt 0.912294 0.502832
vt 0.897649 0.502767
vt 0.897586 0.488290
vt 0.883109 0.488352
vt 0.897711 0.517076
vt 0.883233 0.517139
vt 0.601208 0.905565
vt 0.601208 0.934129
vt 0.586841 0.934129
vt 0.586841 0.905565
vt 0.843436 0.772344
vt 0.857971 0.772344
vt 0.857971 0.830485
vt 0.843436 0.830485
vt 0.975466 0.185786
vt 0.984388 0.174336
vt 0.995705 0.183155
vt 0.977860 0.206054
vt 0.955094 0.188313
vt 0.964016 0.176863
vt 0.935014 0.190265
vt 0.943722 0.179290
vt 0.966333 0.197231
vt 0.957625 0.208206
vt 0.914756 0.192778
vt 0.923985 0.181354
vt 0.946175 0.199281
vt 0.936946 0.210705
vt 0.883109 0.185549
vt 0.892330 0.174336
vt 0.925838 0.201891
vt 0.916618 0.213104
vt 0.328456 0.871957
vt 0.324109 0.895800
vt 0.312925 0.881465
vt 0.245032 0.893095
vt 0.258906 0.879898
vt 0.245032 0.837012
vt 0.314620 0.866859
vt 0.259499 0.851949
vt 0.346619 0.865640
vt 0.340696 0.877880
vt 0.304030 0.859923
vt 0.305097 0.849726
vt 0.365965 0.857284
vt 0.360470 0.871135
vt 0.332929 0.860209
vt 0.338424 0.846358
vt 0.318887 0.854781
vt 0.321644 0.836392
vt 0.290495 0.849651
vt 0.289994 0.835383
vt 0.274479 0.836064
vt 0.274770 0.852455
vt 0.305706 0.835745
vt 0.305404 0.819725
vt 0.259621 0.836414
vt 0.289802 0.820214
vt 0.258660 0.805755
vt 0.289319 0.804794
vt 0.320172 0.788299
vt 0.320530 0.804086
vt 0.273894 0.805143
vt 0.273536 0.789356
vt 0.351219 0.772344
vt 0.351392 0.787953
vt 0.304563 0.788471
vt 0.304390 0.772861
vt 0.927842 0.347342
vt 0.942622 0.322446
vt 0.955070 0.329836
vt 0.940290 0.354732
vt 0.964896 0.369340
vt 0.979676 0.344444
vt 0.991979 0.351748
vt 0.969809 0.389091
vt 0.883109 0.337620
vt 0.890499 0.325172
vt 0.920232 0.360161
vt 0.883109 0.421911
vt 0.932640 0.367620
vt 0.895517 0.429370
vt 0.509835 0.934636
vt 0.509835 0.948833
vt 0.495469 0.948833
vt 0.495469 0.920270
vt 0.524371 0.905565
vt 0.524371 0.934636
vt 0.510004 0.920270
vt 0.494260 0.935028
vt 0.494135 0.949381
vt 0.479782 0.949257
vt 0.479785 0.948919
vt 0.465601 0.948796
vt 0.465722 0.934780
vt 0.510004 0.905565
vt 0.480076 0.934780
vt 0.480076 0.920088
vt 0.451199 0.934780
vt 0.465553 0.920088
vt 0.451199 0.905565
vt 0.465553 0.905565
vt 0.873546 0.831694
vt 0.873546 0.860765
vt 0.859180 0.860765
vt 0.859180 0.831694
vt 0.984456 0.766664
vt 0.984495 0.810009
vt 0.970047 0.809966
vt 0.970176 0.766621
vt 0.926828 0.751871
vt 0.970233 0.752040
vt 0.955561 0.766381
vt 0.969966 0.780912
vt 0.955630 0.780860
vt 0.969880 0.795485
vt 0.955446 0.795469
vt 0.970087 0.824368
vt 0.955477 0.810009
vt 0.926410 0.824409
vt 0.926795 0.766266
vt 0.926757 0.810029
vt 0.883128 0.737240
vt 0.926848 0.737298
vt 0.912425 0.751682
vt 0.926401 0.838614
vt 0.912374 0.824230
vt 0.883109 0.838584
vt 0.883109 0.751644
vt 0.883119 0.824210
vt 0.898203 0.104121
vt 0.898327 0.089775
vt 0.941874 0.090151
vt 0.941750 0.104498
vt 0.984836 0.103994
vt 0.984632 0.089984
vt 0.998978 0.089775
vt 0.999395 0.118300
vt 0.883109 0.132348
vt 0.883689 0.103826
vt 0.897746 0.118294
vt 0.912548 0.104413
vt 0.912260 0.118590
vt 0.927233 0.104583
vt 0.927317 0.118762
vt 0.956266 0.104412
vt 0.956350 0.118591
vt 0.970528 0.118384
vt 0.970321 0.104206
vt 0.897454 0.132640
vt 0.941834 0.118803
vt 0.942044 0.133150
vt 0.984880 0.118512
vt 0.985085 0.132521
vt 0.670824 0.318128
vt 0.671270 0.313842
vt 0.672227 0.314260
vt 0.673203 0.314739
vt 0.671237 0.317980
vt 0.674227 0.315278
vt 0.671439 0.317893
vt 0.675323 0.315877
vt 0.676542 0.316528
vt 0.678259 0.318089
vt 0.673721 0.314344
vt 0.678522 0.318195
vt 0.674562 0.314883
vt 0.678827 0.318282
vt 0.675279 0.315464
vt 0.675909 0.316145
vt 0.679510 0.318383
vt 0.676397 0.316931
vt 0.676801 0.317884
vt 0.661009 0.323504
vt 0.670617 0.318194
vt 0.661396 0.323933
vt 0.671037 0.318060
vt 0.661806 0.324359
vt 0.662238 0.324796
vt 0.671640 0.317796
vt 0.673618 0.339572
vt 0.674383 0.339816
vt 0.676095 0.340247
vt 0.679141 0.318340
vt 0.677097 0.340431
vt 0.678221 0.340588
vt 0.679921 0.318361
vt 0.653058 0.318194
vt 0.660649 0.323060
vt 0.653238 0.319112
vt 0.653473 0.320002
vt 0.653757 0.320843
vt 0.654082 0.321623
vt 0.662678 0.325262
vt 0.668776 0.354436
vt 0.675193 0.340038
vt 0.669807 0.356182
vt 0.670975 0.358125
vt 0.672278 0.360251
vt 0.673696 0.362523
vt 0.644408 0.323912
vt 0.652937 0.317271
vt 0.644832 0.324610
vt 0.645213 0.325269
vt 0.645556 0.325873
vt 0.645854 0.326475
vt 0.653240 0.350905
vt 0.653054 0.352082
vt 0.652858 0.353302
vt 0.652624 0.354598
vt 0.652354 0.356035
vt 0.652018 0.357568
vt 0.675197 0.364894
vt 0.609250 0.309222
vt 0.607454 0.310234
vt 0.605900 0.311287
vt 0.605138 0.311861
vt 0.646142 0.327070
vt 0.592701 0.345362
vt 0.592954 0.348291
vt 0.593146 0.349823
vt 0.593741 0.353146
vt 0.606721 0.294313
vt 0.608311 0.309737
vt 0.605492 0.295243
vt 0.604283 0.296167
vt 0.606650 0.310757
vt 0.603125 0.297064
vt 0.602041 0.297920
vt 0.570827 0.351363
vt 0.592814 0.346818
vt 0.569898 0.353912
vt 0.568947 0.356670
vt 0.593414 0.351410
vt 0.567990 0.359592
vt 0.567046 0.362599
vt 0.591494 0.288559
vt 0.607932 0.293400
vt 0.590281 0.289284
vt 0.589160 0.289954
vt 0.588119 0.290580
vt 0.587123 0.291183
vt 0.554641 0.329146
vt 0.553605 0.330956
vt 0.552602 0.332719
vt 0.551530 0.334633
vt 0.550351 0.336774
vt 0.549053 0.339185
vt 0.566144 0.365590
vt 0.590795 0.273042
vt 0.589343 0.273577
vt 0.587854 0.274165
vt 0.586388 0.274799
vt 0.584973 0.275468
vt 0.586067 0.291838
vt 0.523816 0.324643
vt 0.522113 0.327252
vt 0.520288 0.330053
vt 0.518432 0.332954
vt 0.516614 0.335847
vt 0.578369 0.263471
vt 0.592162 0.272553
vt 0.578097 0.264856
vt 0.577779 0.266262
vt 0.577422 0.267633
vt 0.577046 0.268922
vt 0.515481 0.308715
vt 0.512274 0.308601
vt 0.508922 0.308407
vt 0.505492 0.308127
vt 0.502108 0.307790
vt 0.498869 0.307455
vt 0.514871 0.338628
vt 0.563769 0.264814
vt 0.578596 0.262151
vt 0.563298 0.265664
vt 0.562847 0.266423
vt 0.562420 0.267105
vt 0.562009 0.267737
vt 0.529447 0.281973
vt 0.527736 0.281698
vt 0.526025 0.281388
vt 0.524132 0.281001
vt 0.521978 0.280510
vt 0.519522 0.279892
vt 0.559262 0.255949
vt 0.558450 0.256758
vt 0.557570 0.257545
vt 0.556637 0.258303
vt 0.555665 0.259032
vt 0.561578 0.268413
vt 0.526778 0.261059
vt 0.524829 0.259471
vt 0.522693 0.257700
vt 0.520403 0.255767
vt 0.518020 0.253716
vt 0.551958 0.251653
vt 0.559996 0.255127
vt 0.551311 0.251141
vt 0.550684 0.250563
vt 0.550065 0.249914
vt 0.549437 0.249189
vt 0.549021 0.254345
vt 0.548093 0.253778
vt 0.547293 0.253184
vt 0.546598 0.252517
vt 0.546007 0.251748
vt 0.545533 0.250853
vt 0.515632 0.251614
vt 0.552434 0.247695
vt 0.552187 0.247797
vt 0.551939 0.247906
vt 0.551683 0.248022
vt 0.551420 0.248155
vt 0.548785 0.248393
vt 0.543291 0.247286
vt 0.542983 0.247213
vt 0.542624 0.247150
vt 0.542226 0.247095
vt 0.541772 0.247056
vt 0.541242 0.247042
vt 0.562643 0.243267
vt 0.552687 0.247600
vt 0.562509 0.242895
vt 0.562346 0.242536
vt 0.562155 0.242175
vt 0.561944 0.241785
vt 0.551222 0.226230
vt 0.549635 0.225616
vt 0.548753 0.225330
vt 0.547778 0.225055
vt 0.546687 0.224793
vt 0.569784 0.248572
vt 0.562745 0.243659
vt 0.569785 0.247671
vt 0.569749 0.246800
vt 0.569677 0.245979
vt 0.569576 0.245217
vt 0.556446 0.212270
vt 0.550448 0.225916
vt 0.555569 0.210547
vt 0.554573 0.208631
vt 0.553462 0.206531
vt 0.552252 0.204281
vt 0.577806 0.243358
vt 0.569744 0.249480
vt 0.577604 0.242603
vt 0.577421 0.241903
vt 0.577270 0.241218
vt 0.577146 0.240538
vt 0.570846 0.216576
vt 0.571057 0.215420
vt 0.571282 0.214229
vt 0.571546 0.212994
vt 0.571861 0.211659
vt 0.572217 0.210169
vt 0.550968 0.201934
vt 0.611474 0.257234
vt 0.613239 0.256213
vt 0.614045 0.255689
vt 0.577030 0.239831
vt 0.627590 0.222119
vt 0.627465 0.220759
vt 0.627119 0.217914
vt 0.626859 0.216369
vt 0.613245 0.273377
vt 0.610488 0.257736
vt 0.614521 0.272351
vt 0.612392 0.256719
vt 0.615776 0.271328
vt 0.616977 0.270330
vt 0.618100 0.269375
vt 0.614852 0.255156
vt 0.648637 0.215825
vt 0.627317 0.219377
vt 0.649475 0.213333
vt 0.650321 0.210636
vt 0.651163 0.207783
vt 0.626512 0.214753
vt 0.651984 0.204849
vt 0.629060 0.279211
vt 0.611988 0.274381
vt 0.630301 0.278386
vt 0.631447 0.277623
vt 0.632514 0.276912
vt 0.633536 0.276227
vt 0.665207 0.237126
vt 0.666174 0.235290
vt 0.667104 0.233502
vt 0.668093 0.231565
vt 0.669171 0.229399
vt 0.670349 0.226962
vt 0.652759 0.201934
vt 0.630574 0.295979
vt 0.631985 0.295220
vt 0.633418 0.294424
vt 0.634818 0.293607
vt 0.636159 0.292782
vt 0.634623 0.275490
vt 0.696330 0.240271
vt 0.697911 0.237578
vt 0.699599 0.234694
vt 0.701313 0.231707
vt 0.702991 0.228727
vt 0.644588 0.303982
vt 0.629234 0.296700
vt 0.644586 0.302665
vt 0.644629 0.301317
vt 0.644718 0.299992
vt 0.644834 0.298737
vt 0.706135 0.256968
vt 0.709354 0.256940
vt 0.712719 0.256984
vt 0.716167 0.257104
vt 0.719574 0.257279
vt 0.722836 0.257456
vt 0.704601 0.225860
vt 0.657860 0.301954
vt 0.644627 0.305225
vt 0.658101 0.301129
vt 0.658357 0.300380
vt 0.658622 0.299694
vt 0.658904 0.299043
vt 0.693067 0.284219
vt 0.694858 0.284469
vt 0.696648 0.284745
vt 0.698627 0.285081
vt 0.700878 0.285503
vt 0.703447 0.286030
vt 0.662307 0.310529
vt 0.662573 0.309865
vt 0.662881 0.309210
vt 0.663208 0.308574
vt 0.663533 0.307964
vt 0.659245 0.298342
vt 0.696904 0.306541
vt 0.699020 0.308133
vt 0.701345 0.309914
vt 0.703847 0.311863
vt 0.706459 0.313937
vt 0.662100 0.311194
vt 0.709094 0.316070
vt 0.553643 0.127006
vt 0.560203 0.130718
vt 0.560355 0.131531
vt 0.552951 0.127227
vt 0.560486 0.132332
vt 0.552246 0.127456
vt 0.560600 0.133133
vt 0.551509 0.127698
vt 0.560696 0.133952
vt 0.560782 0.134830
vt 0.537451 0.135004
vt 0.543354 0.151416
vt 0.536523 0.135335
vt 0.542313 0.151694
vt 0.535563 0.135679
vt 0.541271 0.151946
vt 0.540136 0.152210
vt 0.533570 0.136404
vt 0.538933 0.152418
vt 0.532444 0.136788
vt 0.537583 0.152613
vt 0.561251 0.100719
vt 0.554334 0.126789
vt 0.560684 0.100106
vt 0.560118 0.099534
vt 0.559543 0.098986
vt 0.550748 0.127940
vt 0.521142 0.091701
vt 0.520175 0.092201
vt 0.519175 0.092737
vt 0.518147 0.093324
vt 0.534616 0.136041
vt 0.517072 0.093975
vt 0.515939 0.094704
vt 0.574072 0.097756
vt 0.561827 0.101381
vt 0.573096 0.096862
vt 0.572119 0.095981
vt 0.571152 0.095133
vt 0.570200 0.094333
vt 0.558960 0.098432
vt 0.510951 0.077531
vt 0.508752 0.077301
vt 0.506403 0.077136
vt 0.503937 0.077020
vt 0.501405 0.076931
vt 0.578661 0.061020
vt 0.575036 0.098644
vt 0.577869 0.060284
vt 0.577118 0.059595
vt 0.576400 0.058949
vt 0.575704 0.058330
vt 0.555971 0.037569
vt 0.554830 0.036762
vt 0.553691 0.035970
vt 0.552446 0.035129
vt 0.551060 0.034219
vt 0.549512 0.033233
vt 0.498869 0.076853
vt 0.589333 0.058561
vt 0.588605 0.057696
vt 0.587874 0.056819
vt 0.587158 0.055952
vt 0.586473 0.055110
vt 0.574971 0.057679
vt 0.562752 0.019256
vt 0.561705 0.017362
vt 0.560576 0.015255
vt 0.559382 0.012957
vt 0.558147 0.010517
vt 0.593461 0.048674
vt 0.590036 0.059389
vt 0.592911 0.047962
vt 0.592403 0.047267
vt 0.591930 0.046580
vt 0.591481 0.045885
vt 0.578916 0.023613
vt 0.579000 0.022439
vt 0.579104 0.021267
vt 0.579249 0.020043
vt 0.579443 0.018740
vt 0.579692 0.017341
vt 0.556903 0.008003
vt 0.621235 0.047988
vt 0.621751 0.047234
vt 0.622228 0.046498
vt 0.622671 0.045772
vt 0.591017 0.045156
vt 0.623091 0.045041
vt 0.630196 0.019720
vt 0.629951 0.018570
vt 0.629682 0.017376
vt 0.629370 0.016135
vt 0.629004 0.014824
vt 0.628576 0.013425
vt 0.626151 0.058009
vt 0.626829 0.057047
vt 0.627504 0.056075
vt 0.628159 0.055119
vt 0.628783 0.054193
vt 0.623518 0.044312
vt 0.647072 0.013075
vt 0.647894 0.010963
vt 0.648784 0.008621
vt 0.649729 0.006074
vt 0.650706 0.003377
vt 0.637355 0.059471
vt 0.625489 0.058938
vt 0.638046 0.058642
vt 0.638705 0.057868
vt 0.639337 0.057144
vt 0.639951 0.056451
vt 0.655645 0.030499
vt 0.656743 0.029547
vt 0.657844 0.028605
vt 0.659054 0.027594
vt 0.660410 0.026489
vt 0.661932 0.025279
vt 0.651687 0.000605
vt 0.646848 0.094111
vt 0.647646 0.093234
vt 0.648454 0.092356
vt 0.649265 0.091499
vt 0.650074 0.090680
vt 0.640597 0.055724
vt 0.708720 0.069300
vt 0.711020 0.068834
vt 0.713505 0.068435
vt 0.716140 0.068090
vt 0.718871 0.067779
vt 0.657648 0.096895
vt 0.646072 0.094969
vt 0.658232 0.096222
vt 0.658806 0.095598
vt 0.659378 0.095012
vt 0.659960 0.094452
vt 0.699309 0.083435
vt 0.700372 0.083935
vt 0.701430 0.084457
vt 0.702523 0.085039
vt 0.703671 0.085696
vt 0.704890 0.086440
vt 0.721631 0.067485
vt 0.666838 0.123389
vt 0.667557 0.123622
vt 0.668293 0.123857
vt 0.669063 0.124102
vt 0.669862 0.124348
vt 0.660538 0.093895
vt 0.684277 0.131268
vt 0.685347 0.131602
vt 0.686433 0.131963
vt 0.687567 0.132358
vt 0.688776 0.132793
vt 0.659894 0.127967
vt 0.666121 0.123157
vt 0.659761 0.128756
vt 0.659648 0.129543
vt 0.659557 0.130349
vt 0.659472 0.131218
vt 0.677946 0.149662
vt 0.683231 0.130958
vt 0.679063 0.149930
vt 0.680240 0.150194
vt 0.681495 0.150455
vt 0.682878 0.150719
vt 0.684437 0.150995
vt 0.647131 0.111872
vt 0.660047 0.127164
vt 0.646707 0.112859
vt 0.646294 0.113853
vt 0.645896 0.114849
vt 0.645514 0.115846
vt 0.670989 0.191058
vt 0.672589 0.192898
vt 0.674249 0.194787
vt 0.675962 0.196747
vt 0.677700 0.198734
vt 0.574253 0.115119
vt 0.647558 0.110899
vt 0.574708 0.116099
vt 0.575158 0.117090
vt 0.575598 0.118082
vt 0.549656 0.191212
vt 0.548098 0.193073
vt 0.544796 0.196853
vt 0.543087 0.198784
vt 0.541369 0.200725
vt 0.679434 0.200725
vt 0.573798 0.114158
vt 0.576025 0.119085
vt 0.546471 0.194950
vt 0.429465 0.831795
vt 0.429341 0.829595
vt 0.429411 0.829553
vt 0.429535 0.831846
vt 0.429479 0.829519
vt 0.429609 0.831900
vt 0.429551 0.829482
vt 0.429687 0.831955
vt 0.429626 0.829442
vt 0.429704 0.829400
vt 0.464988 0.867035
vt 0.465078 0.794159
vt 0.467095 0.868802
vt 0.467139 0.792341
vt 0.469243 0.870654
vt 0.469288 0.790502
vt 0.471482 0.872576
vt 0.471531 0.788604
vt 0.473801 0.786687
vt 0.476131 0.876517
vt 0.476131 0.784754
vt 0.427474 0.832812
vt 0.429361 0.831737
vt 0.427508 0.832930
vt 0.427545 0.833058
vt 0.427583 0.833196
vt 0.427624 0.833339
vt 0.429769 0.832013
vt 0.420248 0.875674
vt 0.418837 0.878268
vt 0.417318 0.880953
vt 0.415724 0.883749
vt 0.414104 0.886588
vt 0.473809 0.874544
vt 0.412520 0.889404
vt 0.425917 0.832971
vt 0.427422 0.832659
vt 0.425757 0.833121
vt 0.425600 0.833273
vt 0.425442 0.833429
vt 0.425276 0.833594
vt 0.408818 0.850442
vt 0.407385 0.851902
vt 0.405984 0.853338
vt 0.404468 0.854905
vt 0.402780 0.856670
vt 0.400890 0.858670
vt 0.426159 0.831093
vt 0.425984 0.831065
vt 0.425798 0.831024
vt 0.425592 0.830986
vt 0.425368 0.830953
vt 0.425083 0.833788
vt 0.380487 0.837991
vt 0.378128 0.839799
vt 0.375496 0.841727
vt 0.372724 0.843744
vt 0.369922 0.845782
vt 0.426399 0.829371
vt 0.426300 0.831124
vt 0.426059 0.829327
vt 0.425861 0.829291
vt 0.425656 0.829247
vt 0.380594 0.822290
vt 0.378162 0.820429
vt 0.372876 0.816378
vt 0.370183 0.814268
vt 0.367565 0.812210
vt 0.367174 0.847765
vt 0.426782 0.827763
vt 0.426560 0.829393
vt 0.426243 0.829358
vt 0.426697 0.827595
vt 0.426615 0.827426
vt 0.426535 0.827254
vt 0.426452 0.827074
vt 0.408843 0.811091
vt 0.407452 0.809590
vt 0.406096 0.808116
vt 0.375574 0.818451
vt 0.404630 0.806509
vt 0.402998 0.804705
vt 0.401175 0.802667
vt 0.427910 0.828333
vt 0.427967 0.828254
vt 0.428029 0.828166
vt 0.428094 0.828071
vt 0.428164 0.827970
vt 0.426358 0.826864
vt 0.420890 0.785918
vt 0.419490 0.783431
vt 0.417993 0.780769
vt 0.416431 0.777986
vt 0.414853 0.775156
vt 0.427861 0.828405
vt 0.413313 0.772344
vt 0.431321 0.654117
vt 0.429226 0.652654
vt 0.429215 0.652396
vt 0.429210 0.652150
vt 0.431790 0.654011
vt 0.429213 0.651905
vt 0.429223 0.651660
vt 0.432293 0.653890
vt 0.429231 0.651405
vt 0.454589 0.642635
vt 0.438940 0.614313
vt 0.440456 0.613089
vt 0.458159 0.641809
vt 0.442099 0.611864
vt 0.444009 0.610466
vt 0.462276 0.640825
vt 0.446185 0.609120
vt 0.464638 0.640390
vt 0.448817 0.607644
vt 0.429067 0.659259
vt 0.431089 0.654167
vt 0.429186 0.659502
vt 0.431555 0.654064
vt 0.429309 0.659737
vt 0.429439 0.659969
vt 0.432039 0.653955
vt 0.429579 0.660217
vt 0.451367 0.693699
vt 0.456330 0.642230
vt 0.453195 0.694312
vt 0.460080 0.641322
vt 0.455117 0.694869
vt 0.459726 0.696062
vt 0.425863 0.658463
vt 0.428951 0.659006
vt 0.425935 0.658772
vt 0.426009 0.659087
vt 0.426083 0.659400
vt 0.426155 0.659707
vt 0.435574 0.719083
vt 0.449682 0.693086
vt 0.436198 0.723677
vt 0.436947 0.729175
vt 0.457243 0.695409
vt 0.437844 0.735681
vt 0.438904 0.743208
vt 0.423413 0.660245
vt 0.425793 0.658169
vt 0.423416 0.660522
vt 0.423412 0.660790
vt 0.423401 0.661050
vt 0.423382 0.661316
vt 0.414810 0.697885
vt 0.413329 0.699049
vt 0.411755 0.700202
vt 0.409974 0.701395
vt 0.407815 0.702871
vt 0.405296 0.704254
vt 0.440135 0.751729
vt 0.421216 0.658592
vt 0.420967 0.658634
vt 0.420444 0.658728
vt 0.423359 0.661600
vt 0.399927 0.670605
vt 0.398269 0.671030
vt 0.396484 0.671485
vt 0.394590 0.671942
vt 0.390315 0.672985
vt 0.423844 0.653655
vt 0.421465 0.658550
vt 0.423740 0.653419
vt 0.423632 0.653190
vt 0.420711 0.658680
vt 0.423517 0.652965
vt 0.423394 0.652725
vt 0.420175 0.658778
vt 0.401067 0.619560
vt 0.397324 0.618448
vt 0.395231 0.617905
vt 0.392913 0.617366
vt 0.392636 0.672481
vt 0.390315 0.616826
vt 0.426875 0.654463
vt 0.423947 0.653902
vt 0.426805 0.654168
vt 0.426735 0.653869
vt 0.426666 0.653572
vt 0.426599 0.653281
vt 0.415586 0.591200
vt 0.399253 0.618995
vt 0.414796 0.586256
vt 0.413839 0.580331
vt 0.412693 0.573338
vt 0.411345 0.565227
vt 0.426942 0.654744
vt 0.409783 0.556022
vt 0.281691 0.690470
vt 0.246900 0.679733
vt 0.282558 0.689825
vt 0.280817 0.691126
vt 0.246205 0.680302
vt 0.279940 0.691791
vt 0.245512 0.680854
vt 0.279060 0.692464
vt 0.244818 0.681393
vt 0.278180 0.693141
vt 0.244097 0.681929
vt 0.219476 0.685059
vt 0.202510 0.734334
vt 0.218398 0.684792
vt 0.200645 0.735168
vt 0.217309 0.684510
vt 0.198762 0.736004
vt 0.216132 0.684207
vt 0.196882 0.736838
vt 0.214926 0.683841
vt 0.195019 0.737667
vt 0.213609 0.683420
vt 0.193192 0.738484
vt 0.246589 0.671213
vt 0.245931 0.670635
vt 0.245258 0.670066
vt 0.243810 0.668918
vt 0.243351 0.682496
vt 0.222866 0.665331
vt 0.220543 0.665032
vt 0.217981 0.664774
vt 0.216477 0.664620
vt 0.280545 0.666153
vt 0.247248 0.671816
vt 0.279698 0.665287
vt 0.278843 0.664426
vt 0.277983 0.663575
vt 0.244560 0.669503
vt 0.277126 0.662736
vt 0.227259 0.609462
vt 0.221718 0.665178
vt 0.225762 0.607630
vt 0.219338 0.664923
vt 0.224225 0.605745
vt 0.222660 0.603834
vt 0.221084 0.601922
vt 0.285524 0.640851
vt 0.281377 0.667016
vt 0.284787 0.640119
vt 0.284081 0.639409
vt 0.283388 0.638682
vt 0.282708 0.637940
vt 0.267958 0.612216
vt 0.267764 0.610839
vt 0.267577 0.609448
vt 0.267382 0.607961
vt 0.267241 0.606409
vt 0.267108 0.604709
vt 0.219521 0.600040
vt 0.295643 0.638632
vt 0.296712 0.636785
vt 0.297746 0.634810
vt 0.281997 0.637178
vt 0.292476 0.604144
vt 0.290978 0.601453
vt 0.289261 0.598622
vt 0.288246 0.596991
vt 0.305442 0.664041
vt 0.295057 0.639557
vt 0.306320 0.663060
vt 0.296193 0.637705
vt 0.307202 0.662099
vt 0.308075 0.661137
vt 0.297223 0.635831
vt 0.308939 0.660159
vt 0.332349 0.571048
vt 0.291738 0.602798
vt 0.332192 0.568198
vt 0.290161 0.600116
vt 0.332032 0.565238
vt 0.331862 0.562178
vt 0.331676 0.559090
vt 0.332623 0.668233
vt 0.304573 0.664974
vt 0.333200 0.666410
vt 0.333542 0.665475
vt 0.333917 0.664551
vt 0.373492 0.597886
vt 0.376497 0.597018
vt 0.382737 0.595277
vt 0.385928 0.594397
vt 0.389106 0.593525
vt 0.331482 0.556022
vt 0.348242 0.658512
vt 0.332364 0.669119
vt 0.332890 0.667340
vt 0.348785 0.658073
vt 0.349334 0.657663
vt 0.349894 0.657269
vt 0.350472 0.656876
vt 0.354279 0.652784
vt 0.355399 0.652603
vt 0.356507 0.652510
vt 0.379582 0.596157
vt 0.357610 0.652532
vt 0.358760 0.652680
vt 0.359975 0.652975
vt 0.351368 0.662104
vt 0.351323 0.661902
vt 0.351276 0.661710
vt 0.351234 0.661522
vt 0.351078 0.656457
vt 0.359536 0.655416
vt 0.359995 0.655369
vt 0.360960 0.655178
vt 0.361481 0.655033
vt 0.362032 0.654839
vt 0.342076 0.682310
vt 0.351404 0.662321
vt 0.342288 0.682711
vt 0.342506 0.683093
vt 0.342735 0.683464
vt 0.351190 0.661343
vt 0.368957 0.691256
vt 0.369923 0.691036
vt 0.360466 0.655285
vt 0.371917 0.690541
vt 0.372980 0.690257
vt 0.374096 0.689945
vt 0.305534 0.688597
vt 0.341864 0.681883
vt 0.306037 0.689676
vt 0.306545 0.690762
vt 0.307056 0.691856
vt 0.307570 0.692951
vt 0.342971 0.683844
vt 0.379969 0.744809
vt 0.370896 0.690799
vt 0.381789 0.745890
vt 0.383630 0.746978
vt 0.385473 0.748069
vt 0.387303 0.749157
vt 0.294754 0.745864
vt 0.305039 0.687530
vt 0.295408 0.746499
vt 0.296057 0.747141
vt 0.296702 0.747792
vt 0.297362 0.748477
vt 0.298058 0.749222
vt 0.297059 0.765676
vt 0.297168 0.766736
vt 0.297237 0.767827
vt 0.297350 0.769084
vt 0.297375 0.770411
vt 0.389106 0.750233
vt 0.286689 0.746253
vt 0.286099 0.746896
vt 0.284928 0.748247
vt 0.279797 0.763919
vt 0.296943 0.764663
vt 0.279570 0.764900
vt 0.279137 0.767032
vt 0.278691 0.769597
vt 0.287295 0.745615
vt 0.285511 0.747559
vt 0.284317 0.748959
vt 0.279367 0.765910
vt 0.278960 0.768213
vt 0.729102 0.484758
vt 0.780278 0.479088
vt 0.724045 0.489996
vt 0.733958 0.479826
vt 0.779732 0.476183
vt 0.738444 0.475366
vt 0.779338 0.473696
vt 0.742462 0.471464
vt 0.779058 0.471506
vt 0.745990 0.468126
vt 0.778860 0.469507
vt 0.796645 0.437396
vt 0.796603 0.431450
vt 0.796834 0.437217
vt 0.796881 0.431315
vt 0.796999 0.437067
vt 0.797194 0.431176
vt 0.797158 0.436939
vt 0.797535 0.431036
vt 0.797329 0.436827
vt 0.797895 0.430903
vt 0.797518 0.436723
vt 0.798258 0.430782
vt 0.812353 0.468936
vt 0.811773 0.467092
vt 0.811282 0.465327
vt 0.810803 0.463673
vt 0.778724 0.467618
vt 0.803150 0.440872
vt 0.802855 0.440399
vt 0.802279 0.439440
vt 0.802008 0.438981
vt 0.801743 0.438523
vt 0.840103 0.456740
vt 0.812937 0.471203
vt 0.838527 0.452387
vt 0.837427 0.450894
vt 0.836204 0.449994
vt 0.810360 0.462139
vt 0.807801 0.437822
vt 0.806213 0.436158
vt 0.802563 0.439914
vt 0.805043 0.435214
vt 0.804443 0.434887
vt 0.840621 0.457044
vt 0.840508 0.459592
vt 0.839941 0.454524
vt 0.839402 0.454345
vt 0.839075 0.452375
vt 0.837964 0.450570
vt 0.836707 0.449125
vt 0.807343 0.436517
vt 0.806827 0.436822
vt 0.806805 0.436392
vt 0.805639 0.435638
vt 0.806206 0.435912
vt 0.805599 0.435445
vt 0.804977 0.435028
vt 0.849177 0.432915
vt 0.841188 0.460129
vt 0.846881 0.432069
vt 0.844911 0.431398
vt 0.843215 0.430856
vt 0.841725 0.430400
vt 0.808327 0.429976
vt 0.808040 0.429913
vt 0.807791 0.429845
vt 0.807524 0.429771
vt 0.807226 0.429684
vt 0.806893 0.429583
vt 0.804330 0.434587
vt 0.861633 0.400663
vt 0.857578 0.402801
vt 0.853881 0.404738
vt 0.850598 0.406457
vt 0.847736 0.407961
vt 0.840275 0.429979
vt 0.803574 0.424050
vt 0.803320 0.424143
vt 0.803012 0.424258
vt 0.802656 0.424393
vt 0.802265 0.424547
vt 0.826064 0.392853
vt 0.865945 0.398362
vt 0.825853 0.394590
vt 0.825606 0.396149
vt 0.825328 0.397564
vt 0.825020 0.398874
vt 0.803289 0.415755
vt 0.803386 0.415880
vt 0.803509 0.415963
vt 0.803640 0.415998
vt 0.803754 0.415991
vt 0.803845 0.415947
vt 0.801854 0.424720
vt 0.789461 0.392375
vt 0.789380 0.393230
vt 0.789283 0.393983
vt 0.789136 0.394729
vt 0.788953 0.395429
vt 0.824688 0.400091
vt 0.791349 0.404737
vt 0.792462 0.405921
vt 0.792989 0.406509
vt 0.793501 0.407102
vt 0.783148 0.393769
vt 0.789492 0.391437
vt 0.782928 0.395682
vt 0.783291 0.399174
vt 0.783751 0.400836
vt 0.787468 0.403809
vt 0.790758 0.404145
vt 0.788635 0.406726
vt 0.791916 0.405331
vt 0.789106 0.407988
vt 0.789548 0.409152
vt 0.789980 0.410238
vt 0.729053 0.377588
vt 0.783708 0.391642
vt 0.733805 0.383324
vt 0.738142 0.388470
vt 0.783015 0.397509
vt 0.741978 0.392967
vt 0.745291 0.396812
vt 0.794393 0.420117
vt 0.788108 0.405345
vt 0.794729 0.419823
vt 0.795131 0.419546
vt 0.795583 0.419273
vt 0.796072 0.418988
vt 0.733147 0.431065
vt 0.724045 0.371426
vt 0.737513 0.431057
vt 0.741142 0.431052
vt 0.744174 0.431056
vt 0.746781 0.431071
vt 0.792219 0.426243
vt 0.792461 0.426192
vt 0.792650 0.426137
vt 0.792838 0.426072
vt 0.793039 0.425996
vt 0.793261 0.425908
vt 0.796584 0.418676
vt 0.749260 0.431095
vt 0.034483 0.948163
vt 0.033204 0.948387
vt 0.033306 0.948636
vt 0.034570 0.948205
vt 0.033396 0.948888
vt 0.034662 0.948239
vt 0.033473 0.949143
vt 0.034758 0.948263
vt 0.033538 0.949401
vt 0.034856 0.948277
vt 0.033594 0.949661
vt 0.052880 0.920522
vt 0.016845 0.920946
vt 0.054990 0.918414
vt 0.014986 0.918727
vt 0.057372 0.915950
vt 0.012975 0.916292
vt 0.060084 0.913112
vt 0.010663 0.913395
vt 0.063289 0.909730
vt 0.008039 0.909907
vt 0.067184 0.905565
vt 0.004983 0.905565
vt 0.035606 0.950169
vt 0.034401 0.948118
vt 0.035718 0.950156
vt 0.035834 0.950143
vt 0.036089 0.950114
vt 0.053650 0.980210
vt 0.058452 0.986051
vt 0.061204 0.989550
vt 0.064297 0.993689
vt 0.067866 0.998760
vt 0.034514 0.951006
vt 0.035498 0.950181
vt 0.034550 0.951182
vt 0.034586 0.951363
vt 0.034622 0.951553
vt 0.035959 0.950130
vt 0.034657 0.951755
vt 0.016063 0.980061
vt 0.013792 0.982153
vt 0.055935 0.982974
vt 0.011167 0.984642
vt 0.008269 0.987445
vt 0.004823 0.990769
vt 0.000605 0.994841
vt 0.034478 0.950833
vt 0.147864 0.353657
vt 0.139876 0.361334
vt 0.139447 0.361049
vt 0.147483 0.353472
vt 0.139050 0.360775
vt 0.147088 0.353272
vt 0.138674 0.360520
vt 0.146676 0.353050
vt 0.138306 0.360289
vt 0.146245 0.352812
vt 0.137935 0.360101
vt 0.143480 0.343179
vt 0.128738 0.344292
vt 0.143333 0.342527
vt 0.129114 0.342904
vt 0.143177 0.341875
vt 0.129576 0.341602
vt 0.142991 0.341217
vt 0.130171 0.340329
vt 0.142807 0.340565
vt 0.130926 0.339060
vt 0.142591 0.339895
vt 0.131868 0.337781
vt 0.152814 0.355591
vt 0.148235 0.353834
vt 0.153174 0.355357
vt 0.153499 0.355097
vt 0.153799 0.354799
vt 0.154106 0.354446
vt 0.157093 0.334759
vt 0.156599 0.333943
vt 0.156040 0.333096
vt 0.154621 0.331290
vt 0.153675 0.330223
vt 0.150672 0.361968
vt 0.152412 0.355803
vt 0.151648 0.362018
vt 0.152583 0.362054
vt 0.153467 0.362088
vt 0.154295 0.362132
vt 0.172799 0.323510
vt 0.172873 0.321244
vt 0.155396 0.332254
vt 0.172942 0.318736
vt 0.173005 0.316015
vt 0.173062 0.313148
vt 0.158752 0.366884
vt 0.149672 0.361895
vt 0.159635 0.366720
vt 0.160428 0.366543
vt 0.161142 0.366350
vt 0.161797 0.366132
vt 0.186388 0.337366
vt 0.187200 0.336091
vt 0.187987 0.334814
vt 0.188830 0.333399
vt 0.189768 0.331790
vt 0.190823 0.329952
vt 0.173111 0.310234
vt 0.158505 0.377040
vt 0.159761 0.376950
vt 0.161013 0.376846
vt 0.162240 0.376733
vt 0.163426 0.376619
vt 0.162453 0.365846
vt 0.209123 0.342751
vt 0.210692 0.341252
vt 0.212376 0.339690
vt 0.214158 0.338112
vt 0.216006 0.336565
vt 0.184465 0.389016
vt 0.157271 0.377109
vt 0.184620 0.388323
vt 0.184767 0.387650
vt 0.184910 0.386990
vt 0.185055 0.386333
vt 0.206361 0.372993
vt 0.207315 0.373012
vt 0.208253 0.373036
vt 0.209206 0.373071
vt 0.210187 0.373120
vt 0.211203 0.373182
vt 0.217873 0.335092
vt 0.197965 0.449245
vt 0.199134 0.448782
vt 0.200324 0.448320
vt 0.201545 0.447857
vt 0.202795 0.447389
vt 0.185184 0.385666
vt 0.213144 0.447634
vt 0.214105 0.447690
vt 0.215103 0.447746
vt 0.216076 0.447810
vt 0.217059 0.447880
vt 0.218059 0.447953
vt 0.173984 0.474052
vt 0.196806 0.449712
vt 0.174209 0.475089
vt 0.174458 0.476109
vt 0.174732 0.477128
vt 0.200944 0.503541
vt 0.201985 0.503676
vt 0.204195 0.503889
vt 0.205405 0.503956
vt 0.206697 0.503991
vt 0.164996 0.467169
vt 0.173782 0.472989
vt 0.164956 0.468502
vt 0.164961 0.469809
vt 0.165012 0.471075
vt 0.165106 0.472286
vt 0.175002 0.478171
vt 0.200786 0.520552
vt 0.203054 0.503793
vt 0.202413 0.522025
vt 0.204214 0.523546
vt 0.206154 0.525103
vt 0.208182 0.526680
vt 0.142982 0.484168
vt 0.165081 0.465833
vt 0.143152 0.485626
vt 0.143330 0.486981
vt 0.143515 0.488244
vt 0.143707 0.489444
vt 0.159247 0.526265
vt 0.159954 0.527674
vt 0.160660 0.529050
vt 0.161442 0.530519
vt 0.162327 0.532121
vt 0.163331 0.533877
vt 0.210237 0.528251
vt 0.128715 0.479086
vt 0.129018 0.480872
vt 0.129322 0.482614
vt 0.129616 0.484273
vt 0.129894 0.485827
vt 0.143915 0.490684
vt 0.144498 0.542278
vt 0.145019 0.544547
vt 0.145571 0.546991
vt 0.146141 0.549567
vt 0.146714 0.552204
vt 0.116566 0.492333
vt 0.128422 0.477300
vt 0.117019 0.493531
vt 0.117422 0.494658
vt 0.117785 0.495721
vt 0.118124 0.496744
vt 0.124890 0.533748
vt 0.124778 0.535248
vt 0.124659 0.536723
vt 0.124514 0.538308
vt 0.124331 0.540047
vt 0.124102 0.541962
vt 0.147271 0.554813
vt 0.090530 0.488243
vt 0.090929 0.489403
vt 0.091297 0.490557
vt 0.091614 0.491689
vt 0.091870 0.492782
vt 0.118484 0.497816
vt 0.085323 0.544757
vt 0.084629 0.546631
vt 0.083810 0.548603
vt 0.082887 0.550648
vt 0.081893 0.552733
vt 0.084116 0.497876
vt 0.090115 0.487098
vt 0.084472 0.498554
vt 0.084793 0.499217
vt 0.085084 0.499874
vt 0.085355 0.500536
vt 0.085629 0.501198
vt 0.076402 0.531854
vt 0.075693 0.532402
vt 0.074936 0.532942
vt 0.074112 0.533484
vt 0.073207 0.534032
vt 0.080865 0.554813
vt 0.060718 0.497600
vt 0.060335 0.498059
vt 0.059944 0.498528
vt 0.059538 0.499020
vt 0.059101 0.499540
vt 0.051382 0.506361
vt 0.077100 0.531283
vt 0.050878 0.506882
vt 0.050340 0.507419
vt 0.049778 0.507958
vt 0.049176 0.508515
vt 0.048527 0.509167
vt 0.059262 0.491626
vt 0.061100 0.497140
vt 0.058755 0.491334
vt 0.058248 0.491057
vt 0.057726 0.490791
vt 0.042327 0.497198
vt 0.041319 0.498353
vt 0.040790 0.498986
vt 0.040218 0.499688
vt 0.074378 0.485820
vt 0.059775 0.491937
vt 0.073587 0.485341
vt 0.072765 0.484879
vt 0.071920 0.484447
vt 0.071067 0.484047
vt 0.057187 0.490515
vt 0.021770 0.481913
vt 0.041826 0.497765
vt 0.020028 0.482148
vt 0.018206 0.482420
vt 0.016342 0.482735
vt 0.039661 0.500476
vt 0.014479 0.483091
vt 0.075864 0.475406
vt 0.075128 0.486305
vt 0.075057 0.474543
vt 0.074269 0.473719
vt 0.073500 0.472918
vt 0.072734 0.472118
vt 0.030719 0.465082
vt 0.029173 0.465073
vt 0.027682 0.465062
vt 0.026106 0.465049
vt 0.024405 0.465036
vt 0.022560 0.465029
vt 0.012666 0.483477
vt 0.112917 0.469196
vt 0.111746 0.467841
vt 0.110467 0.466491
vt 0.109053 0.465179
vt 0.107532 0.463927
vt 0.071900 0.471242
vt 0.012491 0.421046
vt 0.010097 0.420869
vt 0.007679 0.420744
vt 0.005252 0.420658
vt 0.002878 0.420610
vt 0.125178 0.449052
vt 0.114000 0.470519
vt 0.122377 0.449229
vt 0.119558 0.449412
vt 0.114232 0.449827
vt 0.019913 0.406912
vt 0.016690 0.402684
vt 0.015104 0.400503
vt 0.013604 0.398390
vt 0.012203 0.396418
vt 0.000605 0.420585
vt 0.113480 0.425525
vt 0.127889 0.448891
vt 0.111168 0.425309
vt 0.109041 0.425079
vt 0.116825 0.449630
vt 0.107072 0.424840
vt 0.105199 0.424592
vt 0.047966 0.398996
vt 0.046342 0.397532
vt 0.018323 0.404846
vt 0.044801 0.396138
vt 0.043181 0.394668
vt 0.041428 0.393077
vt 0.039522 0.391349
vt 0.126810 0.408906
vt 0.124585 0.408625
vt 0.122376 0.408282
vt 0.120231 0.407899
vt 0.118185 0.407495
vt 0.103229 0.424314
vt 0.053245 0.371950
vt 0.051116 0.370231
vt 0.048895 0.368450
vt 0.046627 0.366645
vt 0.044382 0.364875
vt 0.119839 0.392345
vt 0.128993 0.409106
vt 0.118188 0.391303
vt 0.116628 0.390314
vt 0.115145 0.389376
vt 0.113696 0.388471
vt 0.079452 0.360844
vt 0.077658 0.359414
vt 0.075931 0.358050
vt 0.074082 0.356613
vt 0.072039 0.355060
vt 0.069769 0.353379
vt 0.042243 0.363203
vt 0.135032 0.385645
vt 0.134306 0.384112
vt 0.133492 0.382524
vt 0.132610 0.380946
vt 0.131667 0.379414
vt 0.112126 0.387527
vt 0.085846 0.327738
vt 0.083367 0.325757
vt 0.080703 0.323596
vt 0.077924 0.321369
vt 0.075121 0.319163
vt 0.143222 0.370516
vt 0.135668 0.387070
vt 0.141952 0.369787
vt 0.140659 0.368938
vt 0.139377 0.367952
vt 0.138134 0.366822
vt 0.102968 0.321357
vt 0.104042 0.318164
vt 0.105188 0.314771
vt 0.106413 0.311245
vt 0.107685 0.307710
vt 0.108937 0.304259
vt 0.072388 0.317029
vt 0.144445 0.371147
vt 0.787243 0.293430
vt 0.782758 0.291796
vt 0.782615 0.291336
vt 0.787642 0.293214
vt 0.782484 0.290893
vt 0.788021 0.292984
vt 0.782364 0.290461
vt 0.788391 0.292732
vt 0.782253 0.290029
vt 0.788785 0.292452
vt 0.782135 0.289591
vt 0.810384 0.256550
vt 0.770396 0.254807
vt 0.810540 0.254222
vt 0.770483 0.252716
vt 0.810648 0.251731
vt 0.770606 0.250581
vt 0.810690 0.249018
vt 0.770802 0.248263
vt 0.810647 0.245955
vt 0.771095 0.245649
vt 0.810495 0.242407
vt 0.771505 0.242615
vt 0.786065 0.299877
vt 0.786815 0.293637
vt 0.786675 0.299719
vt 0.787289 0.299557
vt 0.787890 0.299398
vt 0.788466 0.299246
vt 0.850251 0.257691
vt 0.854460 0.254096
vt 0.859257 0.249936
vt 0.864604 0.245225
vt 0.870374 0.240055
vt 0.790875 0.304406
vt 0.785507 0.300005
vt 0.791500 0.304343
vt 0.792083 0.304289
vt 0.792626 0.304239
vt 0.793144 0.304184
vt 0.843880 0.299019
vt 0.846768 0.299205
vt 0.849799 0.299380
vt 0.853315 0.299558
vt 0.857513 0.299749
vt 0.862554 0.299961
vt 0.876352 0.234603
vt 0.790506 0.309970
vt 0.790984 0.310271
vt 0.791496 0.310597
vt 0.792028 0.310951
vt 0.792575 0.311340
vt 0.793684 0.304104
vt 0.847486 0.338726
vt 0.851134 0.343485
vt 0.855384 0.349059
vt 0.860219 0.355442
vt 0.865549 0.362562
vt 0.791193 0.312861
vt 0.790092 0.309684
vt 0.791474 0.312952
vt 0.791741 0.313026
vt 0.791993 0.313081
vt 0.792237 0.313121
vt 0.803425 0.330592
vt 0.803558 0.332580
vt 0.803491 0.334613
vt 0.803189 0.336852
vt 0.802514 0.339173
vt 0.801403 0.341741
vt 0.871203 0.370217
vt 0.787327 0.314553
vt 0.787301 0.314597
vt 0.787267 0.314648
vt 0.787183 0.314774
vt 0.792484 0.313138
vt 0.792344 0.331754
vt 0.791526 0.333107
vt 0.790717 0.334542
vt 0.790286 0.335325
vt 0.771351 0.302225
vt 0.787342 0.314503
vt 0.770910 0.302334
vt 0.770461 0.302448
vt 0.769998 0.302568
vt 0.787223 0.314709
vt 0.769514 0.302695
vt 0.755143 0.309129
vt 0.754376 0.309672
vt 0.791936 0.332415
vt 0.753570 0.310261
vt 0.752771 0.310855
vt 0.791142 0.333796
vt 0.751945 0.311472
vt 0.751079 0.312121
vt 0.774598 0.294098
vt 0.771773 0.302128
vt 0.774334 0.293692
vt 0.774065 0.293299
vt 0.773786 0.292911
vt 0.744002 0.276148
vt 0.742738 0.276367
vt 0.740041 0.276984
vt 0.738533 0.277401
vt 0.736896 0.277912
vt 0.779352 0.295418
vt 0.774861 0.294520
vt 0.779178 0.294884
vt 0.778995 0.294348
vt 0.778809 0.293820
vt 0.778623 0.293306
vt 0.773504 0.292511
vt 0.741905 0.251807
vt 0.741447 0.276646
vt 0.739311 0.249111
vt 0.736231 0.246025
vt 0.732643 0.242547
vt 0.728562 0.238713
vt 0.779515 0.295938
vt 0.724045 0.234603
vt 0.728769 0.495079
vt 0.861434 0.491205
vt 0.857602 0.493873
vt 0.732127 0.497843
vt 0.854332 0.496299
vt 0.734911 0.500172
vt 0.851473 0.498539
vt 0.737404 0.502355
vt 0.848896 0.500644
vt 0.739703 0.504446
vt 0.846567 0.502557
vt 0.791359 0.524696
vt 0.793703 0.523968
vt 0.791526 0.524710
vt 0.793826 0.524010
vt 0.791690 0.524726
vt 0.793944 0.524047
vt 0.791847 0.524746
vt 0.794058 0.524078
vt 0.791999 0.524767
vt 0.794170 0.524104
vt 0.792149 0.524792
vt 0.794278 0.524124
vt 0.728068 0.555497
vt 0.724857 0.491945
vt 0.731469 0.553075
vt 0.734590 0.550727
vt 0.739811 0.546634
vt 0.792842 0.525399
vt 0.792701 0.525338
vt 0.792568 0.525298
vt 0.792505 0.525284
vt 0.859767 0.554975
vt 0.724045 0.558158
vt 0.856264 0.552183
vt 0.853217 0.549699
vt 0.850500 0.547439
vt 0.737394 0.548563
vt 0.848139 0.545347
vt 0.795752 0.524700
vt 0.795529 0.524694
vt 0.792771 0.525365
vt 0.795314 0.524682
vt 0.795109 0.524666
vt 0.792633 0.525317
vt 0.794910 0.524646
vt 0.794714 0.524621
vt 0.863888 0.558158
vt 0.489398 0.643284
vt 0.503108 0.658973
vt 0.502918 0.659667
vt 0.488856 0.643339
vt 0.502715 0.660324
vt 0.488303 0.643397
vt 0.502500 0.660954
vt 0.487727 0.643459
vt 0.502269 0.661569
vt 0.487115 0.643518
vt 0.502042 0.662184
vt 0.474388 0.642832
vt 0.478999 0.682998
vt 0.473526 0.642889
vt 0.477968 0.683039
vt 0.472620 0.642936
vt 0.476944 0.683049
vt 0.471688 0.642965
vt 0.475885 0.683021
vt 0.470703 0.642978
vt 0.474770 0.682947
vt 0.469597 0.643042
vt 0.473581 0.682826
vt 0.492561 0.638094
vt 0.489942 0.643229
vt 0.492393 0.637536
vt 0.492214 0.636987
vt 0.492017 0.636435
vt 0.474508 0.627215
vt 0.472562 0.627167
vt 0.471498 0.627172
vt 0.470319 0.627198
vt 0.507399 0.644013
vt 0.492720 0.638672
vt 0.507252 0.643183
vt 0.507087 0.642340
vt 0.506904 0.641498
vt 0.506711 0.640671
vt 0.491817 0.635863
vt 0.475258 0.591256
vt 0.473553 0.627183
vt 0.473587 0.589235
vt 0.471783 0.587095
vt 0.469864 0.584894
vt 0.469060 0.627327
vt 0.467867 0.582697
vt 0.515042 0.638890
vt 0.507523 0.644812
vt 0.515064 0.637914
vt 0.515068 0.637006
vt 0.515059 0.636156
vt 0.515043 0.635339
vt 0.501478 0.591148
vt 0.500844 0.589308
vt 0.500206 0.587489
vt 0.499489 0.585503
vt 0.498657 0.583274
vt 0.497680 0.580766
vt 0.465847 0.580572
vt 0.524775 0.645342
vt 0.524913 0.644079
vt 0.525038 0.642809
vt 0.525147 0.641566
vt 0.525237 0.640371
vt 0.515020 0.634471
vt 0.524565 0.574335
vt 0.524627 0.571080
vt 0.524678 0.567536
vt 0.524718 0.563766
vt 0.524746 0.559879
vt 0.536171 0.641284
vt 0.524632 0.646562
vt 0.536448 0.640150
vt 0.536707 0.639102
vt 0.536950 0.638128
vt 0.537185 0.637195
vt 0.547696 0.592491
vt 0.548384 0.590434
vt 0.549065 0.588402
vt 0.549814 0.586176
vt 0.550663 0.583667
vt 0.551630 0.580825
vt 0.524763 0.556022
vt 0.544295 0.650162
vt 0.544743 0.649017
vt 0.545203 0.647868
vt 0.545665 0.646747
vt 0.546119 0.645673
vt 0.537435 0.636205
vt 0.578114 0.591844
vt 0.579971 0.589245
vt 0.582015 0.586439
vt 0.584210 0.583477
vt 0.586490 0.580444
vt 0.555931 0.649038
vt 0.543871 0.651271
vt 0.556360 0.648201
vt 0.556772 0.647433
vt 0.557166 0.646722
vt 0.557551 0.646046
vt 0.585711 0.618598
vt 0.587273 0.617605
vt 0.588833 0.616625
vt 0.590562 0.615559
vt 0.592536 0.614367
vt 0.594803 0.613029
vt 0.588763 0.577451
vt 0.559899 0.656705
vt 0.560418 0.656020
vt 0.560954 0.655337
vt 0.561496 0.654675
vt 0.562032 0.654046
vt 0.557963 0.645331
vt 0.604765 0.634432
vt 0.607282 0.633985
vt 0.610089 0.633568
vt 0.613154 0.633193
vt 0.616398 0.632866
vt 0.567752 0.658115
vt 0.559412 0.657370
vt 0.568149 0.657668
vt 0.568541 0.657255
vt 0.568934 0.656869
vt 0.569337 0.656496
vt 0.594249 0.649730
vt 0.595235 0.650249
vt 0.596211 0.650802
vt 0.597227 0.651438
vt 0.598320 0.652192
vt 0.599530 0.653104
vt 0.619702 0.632589
vt 0.569115 0.663831
vt 0.569584 0.664061
vt 0.570058 0.664291
vt 0.570552 0.664527
vt 0.571065 0.664757
vt 0.569748 0.656119
vt 0.586984 0.667170
vt 0.587929 0.667553
vt 0.588925 0.667960
vt 0.589947 0.668388
vt 0.591029 0.668854
vt 0.592201 0.669370
vt 0.557840 0.670882
vt 0.568641 0.663597
vt 0.557804 0.671510
vt 0.557791 0.672117
vt 0.557798 0.672717
vt 0.557811 0.673345
vt 0.574478 0.698571
vt 0.576731 0.699308
vt 0.577947 0.699652
vt 0.579266 0.699982
vt 0.580715 0.700298
vt 0.549792 0.664948
vt 0.557902 0.670221
vt 0.549738 0.665996
vt 0.549702 0.667042
vt 0.549687 0.668058
vt 0.549693 0.669029
vt 0.569735 0.717988
vt 0.575587 0.698948
vt 0.571202 0.720188
vt 0.572881 0.722593
vt 0.574757 0.725168
vt 0.576784 0.727851
vt 0.540707 0.669091
vt 0.549861 0.663927
vt 0.540553 0.670116
vt 0.540418 0.671062
vt 0.540300 0.671940
vt 0.540190 0.672779
vt 0.545746 0.715134
vt 0.546094 0.716973
vt 0.546449 0.718800
vt 0.546854 0.720813
vt 0.547329 0.723098
vt 0.547893 0.725707
vt 0.578895 0.730550
vt 0.531680 0.661379
vt 0.531416 0.662602
vt 0.531154 0.663826
vt 0.530902 0.665019
vt 0.530663 0.666161
vt 0.540078 0.673665
vt 0.520649 0.728139
vt 0.520127 0.731179
vt 0.519551 0.734491
vt 0.518930 0.738018
vt 0.518281 0.741661
vt 0.519991 0.664684
vt 0.531938 0.660192
vt 0.519704 0.665694
vt 0.519434 0.666622
vt 0.519179 0.667478
vt 0.518933 0.668293
vt 0.502155 0.707349
vt 0.501181 0.708954
vt 0.500211 0.710540
vt 0.499137 0.712276
vt 0.497909 0.714233
vt 0.496492 0.716450
vt 0.517629 0.745284
vt 0.513089 0.656928
vt 0.512725 0.657967
vt 0.512349 0.658996
vt 0.511971 0.659988
vt 0.511595 0.660928
vt 0.518670 0.669149
vt 0.477906 0.701802
vt 0.475946 0.703393
vt 0.473723 0.705090
vt 0.471256 0.706864
vt 0.468603 0.708671
vt 0.513433 0.655907
vt 0.465847 0.710454
vt 0.013211 0.769183
vt 0.108760 0.771134
vt 0.011856 0.771134
vt 0.014621 0.767186
vt 0.108276 0.769424
vt 0.016069 0.765176
vt 0.107874 0.767922
vt 0.017513 0.763193
vt 0.107533 0.766584
vt 0.018878 0.761272
vt 0.107237 0.765357
vt 0.105361 0.737388
vt 0.128306 0.702259
vt 0.106252 0.736809
vt 0.129674 0.702389
vt 0.107117 0.736261
vt 0.131051 0.702640
vt 0.107972 0.735761
vt 0.132430 0.703002
vt 0.108830 0.735295
vt 0.133805 0.703452
vt 0.109700 0.734856
vt 0.135175 0.703960
vt 0.126497 0.758410
vt 0.125724 0.757504
vt 0.124982 0.756665
vt 0.124248 0.755873
vt 0.123502 0.755107
vt 0.106995 0.764215
vt 0.118325 0.742636
vt 0.117759 0.741583
vt 0.117210 0.740614
vt 0.116679 0.739710
vt 0.116157 0.738853
vt 0.180153 0.679596
vt 0.127321 0.759397
vt 0.179482 0.679526
vt 0.178871 0.679428
vt 0.178311 0.679308
vt 0.177788 0.679170
vt 0.167539 0.683337
vt 0.167648 0.683239
vt 0.167733 0.683133
vt 0.167817 0.683047
vt 0.167892 0.682988
vt 0.167948 0.682964
vt 0.115633 0.738033
vt 0.171472 0.675968
vt 0.170820 0.675720
vt 0.170121 0.675550
vt 0.169366 0.675449
vt 0.168526 0.675397
vt 0.177334 0.679015
vt 0.171013 0.679665
vt 0.169882 0.678960
vt 0.168808 0.678314
vt 0.167755 0.677730
vt 0.166705 0.677202
vt 0.189865 0.667220
vt 0.172072 0.676305
vt 0.187755 0.666425
vt 0.185725 0.665682
vt 0.183832 0.665002
vt 0.182102 0.664391
vt 0.161957 0.673965
vt 0.161173 0.675018
vt 0.160461 0.676120
vt 0.159843 0.677284
vt 0.165642 0.676728
vt 0.159346 0.678523
vt 0.182714 0.650035
vt 0.191983 0.668046
vt 0.180982 0.650245
vt 0.179481 0.650449
vt 0.178178 0.650647
vt 0.177020 0.650840
vt 0.155043 0.666760
vt 0.154599 0.667470
vt 0.154152 0.668169
vt 0.153678 0.668936
vt 0.153175 0.669798
vt 0.152645 0.670769
vt 0.158999 0.679846
vt 0.186369 0.628185
vt 0.184180 0.629120
vt 0.182013 0.630066
vt 0.179940 0.631002
vt 0.178005 0.631910
vt 0.175883 0.651044
vt 0.142071 0.668027
vt 0.141574 0.669121
vt 0.141076 0.670315
vt 0.140592 0.671586
vt 0.140137 0.672897
vt 0.167845 0.615124
vt 0.188493 0.627288
vt 0.165900 0.616192
vt 0.164159 0.617179
vt 0.162590 0.618093
vt 0.161133 0.618963
vt 0.133072 0.654673
vt 0.132534 0.655759
vt 0.132050 0.656770
vt 0.131568 0.657825
vt 0.131073 0.658967
vt 0.130562 0.660210
vt 0.139730 0.674206
vt 0.166094 0.588406
vt 0.163751 0.589674
vt 0.161401 0.590969
vt 0.159107 0.592266
vt 0.156911 0.593539
vt 0.159633 0.619875
vt 0.113981 0.656980
vt 0.113741 0.658408
vt 0.113497 0.659893
vt 0.113232 0.661419
vt 0.112971 0.662929
vt 0.117721 0.558704
vt 0.168360 0.587179
vt 0.117680 0.561461
vt 0.117631 0.564223
vt 0.117567 0.566914
vt 0.089510 0.633992
vt 0.088044 0.634803
vt 0.084992 0.636338
vt 0.083459 0.637045
vt 0.081968 0.637713
vt 0.112718 0.664381
vt 0.093164 0.570454
vt 0.117768 0.556022
vt 0.093326 0.572670
vt 0.093451 0.574650
vt 0.093547 0.576427
vt 0.117456 0.569522
vt 0.093623 0.578071
vt 0.087223 0.617118
vt 0.086283 0.617810
vt 0.085403 0.618443
vt 0.086530 0.635594
vt 0.084489 0.619085
vt 0.083510 0.619749
vt 0.082447 0.620437
vt 0.069764 0.562666
vt 0.070637 0.565141
vt 0.071432 0.567539
vt 0.072121 0.569799
vt 0.072694 0.571887
vt 0.093692 0.579757
vt 0.074388 0.614516
vt 0.073825 0.615313
vt 0.073217 0.616120
vt 0.072579 0.616923
vt 0.071931 0.617702
vt 0.058757 0.581908
vt 0.068855 0.560198
vt 0.059893 0.582687
vt 0.060867 0.583400
vt 0.061722 0.584068
vt 0.062498 0.584712
vt 0.069616 0.606570
vt 0.069302 0.607113
vt 0.068997 0.607616
vt 0.068666 0.608118
vt 0.068303 0.608626
vt 0.067898 0.609140
vt 0.071300 0.618439
vt 0.048514 0.594335
vt 0.049163 0.595093
vt 0.049785 0.595804
vt 0.050400 0.596489
vt 0.051005 0.597148
vt 0.063217 0.585334
vt 0.059862 0.608006
vt 0.060300 0.608457
vt 0.060721 0.608886
vt 0.061562 0.609759
vt 0.027661 0.612233
vt 0.047816 0.593510
vt 0.028225 0.613152
vt 0.028776 0.613983
vt 0.029322 0.614751
vt 0.029879 0.615499
vt 0.052921 0.622441
vt 0.059407 0.607550
vt 0.053716 0.622426
vt 0.054507 0.622419
vt 0.055298 0.622398
vt 0.056103 0.622357
vt 0.061140 0.609312
vt 0.056933 0.622292
vt 0.007981 0.620843
vt 0.027076 0.611206
vt 0.010606 0.621598
vt 0.013090 0.622250
vt 0.015388 0.622782
vt 0.017479 0.623194
vt 0.059420 0.630814
vt 0.060617 0.630859
vt 0.061855 0.630861
vt 0.063112 0.630823
vt 0.064362 0.630756
vt 0.019094 0.643337
vt 0.005274 0.620009
vt 0.020854 0.642841
vt 0.022504 0.642412
vt 0.024064 0.642044
vt 0.025568 0.641727
vt 0.054377 0.642957
vt 0.055616 0.642652
vt 0.056797 0.642376
vt 0.058002 0.642124
vt 0.059225 0.641901
vt 0.060496 0.641684
vt 0.065571 0.630670
vt 0.021829 0.727426
vt 0.023426 0.728090
vt 0.024965 0.728680
vt 0.026483 0.729215
vt 0.028044 0.729746
vt 0.027032 0.641426
vt 0.100057 0.694153
vt 0.100533 0.693251
vt 0.101326 0.691392
vt 0.101668 0.690364
vt 0.003111 0.746260
vt 0.020151 0.726678
vt 0.005696 0.746797
vt 0.008296 0.747293
vt 0.010827 0.747721
vt 0.013248 0.748081
vt 0.119981 0.693821
vt 0.099570 0.695066
vt 0.120711 0.692499
vt 0.100945 0.692355
vt 0.121479 0.691061
vt 0.122272 0.689552
vt 0.123077 0.688029
vt 0.000604 0.745725
vt 0.123887 0.686534
vt 0.225586 0.910107
vt 0.288709 0.905565
vt 0.284568 0.909996
vt 0.281443 0.913461
vt 0.231354 0.916942
vt 0.278524 0.916551
vt 0.233677 0.919534
vt 0.275857 0.919322
vt 0.235750 0.921820
vt 0.273517 0.921677
vt 0.254067 0.951602
vt 0.254919 0.950269
vt 0.254072 0.951564
vt 0.254882 0.950437
vt 0.254073 0.951530
vt 0.254843 0.950594
vt 0.254804 0.950743
vt 0.254061 0.951467
vt 0.254765 0.950886
vt 0.254052 0.951440
vt 0.254724 0.951025
vt 0.226730 0.991501
vt 0.222119 0.905565
vt 0.229886 0.988163
vt 0.228773 0.913927
vt 0.232373 0.985513
vt 0.234702 0.983083
vt 0.254768 0.952989
vt 0.254717 0.952985
vt 0.254607 0.952996
vt 0.254068 0.951497
vt 0.254546 0.953007
vt 0.254480 0.953021
vt 0.282636 0.991955
vt 0.222887 0.995599
vt 0.279891 0.988413
vt 0.275243 0.982861
vt 0.273300 0.980619
vt 0.236761 0.981012
vt 0.255694 0.951805
vt 0.255600 0.951932
vt 0.255510 0.952059
vt 0.254664 0.952988
vt 0.255427 0.952185
vt 0.255279 0.952437
vt 0.285850 0.996403
vt 0.277347 0.985328
vt 0.255351 0.952312
vt 0.072600 0.910445
vt 0.134985 0.907918
vt 0.130881 0.912036
vt 0.075644 0.914414
vt 0.127530 0.915391
vt 0.078246 0.917605
vt 0.124715 0.918212
vt 0.080709 0.920538
vt 0.122166 0.920715
vt 0.082941 0.923165
vt 0.119958 0.922817
vt 0.100555 0.952340
vt 0.101814 0.950816
vt 0.100642 0.952366
vt 0.101794 0.951009
vt 0.100726 0.952394
vt 0.101774 0.951189
vt 0.100804 0.952424
vt 0.101754 0.951361
vt 0.100877 0.952456
vt 0.101733 0.951526
vt 0.100949 0.952489
vt 0.101710 0.951687
vt 0.073004 0.993518
vt 0.069075 0.905565
vt 0.076228 0.990031
vt 0.081441 0.984461
vt 0.101769 0.953976
vt 0.101929 0.954012
vt 0.102090 0.954062
vt 0.102402 0.954197
vt 0.102552 0.954281
vt 0.129327 0.992231
vt 0.069075 0.997818
vt 0.126594 0.988754
vt 0.124196 0.985869
vt 0.079053 0.986995
vt 0.122117 0.983451
vt 0.120199 0.981247
vt 0.083557 0.982295
vt 0.102835 0.952618
vt 0.102871 0.952751
vt 0.102912 0.952881
vt 0.102961 0.953006
vt 0.102248 0.954124
vt 0.103016 0.953128
vt 0.103075 0.953243
vt 0.132526 0.996569
vt 0.496132 0.129105
vt 0.482714 0.120079
vt 0.497660 0.128490
vt 0.494572 0.129740
vt 0.481859 0.120896
vt 0.493014 0.130364
vt 0.481076 0.121613
vt 0.491486 0.130951
vt 0.480339 0.122254
vt 0.490011 0.131472
vt 0.479644 0.122835
vt 0.457620 0.128342
vt 0.449176 0.134679
vt 0.456890 0.128075
vt 0.448097 0.134289
vt 0.456175 0.127817
vt 0.446997 0.133851
vt 0.455464 0.127535
vt 0.445887 0.133375
vt 0.454737 0.127217
vt 0.444782 0.132879
vt 0.453977 0.126854
vt 0.443696 0.132380
vt 0.475642 0.108012
vt 0.474652 0.108125
vt 0.473722 0.108250
vt 0.471886 0.108553
vt 0.478949 0.123400
vt 0.455771 0.116388
vt 0.454513 0.117383
vt 0.453904 0.117885
vt 0.453287 0.118409
vt 0.452651 0.118967
vt 0.480333 0.079478
vt 0.476717 0.107903
vt 0.479015 0.080341
vt 0.477703 0.081205
vt 0.476416 0.082061
vt 0.472805 0.108398
vt 0.475167 0.082897
vt 0.436346 0.108391
vt 0.455127 0.116891
vt 0.435368 0.108946
vt 0.434365 0.109515
vt 0.433342 0.110090
vt 0.432308 0.110667
vt 0.451578 0.070483
vt 0.481632 0.078632
vt 0.450996 0.071453
vt 0.450498 0.072329
vt 0.449985 0.073155
vt 0.449480 0.073945
vt 0.438498 0.087807
vt 0.437802 0.088228
vt 0.437143 0.088615
vt 0.436471 0.088987
vt 0.435790 0.089343
vt 0.435077 0.089696
vt 0.431272 0.111242
vt 0.441338 0.061070
vt 0.439459 0.061871
vt 0.438591 0.062265
vt 0.437703 0.062682
vt 0.448987 0.074718
vt 0.427146 0.082101
vt 0.427338 0.082956
vt 0.427521 0.083789
vt 0.427929 0.085424
vt 0.428168 0.086269
vt 0.439453 0.029366
vt 0.442385 0.060679
vt 0.438133 0.030269
vt 0.440359 0.061488
vt 0.436815 0.031192
vt 0.435517 0.032124
vt 0.434237 0.033090
vt 0.407669 0.100350
vt 0.407895 0.101814
vt 0.427716 0.084599
vt 0.408154 0.103309
vt 0.408451 0.104820
vt 0.408778 0.106333
vt 0.386358 0.002327
vt 0.440753 0.028486
vt 0.386319 0.004092
vt 0.386284 0.005878
vt 0.386257 0.007657
vt 0.386242 0.009405
vt 0.351665 0.088862
vt 0.350316 0.090158
vt 0.348934 0.091443
vt 0.347515 0.092750
vt 0.346071 0.094065
vt 0.344618 0.095379
vt 0.409126 0.107834
vt 0.351028 0.016994
vt 0.386401 0.000604
vt 0.350963 0.018505
vt 0.350905 0.019889
vt 0.350857 0.021162
vt 0.350815 0.022360
vt 0.343997 0.052801
vt 0.343080 0.053668
vt 0.342218 0.054481
vt 0.341331 0.055309
vt 0.340394 0.056169
vt 0.339391 0.057062
vt 0.336620 0.009770
vt 0.336893 0.011491
vt 0.337138 0.013175
vt 0.337343 0.014775
vt 0.337502 0.016265
vt 0.350775 0.023600
vt 0.331783 0.051009
vt 0.331180 0.051939
vt 0.330522 0.052880
vt 0.329822 0.053816
vt 0.329103 0.054731
vt 0.326021 0.020928
vt 0.336332 0.008072
vt 0.326609 0.021778
vt 0.327114 0.022551
vt 0.327559 0.023271
vt 0.327963 0.023964
vt 0.328538 0.042756
vt 0.328103 0.043330
vt 0.327682 0.043876
vt 0.327241 0.044416
vt 0.326766 0.044964
vt 0.326245 0.045528
vt 0.328394 0.055603
vt 0.314764 0.025394
vt 0.314804 0.026239
vt 0.314853 0.027054
vt 0.314914 0.027861
vt 0.314990 0.028656
vt 0.328345 0.024635
vt 0.318653 0.042024
vt 0.318907 0.042683
vt 0.319151 0.043334
vt 0.319387 0.043972
vt 0.319627 0.044611
vt 0.319880 0.045266
vt 0.290968 0.022183
vt 0.314728 0.024497
vt 0.290334 0.023311
vt 0.289799 0.024414
vt 0.289343 0.025520
vt 0.288922 0.026678
vt 0.307970 0.062163
vt 0.308742 0.061606
vt 0.309536 0.061075
vt 0.310352 0.060545
vt 0.311208 0.060002
vt 0.312116 0.059433
vt 0.276969 0.002589
vt 0.291718 0.021011
vt 0.275929 0.004672
vt 0.274915 0.006812
vt 0.273979 0.008944
vt 0.273143 0.011038
vt 0.313555 0.072288
vt 0.315462 0.072369
vt 0.317478 0.072392
vt 0.319574 0.072345
vt 0.321708 0.072239
vt 0.254198 0.004780
vt 0.277975 0.000604
vt 0.255310 0.006742
vt 0.256439 0.008754
vt 0.257548 0.010755
vt 0.258645 0.012705
vt 0.308604 0.082889
vt 0.310024 0.084718
vt 0.311469 0.086614
vt 0.312918 0.088557
vt 0.314338 0.090495
vt 0.315723 0.092390
vt 0.323840 0.072091
vt 0.227854 0.044639
vt 0.253123 0.002902
vt 0.230026 0.044773
vt 0.232184 0.044932
vt 0.234271 0.045121
vt 0.236249 0.045334
vt 0.277507 0.087326
vt 0.276856 0.088701
vt 0.276141 0.090081
vt 0.275370 0.091469
vt 0.274558 0.092832
vt 0.273726 0.094145
vt 0.236436 0.063891
vt 0.225722 0.044518
vt 0.237793 0.063668
vt 0.239023 0.063511
vt 0.240133 0.063395
vt 0.241225 0.063335
vt 0.265101 0.078850
vt 0.265031 0.079569
vt 0.264938 0.080229
vt 0.264802 0.080884
vt 0.264617 0.081573
vt 0.264364 0.082290
vt 0.234626 0.078797
vt 0.235497 0.079286
vt 0.237101 0.080114
vt 0.237879 0.080509
vt 0.242289 0.063292
vt 0.255178 0.084874
vt 0.255615 0.084978
vt 0.256034 0.085086
vt 0.256454 0.085187
vt 0.257341 0.085389
vt 0.224992 0.089067
vt 0.233655 0.078236
vt 0.226588 0.088974
vt 0.228099 0.088898
vt 0.236331 0.079718
vt 0.229497 0.088841
vt 0.230765 0.088802
vt 0.255538 0.091404
vt 0.255900 0.091750
vt 0.256292 0.092122
vt 0.256882 0.085278
vt 0.256705 0.092519
vt 0.257124 0.092935
vt 0.235000 0.098468
vt 0.223358 0.089175
vt 0.235559 0.097939
vt 0.236086 0.097479
vt 0.236589 0.097076
vt 0.237079 0.096718
vt 0.250392 0.095228
vt 0.250691 0.095424
vt 0.250968 0.095633
vt 0.251231 0.095868
vt 0.251495 0.096137
vt 0.251766 0.096447
vt 0.257533 0.093364
vt 0.244638 0.110271
vt 0.244971 0.110115
vt 0.245290 0.109979
vt 0.245604 0.109856
vt 0.237567 0.096386
vt 0.251026 0.105684
vt 0.250867 0.105685
vt 0.250538 0.105691
vt 0.250372 0.105683
vt 0.250211 0.105658
vt 0.246432 0.113120
vt 0.244286 0.110458
vt 0.247083 0.113354
vt 0.247724 0.113503
vt 0.248369 0.113582
vt 0.249048 0.113609
vt 0.245905 0.109750
vt 0.254038 0.108384
vt 0.253780 0.108372
vt 0.253586 0.108358
vt 0.250703 0.105690
vt 0.253448 0.108337
vt 0.253359 0.108301
vt 0.253311 0.108239
vt 0.232949 0.124922
vt 0.245764 0.112782
vt 0.235012 0.125109
vt 0.237023 0.125235
vt 0.238912 0.125301
vt 0.240715 0.125263
vt 0.254471 0.110173
vt 0.255730 0.109366
vt 0.256896 0.108433
vt 0.257968 0.107387
vt 0.258947 0.106260
vt 0.302293 0.214463
vt 0.230856 0.124704
vt 0.303175 0.212596
vt 0.304874 0.208813
vt 0.305681 0.206919
vt 0.357235 0.131247
vt 0.358585 0.129682
vt 0.359934 0.128134
vt 0.361283 0.126562
vt 0.363949 0.123384
vt 0.259860 0.105050
vt 0.348734 0.215959
vt 0.301417 0.216283
vt 0.349949 0.214211
vt 0.304027 0.210717
vt 0.351069 0.212567
vt 0.352104 0.211012
vt 0.353087 0.209512
vt 0.371435 0.172508
vt 0.372432 0.171168
vt 0.373367 0.169908
vt 0.374324 0.168602
vt 0.375324 0.167214
vt 0.362627 0.124958
vt 0.376380 0.165738
vt 0.358045 0.236454
vt 0.359555 0.234756
vt 0.361083 0.232989
vt 0.362570 0.231209
vt 0.363975 0.229524
vt 0.354121 0.207929
vt 0.391437 0.172568
vt 0.392119 0.170968
vt 0.392828 0.169301
vt 0.393578 0.167619
vt 0.394317 0.165984
vt 0.378898 0.240220
vt 0.356615 0.238054
vt 0.378130 0.238130
vt 0.377395 0.236028
vt 0.376723 0.233987
vt 0.398187 0.179939
vt 0.399569 0.179521
vt 0.402502 0.178896
vt 0.403973 0.178697
vt 0.405394 0.178549
vt 0.395027 0.164444
vt 0.393252 0.224444
vt 0.379656 0.242238
vt 0.392513 0.223298
vt 0.391885 0.222241
vt 0.391342 0.221246
vt 0.376143 0.232014
vt 0.390855 0.220276
vt 0.396736 0.193216
vt 0.397523 0.192841
vt 0.398281 0.192502
vt 0.401021 0.179164
vt 0.399048 0.192196
vt 0.399863 0.191913
vt 0.400750 0.191639
vt 0.407660 0.220252
vt 0.407797 0.219244
vt 0.407912 0.218293
vt 0.408007 0.217369
vt 0.390392 0.219291
vt 0.407995 0.199984
vt 0.407978 0.199271
vt 0.407966 0.197874
vt 0.407956 0.197151
vt 0.432829 0.231427
vt 0.407502 0.221341
vt 0.432210 0.229964
vt 0.431622 0.228539
vt 0.431090 0.227177
vt 0.430628 0.225892
vt 0.408107 0.216446
vt 0.424808 0.190785
vt 0.407974 0.198579
vt 0.425219 0.189766
vt 0.425669 0.188694
vt 0.426155 0.187577
vt 0.407930 0.196409
vt 0.426673 0.186426
vt 0.438963 0.218658
vt 0.433453 0.232893
vt 0.438196 0.218148
vt 0.437504 0.217661
vt 0.436885 0.217210
vt 0.436300 0.216748
vt 0.435746 0.216299
vt 0.431694 0.196537
vt 0.431924 0.196021
vt 0.432177 0.195501
vt 0.432461 0.194958
vt 0.432783 0.194403
vt 0.427219 0.185254
vt 0.453129 0.203989
vt 0.452751 0.203352
vt 0.452006 0.202159
vt 0.451637 0.201568
vt 0.443328 0.194543
vt 0.431469 0.197072
vt 0.443127 0.194285
vt 0.442924 0.194027
vt 0.442734 0.193787
vt 0.442348 0.193324
vt 0.463527 0.199835
vt 0.453529 0.204672
vt 0.463439 0.198784
vt 0.463291 0.197823
vt 0.452368 0.202738
vt 0.463078 0.196894
vt 0.443662 0.187215
vt 0.443691 0.187696
vt 0.443628 0.188542
vt 0.443533 0.188936
vt 0.442547 0.193559
vt 0.483316 0.204831
vt 0.463545 0.201010
vt 0.482594 0.202907
vt 0.481852 0.201006
vt 0.481116 0.199195
vt 0.480472 0.197543
vt 0.462834 0.195995
vt 0.442676 0.186286
vt 0.443682 0.188131
vt 0.441440 0.186339
vt 0.440191 0.186494
vt 0.438937 0.186764
vt 0.443403 0.189325
vt 0.437680 0.187137
vt 0.492722 0.189235
vt 0.484014 0.206706
vt 0.490745 0.189329
vt 0.488778 0.189403
vt 0.486894 0.189458
vt 0.442686 0.178770
vt 0.441507 0.177955
vt 0.439088 0.176236
vt 0.437912 0.175367
vt 0.436452 0.187600
vt 0.482431 0.173621
vt 0.494651 0.189134
vt 0.481003 0.173887
vt 0.479683 0.174105
vt 0.478460 0.174282
vt 0.485113 0.189497
vt 0.477304 0.174430
vt 0.453664 0.171202
vt 0.452689 0.170737
vt 0.451749 0.170281
vt 0.440297 0.177109
vt 0.450769 0.169789
vt 0.449731 0.169250
vt 0.448629 0.168661
vt 0.436753 0.174542
vt 0.476112 0.174573
vt 0.167743 0.846639
vt 0.191476 0.848641
vt 0.191872 0.849130
vt 0.192273 0.849623
vt 0.166727 0.847462
vt 0.192689 0.850138
vt 0.166190 0.847896
vt 0.193123 0.850675
vt 0.165629 0.848352
vt 0.193576 0.851215
vt 0.128735 0.887630
vt 0.233156 0.888260
vt 0.126785 0.889531
vt 0.235063 0.890216
vt 0.124756 0.891574
vt 0.237114 0.892251
vt 0.239282 0.894435
vt 0.120463 0.895816
vt 0.241491 0.896676
vt 0.118087 0.898135
vt 0.243823 0.899062
vt 0.170217 0.822589
vt 0.168232 0.846243
vt 0.169813 0.822090
vt 0.167241 0.847047
vt 0.169401 0.821583
vt 0.168967 0.821046
vt 0.128814 0.783209
vt 0.126899 0.781242
vt 0.124841 0.779195
vt 0.122718 0.777060
vt 0.122696 0.893618
vt 0.120426 0.774745
vt 0.118087 0.772343
vt 0.194329 0.825080
vt 0.170613 0.823078
vt 0.194827 0.824677
vt 0.195882 0.823822
vt 0.196422 0.823369
vt 0.168534 0.820512
vt 0.233211 0.784347
vt 0.235153 0.782459
vt 0.237173 0.780429
vt 0.239279 0.778337
vt 0.243795 0.773908
vt 0.193841 0.825476
vt 0.195345 0.824256
vt 0.241428 0.776211
vt 0.186717 0.944637
vt 0.186684 0.944694
vt 0.186706 0.944637
vt 0.186726 0.944638
vt 0.186681 0.944700
vt 0.186736 0.944637
vt 0.186677 0.944706
vt 0.186748 0.944637
vt 0.186674 0.944713
vt 0.186761 0.944637
vt 0.186669 0.944720
vt 0.179713 0.950957
vt 0.192503 0.980406
vt 0.178058 0.952406
vt 0.190753 0.983268
vt 0.176423 0.953830
vt 0.188885 0.986410
vt 0.174622 0.955391
vt 0.186900 0.989751
vt 0.172572 0.957159
vt 0.184854 0.993210
vt 0.170223 0.959176
vt 0.182838 0.996602
vt 0.186649 0.944660
vt 0.186645 0.944665
vt 0.186639 0.944671
vt 0.186633 0.944678
vt 0.186626 0.944686
vt 0.186665 0.944728
vt 0.152973 0.934215
vt 0.150096 0.935547
vt 0.146844 0.936954
vt 0.143352 0.938425
vt 0.139762 0.939919
vt 0.186631 0.944626
vt 0.186652 0.944655
vt 0.186623 0.944626
vt 0.186616 0.944626
vt 0.186607 0.944627
vt 0.186598 0.944627
vt 0.157433 0.920191
vt 0.155754 0.917567
vt 0.153903 0.914736
vt 0.151965 0.911765
vt 0.150005 0.908674
vt 0.148066 0.905565
vt 0.136194 0.941373
vt 0.186684 0.944578
vt 0.186637 0.944625
vt 0.186683 0.944567
vt 0.186682 0.944561
vt 0.186682 0.944555
vt 0.207691 0.926458
vt 0.210102 0.924287
vt 0.212650 0.922056
vt 0.218110 0.917299
vt 0.220910 0.914875
vt 0.186712 0.944595
vt 0.186685 0.944585
vt 0.186717 0.944594
vt 0.186683 0.944573
vt 0.186722 0.944592
vt 0.186727 0.944590
vt 0.186733 0.944589
vt 0.207444 0.977694
vt 0.209894 0.979655
vt 0.212498 0.981876
vt 0.215256 0.984251
vt 0.215349 0.919696
vt 0.218069 0.986613
vt 0.220910 0.989029
vt 0.186703 0.944592
vt 0.365368 0.250319
vt 0.352349 0.265139
vt 0.352222 0.265274
vt 0.362717 0.254119
vt 0.351950 0.265419
vt 0.360026 0.257734
vt 0.351517 0.265573
vt 0.357322 0.261168
vt 0.350940 0.265727
vt 0.354642 0.264457
vt 0.350266 0.265872
vt 0.347366 0.266546
vt 0.337311 0.261029
vt 0.348278 0.266307
vt 0.337372 0.257930
vt 0.349327 0.266026
vt 0.337659 0.254576
vt 0.338296 0.250986
vt 0.339323 0.247237
vt 0.350469 0.265713
vt 0.352816 0.265052
vt 0.340681 0.243447
vt 0.391342 0.260716
vt 0.367970 0.246362
vt 0.382323 0.262284
vt 0.373617 0.263813
vt 0.365250 0.265304
vt 0.357197 0.266761
vt 0.342614 0.276657
vt 0.343878 0.279526
vt 0.345490 0.282545
vt 0.347554 0.285652
vt 0.350070 0.288764
vt 0.351649 0.265384
vt 0.352928 0.291795
vt 0.367004 0.277727
vt 0.400596 0.259119
vt 0.362868 0.275181
vt 0.358707 0.272834
vt 0.354527 0.270675
vt 0.322029 0.273105
vt 0.285434 0.280006
vt 0.265603 0.283766
vt 0.244807 0.287714
vt 0.371114 0.280446
vt 0.350330 0.268659
vt 0.304209 0.276458
vt 0.223358 0.291795
vt 0.055373 0.061692
vt 0.057945 0.053857
vt 0.055914 0.062319
vt 0.054817 0.061054
vt 0.057451 0.053400
vt 0.054260 0.060422
vt 0.056988 0.052953
vt 0.053715 0.059809
vt 0.056552 0.052510
vt 0.053191 0.059226
vt 0.056133 0.052062
vt 0.043817 0.038487
vt 0.033134 0.039246
vt 0.043584 0.037741
vt 0.032167 0.038364
vt 0.043362 0.036993
vt 0.031106 0.037388
vt 0.043141 0.036191
vt 0.029963 0.036330
vt 0.042937 0.035348
vt 0.028756 0.035207
vt 0.042741 0.034438
vt 0.027517 0.034048
vt 0.085892 0.044871
vt 0.086066 0.044221
vt 0.086215 0.043588
vt 0.086344 0.042960
vt 0.086471 0.042309
vt 0.055712 0.051621
vt 0.083036 0.016961
vt 0.082507 0.016313
vt 0.081339 0.015002
vt 0.080673 0.014303
vt 0.092766 0.051933
vt 0.085691 0.045548
vt 0.092938 0.050936
vt 0.093102 0.049948
vt 0.093248 0.048981
vt 0.093369 0.048045
vt 0.091262 0.007770
vt 0.083544 0.017594
vt 0.090906 0.006420
vt 0.081950 0.015675
vt 0.090505 0.005007
vt 0.090080 0.003547
vt 0.089651 0.002070
vt 0.118089 0.038999
vt 0.092593 0.052926
vt 0.118160 0.038310
vt 0.118238 0.037635
vt 0.118323 0.036965
vt 0.118421 0.036286
vt 0.121975 0.024860
vt 0.122235 0.024093
vt 0.122499 0.023341
vt 0.122788 0.022565
vt 0.123111 0.021743
vt 0.123472 0.020854
vt 0.089235 0.000604
vt 0.123366 0.043525
vt 0.124084 0.043496
vt 0.124794 0.043448
vt 0.125512 0.043378
vt 0.126281 0.043292
vt 0.118516 0.035588
vt 0.136294 0.027427
vt 0.136310 0.026576
vt 0.136319 0.025693
vt 0.136312 0.024766
vt 0.136290 0.023763
vt 0.136247 0.022650
vt 0.110898 0.059334
vt 0.122628 0.043536
vt 0.112033 0.059450
vt 0.113182 0.059534
vt 0.114311 0.059594
vt 0.115452 0.059608
vt 0.167308 0.023025
vt 0.168021 0.021481
vt 0.168751 0.019887
vt 0.169488 0.018260
vt 0.170203 0.016637
vt 0.136849 0.125739
vt 0.109771 0.059199
vt 0.137784 0.124417
vt 0.139612 0.121852
vt 0.140505 0.120619
vt 0.207328 0.086351
vt 0.209044 0.086282
vt 0.210758 0.086246
vt 0.212491 0.086218
vt 0.215955 0.086168
vt 0.170931 0.015013
vt 0.166432 0.126758
vt 0.135918 0.127068
vt 0.166967 0.125924
vt 0.138695 0.123124
vt 0.167499 0.125129
vt 0.168037 0.124358
vt 0.168594 0.123591
vt 0.191197 0.114380
vt 0.192262 0.114590
vt 0.193293 0.114807
vt 0.194346 0.115057
vt 0.195455 0.115345
vt 0.214244 0.086186
vt 0.196648 0.115678
vt 0.170419 0.135720
vt 0.171313 0.136025
vt 0.172198 0.136304
vt 0.173097 0.136563
vt 0.174056 0.136828
vt 0.169160 0.122807
vt 0.193221 0.132699
vt 0.194186 0.132313
vt 0.195173 0.131918
vt 0.196191 0.131495
vt 0.197271 0.131031
vt 0.198441 0.130515
vt 0.147713 0.152808
vt 0.169497 0.135383
vt 0.149332 0.153148
vt 0.150935 0.153465
vt 0.152493 0.153761
vt 0.153984 0.154045
vt 0.212690 0.158431
vt 0.214498 0.158451
vt 0.216387 0.158482
vt 0.218324 0.158514
vt 0.220262 0.158532
vt 0.153441 0.167935
vt 0.146110 0.152448
vt 0.154868 0.168088
vt 0.156163 0.168224
vt 0.157345 0.168347
vt 0.158453 0.168462
vt 0.202512 0.173196
vt 0.203819 0.173448
vt 0.205094 0.173694
vt 0.206469 0.173957
vt 0.207991 0.174245
vt 0.209686 0.174559
vt 0.222149 0.158532
vt 0.144511 0.181842
vt 0.146325 0.181757
vt 0.148096 0.181679
vt 0.149785 0.181609
vt 0.151367 0.181547
vt 0.159599 0.168581
vt 0.206369 0.191333
vt 0.208102 0.192031
vt 0.209954 0.192795
vt 0.211892 0.193613
vt 0.213868 0.194462
vt 0.154537 0.194840
vt 0.142703 0.181931
vt 0.155690 0.194490
vt 0.156791 0.194188
vt 0.157853 0.193930
vt 0.158897 0.193710
vt 0.192220 0.200275
vt 0.193130 0.201018
vt 0.194043 0.201772
vt 0.194963 0.202579
vt 0.195908 0.203458
vt 0.196890 0.204422
vt 0.215817 0.195314
vt 0.148082 0.247990
vt 0.148827 0.248478
vt 0.149554 0.248935
vt 0.150286 0.249370
vt 0.151055 0.249817
vt 0.159923 0.193496
vt 0.167633 0.260619
vt 0.169823 0.261110
vt 0.170981 0.261341
vt 0.172215 0.261562
vt 0.173542 0.261774
vt 0.139161 0.252395
vt 0.147305 0.247470
vt 0.140026 0.252824
vt 0.140869 0.253269
vt 0.141671 0.253724
vt 0.142420 0.254180
vt 0.167537 0.275747
vt 0.168720 0.260868
vt 0.168787 0.276893
vt 0.170156 0.278195
vt 0.171629 0.279647
vt 0.173185 0.281225
vt 0.140493 0.260551
vt 0.138300 0.251991
vt 0.141083 0.260740
vt 0.141636 0.260936
vt 0.142161 0.261141
vt 0.142668 0.261357
vt 0.143170 0.261571
vt 0.155051 0.276942
vt 0.155154 0.277728
vt 0.155233 0.278556
vt 0.155286 0.279449
vt 0.155312 0.280426
vt 0.174791 0.282889
vt 0.130932 0.269166
vt 0.130990 0.269662
vt 0.131051 0.270163
vt 0.131115 0.270679
vt 0.131181 0.271232
vt 0.132502 0.281638
vt 0.154928 0.276160
vt 0.132700 0.282327
vt 0.132913 0.283065
vt 0.133108 0.283808
vt 0.133305 0.284595
vt 0.133564 0.285469
vt 0.125701 0.266343
vt 0.130875 0.268664
vt 0.125206 0.266542
vt 0.124736 0.266754
vt 0.124270 0.266986
vt 0.119539 0.285912
vt 0.119869 0.286640
vt 0.120629 0.288139
vt 0.121106 0.288989
vt 0.128250 0.259283
vt 0.126229 0.266153
vt 0.127417 0.259468
vt 0.126588 0.259682
vt 0.125783 0.259927
vt 0.125016 0.260198
vt 0.123801 0.267223
vt 0.107920 0.293217
vt 0.120223 0.287358
vt 0.107711 0.294946
vt 0.107533 0.296838
vt 0.107386 0.298860
vt 0.121697 0.289868
vt 0.107268 0.300957
vt 0.122425 0.251986
vt 0.129065 0.259130
vt 0.121370 0.252004
vt 0.120384 0.252051
vt 0.119455 0.252117
vt 0.118554 0.252198
vt 0.095253 0.280644
vt 0.094756 0.281969
vt 0.094285 0.283265
vt 0.093797 0.284672
vt 0.093278 0.286244
vt 0.092729 0.288015
vt 0.107175 0.303050
vt 0.129963 0.240483
vt 0.128625 0.240067
vt 0.127239 0.239678
vt 0.125817 0.239342
vt 0.124407 0.239048
vt 0.117584 0.252296
vt 0.072227 0.281359
vt 0.071328 0.283516
vt 0.070456 0.285761
vt 0.069590 0.288073
vt 0.068746 0.290388
vt 0.128911 0.204104
vt 0.131226 0.240902
vt 0.127179 0.205065
vt 0.125426 0.206082
vt 0.122061 0.208218
vt 0.043243 0.247692
vt 0.038492 0.249010
vt 0.036082 0.249650
vt 0.033724 0.250259
vt 0.031477 0.250838
vt 0.067930 0.292641
vt 0.111898 0.189544
vt 0.130583 0.203216
vt 0.109663 0.190072
vt 0.107569 0.190590
vt 0.123719 0.207144
vt 0.105590 0.191100
vt 0.103661 0.191610
vt 0.046203 0.220114
vt 0.044247 0.221242
vt 0.040893 0.248352
vt 0.042430 0.222294
vt 0.040556 0.223386
vt 0.038567 0.224552
vt 0.036441 0.225802
vt 0.121331 0.165793
vt 0.118877 0.165650
vt 0.116319 0.165530
vt 0.113737 0.165461
vt 0.111167 0.165453
vt 0.101579 0.192171
vt 0.019435 0.208416
vt 0.017899 0.210334
vt 0.016318 0.212297
vt 0.014755 0.214234
vt 0.013258 0.216078
vt 0.111641 0.144529
vt 0.123628 0.165925
vt 0.110172 0.145984
vt 0.108633 0.147443
vt 0.107043 0.148873
vt 0.105439 0.150247
vt 0.010655 0.195075
vt 0.008539 0.195613
vt 0.006457 0.196036
vt 0.004419 0.196355
vt 0.002459 0.196595
vt 0.000605 0.196790
vt 0.011861 0.217776
vt 0.054878 0.120071
vt 0.113028 0.143110
vt 0.053612 0.120885
vt 0.052412 0.121650
vt 0.051270 0.122379
vt 0.050163 0.123090
vt 0.023372 0.132745
vt 0.021896 0.133143
vt 0.020476 0.133530
vt 0.018986 0.133948
vt 0.017391 0.134410
vt 0.015679 0.134919
vt 0.055632 0.106753
vt 0.054372 0.107298
vt 0.053092 0.107825
vt 0.051824 0.108316
vt 0.050593 0.108758
vt 0.048981 0.123848
vt 0.010075 0.119077
vt 0.008318 0.119490
vt 0.006446 0.119896
vt 0.004495 0.120286
vt 0.002525 0.120656
vt 0.045479 0.098870
vt 0.056835 0.106211
vt 0.044539 0.099226
vt 0.043669 0.099538
vt 0.042863 0.099814
vt 0.042095 0.100068
vt 0.016258 0.103844
vt 0.015123 0.103840
vt 0.014008 0.103832
vt 0.012799 0.103817
vt 0.011450 0.103791
vt 0.009939 0.103751
vt 0.000605 0.121000
vt 0.047691 0.089653
vt 0.046747 0.089908
vt 0.045797 0.090151
vt 0.044865 0.090376
vt 0.043968 0.090577
vt 0.041289 0.100328
vt 0.010326 0.089868
vt 0.008860 0.089546
vt 0.007282 0.089171
vt 0.005617 0.088747
vt 0.003909 0.088288
vt 0.041233 0.083242
vt 0.048601 0.089397
vt 0.040559 0.083451
vt 0.039910 0.083633
vt 0.039287 0.083791
vt 0.038658 0.083929
vt 0.038033 0.084071
vt 0.019357 0.081106
vt 0.018705 0.080627
vt 0.018047 0.080108
vt 0.017350 0.079534
vt 0.016645 0.078900
vt 0.002214 0.087810
vt 0.047209 0.062520
vt 0.046812 0.062036
vt 0.046002 0.061132
vt 0.045577 0.060677
vt 0.032840 0.050489
vt 0.020027 0.081579
vt 0.032103 0.050317
vt 0.031339 0.050145
vt 0.030537 0.049985
vt 0.028774 0.049709
vt 0.047614 0.063037
vt 0.046406 0.061573
vt 0.029697 0.049849
vt 0.736693 0.759496
vt 0.724045 0.727728
vt 0.727328 0.729071
vt 0.738742 0.756922
vt 0.730687 0.730469
vt 0.740778 0.754386
vt 0.734024 0.731849
vt 0.742722 0.751966
vt 0.737211 0.733168
vt 0.744477 0.749743
vt 0.740175 0.734428
vt 0.783627 0.721477
vt 0.782995 0.721827
vt 0.783515 0.721446
vt 0.782925 0.721753
vt 0.783411 0.721423
vt 0.782856 0.721684
vt 0.783313 0.721404
vt 0.782787 0.721623
vt 0.783222 0.721394
vt 0.782720 0.721568
vt 0.783131 0.721391
vt 0.782651 0.721497
vt 0.799555 0.760492
vt 0.734678 0.762056
vt 0.797660 0.757905
vt 0.795818 0.755348
vt 0.794090 0.752880
vt 0.784288 0.720879
vt 0.784172 0.720817
vt 0.783958 0.720700
vt 0.783862 0.720644
vt 0.783773 0.720589
vt 0.808313 0.734310
vt 0.801433 0.763055
vt 0.806080 0.732600
vt 0.804085 0.731133
vt 0.802296 0.729873
vt 0.792511 0.750463
vt 0.800646 0.728763
vt 0.784133 0.719696
vt 0.784091 0.719780
vt 0.784054 0.719848
vt 0.784060 0.720758
vt 0.784015 0.719909
vt 0.783973 0.719967
vt 0.783930 0.720021
vt 0.841310 0.713905
vt 0.837803 0.712187
vt 0.834300 0.710507
vt 0.830986 0.708912
vt 0.827901 0.707399
vt 0.798964 0.727681
vt 0.783315 0.719872
vt 0.783313 0.719939
vt 0.783314 0.720000
vt 0.783316 0.720052
vt 0.783323 0.720090
vt 0.832974 0.679750
vt 0.844749 0.715581
vt 0.830532 0.682634
vt 0.825868 0.688167
vt 0.823793 0.690675
vt 0.782534 0.720082
vt 0.782614 0.720131
vt 0.782683 0.720175
vt 0.782746 0.720211
vt 0.782841 0.720225
vt 0.783327 0.720145
vt 0.763779 0.679560
vt 0.835396 0.676873
vt 0.765902 0.682261
vt 0.767949 0.684924
vt 0.828168 0.685454
vt 0.769858 0.687490
vt 0.781856 0.720590
vt 0.781983 0.720804
vt 0.782038 0.720904
vt 0.782085 0.721001
vt 0.782808 0.720241
vt 0.756120 0.708100
vt 0.761656 0.676873
vt 0.758439 0.709649
vt 0.760496 0.710978
vt 0.762330 0.712118
vt 0.771595 0.690000
vt 0.764014 0.713122
vt 0.781893 0.721356
vt 0.781946 0.721386
vt 0.781923 0.720699
vt 0.781985 0.721424
vt 0.782019 0.721465
vt 0.782050 0.721508
vt 0.782078 0.721553
vt 0.782147 0.721103
vt 0.765725 0.714101
vt 0.692161 0.685272
vt 0.655300 0.709253
vt 0.655561 0.707237
vt 0.690282 0.684243
vt 0.655778 0.705429
vt 0.688548 0.683370
vt 0.655962 0.703777
vt 0.686901 0.682619
vt 0.656126 0.702233
vt 0.685363 0.681947
vt 0.656299 0.700803
vt 0.659880 0.678341
vt 0.659369 0.680111
vt 0.659314 0.680107
vt 0.659813 0.678577
vt 0.659258 0.680104
vt 0.659786 0.678693
vt 0.659204 0.680102
vt 0.659760 0.678811
vt 0.659150 0.680102
vt 0.659733 0.678932
vt 0.659096 0.680103
vt 0.694889 0.644724
vt 0.694249 0.686494
vt 0.691832 0.645112
vt 0.689194 0.645599
vt 0.686834 0.646163
vt 0.684605 0.646805
vt 0.658333 0.677945
vt 0.658428 0.678038
vt 0.659844 0.678460
vt 0.658528 0.678132
vt 0.658634 0.678227
vt 0.658748 0.678326
vt 0.658869 0.678429
vt 0.669915 0.571188
vt 0.698537 0.644460
vt 0.668318 0.584058
vt 0.667049 0.594779
vt 0.666067 0.603568
vt 0.665314 0.610701
vt 0.657613 0.678758
vt 0.657802 0.678845
vt 0.657982 0.678932
vt 0.658152 0.679018
vt 0.658312 0.679103
vt 0.620911 0.637765
vt 0.671868 0.556022
vt 0.624925 0.639381
vt 0.628219 0.640840
vt 0.631016 0.642197
vt 0.633401 0.643406
vt 0.657380 0.679319
vt 0.657436 0.679331
vt 0.657497 0.679345
vt 0.657563 0.679360
vt 0.657634 0.679378
vt 0.657713 0.679398
vt 0.658460 0.679183
vt 0.623130 0.681206
vt 0.625103 0.680648
vt 0.626901 0.680150
vt 0.630259 0.679357
vt 0.635629 0.644693
vt 0.657965 0.680081
vt 0.657945 0.680053
vt 0.657926 0.680028
vt 0.657887 0.679985
vt 0.657869 0.679966
vt 0.620911 0.681840
vt 0.628657 0.679716
vt 0.657906 0.680006
vt 0.321793 0.337552
vt 0.306725 0.325432
vt 0.324247 0.338687
vt 0.319291 0.336423
vt 0.307081 0.326100
vt 0.316672 0.335256
vt 0.307421 0.326840
vt 0.313966 0.334073
vt 0.307751 0.327649
vt 0.311175 0.332890
vt 0.308076 0.328525
vt 0.286731 0.311223
vt 0.231297 0.322990
vt 0.286590 0.310311
vt 0.230108 0.321898
vt 0.286446 0.309375
vt 0.228971 0.320783
vt 0.286324 0.308419
vt 0.227896 0.319648
vt 0.286214 0.307387
vt 0.226890 0.318515
vt 0.286117 0.306258
vt 0.225944 0.317408
vt 0.310495 0.321658
vt 0.310878 0.321300
vt 0.311266 0.320888
vt 0.312004 0.319890
vt 0.308395 0.329481
vt 0.302564 0.308417
vt 0.302557 0.307643
vt 0.302552 0.306022
vt 0.302570 0.305163
vt 0.302598 0.304259
vt 0.350118 0.341745
vt 0.310120 0.321986
vt 0.350873 0.340970
vt 0.351256 0.340577
vt 0.311646 0.320410
vt 0.351638 0.340178
vt 0.363612 0.322700
vt 0.363739 0.322073
vt 0.363873 0.321429
vt 0.302549 0.306862
vt 0.364164 0.320139
vt 0.364329 0.319461
vt 0.351910 0.347973
vt 0.349734 0.342134
vt 0.352654 0.347939
vt 0.350498 0.341355
vt 0.353352 0.347912
vt 0.354015 0.347899
vt 0.354666 0.347918
vt 0.376374 0.325093
vt 0.376229 0.324316
vt 0.376091 0.323499
vt 0.375943 0.322627
vt 0.364010 0.320796
vt 0.375769 0.321664
vt 0.375547 0.320581
vt 0.345519 0.351760
vt 0.351113 0.348004
vt 0.346959 0.351800
vt 0.348471 0.351771
vt 0.350026 0.351662
vt 0.351607 0.351464
vt 0.389073 0.322395
vt 0.390176 0.320464
vt 0.391246 0.318292
vt 0.392268 0.315917
vt 0.393218 0.313413
vt 0.347589 0.365396
vt 0.344186 0.351665
vt 0.349401 0.366158
vt 0.351116 0.366843
vt 0.352742 0.367472
vt 0.354312 0.368074
vt 0.399979 0.346016
vt 0.401289 0.344455
vt 0.402563 0.342932
vt 0.403938 0.341281
vt 0.405459 0.339428
vt 0.407138 0.337325
vt 0.394068 0.310878
vt 0.335471 0.371297
vt 0.336415 0.372878
vt 0.337484 0.374385
vt 0.338623 0.375758
vt 0.339792 0.376969
vt 0.355952 0.368721
vt 0.430820 0.358679
vt 0.433124 0.356368
vt 0.435586 0.353901
vt 0.438107 0.351351
vt 0.440598 0.348814
vt 0.330731 0.395323
vt 0.334688 0.369705
vt 0.332955 0.394514
vt 0.335162 0.393703
vt 0.337273 0.392927
vt 0.339206 0.392216
vt 0.436413 0.377880
vt 0.439585 0.378475
vt 0.442841 0.379188
vt 0.446122 0.380012
vt 0.449320 0.380898
vt 0.452356 0.381775
vt 0.442995 0.346386
vt 0.352231 0.413909
vt 0.328553 0.396088
vt 0.354082 0.413029
vt 0.355800 0.412238
vt 0.357406 0.411517
vt 0.358959 0.410835
vt 0.417311 0.402525
vt 0.419440 0.402998
vt 0.421484 0.403458
vt 0.423656 0.403959
vt 0.426031 0.404528
vt 0.428641 0.405183
vt 0.348395 0.435077
vt 0.350498 0.434399
vt 0.352571 0.433767
vt 0.354570 0.433207
vt 0.356466 0.432732
vt 0.360633 0.410111
vt 0.425150 0.429354
vt 0.427594 0.429945
vt 0.430178 0.430646
vt 0.432857 0.431442
vt 0.435560 0.432301
vt 0.364603 0.447039
vt 0.346315 0.435772
vt 0.365633 0.446326
vt 0.366631 0.445680
vt 0.367610 0.445087
vt 0.368587 0.444530
vt 0.409605 0.443142
vt 0.410778 0.443903
vt 0.411960 0.444683
vt 0.413159 0.445530
vt 0.414401 0.446468
vt 0.415701 0.447516
vt 0.438199 0.433187
vt 0.363968 0.484617
vt 0.364956 0.485248
vt 0.365922 0.485844
vt 0.366888 0.486415
vt 0.367891 0.487006
vt 0.369554 0.443975
vt 0.392329 0.500127
vt 0.395093 0.500567
vt 0.396551 0.500746
vt 0.398111 0.500897
vt 0.399800 0.501019
vt 0.352731 0.489556
vt 0.362944 0.483944
vt 0.353925 0.490234
vt 0.355078 0.490915
vt 0.356166 0.491591
vt 0.357178 0.492254
vt 0.393601 0.519833
vt 0.393703 0.500359
vt 0.395334 0.520962
vt 0.397218 0.522279
vt 0.399236 0.523780
vt 0.401354 0.525443
vt 0.354909 0.500826
vt 0.351521 0.488891
vt 0.355692 0.501041
vt 0.356445 0.501265
vt 0.357166 0.501492
vt 0.357885 0.501731
vt 0.358601 0.501959
vt 0.379641 0.523633
vt 0.379809 0.524436
vt 0.379954 0.525278
vt 0.380089 0.526192
vt 0.380185 0.527148
vt 0.403532 0.527229
vt 0.336328 0.519780
vt 0.336411 0.520413
vt 0.336593 0.521712
vt 0.336691 0.522381
vt 0.338719 0.532931
vt 0.379452 0.522837
vt 0.338772 0.533627
vt 0.338823 0.534340
vt 0.338866 0.535058
vt 0.338942 0.536535
vt 0.319823 0.514984
vt 0.336245 0.519146
vt 0.319296 0.515217
vt 0.318750 0.515457
vt 0.336502 0.521059
vt 0.318185 0.515704
vt 0.310514 0.529790
vt 0.310370 0.530494
vt 0.310229 0.531223
vt 0.310092 0.531970
vt 0.309950 0.532723
vt 0.338910 0.535776
vt 0.309804 0.533505
vt 0.316772 0.490842
vt 0.320356 0.514752
vt 0.315482 0.490209
vt 0.314856 0.489937
vt 0.314204 0.489663
vt 0.317627 0.515948
vt 0.272480 0.520632
vt 0.272578 0.521634
vt 0.272692 0.522661
vt 0.273046 0.524779
vt 0.273304 0.525933
vt 0.328597 0.482355
vt 0.317449 0.491226
vt 0.327132 0.481785
vt 0.316112 0.490506
vt 0.325655 0.481270
vt 0.324192 0.480842
vt 0.322757 0.480513
vt 0.254966 0.527346
vt 0.254787 0.529466
vt 0.272846 0.523685
vt 0.254710 0.531723
vt 0.254738 0.534055
vt 0.254850 0.536385
vt 0.326222 0.468194
vt 0.329952 0.482890
vt 0.325045 0.468772
vt 0.323755 0.469405
vt 0.322391 0.470138
vt 0.321035 0.470853
vt 0.240372 0.518924
vt 0.238130 0.520837
vt 0.235896 0.522739
vt 0.233681 0.524606
vt 0.231580 0.526374
vt 0.229637 0.528029
vt 0.255016 0.538644
vt 0.318271 0.458447
vt 0.327213 0.467658
vt 0.317489 0.459455
vt 0.316629 0.460548
vt 0.314845 0.462838
vt 0.233965 0.501016
vt 0.228131 0.500581
vt 0.225196 0.500240
vt 0.222385 0.499855
vt 0.219762 0.499483
vt 0.307194 0.451181
vt 0.319161 0.457361
vt 0.305624 0.451520
vt 0.304119 0.451863
vt 0.315772 0.461692
vt 0.302659 0.452193
vt 0.301194 0.452514
vt 0.246151 0.473175
vt 0.243994 0.473447
vt 0.231094 0.500836
vt 0.241965 0.473689
vt 0.239846 0.473917
vt 0.237571 0.474128
vt 0.235111 0.474313
vt 0.315740 0.428412
vt 0.313547 0.429152
vt 0.311433 0.429854
vt 0.309415 0.430519
vt 0.307512 0.431159
vt 0.299561 0.452853
vt 0.229729 0.453490
vt 0.227622 0.454081
vt 0.225486 0.454652
vt 0.223354 0.455179
vt 0.221266 0.455651
vt 0.271642 0.394775
vt 0.317994 0.427639
vt 0.270531 0.395250
vt 0.269461 0.395673
vt 0.268413 0.396061
vt 0.267375 0.396417
vt 0.248329 0.399290
vt 0.247110 0.399224
vt 0.245902 0.399147
vt 0.244686 0.399037
vt 0.243404 0.398894
vt 0.242025 0.398717
vt 0.219269 0.456061
vt 0.271611 0.382722
vt 0.270821 0.382024
vt 0.270043 0.381382
vt 0.268405 0.380142
vt 0.266318 0.396780
vt 0.243870 0.379463
vt 0.242907 0.379967
vt 0.240920 0.381056
vt 0.239824 0.381702
vt 0.238623 0.382441
vt 0.286990 0.377961
vt 0.272432 0.383493
vt 0.285596 0.376969
vt 0.284193 0.376008
vt 0.282810 0.375108
vt 0.269243 0.380766
vt 0.281469 0.374285
vt 0.232442 0.367477
vt 0.241943 0.380483
vt 0.230650 0.367827
vt 0.228741 0.368219
vt 0.226751 0.368639
vt 0.224737 0.369073
vt 0.289390 0.361659
vt 0.288338 0.378947
vt 0.288092 0.360438
vt 0.286873 0.359340
vt 0.285726 0.358341
vt 0.284619 0.357404
vt 0.239442 0.350279
vt 0.238022 0.350420
vt 0.236661 0.350557
vt 0.235214 0.350706
vt 0.233630 0.350872
vt 0.231888 0.351056
vt 0.222767 0.369501
vt 0.312499 0.355095
vt 0.310840 0.353280
vt 0.309208 0.351439
vt 0.307551 0.349643
vt 0.305878 0.347946
vt 0.283441 0.356420
vt 0.228401 0.333416
vt 0.226641 0.333756
vt 0.224779 0.334100
vt 0.222886 0.334443
vt 0.221031 0.334769
vt 0.314046 0.356817
vt 0.219269 0.335064
vt 0.894420 0.844534
vt 0.883109 0.843893
vt 0.886290 0.845138
vt 0.895174 0.845881
vt 0.889283 0.846308
vt 0.896033 0.847085
vt 0.892030 0.847381
vt 0.896972 0.848146
vt 0.894532 0.848350
vt 0.897939 0.849077
vt 0.896761 0.849216
vt 0.929672 0.858630
vt 0.925571 0.860440
vt 0.930838 0.855768
vt 0.923909 0.859789
vt 0.931891 0.852377
vt 0.921929 0.859013
vt 0.932678 0.848496
vt 0.919716 0.858149
vt 0.933114 0.844244
vt 0.917393 0.857243
vt 0.933199 0.839823
vt 0.915084 0.856347
vt 0.896695 0.849182
vt 0.893768 0.843064
vt 0.896954 0.849280
vt 0.897357 0.849436
vt 0.897889 0.849644
vt 0.933859 0.863650
vt 0.940617 0.866281
vt 0.957306 0.872782
vt 0.967221 0.876660
vt 0.891881 0.851074
vt 0.896564 0.849135
vt 0.893354 0.850593
vt 0.894803 0.850287
vt 0.896195 0.850144
vt 0.897544 0.850110
vt 0.898517 0.849892
vt 0.927373 0.864547
vt 0.926287 0.867447
vt 0.924767 0.870644
vt 0.948372 0.869291
vt 0.922714 0.874044
vt 0.920161 0.877469
vt 0.917241 0.880775
vt 0.977785 0.880775
vt 0.890397 0.851714
vt 0.671605 0.477017
vt 0.670511 0.473397
vt 0.670469 0.473522
vt 0.671599 0.476990
vt 0.670373 0.473710
vt 0.671594 0.476969
vt 0.670219 0.473962
vt 0.671597 0.476951
vt 0.670004 0.474285
vt 0.671615 0.476931
vt 0.669726 0.474682
vt 0.679755 0.474958
vt 0.676728 0.467604
vt 0.680160 0.474963
vt 0.677571 0.468103
vt 0.680600 0.474956
vt 0.678313 0.468631
vt 0.681052 0.474943
vt 0.678981 0.469232
vt 0.681541 0.474914
vt 0.679580 0.469932
vt 0.682082 0.474857
vt 0.680102 0.470757
vt 0.665289 0.483400
vt 0.671605 0.477055
vt 0.665602 0.483986
vt 0.665928 0.484552
vt 0.666268 0.485111
vt 0.680116 0.495356
vt 0.680846 0.495396
vt 0.682444 0.495394
vt 0.683359 0.495340
vt 0.684371 0.495238
vt 0.658145 0.480895
vt 0.664988 0.482784
vt 0.658373 0.481752
vt 0.658635 0.482588
vt 0.658922 0.483387
vt 0.659224 0.484139
vt 0.666613 0.485680
vt 0.679666 0.508890
vt 0.681607 0.495410
vt 0.680920 0.510094
vt 0.682331 0.511428
vt 0.683892 0.512883
vt 0.685576 0.514432
vt 0.652102 0.487714
vt 0.657962 0.480037
vt 0.652621 0.488298
vt 0.653109 0.488845
vt 0.653568 0.489352
vt 0.654003 0.489860
vt 0.666047 0.509404
vt 0.666172 0.510460
vt 0.666291 0.511531
vt 0.666396 0.512673
vt 0.666508 0.513941
vt 0.666587 0.515303
vt 0.687347 0.516041
vt 0.621651 0.483010
vt 0.621001 0.483831
vt 0.619820 0.485514
vt 0.619228 0.486403
vt 0.654444 0.490354
vt 0.613180 0.519174
vt 0.613650 0.520443
vt 0.614161 0.521749
vt 0.614739 0.523085
vt 0.616164 0.525903
vt 0.617930 0.467940
vt 0.622361 0.482183
vt 0.616817 0.469098
vt 0.615737 0.470263
vt 0.620392 0.484671
vt 0.614715 0.471411
vt 0.613768 0.472520
vt 0.593266 0.531422
vt 0.593045 0.534238
vt 0.592876 0.537282
vt 0.615403 0.524440
vt 0.592762 0.540506
vt 0.592703 0.543822
vt 0.601539 0.463889
vt 0.619047 0.466818
vt 0.600462 0.464923
vt 0.599455 0.465896
vt 0.598512 0.466823
vt 0.597605 0.467734
vt 0.571095 0.512849
vt 0.570420 0.515080
vt 0.569789 0.517255
vt 0.569145 0.519615
vt 0.568476 0.522256
vt 0.567784 0.525230
vt 0.592696 0.547118
vt 0.599639 0.449504
vt 0.598344 0.449926
vt 0.596981 0.450401
vt 0.595604 0.450922
vt 0.594243 0.451473
vt 0.596640 0.468724
vt 0.533873 0.516429
vt 0.532704 0.519919
vt 0.531444 0.523672
vt 0.530169 0.527561
vt 0.528928 0.531441
vt 0.589954 0.441080
vt 0.600826 0.449122
vt 0.589352 0.442030
vt 0.588689 0.443067
vt 0.587986 0.444138
vt 0.587272 0.445189
vt 0.519943 0.500664
vt 0.516243 0.501412
vt 0.512353 0.502113
vt 0.508348 0.502739
vt 0.504380 0.503283
vt 0.500583 0.503783
vt 0.527735 0.535184
vt 0.575869 0.436959
vt 0.590463 0.440333
vt 0.574755 0.437897
vt 0.573739 0.438755
vt 0.572810 0.439546
vt 0.571946 0.440304
vt 0.529899 0.466378
vt 0.527604 0.466530
vt 0.525331 0.466666
vt 0.522839 0.466797
vt 0.520027 0.466918
vt 0.516840 0.467023
vt 0.569811 0.424335
vt 0.568434 0.424959
vt 0.566999 0.425518
vt 0.565515 0.425983
vt 0.563986 0.426341
vt 0.571072 0.441130
vt 0.516892 0.439990
vt 0.513775 0.438903
vt 0.510345 0.437673
vt 0.506647 0.436323
vt 0.502776 0.434890
vt 0.562701 0.422763
vt 0.571021 0.423757
vt 0.562631 0.423249
vt 0.562615 0.423719
vt 0.562659 0.424186
vt 0.562770 0.424663
vt 0.540018 0.424151
vt 0.538852 0.423319
vt 0.537767 0.422415
vt 0.536722 0.421360
vt 0.535694 0.420096
vt 0.534674 0.418564
vt 0.498869 0.433432
vt 0.561164 0.416961
vt 0.560769 0.416828
vt 0.560372 0.416692
vt 0.559958 0.416550
vt 0.559527 0.416412
vt 0.562966 0.425165
vt 0.546858 0.412388
vt 0.546252 0.411916
vt 0.545612 0.411421
vt 0.544957 0.410906
vt 0.544267 0.410360
vt 0.543525 0.409770
vt 0.571140 0.410137
vt 0.561568 0.417092
vt 0.571145 0.409547
vt 0.571124 0.408982
vt 0.571081 0.408428
vt 0.571020 0.407854
vt 0.559732 0.390163
vt 0.558145 0.389329
vt 0.557274 0.388915
vt 0.556316 0.388494
vt 0.555251 0.388063
vt 0.579006 0.414471
vt 0.571110 0.410763
vt 0.578944 0.413504
vt 0.578867 0.412566
vt 0.578776 0.411676
vt 0.578675 0.410846
vt 0.565387 0.376995
vt 0.558955 0.389743
vt 0.564663 0.375295
vt 0.563843 0.373403
vt 0.562929 0.371329
vt 0.561935 0.369111
vt 0.586556 0.407999
vt 0.579050 0.415444
vt 0.586390 0.407266
vt 0.586250 0.406559
vt 0.586137 0.405867
vt 0.586045 0.405173
vt 0.579107 0.382166
vt 0.579317 0.381064
vt 0.579543 0.379959
vt 0.579812 0.378798
vt 0.580133 0.377552
vt 0.580514 0.376204
vt 0.560886 0.366799
vt 0.616747 0.416971
vt 0.617497 0.416511
vt 0.618189 0.416051
vt 0.618842 0.415577
vt 0.619504 0.415072
vt 0.585944 0.404470
vt 0.631036 0.385891
vt 0.630878 0.384677
vt 0.630701 0.383421
vt 0.630480 0.382121
vt 0.630206 0.380753
vt 0.629870 0.379298
vt 0.618710 0.431657
vt 0.615925 0.417435
vt 0.619930 0.430610
vt 0.621112 0.429578
vt 0.622230 0.428577
vt 0.623270 0.427620
vt 0.649737 0.379642
vt 0.650478 0.377353
vt 0.651222 0.374869
vt 0.651956 0.372231
vt 0.652667 0.369511
vt 0.634187 0.436197
vt 0.617483 0.432697
vt 0.635227 0.435434
vt 0.636194 0.434739
vt 0.637096 0.434098
vt 0.637961 0.433485
vt 0.665151 0.399313
vt 0.666009 0.397599
vt 0.666835 0.395935
vt 0.667713 0.394137
vt 0.668671 0.392132
vt 0.669716 0.389881
vt 0.653335 0.366799
vt 0.635753 0.449510
vt 0.636966 0.448958
vt 0.638232 0.448364
vt 0.639502 0.447734
vt 0.640755 0.447081
vt 0.638878 0.432825
vt 0.694008 0.401557
vt 0.695412 0.399053
vt 0.696916 0.396367
vt 0.698449 0.393585
vt 0.699952 0.390807
vt 0.645649 0.457286
vt 0.634632 0.450030
vt 0.646126 0.456254
vt 0.646651 0.455148
vt 0.647207 0.454017
vt 0.647767 0.452910
vt 0.703137 0.416673
vt 0.706065 0.416624
vt 0.709129 0.416643
vt 0.712275 0.416735
vt 0.715391 0.416883
vt 0.718383 0.417039
vt 0.701394 0.388131
vt 0.658754 0.459974
vt 0.645239 0.458136
vt 0.659587 0.459147
vt 0.660343 0.458427
vt 0.661031 0.457801
vt 0.661668 0.457240
vt 0.691330 0.441925
vt 0.692931 0.442032
vt 0.694523 0.442176
vt 0.696273 0.442382
vt 0.698251 0.442671
vt 0.700494 0.443062
vt 0.664775 0.470801
vt 0.665843 0.469657
vt 0.666991 0.468567
vt 0.668211 0.467541
vt 0.669496 0.466577
vt 0.662307 0.456661
vt 0.695946 0.459977
vt 0.697788 0.461180
vt 0.699805 0.462519
vt 0.701969 0.463977
vt 0.704218 0.465520
vt 0.663875 0.471917
vt 0.706472 0.467095
s 0
usemtl マテリアル.001
f 4/1/1 6/2/1 5/3/1
f 4/1/1 7/4/1 6/2/1
f 12/5/1 14/6/1 13/7/1
f 12/5/1 15/8/1 14/6/1
f 2/9/1 4/1/1 3/10/1
f 2/9/1 24/11/1 4/1/1
f 24/11/1 22/12/1 4/1/1
f 22/12/2 7/4/2 4/1/2
f 24/11/1 23/13/1 22/12/1
f 21/14/2 7/4/2 22/12/2
f 20/15/1 7/4/1 21/14/1
f 20/15/1 8/16/1 7/4/1
f 20/15/1 9/17/1 8/16/1
f 10/18/1 12/5/1 11/19/1
f 10/18/1 15/8/1 12/5/1
f 2/9/1 1/20/1 24/11/1
f 19/21/2 9/17/2 20/15/2
f 18/22/1 9/17/1 19/21/1
f 18/22/1 10/18/1 9/17/1
f 18/22/1 16/23/1 10/18/1
f 16/23/1 15/8/1 10/18/1
f 18/22/1 17/24/1 16/23/1
f 26/25/1 28/26/1 27/27/1
f 26/25/1 29/28/1 28/26/1
f 25/29/2 29/28/2 26/25/2
f 52/30/1 30/31/1 25/29/1
f 30/31/2 29/28/2 25/29/2
f 52/30/1 31/32/1 30/31/1
f 50/33/1 52/30/1 51/34/1
f 50/33/1 32/35/1 52/30/1
f 32/35/2 31/32/2 52/30/2
f 50/33/1 33/36/1 32/35/1
f 48/37/1 50/33/1 49/38/1
f 48/37/1 33/36/1 50/33/1
f 48/37/1 34/39/1 33/36/1
f 48/37/1 35/40/1 34/39/1
f 47/41/2 35/40/2 48/37/2
f 46/42/1 35/40/1 47/41/1
f 46/42/1 36/43/1 35/40/1
f 46/42/1 45/44/1 36/43/1
f 45/44/1 37/45/1 36/43/1
f 40/46/1 56/47/1 41/48/1
f 56/47/1 42/49/1 41/48/1
f 56/47/1 43/50/1 42/49/1
f 44/51/1 37/45/1 45/44/1
f 40/46/1 53/52/1 56/47/1
f 55/53/2 43/50/2 56/47/2
f 54/54/1 43/50/1 55/53/1
f 54/54/1 44/51/1 43/50/1
f 54/54/1 37/45/1 44/51/1
f 40/46/1 54/54/1 53/52/1
f 40/46/1 38/55/1 54/54/1
f 38/55/2 37/45/2 54/54/2
f 40/46/1 39/56/1 38/55/1
f 60/57/1 62/58/1 61/59/1
f 60/57/1 63/60/1 62/58/1
f 64/61/1 66/62/1 65/63/1
f 64/61/1 67/64/1 66/62/1
f 60/57/1 64/61/1 63/60/1
f 60/57/1 67/64/1 64/61/1
f 60/57/1 68/65/1 67/64/1
f 60/57/1 69/66/1 68/65/1
f 58/67/1 60/57/1 59/68/1
f 58/67/1 90/69/1 60/57/1
f 90/69/1 102/70/1 60/57/1
f 102/70/2 69/66/2 60/57/2
f 90/69/1 101/71/1 102/70/1
f 97/72/2 69/66/2 102/70/2
f 98/73/1 82/74/1 97/72/1
f 82/74/2 69/66/2 97/72/2
f 98/73/1 83/75/1 82/74/1
f 81/76/2 69/66/2 82/74/2
f 80/77/1 69/66/1 81/76/1
f 80/77/1 70/78/1 69/66/1
f 80/77/1 79/79/1 70/78/1
f 79/79/1 71/80/1 70/78/1
f 58/67/1 91/81/1 90/69/1
f 89/82/2 101/71/2 90/69/2
f 96/83/1 101/71/1 89/82/1
f 96/83/1 100/84/1 101/71/1
f 96/83/1 99/85/1 100/84/1
f 78/86/1 71/80/1 79/79/1
f 95/87/2 99/85/2 96/83/2
f 94/88/1 99/85/1 95/87/1
f 94/88/1 98/73/1 99/85/1
f 94/88/1 84/89/1 98/73/1
f 84/89/1 83/75/1 98/73/1
f 58/67/1 92/90/1 91/81/1
f 58/67/1 93/91/1 92/90/1
f 94/88/1 85/92/1 84/89/1
f 76/93/1 78/86/1 77/94/1
f 76/93/1 71/80/1 78/86/1
f 57/95/2 93/91/2 58/67/2
f 88/96/1 93/91/1 57/95/1
f 88/96/1 94/88/1 93/91/1
f 88/96/1 86/97/1 94/88/1
f 86/97/2 85/92/2 94/88/2
f 88/96/1 87/98/1 86/97/1
f 74/99/1 76/93/1 75/100/1
f 74/99/1 72/101/1 76/93/1
f 72/101/2 71/80/2 76/93/2
f 74/99/1 73/102/1 72/101/1
f 112/103/1 114/104/1 113/105/1
f 112/103/1 115/106/1 114/104/1
f 106/107/1 108/108/1 107/109/1
f 106/107/1 109/110/1 108/108/1
f 110/111/1 112/103/1 111/112/1
f 110/111/1 116/113/1 112/103/1
f 116/113/1 115/106/1 112/103/1
f 110/111/1 117/114/1 116/113/1
f 118/115/1 120/116/1 119/117/1
f 118/115/1 121/118/1 120/116/1
f 104/119/1 106/107/1 105/120/1
f 104/119/1 109/110/1 106/107/1
f 104/119/1 110/111/1 109/110/1
f 104/119/1 117/114/1 110/111/1
f 104/119/1 118/115/1 117/114/1
f 104/119/1 121/118/1 118/115/1
f 104/119/1 122/121/1 121/118/1
f 104/119/1 103/122/1 122/121/1
f 103/122/1 147/123/1 122/121/1
f 147/123/1 146/124/1 122/121/1
f 146/124/1 126/125/1 122/121/1
f 126/125/1 125/126/1 122/121/1
f 125/126/1 123/127/1 122/121/1
f 138/128/1 147/123/1 103/122/1
f 138/128/1 148/129/1 147/123/1
f 145/130/1 126/125/1 146/124/1
f 145/130/1 127/131/1 126/125/1
f 124/132/1 123/127/1 125/126/1
f 143/133/1 145/130/1 144/134/1
f 143/133/1 127/131/1 145/130/1
f 140/135/1 149/136/1 141/137/1
f 149/136/1 142/138/1 141/137/1
f 149/136/1 152/139/1 142/138/1
f 152/139/1 139/140/1 142/138/1
f 138/128/1 143/133/1 148/129/1
f 138/128/1 128/141/1 143/133/1
f 128/141/2 127/131/2 143/133/2
f 138/128/1 129/142/1 128/141/1
f 140/135/1 150/143/1 149/136/1
f 151/144/1 139/140/1 152/139/1
f 138/128/1 130/145/1 129/142/1
f 138/128/1 137/146/1 130/145/1
f 137/146/1 131/147/1 130/145/1
f 136/148/1 131/147/1 137/146/1
f 134/149/1 136/148/1 135/150/1
f 134/149/1 132/151/1 136/148/1
f 132/151/2 131/147/2 136/148/2
f 134/149/1 133/152/1 132/151/1
f 140/135/1 151/144/1 150/143/1
f 140/135/1 139/140/1 151/144/1
f 159/153/1 161/154/1 160/155/1
f 158/156/1 161/154/1 159/153/1
f 157/157/2 161/154/2 158/156/2
f 176/158/1 162/159/1 157/157/1
f 162/159/3 161/154/3 157/157/3
f 176/158/1 163/160/1 162/159/1
f 174/161/1 176/158/1 175/162/1
f 174/161/1 166/163/1 176/158/1
f 166/163/1 164/164/1 176/158/1
f 164/164/2 163/160/2 176/158/2
f 166/163/1 165/165/1 164/164/1
f 174/161/1 167/166/1 166/163/1
f 178/167/1 180/168/1 179/169/1
f 178/167/1 177/170/1 180/168/1
f 174/161/1 168/171/1 167/166/1
f 174/161/1 169/172/1 168/171/1
f 173/173/2 169/172/2 174/161/2
f 172/174/1 169/172/1 173/173/1
f 172/174/1 170/175/1 169/172/1
f 172/174/1 171/176/1 170/175/1
f 154/177/1 156/178/1 155/179/1
f 154/177/1 153/180/1 156/178/1
f 182/181/1 184/182/1 183/183/1
f 182/181/1 181/184/1 184/182/1
f 194/185/1 196/186/1 195/187/1
f 194/185/1 197/188/1 196/186/1
f 192/189/1 194/185/1 193/190/1
f 192/189/1 197/188/1 194/185/1
f 190/191/1 192/189/1 191/192/1
f 190/191/1 198/193/1 192/189/1
f 198/193/2 197/188/2 192/189/2
f 190/191/1 199/194/1 198/193/1
f 188/195/1 190/191/1 189/196/1
f 188/195/1 200/197/1 190/191/1
f 200/197/3 199/194/3 190/191/3
f 188/195/1 201/198/1 200/197/1
f 186/199/1 188/195/1 187/200/1
f 186/199/1 202/201/1 188/195/1
f 202/201/2 201/198/2 188/195/2
f 186/199/1 185/202/1 202/201/1
f 208/203/1 235/204/1 209/205/1
f 235/204/1 210/206/1 209/205/1
f 235/204/1 236/207/1 210/206/1
f 236/207/1 211/208/1 210/206/1
f 208/203/1 234/209/1 235/204/1
f 237/210/1 211/208/1 236/207/1
f 206/211/1 208/203/1 207/212/1
f 206/211/1 234/209/1 208/203/1
f 206/211/1 233/213/1 234/209/1
f 206/211/1 232/214/1 233/213/1
f 204/215/1 206/211/1 205/216/1
f 204/215/1 228/217/1 206/211/1
f 228/217/3 232/214/3 206/211/3
f 204/215/1 203/218/1 228/217/1
f 227/219/2 232/214/2 228/217/2
f 226/220/1 232/214/1 227/219/1
f 226/220/1 231/221/1 232/214/1
f 226/220/1 230/222/1 231/221/1
f 229/223/1 237/210/1 238/224/1
f 229/223/1 211/208/1 237/210/1
f 225/225/2 230/222/2 226/220/2
f 224/226/1 230/222/1 225/225/1
f 224/226/1 229/223/1 230/222/1
f 224/226/1 212/227/1 229/223/1
f 212/227/2 211/208/2 229/223/2
f 224/226/1 223/228/1 212/227/1
f 223/228/1 213/229/1 212/227/1
f 222/230/1 213/229/1 223/228/1
f 220/231/1 222/230/1 221/232/1
f 220/231/1 214/233/1 222/230/1
f 214/233/2 213/229/2 222/230/2
f 220/231/1 215/234/1 214/233/1
f 218/235/1 220/231/1 219/236/1
f 218/235/1 216/237/1 220/231/1
f 216/237/2 215/234/2 220/231/2
f 218/235/1 217/238/1 216/237/1
f 254/239/1 256/240/1 255/241/1
f 254/239/1 257/242/1 256/240/1
f 258/243/1 260/244/1 259/245/1
f 258/243/1 261/246/1 260/244/1
f 252/247/1 254/239/1 253/248/1
f 252/247/1 257/242/1 254/239/1
f 252/247/1 258/243/1 257/242/1
f 252/247/1 261/246/1 258/243/1
f 251/249/2 261/246/2 252/247/2
f 264/250/1 262/251/1 251/249/1
f 262/251/2 261/246/2 251/249/2
f 264/250/1 263/252/1 262/251/1
f 246/253/1 248/254/1 247/255/1
f 246/253/1 249/256/1 248/254/1
f 244/257/1 246/253/1 245/258/1
f 244/257/1 250/259/1 246/253/1
f 250/259/1 249/256/1 246/253/1
f 266/260/1 268/261/1 267/262/1
f 266/260/1 269/263/1 268/261/1
f 266/260/1 270/264/1 269/263/1
f 266/260/1 271/265/1 270/264/1
f 244/257/1 243/266/1 250/259/1
f 265/267/2 271/265/2 266/260/2
f 276/268/1 271/265/1 265/267/1
f 276/268/1 272/269/1 271/265/1
f 276/268/1 275/270/1 272/269/1
f 275/270/1 273/271/1 272/269/1
f 274/272/1 273/271/1 275/270/1
f 240/273/1 242/274/1 241/275/1
f 240/273/1 239/276/1 242/274/1
f 283/277/1 285/278/1 284/279/1
f 282/280/1 285/278/1 283/277/1
f 280/281/1 282/280/1 281/282/1
f 280/281/1 300/283/1 282/280/1
f 300/283/1 298/284/1 282/280/1
f 298/284/2 285/278/2 282/280/2
f 300/283/1 299/285/1 298/284/1
f 297/286/2 285/278/2 298/284/2
f 296/287/1 285/278/1 297/286/1
f 296/287/1 286/288/1 285/278/1
f 296/287/1 295/289/1 286/288/1
f 295/289/1 287/290/1 286/288/1
f 280/281/1 293/291/1 300/283/1
f 294/292/1 287/290/1 295/289/1
f 278/293/1 280/281/1 279/294/1
f 278/293/1 292/295/1 280/281/1
f 292/295/1 293/291/1 280/281/1
f 292/295/1 294/292/1 293/291/1
f 292/295/1 287/290/1 294/292/1
f 292/295/1 288/296/1 287/290/1
f 292/295/1 291/297/1 288/296/1
f 291/297/1 289/298/1 288/296/1
f 278/293/1 277/299/1 292/295/1
f 290/300/1 289/298/1 291/297/1
f 304/301/1 306/302/1 305/303/1
f 304/301/1 307/304/1 306/302/1
f 312/305/1 314/306/1 313/307/1
f 312/305/1 315/308/1 314/306/1
f 302/309/1 304/301/1 303/310/1
f 302/309/1 324/311/1 304/301/1
f 324/311/1 322/312/1 304/301/1
f 322/312/3 307/304/3 304/301/3
f 324/311/1 323/313/1 322/312/1
f 321/314/2 307/304/2 322/312/2
f 320/315/1 307/304/1 321/314/1
f 320/315/1 308/316/1 307/304/1
f 320/315/1 309/317/1 308/316/1
f 310/318/1 312/305/1 311/319/1
f 310/318/1 315/308/1 312/305/1
f 302/309/1 301/320/1 324/311/1
f 319/321/2 309/317/2 320/315/2
f 318/322/1 309/317/1 319/321/1
f 318/322/1 310/318/1 309/317/1
f 318/322/1 316/323/1 310/318/1
f 316/323/1 315/308/1 310/318/1
f 318/322/1 317/324/1 316/323/1
f 328/325/4 329/326/4 330/327/4
f 328/325/4 330/327/4 331/328/4
f 336/329/4 337/330/4 338/331/4
f 336/329/4 338/331/4 339/332/4
f 326/333/4 327/334/4 328/325/4
f 326/333/4 328/325/4 348/335/4
f 348/335/4 328/325/4 346/336/4
f 346/336/2 328/325/2 331/328/2
f 348/335/4 346/336/4 347/337/4
f 345/338/2 346/336/2 331/328/2
f 344/339/4 345/338/4 331/328/4
f 344/339/4 331/328/4 332/340/4
f 344/339/4 332/340/4 333/341/4
f 334/342/4 335/343/4 336/329/4
f 334/342/4 336/329/4 339/332/4
f 326/333/4 348/335/4 325/344/4
f 343/345/2 344/339/2 333/341/2
f 342/346/4 343/345/4 333/341/4
f 342/346/4 333/341/4 334/342/4
f 342/346/4 334/342/4 340/347/4
f 340/347/4 334/342/4 339/332/4
f 342/346/4 340/347/4 341/348/4
f 350/349/4 351/350/4 352/351/4
f 350/349/4 352/351/4 353/352/4
f 349/353/2 350/349/2 353/352/2
f 376/354/4 349/353/4 354/355/4
f 354/355/2 349/353/2 353/352/2
f 376/354/4 354/355/4 355/356/4
f 374/357/4 375/358/4 376/354/4
f 374/357/4 376/354/4 356/359/4
f 356/359/2 376/354/2 355/356/2
f 374/357/4 356/359/4 357/360/4
f 372/361/4 373/362/4 374/357/4
f 372/361/4 374/357/4 357/360/4
f 372/361/4 357/360/4 358/363/4
f 372/361/4 358/363/4 359/364/4
f 371/365/2 372/361/2 359/364/2
f 370/366/4 371/365/4 359/364/4
f 370/366/4 359/364/4 360/367/4
f 370/366/4 360/367/4 369/368/4
f 369/368/4 360/367/4 361/369/4
f 364/370/4 365/371/4 380/372/4
f 380/372/4 365/371/4 366/373/4
f 380/372/4 366/373/4 367/374/4
f 368/375/4 369/368/4 361/369/4
f 364/370/4 380/372/4 377/376/4
f 379/377/2 380/372/2 367/374/2
f 378/378/4 379/377/4 367/374/4
f 378/378/4 367/374/4 368/375/4
f 378/378/4 368/375/4 361/369/4
f 364/370/4 377/376/4 378/378/4
f 364/370/4 378/378/4 362/379/4
f 362/379/2 378/378/2 361/369/2
f 364/370/4 362/379/4 363/380/4
f 384/381/4 385/382/4 386/383/4
f 384/381/4 386/383/4 387/384/4
f 388/385/4 389/386/4 390/387/4
f 388/385/4 390/387/4 391/388/4
f 384/381/4 387/384/4 388/385/4
f 384/381/4 388/385/4 391/388/4
f 384/381/4 391/388/4 392/389/4
f 384/381/4 392/389/4 393/390/4
f 382/391/4 383/392/4 384/381/4
f 382/391/4 384/381/4 414/393/4
f 414/393/4 384/381/4 426/394/4
f 426/394/2 384/381/2 393/390/2
f 414/393/4 426/394/4 425/395/4
f 421/396/2 426/394/2 393/390/2
f 422/397/4 421/396/4 406/398/4
f 406/398/2 421/396/2 393/390/2
f 422/397/4 406/398/4 407/399/4
f 405/400/2 406/398/2 393/390/2
f 404/401/4 405/400/4 393/390/4
f 404/401/4 393/390/4 394/402/4
f 404/401/4 394/402/4 403/403/4
f 403/403/4 394/402/4 395/404/4
f 382/391/4 414/393/4 415/405/4
f 413/406/2 414/393/2 425/395/2
f 420/407/4 413/406/4 425/395/4
f 420/407/4 425/395/4 424/408/4
f 420/407/4 424/408/4 423/409/4
f 402/410/4 403/403/4 395/404/4
f 419/411/2 420/407/2 423/409/2
f 418/412/4 419/411/4 423/409/4
f 418/412/4 423/409/4 422/397/4
f 418/412/4 422/397/4 408/413/4
f 408/413/4 422/397/4 407/399/4
f 382/391/4 415/405/4 416/414/4
f 382/391/4 416/414/4 417/415/4
f 418/412/4 408/413/4 409/416/4
f 400/417/4 401/418/4 402/410/4
f 400/417/4 402/410/4 395/404/4
f 381/419/2 382/391/2 417/415/2
f 412/420/4 381/419/4 417/415/4
f 412/420/4 417/415/4 418/412/4
f 412/420/4 418/412/4 410/421/4
f 410/421/2 418/412/2 409/416/2
f 412/420/4 410/421/4 411/422/4
f 398/423/4 399/424/4 400/417/4
f 398/423/4 400/417/4 396/425/4
f 396/425/2 400/417/2 395/404/2
f 398/423/4 396/425/4 397/426/4
f 436/427/4 437/428/4 438/429/4
f 436/427/4 438/429/4 439/430/4
f 430/431/4 431/432/4 432/433/4
f 430/431/4 432/433/4 433/434/4
f 434/435/4 435/436/4 436/427/4
f 434/435/4 436/427/4 440/437/4
f 440/437/4 436/427/4 439/430/4
f 434/435/4 440/437/4 441/438/4
f 442/439/4 443/440/4 444/441/4
f 442/439/4 444/441/4 445/442/4
f 428/443/4 429/444/4 430/431/4
f 428/443/4 430/431/4 433/434/4
f 428/443/4 433/434/4 434/435/4
f 428/443/4 434/435/4 441/438/4
f 428/443/4 441/438/4 442/439/4
f 428/443/4 442/439/4 445/442/4
f 428/443/4 445/442/4 446/445/4
f 428/443/4 446/445/4 427/446/4
f 427/446/4 446/445/4 471/447/4
f 471/447/4 446/445/4 470/448/4
f 470/448/4 446/445/4 450/449/4
f 450/449/4 446/445/4 449/450/4
f 449/450/4 446/445/4 447/451/4
f 462/452/4 427/446/4 471/447/4
f 462/452/4 471/447/4 472/453/4
f 469/454/4 470/448/4 450/449/4
f 469/454/4 450/449/4 451/455/4
f 448/456/4 449/450/4 447/451/4
f 467/457/4 468/458/4 469/454/4
f 467/457/4 469/454/4 451/455/4
f 464/459/4 465/460/4 473/461/4
f 473/461/4 465/460/4 466/462/4
f 473/461/4 466/462/4 476/463/4
f 476/463/4 466/462/4 463/464/4
f 462/452/4 472/453/4 467/457/4
f 462/452/4 467/457/4 452/465/4
f 452/465/2 467/457/2 451/455/2
f 462/452/4 452/465/4 453/466/4
f 464/459/4 473/461/4 474/467/4
f 475/468/4 476/463/4 463/464/4
f 462/452/4 453/466/4 454/469/4
f 462/452/4 454/469/4 461/470/4
f 461/470/4 454/469/4 455/471/4
f 460/472/4 461/470/4 455/471/4
f 458/473/4 459/474/4 460/472/4
f 458/473/4 460/472/4 456/475/4
f 456/475/2 460/472/2 455/471/2
f 458/473/4 456/475/4 457/476/4
f 464/459/4 474/467/4 475/468/4
f 464/459/4 475/468/4 463/464/4
f 483/477/4 484/478/4 485/479/4
f 482/480/4 483/477/4 485/479/4
f 481/481/2 482/480/2 485/479/2
f 500/482/4 481/481/4 486/483/4
f 486/483/2 481/481/2 485/479/2
f 500/482/4 486/483/4 487/484/4
f 498/485/4 499/486/4 500/482/4
f 498/485/4 500/482/4 490/487/4
f 490/487/4 500/482/4 488/488/4
f 488/488/2 500/482/2 487/484/2
f 490/487/4 488/488/4 489/489/4
f 498/485/4 490/487/4 491/490/4
f 502/491/4 503/492/4 504/493/4
f 502/491/4 504/493/4 501/494/4
f 498/485/4 491/490/4 492/495/4
f 498/485/4 492/495/4 493/496/4
f 497/497/2 498/485/2 493/496/2
f 496/498/4 497/497/4 493/496/4
f 496/498/4 493/496/4 494/499/4
f 496/498/4 494/499/4 495/500/4
f 478/501/4 479/502/4 480/503/4
f 478/501/4 480/503/4 477/504/4
f 506/505/4 507/506/4 508/507/4
f 506/505/4 508/507/4 505/508/4
f 518/509/4 519/510/4 520/511/4
f 518/509/4 520/511/4 521/512/4
f 516/513/4 517/514/4 518/509/4
f 516/513/4 518/509/4 521/512/4
f 514/515/4 515/516/4 516/513/4
f 514/515/4 516/513/4 522/517/4
f 522/517/2 516/513/2 521/512/2
f 514/515/4 522/517/4 523/518/4
f 512/519/4 513/520/4 514/515/4
f 512/519/4 514/515/4 524/521/4
f 524/521/3 514/515/3 523/518/3
f 512/519/4 524/521/4 525/522/4
f 510/523/4 511/524/4 512/519/4
f 510/523/4 512/519/4 526/525/4
f 526/525/2 512/519/2 525/522/2
f 510/523/4 526/525/4 509/526/4
f 532/527/4 533/528/4 559/529/4
f 559/529/4 533/528/4 534/530/4
f 559/529/4 534/530/4 560/531/4
f 560/531/4 534/530/4 535/532/4
f 532/527/4 559/529/4 558/533/4
f 561/534/4 560/531/4 535/532/4
f 530/535/4 531/536/4 532/527/4
f 530/535/4 532/527/4 558/533/4
f 530/535/4 558/533/4 557/537/4
f 530/535/4 557/537/4 556/538/4
f 528/539/4 529/540/4 530/535/4
f 528/539/4 530/535/4 552/541/4
f 552/541/3 530/535/3 556/538/3
f 528/539/4 552/541/4 527/542/4
f 551/543/2 552/541/2 556/538/2
f 550/544/4 551/543/4 556/538/4
f 550/544/4 556/538/4 555/545/4
f 550/544/4 555/545/4 554/546/4
f 553/547/4 562/548/4 561/534/4
f 553/547/4 561/534/4 535/532/4
f 549/549/2 550/544/2 554/546/2
f 548/550/4 549/549/4 554/546/4
f 548/550/4 554/546/4 553/547/4
f 548/550/4 553/547/4 536/551/4
f 536/551/2 553/547/2 535/532/2
f 548/550/4 536/551/4 547/552/4
f 547/552/4 536/551/4 537/553/4
f 546/554/4 547/552/4 537/553/4
f 544/555/4 545/556/4 546/554/4
f 544/555/4 546/554/4 538/557/4
f 538/557/2 546/554/2 537/553/2
f 544/555/4 538/557/4 539/558/4
f 542/559/4 543/560/4 544/555/4
f 542/559/4 544/555/4 540/561/4
f 540/561/2 544/555/2 539/558/2
f 542/559/4 540/561/4 541/562/4
f 578/563/4 579/564/4 580/565/4
f 578/563/4 580/565/4 581/566/4
f 582/567/4 583/568/4 584/569/4
f 582/567/4 584/569/4 585/570/4
f 576/571/4 577/572/4 578/563/4
f 576/571/4 578/563/4 581/566/4
f 576/571/4 581/566/4 582/567/4
f 576/571/4 582/567/4 585/570/4
f 575/573/2 576/571/2 585/570/2
f 588/574/4 575/573/4 586/575/4
f 586/575/2 575/573/2 585/570/2
f 588/574/4 586/575/4 587/576/4
f 570/577/4 571/578/4 572/579/4
f 570/577/4 572/579/4 573/580/4
f 568/581/4 569/582/4 570/577/4
f 568/581/4 570/577/4 574/583/4
f 574/583/4 570/577/4 573/580/4
f 590/584/4 591/585/4 592/586/4
f 590/584/4 592/586/4 593/587/4
f 590/584/4 593/587/4 594/588/4
f 590/584/4 594/588/4 595/589/4
f 568/581/4 574/583/4 567/590/4
f 589/591/2 590/584/2 595/589/2
f 600/592/4 589/591/4 595/589/4
f 600/592/4 595/589/4 596/593/4
f 600/592/4 596/593/4 599/594/4
f 599/594/4 596/593/4 597/595/4
f 598/596/4 599/594/4 597/595/4
f 564/597/4 565/598/4 566/599/4
f 564/597/4 566/599/4 563/600/4
f 607/601/4 608/602/4 609/603/4
f 606/604/4 607/601/4 609/603/4
f 604/605/4 605/606/4 606/604/4
f 604/605/4 606/604/4 624/607/4
f 624/607/4 606/604/4 622/608/4
f 622/608/3 606/604/3 609/603/3
f 624/607/4 622/608/4 623/609/4
f 621/610/2 622/608/2 609/603/2
f 620/611/4 621/610/4 609/603/4
f 620/611/4 609/603/4 610/612/4
f 620/611/4 610/612/4 619/613/4
f 619/613/4 610/612/4 611/614/4
f 604/605/4 624/607/4 617/615/4
f 618/616/4 619/613/4 611/614/4
f 602/617/4 603/618/4 604/605/4
f 602/617/4 604/605/4 616/619/4
f 616/619/4 604/605/4 617/615/4
f 616/619/4 617/615/4 618/616/4
f 616/619/4 618/616/4 611/614/4
f 616/619/4 611/614/4 612/620/4
f 616/619/4 612/620/4 615/621/4
f 615/621/4 612/620/4 613/622/4
f 602/617/4 616/619/4 601/623/4
f 614/624/4 615/621/4 613/622/4
f 628/625/4 629/626/4 630/627/4
f 628/625/4 630/627/4 631/628/4
f 636/629/4 637/630/4 638/631/4
f 636/629/4 638/631/4 639/632/4
f 626/633/4 627/634/4 628/625/4
f 626/633/4 628/625/4 648/635/4
f 648/635/4 628/625/4 646/636/4
f 646/636/3 628/625/3 631/628/3
f 648/635/4 646/636/4 647/637/4
f 645/638/2 646/636/2 631/628/2
f 644/639/4 645/638/4 631/628/4
f 644/639/4 631/628/4 632/640/4
f 644/639/4 632/640/4 633/641/4
f 634/642/4 635/643/4 636/629/4
f 634/642/4 636/629/4 639/632/4
f 626/633/4 648/635/4 625/644/4
f 643/645/2 644/639/2 633/641/2
f 642/646/4 643/645/4 633/641/4
f 642/646/4 633/641/4 634/642/4
f 642/646/4 634/642/4 640/647/4
f 640/647/4 634/642/4 639/632/4
f 642/646/4 640/647/4 641/648/4
s 1
f 662/649/5 649/650/6 650/651/7
f 651/652/8 662/649/5 650/651/7
f 664/653/9 651/652/8 652/654/10
f 665/655/11 652/654/10 653/656/12
f 654/657/13 665/655/11 653/656/12
f 667/658/14 654/657/13 655/659/15
f 668/660/16 655/659/15 656/661/17
f 669/662/18 656/661/17 657/663/19
f 658/664/20 669/662/18 657/663/19
f 671/665/21 658/664/20 659/666/22
f 660/667/23 671/665/21 659/666/22
f 674/668/24 661/669/25 662/649/5
f 675/670/26 662/649/5 663/671/27
f 676/672/28 663/671/27 664/653/9
f 677/673/29 664/653/9 665/655/11
f 666/674/30 677/673/29 665/655/11
f 679/675/31 666/674/30 667/658/14
f 680/676/32 667/658/14 668/660/16
f 669/662/18 680/676/32 668/660/16
f 682/677/33 669/662/18 670/678/34
f 683/679/35 670/678/34 671/665/21
f 684/680/36 671/665/21 672/681/37
f 686/682/38 673/683/39 674/668/24
f 687/684/40 674/668/24 675/670/26
f 688/685/41 675/670/26 676/672/28
f 689/686/42 676/672/28 677/673/29
f 690/687/43 677/673/29 678/688/44
f 691/689/45 678/688/44 679/675/31
f 680/676/32 691/689/45 679/675/31
f 681/690/46 692/691/47 680/676/32
f 682/677/33 693/692/48 681/690/46
f 683/679/35 694/693/49 682/677/33
f 684/680/36 695/694/50 683/679/35
f 686/682/38 697/695/39 685/696/39
f 687/684/40 698/697/24 686/682/38
f 688/685/41 699/698/26 687/684/40
f 689/686/42 700/699/28 688/685/41
f 690/687/43 701/700/51 689/686/42
f 703/701/31 690/687/43 691/689/45
f 704/702/52 691/689/45 692/691/47
f 705/703/46 692/691/47 693/692/48
f 706/704/33 693/692/48 694/693/49
f 707/705/35 694/693/49 695/694/50
f 708/706/36 695/694/50 696/707/36
f 698/697/24 709/708/53 697/695/39
f 711/709/54 698/697/24 699/698/26
f 700/699/28 711/709/54 699/698/26
f 713/710/55 700/699/28 701/700/51
f 714/711/56 701/700/51 702/712/44
f 715/713/57 702/712/44 703/701/31
f 704/702/52 715/713/57 703/701/31
f 717/714/58 704/702/52 705/703/46
f 718/715/59 705/703/46 706/704/33
f 707/705/35 718/715/59 706/704/33
f 720/716/60 707/705/35 708/706/36
f 722/717/61 709/708/53 710/718/62
f 723/719/63 710/718/62 711/709/54
f 724/720/64 711/709/54 712/721/65
f 725/722/66 712/721/65 713/710/55
f 726/723/67 713/710/55 714/711/56
f 727/724/68 714/711/56 715/713/57
f 716/725/69 727/724/68 715/713/57
f 717/714/58 728/726/70 716/725/69
f 718/715/59 729/727/71 717/714/58
f 719/728/72 730/729/73 718/715/59
f 720/716/60 731/730/74 719/728/72
f 722/717/61 733/731/53 721/732/53
f 723/719/63 734/733/62 722/717/61
f 724/720/64 735/734/54 723/719/63
f 725/722/66 736/735/65 724/720/64
f 726/723/67 737/736/75 725/722/66
f 739/737/57 726/723/67 727/724/68
f 740/738/76 727/724/68 728/726/70
f 741/739/58 728/726/70 729/727/71
f 742/740/59 729/727/71 730/729/73
f 743/741/72 730/729/73 731/730/74
f 744/742/60 731/730/74 732/743/60
f 746/744/61 733/731/53 734/733/62
f 747/745/63 734/733/62 735/734/54
f 748/746/64 735/734/54 736/735/65
f 749/747/66 736/735/65 737/736/75
f 750/748/77 737/736/75 738/749/56
f 751/750/68 738/749/56 739/737/57
f 740/738/76 751/750/68 739/737/57
f 741/739/58 752/751/70 740/738/76
f 742/740/59 753/752/71 741/739/58
f 743/741/72 754/753/73 742/740/59
f 744/742/60 755/754/74 743/741/72
f 758/755/38 745/756/53 746/744/61
f 759/757/40 746/744/61 747/745/63
f 760/758/78 747/745/63 748/746/64
f 761/759/42 748/746/64 749/747/66
f 762/760/43 749/747/66 750/748/77
f 763/761/79 750/748/77 751/750/68
f 764/762/47 751/750/68 752/751/70
f 765/763/80 752/751/70 753/752/71
f 766/764/49 753/752/71 754/753/73
f 767/765/50 754/753/73 755/754/74
f 768/766/36 755/754/74 756/767/60
f 758/755/38 769/768/39 757/769/39
f 759/757/40 770/770/24 758/755/38
f 760/758/78 771/771/26 759/757/40
f 761/759/42 772/772/28 760/758/78
f 762/760/43 773/773/29 761/759/42
f 775/774/31 762/760/43 763/761/79
f 776/775/32 763/761/79 764/762/47
f 777/776/46 764/762/47 765/763/80
f 778/777/33 765/763/80 766/764/49
f 779/778/35 766/764/49 767/765/50
f 780/779/36 767/765/50 768/766/36
f 782/780/38 769/768/39 770/770/24
f 783/781/40 770/770/24 771/771/26
f 784/782/78 771/771/26 772/772/28
f 785/783/81 772/772/28 773/773/29
f 786/784/43 773/773/29 774/785/44
f 787/786/45 774/785/44 775/774/31
f 776/775/32 787/786/45 775/774/31
f 777/776/46 788/787/47 776/775/32
f 778/777/33 789/788/80 777/776/46
f 779/778/35 790/789/49 778/777/33
f 780/779/36 791/790/50 779/778/35
f 782/780/38 793/791/39 781/792/39
f 783/781/40 794/793/24 782/780/38
f 784/782/78 795/794/26 783/781/40
f 785/783/81 796/795/28 784/782/78
f 786/784/43 797/796/29 785/783/81
f 799/797/31 786/784/43 787/786/45
f 800/798/32 787/786/45 788/787/47
f 801/799/46 788/787/47 789/788/80
f 802/800/33 789/788/80 790/789/49
f 803/801/35 790/789/49 791/790/50
f 804/802/36 791/790/50 792/803/36
f 806/804/62 793/791/39 794/793/24
f 807/805/54 794/793/24 795/794/26
f 808/806/65 795/794/26 796/795/28
f 809/807/75 796/795/28 797/796/29
f 810/808/56 797/796/29 798/809/44
f 811/810/57 798/809/44 799/797/31
f 812/811/76 799/797/31 800/798/32
f 813/812/58 800/798/32 801/799/46
f 814/813/59 801/799/46 802/800/33
f 815/814/72 802/800/33 803/801/35
f 816/815/60 803/801/35 804/802/36
f 818/816/7 805/817/53 806/804/62
f 819/818/8 806/804/62 807/805/54
f 820/819/10 807/805/54 808/806/65
f 821/820/82 808/806/65 809/807/75
f 822/821/13 809/807/75 810/808/56
f 823/822/15 810/808/56 811/810/57
f 812/811/76 823/822/15 811/810/57
f 825/823/19 812/811/76 813/812/58
f 826/824/20 813/812/58 814/813/59
f 827/825/22 814/813/59 815/814/72
f 828/826/23 815/814/72 816/815/60
f 830/827/83 817/828/6 818/816/7
f 831/829/84 818/816/7 819/818/8
f 832/830/85 819/818/8 820/819/10
f 833/831/86 820/819/10 821/820/82
f 834/832/87 821/820/82 822/821/13
f 835/833/88 822/821/13 823/822/15
f 824/834/17 835/833/88 823/822/15
f 825/823/19 836/835/89 824/834/17
f 826/824/20 837/836/90 825/823/19
f 827/825/22 838/837/91 826/824/20
f 828/826/23 839/838/92 827/825/22
f 830/827/83 841/839/6 829/840/6
f 831/829/84 842/841/7 830/827/83
f 832/830/85 843/842/8 831/829/84
f 833/831/86 844/843/10 832/830/85
f 834/832/87 845/844/12 833/831/86
f 847/845/15 834/832/87 835/833/88
f 848/846/17 835/833/88 836/835/89
f 849/847/93 836/835/89 837/836/90
f 850/848/20 837/836/90 838/837/91
f 851/849/22 838/837/91 839/838/92
f 852/850/23 839/838/92 840/851/23
f 854/852/5 841/839/6 842/841/7
f 843/842/8 854/852/5 842/841/7
f 856/853/9 843/842/8 844/843/10
f 857/854/94 844/843/10 845/844/12
f 846/855/13 857/854/94 845/844/12
f 859/856/14 846/855/13 847/845/15
f 860/857/95 847/845/15 848/846/17
f 849/847/93 860/857/95 848/846/17
f 862/858/34 849/847/93 850/848/20
f 863/859/21 850/848/20 851/849/22
f 852/850/23 863/859/21 851/849/22
f 866/860/96 853/861/25 854/852/5
f 867/862/97 854/852/5 855/863/27
f 868/864/98 855/863/27 856/853/9
f 869/865/99 856/853/9 857/854/94
f 870/866/100 857/854/94 858/867/30
f 871/868/101 858/867/30 859/856/14
f 860/857/95 871/868/101 859/856/14
f 861/869/18 872/870/102 860/857/95
f 862/858/34 873/871/103 861/869/18
f 863/859/21 874/872/104 862/858/34
f 864/873/37 875/874/105 863/859/21
f 866/860/96 877/875/25 865/876/25
f 867/862/97 878/877/5 866/860/96
f 868/864/98 879/878/27 867/862/97
f 869/865/99 880/879/9 868/864/98
f 870/866/100 881/880/94 869/865/99
f 883/881/14 870/866/100 871/868/101
f 884/882/95 871/868/101 872/870/102
f 885/883/18 872/870/102 873/871/103
f 886/884/34 873/871/103 874/872/104
f 887/885/21 874/872/104 875/874/105
f 888/886/37 875/874/105 876/887/37
f 890/888/96 877/875/25 878/877/5
f 891/889/97 878/877/5 879/878/27
f 892/890/98 879/878/27 880/879/9
f 893/891/99 880/879/9 881/880/94
f 894/892/106 881/880/94 882/893/30
f 895/894/101 882/893/30 883/881/14
f 884/882/95 895/894/101 883/881/14
f 885/883/18 896/895/102 884/882/95
f 886/884/34 897/896/107 885/883/18
f 887/885/21 898/897/104 886/884/34
f 888/886/37 899/898/105 887/885/21
f 902/899/83 889/900/25 890/888/96
f 903/901/84 890/888/96 891/889/97
f 904/902/85 891/889/97 892/890/98
f 905/903/108 892/890/98 893/891/99
f 906/904/87 893/891/99 894/892/106
f 907/905/109 894/892/106 895/894/101
f 908/906/110 895/894/101 896/895/102
f 909/907/90 896/895/102 897/896/107
f 910/908/91 897/896/107 898/897/104
f 911/909/92 898/897/104 899/898/105
f 912/910/23 899/898/105 900/911/37
f 902/899/83 913/912/6 901/913/6
f 903/901/84 914/914/7 902/899/83
f 904/902/85 915/915/8 903/901/84
f 905/903/108 916/916/111 904/902/85
f 906/904/87 917/917/12 905/903/108
f 919/918/15 906/904/87 907/905/109
f 920/919/17 907/905/109 908/906/110
f 921/920/19 908/906/110 909/907/90
f 922/921/20 909/907/90 910/908/91
f 923/922/22 910/908/91 911/909/92
f 924/923/23 911/909/92 912/910/23
f 926/924/83 913/912/6 914/914/7
f 927/925/84 914/914/7 915/915/8
f 928/926/112 915/915/8 916/916/111
f 929/927/108 916/916/111 917/917/12
f 930/928/113 917/917/12 918/929/13
f 931/930/88 918/929/13 919/918/15
f 920/919/17 931/930/88 919/918/15
f 921/920/19 932/931/110 920/919/17
f 922/921/20 933/932/90 921/920/19
f 923/922/22 934/933/91 922/921/20
f 924/923/23 935/934/92 923/922/22
f 926/924/83 649/650/6 925/935/6
f 927/925/84 650/651/7 926/924/83
f 928/926/112 651/652/8 927/925/84
f 929/927/108 652/654/10 928/926/112
f 930/928/113 653/656/12 929/927/108
f 655/659/15 930/928/113 931/930/88
f 656/661/17 931/930/88 932/931/110
f 657/663/19 932/931/110 933/932/90
f 658/664/20 933/932/90 934/933/91
f 659/666/22 934/933/91 935/934/92
f 660/667/23 935/934/92 936/936/23
f 950/937/5 937/938/6 938/939/7
f 951/940/27 938/939/7 939/941/8
f 952/942/9 939/941/8 940/943/10
f 953/944/11 940/943/10 941/945/82
f 942/946/13 953/944/11 941/945/82
f 955/947/14 942/946/13 943/948/15
f 956/949/16 943/948/15 944/950/17
f 957/951/18 944/950/17 945/952/93
f 946/953/20 957/951/18 945/952/93
f 959/954/21 946/953/20 947/955/22
f 960/956/37 947/955/22 948/957/23
f 962/958/24 949/959/25 950/937/5
f 963/960/26 950/937/5 951/940/27
f 964/961/28 951/940/27 952/942/9
f 965/962/29 952/942/9 953/944/11
f 954/963/30 965/962/29 953/944/11
f 967/964/31 954/963/30 955/947/14
f 968/965/52 955/947/14 956/949/16
f 969/966/46 956/949/16 957/951/18
f 970/967/33 957/951/18 958/968/34
f 971/969/35 958/968/34 959/954/21
f 972/970/36 959/954/21 960/956/37
f 974/971/38 961/972/39 962/958/24
f 975/973/40 962/958/24 963/960/26
f 976/974/78 963/960/26 964/961/28
f 977/975/42 964/961/28 965/962/29
f 978/976/114 965/962/29 966/977/44
f 979/978/45 966/977/44 967/964/31
f 968/965/52 979/978/45 967/964/31
f 969/966/46 980/979/47 968/965/52
f 970/967/33 981/980/80 969/966/46
f 971/969/35 982/981/49 970/967/33
f 972/970/36 983/982/50 971/969/35
f 974/971/38 985/983/39 973/984/39
f 975/973/40 986/985/24 974/971/38
f 976/974/78 987/986/26 975/973/40
f 977/975/42 988/987/28 976/974/78
f 978/976/114 989/988/29 977/975/42
f 991/989/31 978/976/114 979/978/45
f 992/990/52 979/978/45 980/979/47
f 993/991/46 980/979/47 981/980/80
f 994/992/33 981/980/80 982/981/49
f 995/993/35 982/981/49 983/982/50
f 996/994/36 983/982/50 984/995/36
f 998/996/38 985/983/39 986/985/24
f 999/997/40 986/985/24 987/986/26
f 1000/998/41 987/986/26 988/987/28
f 1001/999/42 988/987/28 989/988/29
f 1002/1000/43 989/988/29 990/1001/44
f 1003/1002/45 990/1001/44 991/989/31
f 992/990/52 1003/1002/45 991/989/31
f 993/991/46 1004/1003/47 992/990/52
f 994/992/33 1005/1004/48 993/991/46
f 995/993/35 1006/1005/49 994/992/33
f 996/994/36 1007/1006/50 995/993/35
f 998/996/38 1009/1007/115 997/1008/39
f 999/997/40 1010/1009/116 998/996/38
f 1000/998/41 1011/1010/117 999/997/40
f 1001/999/42 1012/1011/118 1000/998/41
f 1002/1000/43 1013/1012/119 1001/999/42
f 1015/1013/120 1002/1000/43 1003/1002/45
f 1016/1014/121 1003/1002/45 1004/1003/47
f 1017/1015/122 1004/1003/47 1005/1004/48
f 1018/1016/123 1005/1004/48 1006/1005/49
f 1019/1017/124 1006/1005/49 1007/1006/50
f 1020/1018/125 1007/1006/50 1008/1019/36
f 1010/1009/116 1021/1020/126 1009/1007/115
f 1011/1010/117 1022/1021/127 1010/1009/116
f 1012/1011/118 1023/1022/128 1011/1010/117
f 1013/1012/119 1024/1023/129 1012/1011/118
f 1014/1024/130 1025/1025/131 1013/1012/119
f 1027/1026/132 1014/1024/130 1015/1013/120
f 1028/1027/133 1015/1013/120 1016/1014/121
f 1029/1028/134 1016/1014/121 1017/1015/122
f 1030/1029/135 1017/1015/122 1018/1016/123
f 1031/1030/136 1018/1016/123 1019/1017/124
f 1032/1031/137 1019/1017/124 1020/1018/125
f 1034/1032/61 1021/1020/126 1022/1021/127
f 1035/1033/63 1022/1021/127 1023/1022/128
f 1036/1034/64 1023/1022/128 1024/1023/129
f 1037/1035/66 1024/1023/129 1025/1025/131
f 1038/1036/67 1025/1025/131 1026/1037/138
f 1039/1038/68 1026/1037/138 1027/1026/132
f 1028/1027/133 1039/1038/68 1027/1026/132
f 1029/1028/134 1040/1039/70 1028/1027/133
f 1030/1029/135 1041/1040/71 1029/1028/134
f 1031/1030/136 1042/1041/73 1030/1029/135
f 1032/1031/137 1043/1042/74 1031/1030/136
f 1034/1032/61 1045/1043/53 1033/1044/53
f 1035/1033/63 1046/1045/62 1034/1032/61
f 1036/1034/64 1047/1046/54 1035/1033/63
f 1037/1035/66 1048/1047/65 1036/1034/64
f 1038/1036/67 1049/1048/55 1037/1035/66
f 1051/1049/57 1038/1036/67 1039/1038/68
f 1052/1050/69 1039/1038/68 1040/1039/70
f 1053/1051/58 1040/1039/70 1041/1040/71
f 1054/1052/59 1041/1040/71 1042/1041/73
f 1055/1053/72 1042/1041/73 1043/1042/74
f 1056/1054/60 1043/1042/74 1044/1055/60
f 1058/1056/61 1045/1043/53 1046/1045/62
f 1059/1057/63 1046/1045/62 1047/1046/54
f 1060/1058/64 1047/1046/54 1048/1047/65
f 1061/1059/66 1048/1047/65 1049/1048/55
f 1062/1060/67 1049/1048/55 1050/1061/56
f 1063/1062/139 1050/1061/56 1051/1049/57
f 1052/1050/69 1063/1062/139 1051/1049/57
f 1053/1051/58 1064/1063/70 1052/1050/69
f 1054/1052/59 1065/1064/71 1053/1051/58
f 1055/1053/72 1066/1065/73 1054/1052/59
f 1056/1054/60 1067/1066/74 1055/1053/72
f 1058/1056/61 1069/1067/53 1057/1068/53
f 1059/1057/63 1070/1069/62 1058/1056/61
f 1060/1058/64 1071/1070/140 1059/1057/63
f 1061/1059/66 1072/1071/65 1060/1058/64
f 1062/1060/67 1073/1072/75 1061/1059/66
f 1075/1073/57 1062/1060/67 1063/1062/139
f 1076/1074/69 1063/1062/139 1064/1063/70
f 1077/1075/58 1064/1063/70 1065/1064/71
f 1078/1076/59 1065/1064/71 1066/1065/73
f 1079/1077/72 1066/1065/73 1067/1066/74
f 1080/1078/60 1067/1066/74 1068/1079/60
f 1082/1080/7 1069/1067/53 1070/1069/62
f 1083/1081/8 1070/1069/62 1071/1070/140
f 1084/1082/10 1071/1070/140 1072/1071/65
f 1085/1083/82 1072/1071/65 1073/1072/75
f 1086/1084/13 1073/1072/75 1074/1085/56
f 1075/1073/57 1086/1084/13 1074/1085/56
f 1088/1086/141 1075/1073/57 1076/1074/69
f 1089/1087/93 1076/1074/69 1077/1075/58
f 1090/1088/142 1077/1075/58 1078/1076/59
f 1091/1089/22 1078/1076/59 1079/1077/72
f 1092/1090/23 1079/1077/72 1080/1078/60
f 1094/1091/5 1081/1092/6 1082/1080/7
f 1095/1093/27 1082/1080/7 1083/1081/8
f 1096/1094/9 1083/1081/8 1084/1082/10
f 1097/1095/11 1084/1082/10 1085/1083/82
f 1098/1096/30 1085/1083/82 1086/1084/13
f 1099/1097/14 1086/1084/13 1087/1098/15
f 1100/1099/16 1087/1098/15 1088/1086/141
f 1101/1100/18 1088/1086/141 1089/1087/93
f 1102/1101/34 1089/1087/93 1090/1088/142
f 1103/1102/21 1090/1088/142 1091/1089/22
f 1104/1103/37 1091/1089/22 1092/1090/23
f 1106/1104/96 1093/1105/25 1094/1091/5
f 1107/1106/97 1094/1091/5 1095/1093/27
f 1108/1107/143 1095/1093/27 1096/1094/9
f 1109/1108/99 1096/1094/9 1097/1095/11
f 1110/1109/144 1097/1095/11 1098/1096/30
f 1111/1110/145 1098/1096/30 1099/1097/14
f 1100/1099/16 1111/1110/145 1099/1097/14
f 1101/1100/18 1112/1111/102 1100/1099/16
f 1102/1101/34 1113/1112/107 1101/1100/18
f 1103/1102/21 1114/1113/104 1102/1101/34
f 1104/1103/37 1115/1114/105 1103/1102/21
f 1118/1115/83 1105/1116/25 1106/1104/96
f 1119/1117/84 1106/1104/96 1107/1106/97
f 1120/1118/85 1107/1106/97 1108/1107/143
f 1121/1119/86 1108/1107/143 1109/1108/99
f 1110/1109/144 1121/1119/86 1109/1108/99
f 1123/1120/88 1110/1109/144 1111/1110/145
f 1124/1121/89 1111/1110/145 1112/1111/102
f 1113/1112/107 1124/1121/89 1112/1111/102
f 1126/1122/91 1113/1112/107 1114/1113/104
f 1127/1123/92 1114/1113/104 1115/1114/105
f 1128/1124/23 1115/1114/105 1116/1125/37
f 1118/1115/83 937/938/6 1117/1126/6
f 1119/1117/84 938/939/7 1118/1115/83
f 1120/1118/85 939/941/8 1119/1117/84
f 1121/1119/86 940/943/10 1120/1118/85
f 1122/1127/113 941/945/82 1121/1119/86
f 1123/1120/88 942/946/13 1122/1127/113
f 944/950/17 1123/1120/88 1124/1121/89
f 945/952/93 1124/1121/89 1125/1128/90
f 946/953/20 1125/1128/90 1126/1122/91
f 947/955/22 1126/1122/91 1127/1123/92
f 948/957/23 1127/1123/92 1128/1124/23
f 1142/1129/38 1129/1130/53 1130/1131/61
f 1143/1132/40 1130/1131/61 1131/1133/63
f 1144/1134/78 1131/1133/63 1132/1135/64
f 1145/1136/42 1132/1135/64 1133/1137/66
f 1134/1138/77 1145/1136/42 1133/1137/66
f 1147/1139/79 1134/1138/77 1135/1140/68
f 1148/1141/47 1135/1140/68 1136/1142/70
f 1149/1143/80 1136/1142/70 1137/1144/146
f 1150/1145/49 1137/1144/146 1138/1146/73
f 1139/1147/74 1150/1145/49 1138/1146/73
f 1152/1148/36 1139/1147/74 1140/1149/60
f 1154/1150/96 1141/1151/39 1142/1129/38
f 1155/1152/97 1142/1129/38 1143/1132/40
f 1156/1153/98 1143/1132/40 1144/1134/78
f 1157/1154/99 1144/1134/78 1145/1136/42
f 1158/1155/100 1145/1136/42 1146/1156/114
f 1159/1157/145 1146/1156/114 1147/1139/79
f 1160/1158/102 1147/1139/79 1148/1141/47
f 1161/1159/107 1148/1141/47 1149/1143/80
f 1162/1160/104 1149/1143/80 1150/1145/49
f 1163/1161/105 1150/1145/49 1151/1162/50
f 1164/1163/37 1151/1162/50 1152/1148/36
f 1154/1150/96 1165/1164/25 1153/1165/25
f 1155/1152/97 1166/1166/5 1154/1150/96
f 1156/1153/98 1167/1167/27 1155/1152/97
f 1157/1154/99 1168/1168/9 1156/1153/98
f 1158/1155/100 1169/1169/11 1157/1154/99
f 1171/1170/14 1158/1155/100 1159/1157/145
f 1172/1171/16 1159/1157/145 1160/1158/102
f 1173/1172/18 1160/1158/102 1161/1159/107
f 1174/1173/34 1161/1159/107 1162/1160/104
f 1175/1174/21 1162/1160/104 1163/1161/105
f 1176/1175/37 1163/1161/105 1164/1163/37
f 1178/1176/96 1165/1164/25 1166/1166/5
f 1179/1177/97 1166/1166/5 1167/1167/27
f 1180/1178/98 1167/1167/27 1168/1168/9
f 1181/1179/99 1168/1168/9 1169/1169/11
f 1182/1180/100 1169/1169/11 1170/1181/30
f 1183/1182/101 1170/1181/30 1171/1170/14
f 1172/1171/16 1183/1182/101 1171/1170/14
f 1173/1172/18 1184/1183/102 1172/1171/16
f 1174/1173/34 1185/1184/107 1173/1172/18
f 1175/1174/21 1186/1185/104 1174/1173/34
f 1176/1175/37 1187/1186/105 1175/1174/21
f 1190/1187/83 1177/1188/25 1178/1176/96
f 1179/1177/97 1190/1187/83 1178/1176/96
f 1192/1189/112 1179/1177/97 1180/1178/98
f 1193/1190/86 1180/1178/98 1181/1179/99
f 1194/1191/87 1181/1179/99 1182/1180/100
f 1195/1192/88 1182/1180/100 1183/1182/101
f 1196/1193/89 1183/1182/101 1184/1183/102
f 1185/1184/107 1196/1193/89 1184/1183/102
f 1198/1194/91 1185/1184/107 1186/1185/104
f 1199/1195/92 1186/1185/104 1187/1186/105
f 1200/1196/23 1187/1186/105 1188/1197/37
f 1190/1187/83 1201/1198/6 1189/1199/6
f 1191/1200/84 1202/1201/7 1190/1187/83
f 1192/1189/112 1203/1202/8 1191/1200/84
f 1193/1190/86 1204/1203/10 1192/1189/112
f 1194/1191/87 1205/1204/12 1193/1190/86
f 1207/1205/15 1194/1191/87 1195/1192/88
f 1208/1206/17 1195/1192/88 1196/1193/89
f 1209/1207/93 1196/1193/89 1197/1208/90
f 1210/1209/20 1197/1208/90 1198/1194/91
f 1211/1210/22 1198/1194/91 1199/1195/92
f 1212/1211/23 1199/1195/92 1200/1196/23
f 1214/1212/83 1201/1198/6 1202/1201/7
f 1215/1213/84 1202/1201/7 1203/1202/8
f 1216/1214/85 1203/1202/8 1204/1203/10
f 1217/1215/86 1204/1203/10 1205/1204/12
f 1218/1216/147 1205/1204/12 1206/1217/13
f 1219/1218/88 1206/1217/13 1207/1205/15
f 1208/1206/17 1219/1218/88 1207/1205/15
f 1209/1207/93 1220/1219/89 1208/1206/17
f 1210/1209/20 1221/1220/90 1209/1207/93
f 1211/1210/22 1222/1221/91 1210/1209/20
f 1212/1211/23 1223/1222/92 1211/1210/22
f 1130/1131/61 1213/1223/6 1214/1212/83
f 1131/1133/63 1214/1212/83 1215/1213/84
f 1132/1135/64 1215/1213/84 1216/1214/85
f 1133/1137/66 1216/1214/85 1217/1215/86
f 1134/1138/77 1217/1215/86 1218/1216/147
f 1135/1140/68 1218/1216/147 1219/1218/88
f 1136/1142/70 1219/1218/88 1220/1219/89
f 1137/1144/146 1220/1219/89 1221/1220/90
f 1138/1146/73 1221/1220/90 1222/1221/91
f 1139/1147/74 1222/1221/91 1223/1222/92
f 1140/1149/60 1223/1222/92 1224/1224/23
f 1238/1225/5 1225/1226/6 1226/1227/7
f 1227/1228/8 1238/1225/5 1226/1227/7
f 1240/1229/9 1227/1228/8 1228/1230/10
f 1229/1231/12 1240/1229/9 1228/1230/10
f 1242/1232/30 1229/1231/12 1230/1233/13
f 1243/1234/14 1230/1233/13 1231/1235/15
f 1232/1236/17 1243/1234/14 1231/1235/15
f 1245/1237/18 1232/1236/17 1233/1238/93
f 1234/1239/20 1245/1237/18 1233/1238/93
f 1247/1240/21 1234/1239/20 1235/1241/22
f 1248/1242/37 1235/1241/22 1236/1243/23
f 1250/1244/24 1237/1245/25 1238/1225/5
f 1251/1246/26 1238/1225/5 1239/1247/27
f 1252/1248/28 1239/1247/27 1240/1229/9
f 1253/1249/51 1240/1229/9 1241/1250/94
f 1254/1251/44 1241/1250/94 1242/1232/30
f 1243/1234/14 1254/1251/44 1242/1232/30
f 1256/1252/32 1243/1234/14 1244/1253/16
f 1257/1254/46 1244/1253/16 1245/1237/18
f 1246/1255/34 1257/1254/46 1245/1237/18
f 1247/1240/21 1258/1256/33 1246/1255/34
f 1260/1257/36 1247/1240/21 1248/1242/37
f 1262/1258/38 1249/1259/39 1250/1244/24
f 1263/1260/40 1250/1244/24 1251/1246/26
f 1264/1261/78 1251/1246/26 1252/1248/28
f 1265/1262/42 1252/1248/28 1253/1249/51
f 1266/1263/43 1253/1249/51 1254/1251/44
f 1267/1264/45 1254/1251/44 1255/1265/31
f 1256/1252/32 1267/1264/45 1255/1265/31
f 1257/1254/46 1268/1266/47 1256/1252/32
f 1258/1256/33 1269/1267/80 1257/1254/46
f 1259/1268/35 1270/1269/49 1258/1256/33
f 1260/1257/36 1271/1270/50 1259/1268/35
f 1262/1258/38 1273/1271/39 1261/1272/39
f 1263/1260/40 1274/1273/24 1262/1258/38
f 1264/1261/78 1275/1274/26 1263/1260/40
f 1265/1262/42 1276/1275/28 1264/1261/78
f 1266/1263/43 1277/1276/51 1265/1262/42
f 1279/1277/31 1266/1263/43 1267/1264/45
f 1280/1278/52 1267/1264/45 1268/1266/47
f 1281/1279/46 1268/1266/47 1269/1267/80
f 1282/1280/33 1269/1267/80 1270/1269/49
f 1283/1281/35 1270/1269/49 1271/1270/50
f 1284/1282/36 1271/1270/50 1272/1283/36
f 1286/1284/62 1273/1271/39 1274/1273/24
f 1287/1285/54 1274/1273/24 1275/1274/26
f 1276/1275/28 1287/1285/54 1275/1274/26
f 1289/1286/75 1276/1275/28 1277/1276/51
f 1278/1287/44 1289/1286/75 1277/1276/51
f 1291/1288/57 1278/1287/44 1279/1277/31
f 1292/1289/69 1279/1277/31 1280/1278/52
f 1293/1290/58 1280/1278/52 1281/1279/46
f 1294/1291/59 1281/1279/46 1282/1280/33
f 1283/1281/35 1294/1291/59 1282/1280/33
f 1296/1292/60 1283/1281/35 1284/1282/36
f 1298/1293/7 1285/1294/53 1286/1284/62
f 1299/1295/8 1286/1284/62 1287/1285/54
f 1300/1296/10 1287/1285/54 1288/1297/65
f 1301/1298/12 1288/1297/65 1289/1286/75
f 1302/1299/13 1289/1286/75 1290/1300/56
f 1303/1301/15 1290/1300/56 1291/1288/57
f 1292/1289/69 1303/1301/15 1291/1288/57
f 1305/1302/93 1292/1289/69 1293/1290/58
f 1306/1303/20 1293/1290/58 1294/1291/59
f 1307/1304/22 1294/1291/59 1295/1305/72
f 1308/1306/23 1295/1305/72 1296/1292/60
f 1310/1307/83 1297/1308/6 1298/1293/7
f 1311/1309/84 1298/1293/7 1299/1295/8
f 1312/1310/85 1299/1295/8 1300/1296/10
f 1313/1311/86 1300/1296/10 1301/1298/12
f 1314/1312/87 1301/1298/12 1302/1299/13
f 1315/1313/88 1302/1299/13 1303/1301/15
f 1304/1314/17 1315/1313/88 1303/1301/15
f 1305/1302/93 1316/1315/89 1304/1314/17
f 1306/1303/20 1317/1316/90 1305/1302/93
f 1307/1304/22 1318/1317/91 1306/1303/20
f 1308/1306/23 1319/1318/92 1307/1304/22
f 1310/1307/83 1225/1226/6 1309/1319/6
f 1311/1309/84 1226/1227/7 1310/1307/83
f 1312/1310/85 1227/1228/8 1311/1309/84
f 1313/1311/86 1228/1230/10 1312/1310/85
f 1314/1312/87 1229/1231/12 1313/1311/86
f 1231/1235/15 1314/1312/87 1315/1313/88
f 1232/1236/17 1315/1313/88 1316/1315/89
f 1233/1238/93 1316/1315/89 1317/1316/90
f 1234/1239/20 1317/1316/90 1318/1317/91
f 1235/1241/22 1318/1317/91 1319/1318/92
f 1236/1243/23 1319/1318/92 1320/1320/23
f 1322/1321/96 1333/1322/25 1321/1323/25
f 1323/1324/97 1334/1325/5 1322/1321/96
f 1324/1326/98 1335/1327/27 1323/1324/97
f 1325/1328/99 1336/1329/9 1324/1326/98
f 1326/1330/144 1337/1331/94 1325/1328/99
f 1339/1332/14 1326/1330/144 1327/1333/101
f 1340/1334/95 1327/1333/101 1328/1335/102
f 1341/1336/18 1328/1335/102 1329/1337/107
f 1342/1338/34 1329/1337/107 1330/1339/104
f 1343/1340/21 1330/1339/104 1331/1341/105
f 1344/1342/37 1331/1341/105 1332/1343/37
f 1346/1344/24 1333/1322/25 1334/1325/5
f 1347/1345/26 1334/1325/5 1335/1327/27
f 1336/1329/9 1347/1345/26 1335/1327/27
f 1337/1331/94 1348/1346/28 1336/1329/9
f 1350/1347/44 1337/1331/94 1338/1348/30
f 1351/1349/31 1338/1348/30 1339/1332/14
f 1340/1334/95 1351/1349/31 1339/1332/14
f 1353/1350/46 1340/1334/95 1341/1336/18
f 1342/1338/34 1353/1350/46 1341/1336/18
f 1355/1351/35 1342/1338/34 1343/1340/21
f 1356/1352/36 1343/1340/21 1344/1342/37
f 1358/1353/38 1345/1354/39 1346/1344/24
f 1359/1355/40 1346/1344/24 1347/1345/26
f 1360/1356/78 1347/1345/26 1348/1346/28
f 1361/1357/42 1348/1346/28 1349/1358/51
f 1362/1359/114 1349/1358/51 1350/1347/44
f 1363/1360/79 1350/1347/44 1351/1349/31
f 1352/1361/52 1363/1360/79 1351/1349/31
f 1353/1350/46 1364/1362/47 1352/1361/52
f 1354/1363/33 1365/1364/80 1353/1350/46
f 1355/1351/35 1366/1365/49 1354/1363/33
f 1356/1352/36 1367/1366/50 1355/1351/35
f 1358/1353/38 1369/1367/39 1357/1368/39
f 1359/1355/40 1370/1369/24 1358/1353/38
f 1360/1356/78 1371/1370/26 1359/1355/40
f 1361/1357/42 1372/1371/28 1360/1356/78
f 1362/1359/114 1373/1372/29 1361/1357/42
f 1375/1373/31 1362/1359/114 1363/1360/79
f 1376/1374/52 1363/1360/79 1364/1362/47
f 1377/1375/46 1364/1362/47 1365/1364/80
f 1378/1376/33 1365/1364/80 1366/1365/49
f 1379/1377/35 1366/1365/49 1367/1366/50
f 1380/1378/36 1367/1366/50 1368/1379/36
f 1382/1380/62 1369/1367/39 1370/1369/24
f 1371/1370/26 1382/1380/62 1370/1369/24
f 1384/1381/65 1371/1370/26 1372/1371/28
f 1373/1372/29 1384/1381/65 1372/1371/28
f 1386/1382/56 1373/1372/29 1374/1383/44
f 1387/1384/57 1374/1383/44 1375/1373/31
f 1376/1374/52 1387/1384/57 1375/1373/31
f 1389/1385/58 1376/1374/52 1377/1375/46
f 1378/1376/33 1389/1385/58 1377/1375/46
f 1391/1386/72 1378/1376/33 1379/1377/35
f 1392/1387/60 1379/1377/35 1380/1378/36
f 1394/1388/61 1381/1389/53 1382/1380/62
f 1395/1390/63 1382/1380/62 1383/1391/54
f 1396/1392/64 1383/1391/54 1384/1381/65
f 1397/1393/66 1384/1381/65 1385/1394/55
f 1398/1395/148 1385/1394/55 1386/1382/56
f 1399/1396/139 1386/1382/56 1387/1384/57
f 1388/1397/69 1399/1396/139 1387/1384/57
f 1389/1385/58 1400/1398/70 1388/1397/69
f 1390/1399/59 1401/1400/71 1389/1385/58
f 1391/1386/72 1402/1401/73 1390/1399/59
f 1392/1387/60 1403/1402/74 1391/1386/72
f 1406/1403/38 1393/1404/53 1394/1388/61
f 1395/1390/63 1406/1403/38 1394/1388/61
f 1408/1405/41 1395/1390/63 1396/1392/64
f 1409/1406/42 1396/1392/64 1397/1393/66
f 1410/1407/114 1397/1393/66 1398/1395/148
f 1411/1408/45 1398/1395/148 1399/1396/139
f 1412/1409/47 1399/1396/139 1400/1398/70
f 1401/1400/71 1412/1409/47 1400/1398/70
f 1414/1410/49 1401/1400/71 1402/1401/73
f 1415/1411/50 1402/1401/73 1403/1402/74
f 1416/1412/36 1403/1402/74 1404/1413/60
f 1406/1403/38 1417/1414/39 1405/1415/39
f 1407/1416/40 1418/1417/24 1406/1403/38
f 1408/1405/41 1419/1418/26 1407/1416/40
f 1409/1406/42 1420/1419/28 1408/1405/41
f 1410/1407/114 1421/1420/29 1409/1406/42
f 1423/1421/31 1410/1407/114 1411/1408/45
f 1424/1422/32 1411/1408/45 1412/1409/47
f 1425/1423/46 1412/1409/47 1413/1424/80
f 1426/1425/33 1413/1424/80 1414/1410/49
f 1427/1426/35 1414/1410/49 1415/1411/50
f 1428/1427/36 1415/1411/50 1416/1412/36
f 1430/1428/62 1417/1414/39 1418/1417/24
f 1431/1429/54 1418/1417/24 1419/1418/26
f 1432/1430/65 1419/1418/26 1420/1419/28
f 1433/1431/75 1420/1419/28 1421/1420/29
f 1422/1432/44 1433/1431/75 1421/1420/29
f 1435/1433/57 1422/1432/44 1423/1421/31
f 1436/1434/76 1423/1421/31 1424/1422/32
f 1425/1423/46 1436/1434/76 1424/1422/32
f 1438/1435/59 1425/1423/46 1426/1425/33
f 1439/1436/72 1426/1425/33 1427/1426/35
f 1440/1437/60 1427/1426/35 1428/1427/36
f 1442/1438/7 1429/1439/53 1430/1428/62
f 1443/1440/8 1430/1428/62 1431/1429/54
f 1444/1441/10 1431/1429/54 1432/1430/65
f 1445/1442/82 1432/1430/65 1433/1431/75
f 1434/1443/56 1445/1442/82 1433/1431/75
f 1447/1444/15 1434/1443/56 1435/1433/57
f 1448/1445/141 1435/1433/57 1436/1434/76
f 1437/1446/58 1448/1445/141 1436/1434/76
f 1450/1447/20 1437/1446/58 1438/1435/59
f 1451/1448/22 1438/1435/59 1439/1436/72
f 1452/1449/23 1439/1436/72 1440/1437/60
f 1454/1450/83 1441/1451/6 1442/1438/7
f 1455/1452/84 1442/1438/7 1443/1440/8
f 1456/1453/85 1443/1440/8 1444/1441/10
f 1457/1454/86 1444/1441/10 1445/1442/82
f 1458/1455/147 1445/1442/82 1446/1456/13
f 1459/1457/149 1446/1456/13 1447/1444/15
f 1448/1445/141 1459/1457/149 1447/1444/15
f 1449/1458/93 1460/1459/89 1448/1445/141
f 1450/1447/20 1461/1460/90 1449/1458/93
f 1451/1448/22 1462/1461/91 1450/1447/20
f 1452/1449/23 1463/1462/92 1451/1448/22
f 1454/1450/83 1465/1463/6 1453/1464/6
f 1455/1452/84 1466/1465/7 1454/1450/83
f 1456/1453/85 1467/1466/8 1455/1452/84
f 1457/1454/86 1468/1467/10 1456/1453/85
f 1458/1455/147 1469/1468/82 1457/1454/86
f 1459/1457/149 1470/1469/13 1458/1455/147
f 1472/1470/141 1459/1457/149 1460/1459/89
f 1473/1471/93 1460/1459/89 1461/1460/90
f 1474/1472/20 1461/1460/90 1462/1461/91
f 1475/1473/22 1462/1461/91 1463/1462/92
f 1476/1474/23 1463/1462/92 1464/1475/23
f 1478/1476/5 1465/1463/6 1466/1465/7
f 1479/1477/27 1466/1465/7 1467/1466/8
f 1468/1467/10 1479/1477/27 1467/1466/8
f 1481/1478/94 1468/1467/10 1469/1468/82
f 1470/1469/13 1481/1478/94 1469/1468/82
f 1483/1479/14 1470/1469/13 1471/1480/15
f 1484/1481/16 1471/1480/15 1472/1470/141
f 1473/1471/93 1484/1481/16 1472/1470/141
f 1486/1482/34 1473/1471/93 1474/1472/20
f 1475/1473/22 1486/1482/34 1474/1472/20
f 1488/1483/37 1475/1473/22 1476/1474/23
f 1322/1321/96 1477/1484/25 1478/1476/5
f 1323/1324/97 1478/1476/5 1479/1477/27
f 1324/1326/98 1479/1477/27 1480/1485/9
f 1325/1328/99 1480/1485/9 1481/1478/94
f 1326/1330/144 1481/1478/94 1482/1486/30
f 1327/1333/101 1482/1486/30 1483/1479/14
f 1484/1481/16 1327/1333/101 1483/1479/14
f 1485/1487/18 1328/1335/102 1484/1481/16
f 1486/1482/34 1329/1337/107 1485/1487/18
f 1487/1488/21 1330/1339/104 1486/1482/34
f 1488/1483/37 1331/1341/105 1487/1488/21
f 1490/1489/96 1501/1490/25 1489/1491/25
f 1491/1492/97 1502/1493/5 1490/1489/96
f 1492/1494/98 1503/1495/27 1491/1492/97
f 1493/1496/99 1504/1497/9 1492/1494/98
f 1494/1498/100 1505/1499/94 1493/1496/99
f 1507/1500/14 1494/1498/100 1495/1501/101
f 1508/1502/95 1495/1501/101 1496/1503/102
f 1509/1504/18 1496/1503/102 1497/1505/107
f 1510/1506/34 1497/1505/107 1498/1507/104
f 1511/1508/21 1498/1507/104 1499/1509/105
f 1512/1510/37 1499/1509/105 1500/1511/37
f 1514/1512/24 1501/1490/25 1502/1493/5
f 1515/1513/26 1502/1493/5 1503/1495/27
f 1516/1514/28 1503/1495/27 1504/1497/9
f 1517/1515/29 1504/1497/9 1505/1499/94
f 1506/1516/30 1517/1515/29 1505/1499/94
f 1519/1517/31 1506/1516/30 1507/1500/14
f 1520/1518/32 1507/1500/14 1508/1502/95
f 1509/1504/18 1520/1518/32 1508/1502/95
f 1522/1519/33 1509/1504/18 1510/1506/34
f 1523/1520/35 1510/1506/34 1511/1508/21
f 1524/1521/36 1511/1508/21 1512/1510/37
f 1526/1522/62 1513/1523/39 1514/1512/24
f 1515/1513/26 1526/1522/62 1514/1512/24
f 1528/1524/65 1515/1513/26 1516/1514/28
f 1529/1525/55 1516/1514/28 1517/1515/29
f 1530/1526/56 1517/1515/29 1518/1527/44
f 1531/1528/57 1518/1527/44 1519/1517/31
f 1520/1518/32 1531/1528/57 1519/1517/31
f 1533/1529/58 1520/1518/32 1521/1530/46
f 1522/1519/33 1533/1529/58 1521/1530/46
f 1535/1531/72 1522/1519/33 1523/1520/35
f 1536/1532/60 1523/1520/35 1524/1521/36
f 1538/1533/61 1525/1534/53 1526/1522/62
f 1539/1535/63 1526/1522/62 1527/1536/54
f 1540/1537/64 1527/1536/54 1528/1524/65
f 1541/1538/66 1528/1524/65 1529/1525/55
f 1542/1539/67 1529/1525/55 1530/1526/56
f 1543/1540/139 1530/1526/56 1531/1528/57
f 1532/1541/69 1543/1540/139 1531/1528/57
f 1533/1529/58 1544/1542/70 1532/1541/69
f 1534/1543/59 1545/1544/71 1533/1529/58
f 1535/1531/72 1546/1545/73 1534/1543/59
f 1536/1532/60 1547/1546/74 1535/1531/72
f 1538/1533/61 1549/1547/53 1537/1548/53
f 1539/1535/63 1550/1549/62 1538/1533/61
f 1540/1537/64 1551/1550/54 1539/1535/63
f 1541/1538/66 1552/1551/65 1540/1537/64
f 1542/1539/67 1553/1552/55 1541/1538/66
f 1555/1553/57 1542/1539/67 1543/1540/139
f 1556/1554/69 1543/1540/139 1544/1542/70
f 1557/1555/58 1544/1542/70 1545/1544/71
f 1558/1556/59 1545/1544/71 1546/1545/73
f 1559/1557/72 1546/1545/73 1547/1546/74
f 1560/1558/60 1547/1546/74 1548/1559/60
f 1562/1560/61 1549/1547/53 1550/1549/62
f 1563/1561/63 1550/1549/62 1551/1550/54
f 1564/1562/64 1551/1550/54 1552/1551/65
f 1565/1563/66 1552/1551/65 1553/1552/55
f 1566/1564/67 1553/1552/55 1554/1565/56
f 1567/1566/68 1554/1565/56 1555/1553/57
f 1556/1554/69 1567/1566/68 1555/1553/57
f 1557/1555/58 1568/1567/70 1556/1554/69
f 1558/1556/59 1569/1568/71 1557/1555/58
f 1559/1557/72 1570/1569/73 1558/1556/59
f 1560/1558/60 1571/1570/74 1559/1557/72
f 1562/1560/61 1573/1571/53 1561/1572/53
f 1563/1561/63 1574/1573/62 1562/1560/61
f 1564/1562/64 1575/1574/54 1563/1561/63
f 1565/1563/66 1576/1575/65 1564/1562/64
f 1566/1564/67 1577/1576/75 1565/1563/66
f 1579/1577/57 1566/1564/67 1567/1566/68
f 1580/1578/76 1567/1566/68 1568/1567/70
f 1581/1579/58 1568/1567/70 1569/1568/71
f 1582/1580/59 1569/1568/71 1570/1569/73
f 1583/1581/72 1570/1569/73 1571/1570/74
f 1584/1582/60 1571/1570/74 1572/1583/60
f 1586/1584/7 1573/1571/53 1574/1573/62
f 1587/1585/8 1574/1573/62 1575/1574/54
f 1588/1586/10 1575/1574/54 1576/1575/65
f 1589/1587/12 1576/1575/65 1577/1576/75
f 1590/1588/13 1577/1576/75 1578/1589/56
f 1579/1577/57 1590/1588/13 1578/1589/56
f 1592/1590/141 1579/1577/57 1580/1578/76
f 1581/1579/58 1592/1590/141 1580/1578/76
f 1594/1591/20 1581/1579/58 1582/1580/59
f 1595/1592/22 1582/1580/59 1583/1581/72
f 1596/1593/23 1583/1581/72 1584/1582/60
f 1598/1594/5 1585/1595/6 1586/1584/7
f 1599/1596/27 1586/1584/7 1587/1585/8
f 1588/1586/10 1599/1596/27 1587/1585/8
f 1601/1597/94 1588/1586/10 1589/1587/12
f 1602/1598/30 1589/1587/12 1590/1588/13
f 1603/1599/14 1590/1588/13 1591/1600/15
f 1592/1590/141 1603/1599/14 1591/1600/15
f 1605/1601/18 1592/1590/141 1593/1602/93
f 1606/1603/34 1593/1602/93 1594/1591/20
f 1607/1604/21 1594/1591/20 1595/1592/22
f 1608/1605/37 1595/1592/22 1596/1593/23
f 1610/1606/96 1597/1607/25 1598/1594/5
f 1611/1608/97 1598/1594/5 1599/1596/27
f 1612/1609/98 1599/1596/27 1600/1610/9
f 1613/1611/99 1600/1610/9 1601/1597/94
f 1614/1612/100 1601/1597/94 1602/1598/30
f 1615/1613/101 1602/1598/30 1603/1599/14
f 1604/1614/16 1615/1613/101 1603/1599/14
f 1605/1601/18 1616/1615/102 1604/1614/16
f 1606/1603/34 1617/1616/107 1605/1601/18
f 1607/1604/21 1618/1617/104 1606/1603/34
f 1608/1605/37 1619/1618/105 1607/1604/21
f 1610/1606/96 1621/1619/25 1609/1620/25
f 1611/1608/97 1622/1621/5 1610/1606/96
f 1612/1609/98 1623/1622/27 1611/1608/97
f 1613/1611/99 1624/1623/9 1612/1609/98
f 1614/1612/100 1625/1624/94 1613/1611/99
f 1627/1625/14 1614/1612/100 1615/1613/101
f 1628/1626/95 1615/1613/101 1616/1615/102
f 1629/1627/18 1616/1615/102 1617/1616/107
f 1630/1628/34 1617/1616/107 1618/1617/104
f 1631/1629/21 1618/1617/104 1619/1618/105
f 1632/1630/37 1619/1618/105 1620/1631/37
f 1490/1489/96 1621/1619/25 1622/1621/5
f 1491/1492/97 1622/1621/5 1623/1622/27
f 1492/1494/98 1623/1622/27 1624/1623/9
f 1493/1496/99 1624/1623/9 1625/1624/94
f 1494/1498/100 1625/1624/94 1626/1632/30
f 1495/1501/101 1626/1632/30 1627/1625/14
f 1628/1626/95 1495/1501/101 1627/1625/14
f 1629/1627/18 1496/1503/102 1628/1626/95
f 1630/1628/34 1497/1505/107 1629/1627/18
f 1631/1629/21 1498/1507/104 1630/1628/34
f 1632/1630/37 1499/1509/105 1631/1629/21
f 1646/1633/5 1633/1634/6 1634/1635/7
f 1647/1636/27 1634/1635/7 1635/1637/8
f 1648/1638/9 1635/1637/8 1636/1639/10
f 1649/1640/11 1636/1639/10 1637/1641/12
f 1650/1642/30 1637/1641/12 1638/1643/13
f 1651/1644/14 1638/1643/13 1639/1645/15
f 1652/1646/16 1639/1645/15 1640/1647/17
f 1653/1648/18 1640/1647/17 1641/1649/93
f 1654/1650/34 1641/1649/93 1642/1651/20
f 1655/1652/21 1642/1651/20 1643/1653/22
f 1656/1654/37 1643/1653/22 1644/1655/23
f 1658/1656/24 1645/1657/25 1646/1633/5
f 1659/1658/26 1646/1633/5 1647/1636/27
f 1660/1659/28 1647/1636/27 1648/1638/9
f 1649/1640/11 1660/1659/28 1648/1638/9
f 1662/1660/44 1649/1640/11 1650/1642/30
f 1663/1661/31 1650/1642/30 1651/1644/14
f 1652/1646/16 1663/1661/31 1651/1644/14
f 1665/1662/46 1652/1646/16 1653/1648/18
f 1666/1663/33 1653/1648/18 1654/1650/34
f 1667/1664/35 1654/1650/34 1655/1652/21
f 1668/1665/36 1655/1652/21 1656/1654/37
f 1670/1666/62 1657/1667/39 1658/1656/24
f 1671/1668/54 1658/1656/24 1659/1658/26
f 1672/1669/65 1659/1658/26 1660/1659/28
f 1673/1670/55 1660/1659/28 1661/1671/29
f 1674/1672/56 1661/1671/29 1662/1660/44
f 1675/1673/57 1662/1660/44 1663/1661/31
f 1676/1674/69 1663/1661/31 1664/1675/32
f 1677/1676/58 1664/1675/32 1665/1662/46
f 1678/1677/59 1665/1662/46 1666/1663/33
f 1679/1678/72 1666/1663/33 1667/1664/35
f 1680/1679/60 1667/1664/35 1668/1665/36
f 1634/1635/7 1669/1680/53 1670/1666/62
f 1635/1637/8 1670/1666/62 1671/1668/54
f 1636/1639/10 1671/1668/54 1672/1669/65
f 1637/1641/12 1672/1669/65 1673/1670/55
f 1674/1672/56 1637/1641/12 1673/1670/55
f 1639/1645/15 1674/1672/56 1675/1673/57
f 1640/1647/17 1675/1673/57 1676/1674/69
f 1677/1676/58 1640/1647/17 1676/1674/69
f 1642/1651/20 1677/1676/58 1678/1677/59
f 1643/1653/22 1678/1677/59 1679/1678/72
f 1644/1655/23 1679/1678/72 1680/1679/60
f 1694/1681/5 1681/1682/6 1682/1683/7
f 1695/1684/27 1682/1683/7 1683/1685/8
f 1696/1686/9 1683/1685/8 1684/1687/10
f 1697/1688/11 1684/1687/10 1685/1689/12
f 1698/1690/30 1685/1689/12 1686/1691/13
f 1699/1692/14 1686/1691/13 1687/1693/15
f 1700/1694/95 1687/1693/15 1688/1695/17
f 1701/1696/18 1688/1695/17 1689/1697/93
f 1702/1698/34 1689/1697/93 1690/1699/20
f 1703/1700/21 1690/1699/20 1691/1701/22
f 1704/1702/37 1691/1701/22 1692/1703/23
f 1706/1704/24 1693/1705/25 1694/1681/5
f 1707/1706/26 1694/1681/5 1695/1684/27
f 1708/1707/28 1695/1684/27 1696/1686/9
f 1709/1708/29 1696/1686/9 1697/1688/11
f 1710/1709/44 1697/1688/11 1698/1690/30
f 1711/1710/31 1698/1690/30 1699/1692/14
f 1712/1711/52 1699/1692/14 1700/1694/95
f 1713/1712/46 1700/1694/95 1701/1696/18
f 1702/1698/34 1713/1712/46 1701/1696/18
f 1715/1713/35 1702/1698/34 1703/1700/21
f 1716/1714/36 1703/1700/21 1704/1702/37
f 1718/1715/38 1705/1716/39 1706/1704/24
f 1719/1717/40 1706/1704/24 1707/1706/26
f 1720/1718/41 1707/1706/26 1708/1707/28
f 1721/1719/42 1708/1707/28 1709/1708/29
f 1722/1720/43 1709/1708/29 1710/1709/44
f 1723/1721/45 1710/1709/44 1711/1710/31
f 1712/1711/52 1723/1721/45 1711/1710/31
f 1713/1712/46 1724/1722/47 1712/1711/52
f 1714/1723/33 1725/1724/48 1713/1712/46
f 1715/1713/35 1726/1725/49 1714/1723/33
f 1716/1714/36 1727/1726/50 1715/1713/35
f 1718/1715/38 1729/1727/39 1717/1728/39
f 1719/1717/40 1730/1729/24 1718/1715/38
f 1720/1718/41 1731/1730/26 1719/1717/40
f 1721/1719/42 1732/1731/28 1720/1718/41
f 1722/1720/43 1733/1732/29 1721/1719/42
f 1735/1733/31 1722/1720/43 1723/1721/45
f 1736/1734/32 1723/1721/45 1724/1722/47
f 1737/1735/46 1724/1722/47 1725/1724/48
f 1738/1736/33 1725/1724/48 1726/1725/49
f 1739/1737/35 1726/1725/49 1727/1726/50
f 1740/1738/36 1727/1726/50 1728/1739/36
f 1742/1740/38 1729/1727/39 1730/1729/24
f 1743/1741/40 1730/1729/24 1731/1730/26
f 1744/1742/41 1731/1730/26 1732/1731/28
f 1745/1743/42 1732/1731/28 1733/1732/29
f 1746/1744/114 1733/1732/29 1734/1745/44
f 1747/1746/45 1734/1745/44 1735/1733/31
f 1736/1734/32 1747/1746/45 1735/1733/31
f 1737/1735/46 1748/1747/47 1736/1734/32
f 1738/1736/33 1749/1748/80 1737/1735/46
f 1739/1737/35 1750/1749/49 1738/1736/33
f 1740/1738/36 1751/1750/50 1739/1737/35
f 1742/1740/38 1753/1751/39 1741/1752/39
f 1743/1741/40 1754/1753/24 1742/1740/38
f 1744/1742/41 1755/1754/26 1743/1741/40
f 1745/1743/42 1756/1755/28 1744/1742/41
f 1746/1744/114 1757/1756/29 1745/1743/42
f 1759/1757/31 1746/1744/114 1747/1746/45
f 1760/1758/32 1747/1746/45 1748/1747/47
f 1761/1759/46 1748/1747/47 1749/1748/80
f 1762/1760/33 1749/1748/80 1750/1749/49
f 1763/1761/35 1750/1749/49 1751/1750/50
f 1764/1762/36 1751/1750/50 1752/1763/36
f 1766/1764/62 1753/1751/39 1754/1753/24
f 1767/1765/54 1754/1753/24 1755/1754/26
f 1768/1766/65 1755/1754/26 1756/1755/28
f 1769/1767/75 1756/1755/28 1757/1756/29
f 1770/1768/56 1757/1756/29 1758/1769/44
f 1771/1770/57 1758/1769/44 1759/1757/31
f 1772/1771/76 1759/1757/31 1760/1758/32
f 1773/1772/58 1760/1758/32 1761/1759/46
f 1774/1773/59 1761/1759/46 1762/1760/33
f 1775/1774/72 1762/1760/33 1763/1761/35
f 1776/1775/60 1763/1761/35 1764/1762/36
f 1778/1776/7 1765/1777/53 1766/1764/62
f 1779/1778/8 1766/1764/62 1767/1765/54
f 1780/1779/10 1767/1765/54 1768/1766/65
f 1781/1780/12 1768/1766/65 1769/1767/75
f 1770/1768/56 1781/1780/12 1769/1767/75
f 1783/1781/15 1770/1768/56 1771/1770/57
f 1784/1782/17 1771/1770/57 1772/1771/76
f 1773/1772/58 1784/1782/17 1772/1771/76
f 1786/1783/20 1773/1772/58 1774/1773/59
f 1787/1784/22 1774/1773/59 1775/1774/72
f 1788/1785/23 1775/1774/72 1776/1775/60
f 1790/1786/83 1777/1787/6 1778/1776/7
f 1791/1788/84 1778/1776/7 1779/1778/8
f 1792/1789/85 1779/1778/8 1780/1779/10
f 1793/1790/86 1780/1779/10 1781/1780/12
f 1794/1791/147 1781/1780/12 1782/1792/13
f 1795/1793/88 1782/1792/13 1783/1781/15
f 1784/1782/17 1795/1793/88 1783/1781/15
f 1785/1794/93 1796/1795/89 1784/1782/17
f 1786/1783/20 1797/1796/90 1785/1794/93
f 1787/1784/22 1798/1797/91 1786/1783/20
f 1788/1785/23 1799/1798/92 1787/1784/22
f 1790/1786/83 1801/1799/6 1789/1800/6
f 1791/1788/84 1802/1801/7 1790/1786/83
f 1792/1789/85 1803/1802/8 1791/1788/84
f 1793/1790/86 1804/1803/10 1792/1789/85
f 1794/1791/147 1805/1804/12 1793/1790/86
f 1807/1805/15 1794/1791/147 1795/1793/88
f 1808/1806/17 1795/1793/88 1796/1795/89
f 1809/1807/93 1796/1795/89 1797/1796/90
f 1810/1808/20 1797/1796/90 1798/1797/91
f 1811/1809/22 1798/1797/91 1799/1798/92
f 1812/1810/23 1799/1798/92 1800/1811/23
f 1814/1812/83 1801/1799/6 1802/1801/7
f 1815/1813/84 1802/1801/7 1803/1802/8
f 1816/1814/85 1803/1802/8 1804/1803/10
f 1817/1815/86 1804/1803/10 1805/1804/12
f 1818/1816/87 1805/1804/12 1806/1817/13
f 1819/1818/88 1806/1817/13 1807/1805/15
f 1808/1806/17 1819/1818/88 1807/1805/15
f 1809/1807/93 1820/1819/89 1808/1806/17
f 1810/1808/20 1821/1820/90 1809/1807/93
f 1811/1809/22 1822/1821/91 1810/1808/20
f 1812/1810/23 1823/1822/92 1811/1809/22
f 1814/1812/83 1825/1823/6 1813/1824/6
f 1815/1813/84 1826/1825/7 1814/1812/83
f 1816/1814/85 1827/1826/8 1815/1813/84
f 1817/1815/86 1828/1827/10 1816/1814/85
f 1818/1816/87 1829/1828/12 1817/1815/86
f 1831/1829/15 1818/1816/87 1819/1818/88
f 1832/1830/17 1819/1818/88 1820/1819/89
f 1833/1831/93 1820/1819/89 1821/1820/90
f 1834/1832/20 1821/1820/90 1822/1821/91
f 1835/1833/22 1822/1821/91 1823/1822/92
f 1836/1834/23 1823/1822/92 1824/1835/23
f 1838/1836/83 1825/1823/6 1826/1825/7
f 1839/1837/84 1826/1825/7 1827/1826/8
f 1840/1838/85 1827/1826/8 1828/1827/10
f 1841/1839/86 1828/1827/10 1829/1828/12
f 1842/1840/87 1829/1828/12 1830/1841/13
f 1843/1842/149 1830/1841/13 1831/1829/15
f 1832/1830/17 1843/1842/149 1831/1829/15
f 1833/1831/93 1844/1843/89 1832/1830/17
f 1834/1832/20 1845/1844/90 1833/1831/93
f 1835/1833/22 1846/1845/91 1834/1832/20
f 1836/1834/23 1847/1846/92 1835/1833/22
f 1838/1836/83 1849/1847/6 1837/1848/6
f 1839/1837/84 1850/1849/7 1838/1836/83
f 1840/1838/85 1851/1850/8 1839/1837/84
f 1841/1839/86 1852/1851/10 1840/1838/85
f 1842/1840/87 1853/1852/82 1841/1839/86
f 1843/1842/149 1854/1853/13 1842/1840/87
f 1856/1854/17 1843/1842/149 1844/1843/89
f 1857/1855/93 1844/1843/89 1845/1844/90
f 1858/1856/20 1845/1844/90 1846/1845/91
f 1859/1857/22 1846/1845/91 1847/1846/92
f 1860/1858/23 1847/1846/92 1848/1859/23
f 1862/1860/5 1849/1847/6 1850/1849/7
f 1863/1861/27 1850/1849/7 1851/1850/8
f 1864/1862/9 1851/1850/8 1852/1851/10
f 1865/1863/11 1852/1851/10 1853/1852/82
f 1866/1864/30 1853/1852/82 1854/1853/13
f 1867/1865/14 1854/1853/13 1855/1866/15
f 1868/1867/95 1855/1866/15 1856/1854/17
f 1869/1868/18 1856/1854/17 1857/1855/93
f 1870/1869/34 1857/1855/93 1858/1856/20
f 1871/1870/21 1858/1856/20 1859/1857/22
f 1872/1871/37 1859/1857/22 1860/1858/23
f 1874/1872/24 1861/1873/25 1862/1860/5
f 1875/1874/26 1862/1860/5 1863/1861/27
f 1876/1875/28 1863/1861/27 1864/1862/9
f 1877/1876/29 1864/1862/9 1865/1863/11
f 1866/1864/30 1877/1876/29 1865/1863/11
f 1879/1877/31 1866/1864/30 1867/1865/14
f 1868/1867/95 1879/1877/31 1867/1865/14
f 1881/1878/46 1868/1867/95 1869/1868/18
f 1882/1879/33 1869/1868/18 1870/1869/34
f 1883/1880/35 1870/1869/34 1871/1870/21
f 1872/1871/37 1883/1880/35 1871/1870/21
f 1886/1881/38 1873/1882/39 1874/1872/24
f 1887/1883/40 1874/1872/24 1875/1874/26
f 1888/1884/78 1875/1874/26 1876/1875/28
f 1889/1885/42 1876/1875/28 1877/1876/29
f 1890/1886/43 1877/1876/29 1878/1887/44
f 1891/1888/79 1878/1887/44 1879/1877/31
f 1880/1889/52 1891/1888/79 1879/1877/31
f 1881/1878/46 1892/1890/47 1880/1889/52
f 1882/1879/33 1893/1891/80 1881/1878/46
f 1883/1880/35 1894/1892/49 1882/1879/33
f 1884/1893/36 1895/1894/50 1883/1880/35
f 1886/1881/38 1897/1895/39 1885/1896/39
f 1887/1883/40 1898/1897/24 1886/1881/38
f 1888/1884/78 1899/1898/26 1887/1883/40
f 1889/1885/42 1900/1899/28 1888/1884/78
f 1890/1886/43 1901/1900/29 1889/1885/42
f 1903/1901/31 1890/1886/43 1891/1888/79
f 1904/1902/32 1891/1888/79 1892/1890/47
f 1905/1903/46 1892/1890/47 1893/1891/80
f 1906/1904/33 1893/1891/80 1894/1892/49
f 1907/1905/35 1894/1892/49 1895/1894/50
f 1908/1906/36 1895/1894/50 1896/1907/36
f 1910/1908/38 1897/1895/39 1898/1897/24
f 1911/1909/40 1898/1897/24 1899/1898/26
f 1912/1910/78 1899/1898/26 1900/1899/28
f 1913/1911/42 1900/1899/28 1901/1900/29
f 1914/1912/43 1901/1900/29 1902/1913/44
f 1915/1914/79 1902/1913/44 1903/1901/31
f 1904/1902/32 1915/1914/79 1903/1901/31
f 1905/1903/46 1916/1915/47 1904/1902/32
f 1906/1904/33 1917/1916/80 1905/1903/46
f 1907/1905/35 1918/1917/49 1906/1904/33
f 1908/1906/36 1919/1918/50 1907/1905/35
f 1922/1919/96 1909/1920/39 1910/1908/38
f 1923/1921/97 1910/1908/38 1911/1909/40
f 1924/1922/98 1911/1909/40 1912/1910/78
f 1913/1911/42 1924/1922/98 1912/1910/78
f 1926/1923/100 1913/1911/42 1914/1912/43
f 1927/1924/101 1914/1912/43 1915/1914/79
f 1916/1915/47 1927/1924/101 1915/1914/79
f 1929/1925/107 1916/1915/47 1917/1916/80
f 1930/1926/104 1917/1916/80 1918/1917/49
f 1931/1927/105 1918/1917/49 1919/1918/50
f 1932/1928/37 1919/1918/50 1920/1929/36
f 1922/1919/96 1933/1930/25 1921/1931/25
f 1923/1921/97 1934/1932/5 1922/1919/96
f 1924/1922/98 1935/1933/27 1923/1921/97
f 1925/1934/99 1936/1935/9 1924/1922/98
f 1926/1923/100 1937/1936/94 1925/1934/99
f 1939/1937/14 1926/1923/100 1927/1924/101
f 1940/1938/95 1927/1924/101 1928/1939/102
f 1941/1940/18 1928/1939/102 1929/1925/107
f 1942/1941/34 1929/1925/107 1930/1926/104
f 1943/1942/21 1930/1926/104 1931/1927/105
f 1944/1943/37 1931/1927/105 1932/1928/37
f 1946/1944/96 1933/1930/25 1934/1932/5
f 1947/1945/97 1934/1932/5 1935/1933/27
f 1948/1946/98 1935/1933/27 1936/1935/9
f 1949/1947/99 1936/1935/9 1937/1936/94
f 1950/1948/100 1937/1936/94 1938/1949/30
f 1951/1950/101 1938/1949/30 1939/1937/14
f 1940/1938/95 1951/1950/101 1939/1937/14
f 1941/1940/18 1952/1951/102 1940/1938/95
f 1942/1941/34 1953/1952/107 1941/1940/18
f 1943/1942/21 1954/1953/104 1942/1941/34
f 1944/1943/37 1955/1954/105 1943/1942/21
f 1946/1944/96 1957/1955/25 1945/1956/25
f 1947/1945/97 1958/1957/5 1946/1944/96
f 1948/1946/98 1959/1958/27 1947/1945/97
f 1949/1947/99 1960/1959/9 1948/1946/98
f 1950/1948/100 1961/1960/94 1949/1947/99
f 1963/1961/14 1950/1948/100 1951/1950/101
f 1964/1962/95 1951/1950/101 1952/1951/102
f 1965/1963/18 1952/1951/102 1953/1952/107
f 1966/1964/34 1953/1952/107 1954/1953/104
f 1967/1965/21 1954/1953/104 1955/1954/105
f 1968/1966/37 1955/1954/105 1956/1967/37
f 1970/1968/96 1957/1955/25 1958/1957/5
f 1971/1969/97 1958/1957/5 1959/1958/27
f 1972/1970/98 1959/1958/27 1960/1959/9
f 1973/1971/99 1960/1959/9 1961/1960/94
f 1974/1972/144 1961/1960/94 1962/1973/30
f 1975/1974/101 1962/1973/30 1963/1961/14
f 1964/1962/95 1975/1974/101 1963/1961/14
f 1965/1963/18 1976/1975/102 1964/1962/95
f 1966/1964/34 1977/1976/107 1965/1963/18
f 1967/1965/21 1978/1977/104 1966/1964/34
f 1968/1966/37 1979/1978/105 1967/1965/21
f 1982/1979/83 1969/1980/25 1970/1968/96
f 1983/1981/84 1970/1968/96 1971/1969/97
f 1984/1982/85 1971/1969/97 1972/1970/98
f 1985/1983/86 1972/1970/98 1973/1971/99
f 1986/1984/87 1973/1971/99 1974/1972/144
f 1987/1985/149 1974/1972/144 1975/1974/101
f 1988/1986/89 1975/1974/101 1976/1975/102
f 1989/1987/90 1976/1975/102 1977/1976/107
f 1990/1988/91 1977/1976/107 1978/1977/104
f 1991/1989/92 1978/1977/104 1979/1978/105
f 1992/1990/23 1979/1978/105 1980/1991/37
f 1982/1979/83 1681/1682/6 1981/1992/6
f 1983/1981/84 1682/1683/7 1982/1979/83
f 1984/1982/85 1683/1685/8 1983/1981/84
f 1985/1983/86 1684/1687/10 1984/1982/85
f 1986/1984/87 1685/1689/12 1985/1983/86
f 1687/1693/15 1986/1984/87 1987/1985/149
f 1688/1695/17 1987/1985/149 1988/1986/89
f 1689/1697/93 1988/1986/89 1989/1987/90
f 1690/1699/20 1989/1987/90 1990/1988/91
f 1691/1701/22 1990/1988/91 1991/1989/92
f 1692/1703/23 1991/1989/92 1992/1990/23
f 2006/1993/5 1993/1994/6 1994/1995/7
f 2007/1996/27 1994/1995/7 1995/1997/8
f 2008/1998/9 1995/1997/8 1996/1999/10
f 2009/2000/94 1996/1999/10 1997/2001/12
f 2010/2002/30 1997/2001/12 1998/2003/13
f 2011/2004/14 1998/2003/13 1999/2005/15
f 2012/2006/95 1999/2005/15 2000/2007/17
f 2013/2008/18 2000/2007/17 2001/2009/93
f 2014/2010/34 2001/2009/93 2002/2011/20
f 2015/2012/21 2002/2011/20 2003/2013/22
f 2016/2014/37 2003/2013/22 2004/2015/23
f 2018/2016/96 2005/2017/25 2006/1993/5
f 2019/2018/97 2006/1993/5 2007/1996/27
f 2020/2019/98 2007/1996/27 2008/1998/9
f 2021/2020/99 2008/1998/9 2009/2000/94
f 2022/2021/100 2009/2000/94 2010/2002/30
f 2023/2022/101 2010/2002/30 2011/2004/14
f 2012/2006/95 2023/2022/101 2011/2004/14
f 2013/2008/18 2024/2023/102 2012/2006/95
f 2014/2010/34 2025/2024/107 2013/2008/18
f 2015/2012/21 2026/2025/104 2014/2010/34
f 2016/2014/37 2027/2026/105 2015/2012/21
f 2018/2016/96 2029/2027/25 2017/2028/25
f 2019/2018/97 2030/2029/5 2018/2016/96
f 2020/2019/98 2031/2030/27 2019/2018/97
f 2021/2020/99 2032/2031/9 2020/2019/98
f 2022/2021/100 2033/2032/94 2021/2020/99
f 2035/2033/14 2022/2021/100 2023/2022/101
f 2036/2034/95 2023/2022/101 2024/2023/102
f 2037/2035/18 2024/2023/102 2025/2024/107
f 2038/2036/34 2025/2024/107 2026/2025/104
f 2039/2037/21 2026/2025/104 2027/2026/105
f 2040/2038/37 2027/2026/105 2028/2039/37
f 2042/2040/96 2029/2027/25 2030/2029/5
f 2043/2041/97 2030/2029/5 2031/2030/27
f 2044/2042/98 2031/2030/27 2032/2031/9
f 2045/2043/99 2032/2031/9 2033/2032/94
f 2046/2044/100 2033/2032/94 2034/2045/30
f 2047/2046/101 2034/2045/30 2035/2033/14
f 2036/2034/95 2047/2046/101 2035/2033/14
f 2037/2035/18 2048/2047/102 2036/2034/95
f 2038/2036/34 2049/2048/107 2037/2035/18
f 2039/2037/21 2050/2049/104 2038/2036/34
f 2040/2038/37 2051/2050/105 2039/2037/21
f 2042/2040/96 2053/2051/25 2041/2052/25
f 2043/2041/97 2054/2053/5 2042/2040/96
f 2044/2042/98 2055/2054/27 2043/2041/97
f 2045/2043/99 2056/2055/9 2044/2042/98
f 2046/2044/100 2057/2056/11 2045/2043/99
f 2059/2057/14 2046/2044/100 2047/2046/101
f 2060/2058/16 2047/2046/101 2048/2047/102
f 2061/2059/18 2048/2047/102 2049/2048/107
f 2062/2060/34 2049/2048/107 2050/2049/104
f 2063/2061/21 2050/2049/104 2051/2050/105
f 2064/2062/37 2051/2050/105 2052/2063/37
f 2066/2064/24 2053/2051/25 2054/2053/5
f 2067/2065/26 2054/2053/5 2055/2054/27
f 2056/2055/9 2067/2065/26 2055/2054/27
f 2057/2056/11 2068/2066/28 2056/2055/9
f 2070/2067/44 2057/2056/11 2058/2068/30
f 2071/2069/31 2058/2068/30 2059/2057/14
f 2060/2058/16 2071/2069/31 2059/2057/14
f 2073/2070/46 2060/2058/16 2061/2059/18
f 2062/2060/34 2073/2070/46 2061/2059/18
f 2075/2071/35 2062/2060/34 2063/2061/21
f 2076/2072/36 2063/2061/21 2064/2062/37
f 2078/2073/62 2065/2074/39 2066/2064/24
f 2079/2075/54 2066/2064/24 2067/2065/26
f 2080/2076/65 2067/2065/26 2068/2066/28
f 2081/2077/55 2068/2066/28 2069/2078/29
f 2082/2079/56 2069/2078/29 2070/2067/44
f 2083/2080/57 2070/2067/44 2071/2069/31
f 2084/2081/76 2071/2069/31 2072/2082/32
f 2085/2083/58 2072/2082/32 2073/2070/46
f 2086/2084/59 2073/2070/46 2074/2085/33
f 2087/2086/72 2074/2085/33 2075/2071/35
f 2088/2087/60 2075/2071/35 2076/2072/36
f 2090/2088/7 2077/2089/53 2078/2073/62
f 2091/2090/8 2078/2073/62 2079/2075/54
f 2092/2091/10 2079/2075/54 2080/2076/65
f 2093/2092/12 2080/2076/65 2081/2077/55
f 2082/2079/56 2093/2092/12 2081/2077/55
f 2095/2093/15 2082/2079/56 2083/2080/57
f 2096/2094/17 2083/2080/57 2084/2081/76
f 2085/2083/58 2096/2094/17 2084/2081/76
f 2098/2095/20 2085/2083/58 2086/2084/59
f 2099/2096/22 2086/2084/59 2087/2086/72
f 2100/2097/23 2087/2086/72 2088/2087/60
f 2102/2098/83 2089/2099/6 2090/2088/7
f 2103/2100/84 2090/2088/7 2091/2090/8
f 2104/2101/85 2091/2090/8 2092/2091/10
f 2105/2102/86 2092/2091/10 2093/2092/12
f 2106/2103/87 2093/2092/12 2094/2104/13
f 2107/2105/88 2094/2104/13 2095/2093/15
f 2096/2094/17 2107/2105/88 2095/2093/15
f 2097/2106/93 2108/2107/89 2096/2094/17
f 2098/2095/20 2109/2108/90 2097/2106/93
f 2099/2096/22 2110/2109/91 2098/2095/20
f 2100/2097/23 2111/2110/92 2099/2096/22
f 2102/2098/83 1993/1994/6 2101/2111/6
f 2103/2100/84 1994/1995/7 2102/2098/83
f 2104/2101/85 1995/1997/8 2103/2100/84
f 2105/2102/86 1996/1999/10 2104/2101/85
f 2106/2103/87 1997/2001/12 2105/2102/86
f 1999/2005/15 2106/2103/87 2107/2105/88
f 2000/2007/17 2107/2105/88 2108/2107/89
f 2001/2009/93 2108/2107/89 2109/2108/90
f 2002/2011/20 2109/2108/90 2110/2109/91
f 2003/2013/22 2110/2109/91 2111/2110/92
f 2004/2015/23 2111/2110/92 2112/2112/23
f 2126/2113/5 2113/2114/6 2114/2115/7
f 2127/2116/27 2114/2115/7 2115/2117/8
f 2128/2118/9 2115/2117/8 2116/2119/10
f 2129/2120/94 2116/2119/10 2117/2121/12
f 2130/2122/30 2117/2121/12 2118/2123/13
f 2131/2124/14 2118/2123/13 2119/2125/15
f 2132/2126/95 2119/2125/15 2120/2127/17
f 2133/2128/18 2120/2127/17 2121/2129/93
f 2134/2130/34 2121/2129/93 2122/2131/20
f 2135/2132/21 2122/2131/20 2123/2133/22
f 2136/2134/37 2123/2133/22 2124/2135/23
f 2138/2136/24 2125/2137/25 2126/2113/5
f 2139/2138/26 2126/2113/5 2127/2116/27
f 2128/2118/9 2139/2138/26 2127/2116/27
f 2129/2120/94 2140/2139/28 2128/2118/9
f 2142/2140/44 2129/2120/94 2130/2122/30
f 2143/2141/31 2130/2122/30 2131/2124/14
f 2132/2126/95 2143/2141/31 2131/2124/14
f 2145/2142/46 2132/2126/95 2133/2128/18
f 2134/2130/34 2145/2142/46 2133/2128/18
f 2147/2143/35 2134/2130/34 2135/2132/21
f 2148/2144/36 2135/2132/21 2136/2134/37
f 2150/2145/62 2137/2146/39 2138/2136/24
f 2151/2147/54 2138/2136/24 2139/2138/26
f 2152/2148/65 2139/2138/26 2140/2139/28
f 2153/2149/75 2140/2139/28 2141/2150/51
f 2154/2151/56 2141/2150/51 2142/2140/44
f 2155/2152/57 2142/2140/44 2143/2141/31
f 2156/2153/76 2143/2141/31 2144/2154/52
f 2157/2155/58 2144/2154/52 2145/2142/46
f 2158/2156/59 2145/2142/46 2146/2157/33
f 2159/2158/72 2146/2157/33 2147/2143/35
f 2160/2159/60 2147/2143/35 2148/2144/36
f 2114/2115/7 2149/2160/53 2150/2145/62
f 2115/2117/8 2150/2145/62 2151/2147/54
f 2116/2119/10 2151/2147/54 2152/2148/65
f 2117/2121/12 2152/2148/65 2153/2149/75
f 2154/2151/56 2117/2121/12 2153/2149/75
f 2119/2125/15 2154/2151/56 2155/2152/57
f 2120/2127/17 2155/2152/57 2156/2153/76
f 2157/2155/58 2120/2127/17 2156/2153/76
f 2122/2131/20 2157/2155/58 2158/2156/59
f 2123/2133/22 2158/2156/59 2159/2158/72
f 2124/2135/23 2159/2158/72 2160/2159/60
f 2174/2161/5 2161/2162/6 2162/2163/7
f 2175/2164/27 2162/2163/7 2163/2165/8
f 2176/2166/9 2163/2165/8 2164/2167/10
f 2177/2168/94 2164/2167/10 2165/2169/12
f 2178/2170/30 2165/2169/12 2166/2171/13
f 2179/2172/14 2166/2171/13 2167/2173/15
f 2180/2174/95 2167/2173/15 2168/2175/17
f 2181/2176/18 2168/2175/17 2169/2177/93
f 2182/2178/34 2169/2177/93 2170/2179/20
f 2183/2180/21 2170/2179/20 2171/2181/22
f 2184/2182/37 2171/2181/22 2172/2183/23
f 2186/2184/24 2173/2185/25 2174/2161/5
f 2187/2186/26 2174/2161/5 2175/2164/27
f 2188/2187/28 2175/2164/27 2176/2166/9
f 2189/2188/29 2176/2166/9 2177/2168/94
f 2178/2170/30 2189/2188/29 2177/2168/94
f 2191/2189/31 2178/2170/30 2179/2172/14
f 2180/2174/95 2191/2189/31 2179/2172/14
f 2193/2190/46 2180/2174/95 2181/2176/18
f 2194/2191/33 2181/2176/18 2182/2178/34
f 2195/2192/35 2182/2178/34 2183/2180/21
f 2184/2182/37 2195/2192/35 2183/2180/21
f 2198/2193/38 2185/2194/39 2186/2184/24
f 2199/2195/40 2186/2184/24 2187/2186/26
f 2200/2196/78 2187/2186/26 2188/2187/28
f 2201/2197/42 2188/2187/28 2189/2188/29
f 2202/2198/43 2189/2188/29 2190/2199/44
f 2203/2200/79 2190/2199/44 2191/2189/31
f 2192/2201/32 2203/2200/79 2191/2189/31
f 2193/2190/46 2204/2202/47 2192/2201/32
f 2194/2191/33 2205/2203/80 2193/2190/46
f 2195/2192/35 2206/2204/49 2194/2191/33
f 2196/2205/36 2207/2206/50 2195/2192/35
f 2198/2193/38 2209/2207/39 2197/2208/39
f 2199/2195/40 2210/2209/24 2198/2193/38
f 2200/2196/78 2211/2210/26 2199/2195/40
f 2201/2197/42 2212/2211/28 2200/2196/78
f 2202/2198/43 2213/2212/29 2201/2197/42
f 2215/2213/31 2202/2198/43 2203/2200/79
f 2216/2214/32 2203/2200/79 2204/2202/47
f 2217/2215/46 2204/2202/47 2205/2203/80
f 2218/2216/33 2205/2203/80 2206/2204/49
f 2219/2217/35 2206/2204/49 2207/2206/50
f 2220/2218/36 2207/2206/50 2208/2219/36
f 2222/2220/38 2209/2207/39 2210/2209/24
f 2223/2221/40 2210/2209/24 2211/2210/26
f 2224/2222/78 2211/2210/26 2212/2211/28
f 2225/2223/42 2212/2211/28 2213/2212/29
f 2226/2224/43 2213/2212/29 2214/2225/44
f 2227/2226/45 2214/2225/44 2215/2213/31
f 2216/2214/32 2227/2226/45 2215/2213/31
f 2217/2215/46 2228/2227/47 2216/2214/32
f 2218/2216/33 2229/2228/80 2217/2215/46
f 2219/2217/35 2230/2229/49 2218/2216/33
f 2220/2218/36 2231/2230/50 2219/2217/35
f 2222/2220/38 2233/2231/39 2221/2232/39
f 2223/2221/40 2234/2233/24 2222/2220/38
f 2224/2222/78 2235/2234/26 2223/2221/40
f 2225/2223/42 2236/2235/28 2224/2222/78
f 2226/2224/43 2237/2236/29 2225/2223/42
f 2239/2237/31 2226/2224/43 2227/2226/45
f 2240/2238/32 2227/2226/45 2228/2227/47
f 2241/2239/46 2228/2227/47 2229/2228/80
f 2242/2240/33 2229/2228/80 2230/2229/49
f 2243/2241/35 2230/2229/49 2231/2230/50
f 2244/2242/36 2231/2230/50 2232/2243/36
f 2246/2244/38 2233/2231/39 2234/2233/24
f 2247/2245/40 2234/2233/24 2235/2234/26
f 2248/2246/78 2235/2234/26 2236/2235/28
f 2249/2247/42 2236/2235/28 2237/2236/29
f 2250/2248/43 2237/2236/29 2238/2249/44
f 2251/2250/45 2238/2249/44 2239/2237/31
f 2240/2238/32 2251/2250/45 2239/2237/31
f 2241/2239/46 2252/2251/47 2240/2238/32
f 2242/2240/33 2253/2252/80 2241/2239/46
f 2243/2241/35 2254/2253/49 2242/2240/33
f 2244/2242/36 2255/2254/50 2243/2241/35
f 2246/2244/38 2257/2255/39 2245/2256/39
f 2247/2245/40 2258/2257/24 2246/2244/38
f 2248/2246/78 2259/2258/26 2247/2245/40
f 2249/2247/42 2260/2259/28 2248/2246/78
f 2250/2248/43 2261/2260/29 2249/2247/42
f 2263/2261/31 2250/2248/43 2251/2250/45
f 2264/2262/32 2251/2250/45 2252/2251/47
f 2265/2263/46 2252/2251/47 2253/2252/80
f 2266/2264/33 2253/2252/80 2254/2253/49
f 2267/2265/35 2254/2253/49 2255/2254/50
f 2268/2266/36 2255/2254/50 2256/2267/36
f 2270/2268/38 2257/2255/39 2258/2257/24
f 2271/2269/40 2258/2257/24 2259/2258/26
f 2272/2270/78 2259/2258/26 2260/2259/28
f 2273/2271/42 2260/2259/28 2261/2260/29
f 2274/2272/43 2261/2260/29 2262/2273/44
f 2275/2274/45 2262/2273/44 2263/2261/31
f 2264/2262/32 2275/2274/45 2263/2261/31
f 2265/2263/46 2276/2275/47 2264/2262/32
f 2266/2264/33 2277/2276/80 2265/2263/46
f 2267/2265/35 2278/2277/49 2266/2264/33
f 2268/2266/36 2279/2278/50 2267/2265/35
f 2270/2268/38 2281/2279/39 2269/2280/39
f 2271/2269/40 2282/2281/24 2270/2268/38
f 2272/2270/78 2283/2282/26 2271/2269/40
f 2273/2271/42 2284/2283/28 2272/2270/78
f 2274/2272/43 2285/2284/29 2273/2271/42
f 2287/2285/31 2274/2272/43 2275/2274/45
f 2288/2286/32 2275/2274/45 2276/2275/47
f 2289/2287/46 2276/2275/47 2277/2276/80
f 2290/2288/33 2277/2276/80 2278/2277/49
f 2291/2289/35 2278/2277/49 2279/2278/50
f 2292/2290/36 2279/2278/50 2280/2291/36
f 2294/2292/62 2281/2279/39 2282/2281/24
f 2295/2293/54 2282/2281/24 2283/2282/26
f 2296/2294/65 2283/2282/26 2284/2283/28
f 2297/2295/75 2284/2283/28 2285/2284/29
f 2298/2296/56 2285/2284/29 2286/2297/44
f 2299/2298/57 2286/2297/44 2287/2285/31
f 2300/2299/76 2287/2285/31 2288/2286/32
f 2301/2300/58 2288/2286/32 2289/2287/46
f 2302/2301/59 2289/2287/46 2290/2288/33
f 2303/2302/72 2290/2288/33 2291/2289/35
f 2304/2303/60 2291/2289/35 2292/2290/36
f 2306/2304/7 2293/2305/53 2294/2292/62
f 2307/2306/8 2294/2292/62 2295/2293/54
f 2308/2307/10 2295/2293/54 2296/2294/65
f 2309/2308/12 2296/2294/65 2297/2295/75
f 2310/2309/13 2297/2295/75 2298/2296/56
f 2311/2310/15 2298/2296/56 2299/2298/57
f 2300/2299/76 2311/2310/15 2299/2298/57
f 2313/2311/93 2300/2299/76 2301/2300/58
f 2314/2312/20 2301/2300/58 2302/2301/59
f 2315/2313/22 2302/2301/59 2303/2302/72
f 2316/2314/23 2303/2302/72 2304/2303/60
f 2318/2315/83 2305/2316/6 2306/2304/7
f 2319/2317/84 2306/2304/7 2307/2306/8
f 2320/2318/85 2307/2306/8 2308/2307/10
f 2321/2319/86 2308/2307/10 2309/2308/12
f 2322/2320/87 2309/2308/12 2310/2309/13
f 2323/2321/88 2310/2309/13 2311/2310/15
f 2312/2322/17 2323/2321/88 2311/2310/15
f 2313/2311/93 2324/2323/89 2312/2322/17
f 2314/2312/20 2325/2324/90 2313/2311/93
f 2315/2313/22 2326/2325/91 2314/2312/20
f 2316/2314/23 2327/2326/92 2315/2313/22
f 2318/2315/83 2329/2327/6 2317/2328/6
f 2319/2317/84 2330/2329/7 2318/2315/83
f 2320/2318/85 2331/2330/8 2319/2317/84
f 2321/2319/86 2332/2331/10 2320/2318/85
f 2322/2320/87 2333/2332/12 2321/2319/86
f 2335/2333/15 2322/2320/87 2323/2321/88
f 2336/2334/17 2323/2321/88 2324/2323/89
f 2337/2335/93 2324/2323/89 2325/2324/90
f 2338/2336/20 2325/2324/90 2326/2325/91
f 2339/2337/22 2326/2325/91 2327/2326/92
f 2340/2338/23 2327/2326/92 2328/2339/23
f 2342/2340/83 2329/2327/6 2330/2329/7
f 2343/2341/84 2330/2329/7 2331/2330/8
f 2344/2342/85 2331/2330/8 2332/2331/10
f 2345/2343/86 2332/2331/10 2333/2332/12
f 2346/2344/87 2333/2332/12 2334/2345/13
f 2347/2346/88 2334/2345/13 2335/2333/15
f 2336/2334/17 2347/2346/88 2335/2333/15
f 2337/2335/93 2348/2347/89 2336/2334/17
f 2338/2336/20 2349/2348/90 2337/2335/93
f 2339/2337/22 2350/2349/91 2338/2336/20
f 2340/2338/23 2351/2350/92 2339/2337/22
f 2342/2340/83 2353/2351/6 2341/2352/6
f 2343/2341/84 2354/2353/7 2342/2340/83
f 2344/2342/85 2355/2354/8 2343/2341/84
f 2345/2343/86 2356/2355/10 2344/2342/85
f 2346/2344/87 2357/2356/12 2345/2343/86
f 2359/2357/15 2346/2344/87 2347/2346/88
f 2360/2358/17 2347/2346/88 2348/2347/89
f 2361/2359/93 2348/2347/89 2349/2348/90
f 2362/2360/20 2349/2348/90 2350/2349/91
f 2363/2361/22 2350/2349/91 2351/2350/92
f 2364/2362/23 2351/2350/92 2352/2363/23
f 2366/2364/83 2353/2351/6 2354/2353/7
f 2367/2365/84 2354/2353/7 2355/2354/8
f 2368/2366/85 2355/2354/8 2356/2355/10
f 2369/2367/86 2356/2355/10 2357/2356/12
f 2370/2368/87 2357/2356/12 2358/2369/13
f 2371/2370/149 2358/2369/13 2359/2357/15
f 2360/2358/17 2371/2370/149 2359/2357/15
f 2361/2359/93 2372/2371/89 2360/2358/17
f 2362/2360/20 2373/2372/90 2361/2359/93
f 2363/2361/22 2374/2373/91 2362/2360/20
f 2364/2362/23 2375/2374/92 2363/2361/22
f 2366/2364/83 2161/2162/6 2365/2375/6
f 2367/2365/84 2162/2163/7 2366/2364/83
f 2368/2366/85 2163/2165/8 2367/2365/84
f 2369/2367/86 2164/2167/10 2368/2366/85
f 2370/2368/87 2165/2169/12 2369/2367/86
f 2371/2370/149 2166/2171/13 2370/2368/87
f 2168/2175/17 2371/2370/149 2372/2371/89
f 2169/2177/93 2372/2371/89 2373/2372/90
f 2170/2179/20 2373/2372/90 2374/2373/91
f 2171/2181/22 2374/2373/91 2375/2374/92
f 2172/2183/23 2375/2374/92 2376/2376/23
f 2378/2377/96 2389/2378/25 2377/2379/25
f 2379/2380/97 2390/2381/5 2378/2377/96
f 2380/2382/98 2391/2383/27 2379/2380/97
f 2381/2384/99 2392/2385/9 2380/2382/98
f 2382/2386/144 2393/2387/94 2381/2384/99
f 2395/2388/14 2382/2386/144 2383/2389/101
f 2396/2390/95 2383/2389/101 2384/2391/102
f 2397/2392/18 2384/2391/102 2385/2393/107
f 2398/2394/34 2385/2393/107 2386/2395/104
f 2399/2396/21 2386/2395/104 2387/2397/105
f 2400/2398/37 2387/2397/105 2388/2399/37
f 2402/2400/150 2389/2378/25 2390/2381/5
f 2403/2401/151 2390/2381/5 2391/2383/27
f 2404/2402/152 2391/2383/27 2392/2385/9
f 2405/2403/153 2392/2385/9 2393/2387/94
f 2406/2404/154 2393/2387/94 2394/2405/30
f 2407/2406/155 2394/2405/30 2395/2388/14
f 2396/2390/95 2407/2406/155 2395/2388/14
f 2397/2392/18 2408/2407/156 2396/2390/95
f 2398/2394/34 2409/2408/157 2397/2392/18
f 2399/2396/21 2410/2409/158 2398/2394/34
f 2400/2398/37 2411/2410/159 2399/2396/21
f 2402/2400/150 2413/2411/160 2401/2412/161
f 2403/2401/151 2414/2413/162 2402/2400/150
f 2404/2402/152 2415/2414/163 2403/2401/151
f 2405/2403/153 2416/2415/164 2404/2402/152
f 2406/2404/154 2417/2416/165 2405/2403/153
f 2419/2417/166 2406/2404/154 2407/2406/155
f 2420/2418/167 2407/2406/155 2408/2407/156
f 2421/2419/168 2408/2407/156 2409/2408/157
f 2422/2420/169 2409/2408/157 2410/2409/158
f 2423/2421/170 2410/2409/158 2411/2410/159
f 2424/2422/171 2411/2410/159 2412/2423/172
f 2426/2424/7 2413/2411/160 2414/2413/162
f 2427/2425/8 2414/2413/162 2415/2414/163
f 2428/2426/10 2415/2414/163 2416/2415/164
f 2429/2427/82 2416/2415/164 2417/2416/165
f 2430/2428/13 2417/2416/165 2418/2429/173
f 2431/2430/15 2418/2429/173 2419/2417/166
f 2420/2418/167 2431/2430/15 2419/2417/166
f 2421/2419/168 2432/2431/141 2420/2418/167
f 2422/2420/169 2433/2432/93 2421/2419/168
f 2423/2421/170 2434/2433/20 2422/2420/169
f 2424/2422/171 2435/2434/22 2423/2421/170
f 2438/2435/83 2425/2436/6 2426/2424/7
f 2439/2437/84 2426/2424/7 2427/2425/8
f 2440/2438/85 2427/2425/8 2428/2426/10
f 2441/2439/86 2428/2426/10 2429/2427/82
f 2442/2440/87 2429/2427/82 2430/2428/13
f 2443/2441/88 2430/2428/13 2431/2430/15
f 2432/2431/141 2443/2441/88 2431/2430/15
f 2433/2432/93 2444/2442/89 2432/2431/141
f 2434/2433/20 2445/2443/90 2433/2432/93
f 2435/2434/22 2446/2444/91 2434/2433/20
f 2436/2445/23 2447/2446/92 2435/2434/22
f 2438/2435/83 2449/2447/6 2437/2448/6
f 2439/2437/84 2450/2449/7 2438/2435/83
f 2440/2438/85 2451/2450/8 2439/2437/84
f 2441/2439/86 2452/2451/10 2440/2438/85
f 2442/2440/87 2453/2452/82 2441/2439/86
f 2455/2453/15 2442/2440/87 2443/2441/88
f 2456/2454/141 2443/2441/88 2444/2442/89
f 2457/2455/93 2444/2442/89 2445/2443/90
f 2458/2456/20 2445/2443/90 2446/2444/91
f 2459/2457/22 2446/2444/91 2447/2446/92
f 2460/2458/23 2447/2446/92 2448/2459/23
f 2462/2460/83 2449/2447/6 2450/2449/7
f 2463/2461/84 2450/2449/7 2451/2450/8
f 2464/2462/85 2451/2450/8 2452/2451/10
f 2465/2463/86 2452/2451/10 2453/2452/82
f 2466/2464/87 2453/2452/82 2454/2465/13
f 2467/2466/88 2454/2465/13 2455/2453/15
f 2456/2454/141 2467/2466/88 2455/2453/15
f 2457/2455/93 2468/2467/89 2456/2454/141
f 2458/2456/20 2469/2468/90 2457/2455/93
f 2459/2457/22 2470/2469/91 2458/2456/20
f 2460/2458/23 2471/2470/92 2459/2457/22
f 2462/2460/83 2473/2471/6 2461/2472/6
f 2463/2461/84 2474/2473/7 2462/2460/83
f 2464/2462/85 2475/2474/8 2463/2461/84
f 2465/2463/86 2476/2475/10 2464/2462/85
f 2466/2464/87 2477/2476/12 2465/2463/86
f 2479/2477/15 2466/2464/87 2467/2466/88
f 2480/2478/17 2467/2466/88 2468/2467/89
f 2481/2479/93 2468/2467/89 2469/2468/90
f 2482/2480/20 2469/2468/90 2470/2469/91
f 2483/2481/22 2470/2469/91 2471/2470/92
f 2484/2482/23 2471/2470/92 2472/2483/23
f 2486/2484/83 2473/2471/6 2474/2473/7
f 2487/2485/84 2474/2473/7 2475/2474/8
f 2488/2486/85 2475/2474/8 2476/2475/10
f 2489/2487/86 2476/2475/10 2477/2476/12
f 2490/2488/87 2477/2476/12 2478/2489/13
f 2491/2490/88 2478/2489/13 2479/2477/15
f 2480/2478/17 2491/2490/88 2479/2477/15
f 2481/2479/93 2492/2491/89 2480/2478/17
f 2482/2480/20 2493/2492/90 2481/2479/93
f 2483/2481/22 2494/2493/91 2482/2480/20
f 2484/2482/23 2495/2494/92 2483/2481/22
f 2498/2495/61 2485/2496/6 2486/2484/83
f 2499/2497/63 2486/2484/83 2487/2485/84
f 2500/2498/64 2487/2485/84 2488/2486/85
f 2501/2499/66 2488/2486/85 2489/2487/86
f 2490/2488/87 2501/2499/66 2489/2487/86
f 2503/2500/174 2490/2488/87 2491/2490/88
f 2504/2501/70 2491/2490/88 2492/2491/89
f 2493/2492/90 2504/2501/70 2492/2491/89
f 2506/2502/73 2493/2492/90 2494/2493/91
f 2507/2503/74 2494/2493/91 2495/2494/92
f 2508/2504/60 2495/2494/92 2496/2505/23
f 2498/2495/61 2509/2506/53 2497/2507/53
f 2499/2497/63 2510/2508/62 2498/2495/61
f 2500/2498/64 2511/2509/54 2499/2497/63
f 2501/2499/66 2512/2510/65 2500/2498/64
f 2502/2511/67 2513/2512/55 2501/2499/66
f 2515/2513/57 2502/2511/67 2503/2500/174
f 2516/2514/76 2503/2500/174 2504/2501/70
f 2517/2515/58 2504/2501/70 2505/2516/71
f 2518/2517/59 2505/2516/71 2506/2502/73
f 2519/2518/72 2506/2502/73 2507/2503/74
f 2520/2519/60 2507/2503/74 2508/2504/60
f 2522/2520/61 2509/2506/53 2510/2508/62
f 2523/2521/63 2510/2508/62 2511/2509/54
f 2524/2522/64 2511/2509/54 2512/2510/65
f 2525/2523/66 2512/2510/65 2513/2512/55
f 2526/2524/77 2513/2512/55 2514/2525/56
f 2515/2513/57 2526/2524/77 2514/2525/56
f 2516/2514/76 2527/2526/68 2515/2513/57
f 2517/2515/58 2528/2527/70 2516/2514/76
f 2518/2517/59 2529/2528/71 2517/2515/58
f 2519/2518/72 2530/2529/73 2518/2517/59
f 2520/2519/60 2531/2530/74 2519/2518/72
f 2522/2520/61 2533/2531/53 2521/2532/53
f 2523/2521/63 2534/2533/62 2522/2520/61
f 2524/2522/64 2535/2534/54 2523/2521/63
f 2525/2523/66 2536/2535/65 2524/2522/64
f 2526/2524/77 2537/2536/75 2525/2523/66
f 2539/2537/57 2526/2524/77 2527/2526/68
f 2540/2538/69 2527/2526/68 2528/2527/70
f 2541/2539/58 2528/2527/70 2529/2528/71
f 2542/2540/59 2529/2528/71 2530/2529/73
f 2543/2541/72 2530/2529/73 2531/2530/74
f 2544/2542/60 2531/2530/74 2532/2543/60
f 2546/2544/7 2533/2531/53 2534/2533/62
f 2547/2545/8 2534/2533/62 2535/2534/54
f 2548/2546/10 2535/2534/54 2536/2535/65
f 2549/2547/82 2536/2535/65 2537/2536/75
f 2550/2548/13 2537/2536/75 2538/2549/56
f 2539/2537/57 2550/2548/13 2538/2549/56
f 2552/2550/17 2539/2537/57 2540/2538/69
f 2553/2551/93 2540/2538/69 2541/2539/58
f 2542/2540/59 2553/2551/93 2541/2539/58
f 2543/2541/72 2554/2552/20 2542/2540/59
f 2556/2553/23 2543/2541/72 2544/2542/60
f 2558/2554/5 2545/2555/6 2546/2544/7
f 2559/2556/27 2546/2544/7 2547/2545/8
f 2560/2557/9 2547/2545/8 2548/2546/10
f 2561/2558/11 2548/2546/10 2549/2547/82
f 2562/2559/30 2549/2547/82 2550/2548/13
f 2563/2560/14 2550/2548/13 2551/2561/15
f 2564/2562/16 2551/2561/15 2552/2550/17
f 2565/2563/18 2552/2550/17 2553/2551/93
f 2566/2564/34 2553/2551/93 2554/2552/20
f 2567/2565/21 2554/2552/20 2555/2566/22
f 2568/2567/37 2555/2566/22 2556/2553/23
f 2570/2568/96 2557/2569/25 2558/2554/5
f 2571/2570/97 2558/2554/5 2559/2556/27
f 2572/2571/98 2559/2556/27 2560/2557/9
f 2573/2572/99 2560/2557/9 2561/2558/11
f 2574/2573/100 2561/2558/11 2562/2559/30
f 2575/2574/101 2562/2559/30 2563/2560/14
f 2564/2562/16 2575/2574/101 2563/2560/14
f 2565/2563/18 2576/2575/102 2564/2562/16
f 2566/2564/34 2577/2576/107 2565/2563/18
f 2567/2565/21 2578/2577/104 2566/2564/34
f 2568/2567/37 2579/2578/105 2567/2565/21
f 2570/2568/96 2581/2579/25 2569/2580/25
f 2571/2570/97 2582/2581/5 2570/2568/96
f 2572/2571/98 2583/2582/27 2571/2570/97
f 2573/2572/99 2584/2583/9 2572/2571/98
f 2574/2573/100 2585/2584/11 2573/2572/99
f 2587/2585/14 2574/2573/100 2575/2574/101
f 2588/2586/16 2575/2574/101 2576/2575/102
f 2589/2587/18 2576/2575/102 2577/2576/107
f 2590/2588/34 2577/2576/107 2578/2577/104
f 2591/2589/21 2578/2577/104 2579/2578/105
f 2592/2590/37 2579/2578/105 2580/2591/37
f 2594/2592/24 2581/2579/25 2582/2581/5
f 2595/2593/26 2582/2581/5 2583/2582/27
f 2596/2594/28 2583/2582/27 2584/2583/9
f 2597/2595/51 2584/2583/9 2585/2584/11
f 2598/2596/44 2585/2584/11 2586/2597/30
f 2587/2585/14 2598/2596/44 2586/2597/30
f 2600/2598/52 2587/2585/14 2588/2586/16
f 2601/2599/46 2588/2586/16 2589/2587/18
f 2590/2588/34 2601/2599/46 2589/2587/18
f 2603/2600/35 2590/2588/34 2591/2589/21
f 2604/2601/36 2591/2589/21 2592/2590/37
f 2606/2602/38 2593/2603/39 2594/2592/24
f 2607/2604/40 2594/2592/24 2595/2593/26
f 2608/2605/78 2595/2593/26 2596/2594/28
f 2609/2606/42 2596/2594/28 2597/2595/51
f 2610/2607/43 2597/2595/51 2598/2596/44
f 2611/2608/45 2598/2596/44 2599/2609/31
f 2600/2598/52 2611/2608/45 2599/2609/31
f 2601/2599/46 2612/2610/47 2600/2598/52
f 2602/2611/33 2613/2612/80 2601/2599/46
f 2603/2600/35 2614/2613/49 2602/2611/33
f 2604/2601/36 2615/2614/50 2603/2600/35
f 2378/2377/96 2605/2615/39 2606/2602/38
f 2379/2380/97 2606/2602/38 2607/2604/40
f 2380/2382/98 2607/2604/40 2608/2605/78
f 2381/2384/99 2608/2605/78 2609/2606/42
f 2382/2386/144 2609/2606/42 2610/2607/43
f 2383/2389/101 2610/2607/43 2611/2608/45
f 2384/2391/102 2611/2608/45 2612/2610/47
f 2385/2393/107 2612/2610/47 2613/2612/80
f 2386/2395/104 2613/2612/80 2614/2613/49
f 2387/2397/105 2614/2613/49 2615/2614/50
f 2388/2399/37 2615/2614/50 2616/2616/36
f 2630/2617/5 2617/2618/6 2618/2619/7
f 2619/2620/8 2630/2617/5 2618/2619/7
f 2632/2621/9 2619/2620/8 2620/2622/10
f 2633/2623/11 2620/2622/10 2621/2624/82
f 2634/2625/30 2621/2624/82 2622/2626/13
f 2635/2627/14 2622/2626/13 2623/2628/15
f 2636/2629/16 2623/2628/15 2624/2630/141
f 2637/2631/18 2624/2630/141 2625/2632/93
f 2626/2633/20 2637/2631/18 2625/2632/93
f 2639/2634/21 2626/2633/20 2627/2635/22
f 2640/2636/37 2627/2635/22 2628/2637/23
f 2642/2638/24 2629/2639/25 2630/2617/5
f 2643/2640/26 2630/2617/5 2631/2641/27
f 2644/2642/28 2631/2641/27 2632/2621/9
f 2645/2643/51 2632/2621/9 2633/2623/11
f 2634/2625/30 2645/2643/51 2633/2623/11
f 2647/2644/31 2634/2625/30 2635/2627/14
f 2648/2645/52 2635/2627/14 2636/2629/16
f 2637/2631/18 2648/2645/52 2636/2629/16
f 2650/2646/33 2637/2631/18 2638/2647/34
f 2651/2648/35 2638/2647/34 2639/2634/21
f 2652/2649/36 2639/2634/21 2640/2636/37
f 2654/2650/62 2641/2651/39 2642/2638/24
f 2655/2652/54 2642/2638/24 2643/2640/26
f 2644/2642/28 2655/2652/54 2643/2640/26
f 2657/2653/55 2644/2642/28 2645/2643/51
f 2658/2654/56 2645/2643/51 2646/2655/44
f 2659/2656/57 2646/2655/44 2647/2644/31
f 2660/2657/69 2647/2644/31 2648/2645/52
f 2661/2658/58 2648/2645/52 2649/2659/46
f 2662/2660/59 2649/2659/46 2650/2646/33
f 2651/2648/35 2662/2660/59 2650/2646/33
f 2664/2661/60 2651/2648/35 2652/2649/36
f 2618/2619/7 2653/2662/53 2654/2650/62
f 2619/2620/8 2654/2650/62 2655/2652/54
f 2620/2622/10 2655/2652/54 2656/2663/65
f 2657/2653/55 2620/2622/10 2656/2663/65
f 2622/2626/13 2657/2653/55 2658/2654/56
f 2623/2628/15 2658/2654/56 2659/2656/57
f 2660/2657/69 2623/2628/15 2659/2656/57
f 2625/2632/93 2660/2657/69 2661/2658/58
f 2626/2633/20 2661/2658/58 2662/2660/59
f 2627/2635/22 2662/2660/59 2663/2664/72
f 2628/2637/23 2663/2664/72 2664/2661/60
f 2678/2665/5 2665/2666/6 2666/2667/7
f 2679/2668/27 2666/2667/7 2667/2669/8
f 2680/2670/9 2667/2669/8 2668/2671/10
f 2681/2672/11 2668/2671/10 2669/2673/82
f 2682/2674/30 2669/2673/82 2670/2675/13
f 2683/2676/14 2670/2675/13 2671/2677/15
f 2684/2678/16 2671/2677/15 2672/2679/141
f 2685/2680/18 2672/2679/141 2673/2681/93
f 2686/2682/34 2673/2681/93 2674/2683/20
f 2687/2684/21 2674/2683/20 2675/2685/22
f 2688/2686/37 2675/2685/22 2676/2687/23
f 2690/2688/24 2677/2689/25 2678/2665/5
f 2691/2690/26 2678/2665/5 2679/2668/27
f 2680/2670/9 2691/2690/26 2679/2668/27
f 2693/2691/51 2680/2670/9 2681/2672/11
f 2682/2674/30 2693/2691/51 2681/2672/11
f 2695/2692/31 2682/2674/30 2683/2676/14
f 2696/2693/52 2683/2676/14 2684/2678/16
f 2685/2680/18 2696/2693/52 2684/2678/16
f 2686/2682/34 2697/2694/46 2685/2680/18
f 2699/2695/35 2686/2682/34 2687/2684/21
f 2700/2696/36 2687/2684/21 2688/2686/37
f 2702/2697/62 2689/2698/39 2690/2688/24
f 2703/2699/54 2690/2688/24 2691/2690/26
f 2704/2700/65 2691/2690/26 2692/2701/28
f 2705/2702/55 2692/2701/28 2693/2691/51
f 2706/2703/56 2693/2691/51 2694/2704/44
f 2707/2705/57 2694/2704/44 2695/2692/31
f 2708/2706/76 2695/2692/31 2696/2693/52
f 2709/2707/58 2696/2693/52 2697/2694/46
f 2710/2708/59 2697/2694/46 2698/2709/33
f 2711/2710/72 2698/2709/33 2699/2695/35
f 2712/2711/60 2699/2695/35 2700/2696/36
f 2666/2667/7 2701/2712/53 2702/2697/62
f 2667/2669/8 2702/2697/62 2703/2699/54
f 2668/2671/10 2703/2699/54 2704/2700/65
f 2705/2702/55 2668/2671/10 2704/2700/65
f 2670/2675/13 2705/2702/55 2706/2703/56
f 2671/2677/15 2706/2703/56 2707/2705/57
f 2708/2706/76 2671/2677/15 2707/2705/57
f 2673/2681/93 2708/2706/76 2709/2707/58
f 2674/2683/20 2709/2707/58 2710/2708/59
f 2675/2685/22 2710/2708/59 2711/2710/72
f 2676/2687/23 2711/2710/72 2712/2711/60
f 2714/2713/96 2725/2714/25 2713/2715/25
f 2715/2716/97 2726/2717/5 2714/2713/96
f 2716/2718/98 2727/2719/27 2715/2716/97
f 2717/2720/99 2728/2721/9 2716/2718/98
f 2718/2722/100 2729/2723/11 2717/2720/99
f 2731/2724/14 2718/2722/100 2719/2725/145
f 2732/2726/16 2719/2725/145 2720/2727/102
f 2733/2728/18 2720/2727/102 2721/2729/107
f 2734/2730/34 2721/2729/107 2722/2731/104
f 2735/2732/21 2722/2731/104 2723/2733/105
f 2736/2734/37 2723/2733/105 2724/2735/37
f 2738/2736/24 2725/2714/25 2726/2717/5
f 2739/2737/26 2726/2717/5 2727/2719/27
f 2740/2738/28 2727/2719/27 2728/2721/9
f 2729/2723/11 2740/2738/28 2728/2721/9
f 2742/2739/44 2729/2723/11 2730/2740/30
f 2743/2741/31 2730/2740/30 2731/2724/14
f 2732/2726/16 2743/2741/31 2731/2724/14
f 2745/2742/46 2732/2726/16 2733/2728/18
f 2746/2743/33 2733/2728/18 2734/2730/34
f 2747/2744/35 2734/2730/34 2735/2732/21
f 2748/2745/36 2735/2732/21 2736/2734/37
f 2750/2746/38 2737/2747/39 2738/2736/24
f 2751/2748/40 2738/2736/24 2739/2737/26
f 2752/2749/78 2739/2737/26 2740/2738/28
f 2753/2750/42 2740/2738/28 2741/2751/51
f 2754/2752/114 2741/2751/51 2742/2739/44
f 2755/2753/79 2742/2739/44 2743/2741/31
f 2744/2754/52 2755/2753/79 2743/2741/31
f 2745/2742/46 2756/2755/47 2744/2754/52
f 2746/2743/33 2757/2756/80 2745/2742/46
f 2747/2744/35 2758/2757/49 2746/2743/33
f 2748/2745/36 2759/2758/50 2747/2744/35
f 2750/2746/38 2761/2759/39 2749/2760/39
f 2751/2748/40 2762/2761/24 2750/2746/38
f 2752/2749/78 2763/2762/26 2751/2748/40
f 2753/2750/42 2764/2763/28 2752/2749/78
f 2754/2752/114 2765/2764/51 2753/2750/42
f 2767/2765/31 2754/2752/114 2755/2753/79
f 2768/2766/52 2755/2753/79 2756/2755/47
f 2769/2767/46 2756/2755/47 2757/2756/80
f 2770/2768/33 2757/2756/80 2758/2757/49
f 2771/2769/35 2758/2757/49 2759/2758/50
f 2772/2770/36 2759/2758/50 2760/2771/36
f 2774/2772/62 2761/2759/39 2762/2761/24
f 2763/2762/26 2774/2772/62 2762/2761/24
f 2776/2773/65 2763/2762/26 2764/2763/28
f 2777/2774/55 2764/2763/28 2765/2764/51
f 2778/2775/56 2765/2764/51 2766/2776/44
f 2779/2777/57 2766/2776/44 2767/2765/31
f 2780/2778/69 2767/2765/31 2768/2766/52
f 2781/2779/58 2768/2766/52 2769/2767/46
f 2770/2768/33 2781/2779/58 2769/2767/46
f 2783/2780/72 2770/2768/33 2771/2769/35
f 2784/2781/60 2771/2769/35 2772/2770/36
f 2786/2782/61 2773/2783/53 2774/2772/62
f 2787/2784/63 2774/2772/62 2775/2785/54
f 2788/2786/64 2775/2785/54 2776/2773/65
f 2789/2787/66 2776/2773/65 2777/2774/55
f 2790/2788/77 2777/2774/55 2778/2775/56
f 2791/2789/139 2778/2775/56 2779/2777/57
f 2780/2778/69 2791/2789/139 2779/2777/57
f 2781/2779/58 2792/2790/70 2780/2778/69
f 2782/2791/59 2793/2792/71 2781/2779/58
f 2783/2780/72 2794/2793/73 2782/2791/59
f 2784/2781/60 2795/2794/74 2783/2780/72
f 2798/2795/38 2785/2796/53 2786/2782/61
f 2799/2797/40 2786/2782/61 2787/2784/63
f 2800/2798/78 2787/2784/63 2788/2786/64
f 2801/2799/42 2788/2786/64 2789/2787/66
f 2802/2800/114 2789/2787/66 2790/2788/77
f 2803/2801/79 2790/2788/77 2791/2789/139
f 2804/2802/175 2791/2789/139 2792/2790/70
f 2805/2803/80 2792/2790/70 2793/2792/71
f 2806/2804/49 2793/2792/71 2794/2793/73
f 2807/2805/50 2794/2793/73 2795/2794/74
f 2808/2806/36 2795/2794/74 2796/2807/60
f 2798/2795/38 2809/2808/39 2797/2809/39
f 2799/2797/40 2810/2810/24 2798/2795/38
f 2800/2798/78 2811/2811/26 2799/2797/40
f 2801/2799/42 2812/2812/28 2800/2798/78
f 2802/2800/114 2813/2813/29 2801/2799/42
f 2815/2814/31 2802/2800/114 2803/2801/79
f 2816/2815/32 2803/2801/79 2804/2802/175
f 2817/2816/46 2804/2802/175 2805/2803/80
f 2818/2817/33 2805/2803/80 2806/2804/49
f 2819/2818/35 2806/2804/49 2807/2805/50
f 2820/2819/36 2807/2805/50 2808/2806/36
f 2822/2820/38 2809/2808/39 2810/2810/24
f 2823/2821/40 2810/2810/24 2811/2811/26
f 2824/2822/78 2811/2811/26 2812/2812/28
f 2825/2823/81 2812/2812/28 2813/2813/29
f 2826/2824/43 2813/2813/29 2814/2825/44
f 2827/2826/45 2814/2825/44 2815/2814/31
f 2816/2815/32 2827/2826/45 2815/2814/31
f 2817/2816/46 2828/2827/175 2816/2815/32
f 2818/2817/33 2829/2828/80 2817/2816/46
f 2819/2818/35 2830/2829/49 2818/2817/33
f 2820/2819/36 2831/2830/50 2819/2818/35
f 2822/2820/38 2833/2831/39 2821/2832/39
f 2823/2821/40 2834/2833/24 2822/2820/38
f 2824/2822/78 2835/2834/26 2823/2821/40
f 2825/2823/81 2836/2835/28 2824/2822/78
f 2826/2824/43 2837/2836/29 2825/2823/81
f 2839/2837/31 2826/2824/43 2827/2826/45
f 2840/2838/52 2827/2826/45 2828/2827/175
f 2841/2839/46 2828/2827/175 2829/2828/80
f 2842/2840/33 2829/2828/80 2830/2829/49
f 2843/2841/35 2830/2829/49 2831/2830/50
f 2844/2842/36 2831/2830/50 2832/2843/36
f 2846/2844/62 2833/2831/39 2834/2833/24
f 2847/2845/54 2834/2833/24 2835/2834/26
f 2848/2846/65 2835/2834/26 2836/2835/28
f 2849/2847/75 2836/2835/28 2837/2836/29
f 2850/2848/56 2837/2836/29 2838/2849/44
f 2851/2850/57 2838/2849/44 2839/2837/31
f 2852/2851/69 2839/2837/31 2840/2838/52
f 2853/2852/58 2840/2838/52 2841/2839/46
f 2854/2853/59 2841/2839/46 2842/2840/33
f 2855/2854/72 2842/2840/33 2843/2841/35
f 2856/2855/60 2843/2841/35 2844/2842/36
f 2858/2856/7 2845/2857/53 2846/2844/62
f 2859/2858/8 2846/2844/62 2847/2845/54
f 2860/2859/10 2847/2845/54 2848/2846/65
f 2861/2860/82 2848/2846/65 2849/2847/75
f 2862/2861/13 2849/2847/75 2850/2848/56
f 2863/2862/15 2850/2848/56 2851/2850/57
f 2864/2863/17 2851/2850/57 2852/2851/69
f 2865/2864/93 2852/2851/69 2853/2852/58
f 2866/2865/20 2853/2852/58 2854/2853/59
f 2867/2866/22 2854/2853/59 2855/2854/72
f 2868/2867/23 2855/2854/72 2856/2855/60
f 2870/2868/83 2857/2869/6 2858/2856/7
f 2871/2870/84 2858/2856/7 2859/2858/8
f 2872/2871/85 2859/2858/8 2860/2859/10
f 2873/2872/86 2860/2859/10 2861/2860/82
f 2874/2873/87 2861/2860/82 2862/2861/13
f 2875/2874/88 2862/2861/13 2863/2862/15
f 2864/2863/17 2875/2874/88 2863/2862/15
f 2865/2864/93 2876/2875/89 2864/2863/17
f 2866/2865/20 2877/2876/90 2865/2864/93
f 2867/2866/22 2878/2877/91 2866/2865/20
f 2868/2867/23 2879/2878/92 2867/2866/22
f 2882/2879/61 2869/2880/6 2870/2868/83
f 2883/2881/63 2870/2868/83 2871/2870/84
f 2884/2882/64 2871/2870/84 2872/2871/85
f 2885/2883/66 2872/2871/85 2873/2872/86
f 2886/2884/77 2873/2872/86 2874/2873/87
f 2887/2885/68 2874/2873/87 2875/2874/88
f 2888/2886/70 2875/2874/88 2876/2875/89
f 2889/2887/71 2876/2875/89 2877/2876/90
f 2890/2888/73 2877/2876/90 2878/2877/91
f 2891/2889/74 2878/2877/91 2879/2878/92
f 2892/2890/60 2879/2878/92 2880/2891/23
f 2894/2892/38 2881/2893/53 2882/2879/61
f 2895/2894/40 2882/2879/61 2883/2881/63
f 2896/2895/78 2883/2881/63 2884/2882/64
f 2897/2896/42 2884/2882/64 2885/2883/66
f 2898/2897/43 2885/2883/66 2886/2884/77
f 2899/2898/79 2886/2884/77 2887/2885/68
f 2900/2899/47 2887/2885/68 2888/2886/70
f 2901/2900/80 2888/2886/70 2889/2887/71
f 2902/2901/49 2889/2887/71 2890/2888/73
f 2903/2902/50 2890/2888/73 2891/2889/74
f 2904/2903/36 2891/2889/74 2892/2890/60
f 2894/2892/38 2905/2904/39 2893/2905/39
f 2895/2894/40 2906/2906/24 2894/2892/38
f 2896/2895/78 2907/2907/26 2895/2894/40
f 2897/2896/42 2908/2908/28 2896/2895/78
f 2898/2897/43 2909/2909/51 2897/2896/42
f 2911/2910/31 2898/2897/43 2899/2898/79
f 2912/2911/52 2899/2898/79 2900/2899/47
f 2913/2912/46 2900/2899/47 2901/2900/80
f 2914/2913/33 2901/2900/80 2902/2901/49
f 2915/2914/35 2902/2901/49 2903/2902/50
f 2916/2915/36 2903/2902/50 2904/2903/36
f 2918/2916/62 2905/2904/39 2906/2906/24
f 2919/2917/54 2906/2906/24 2907/2907/26
f 2908/2908/28 2919/2917/54 2907/2907/26
f 2921/2918/75 2908/2908/28 2909/2909/51
f 2922/2919/56 2909/2909/51 2910/2920/44
f 2923/2921/57 2910/2920/44 2911/2910/31
f 2924/2922/76 2911/2910/31 2912/2911/52
f 2925/2923/58 2912/2911/52 2913/2912/46
f 2926/2924/59 2913/2912/46 2914/2913/33
f 2915/2914/35 2926/2924/59 2914/2913/33
f 2928/2925/60 2915/2914/35 2916/2915/36
f 2930/2926/61 2917/2927/53 2918/2916/62
f 2931/2928/63 2918/2916/62 2919/2917/54
f 2932/2929/64 2919/2917/54 2920/2930/65
f 2933/2931/176 2920/2930/65 2921/2918/75
f 2934/2932/67 2921/2918/75 2922/2919/56
f 2935/2933/68 2922/2919/56 2923/2921/57
f 2924/2922/76 2935/2933/68 2923/2921/57
f 2925/2923/58 2936/2934/177 2924/2922/76
f 2926/2924/59 2937/2935/71 2925/2923/58
f 2927/2936/72 2938/2937/73 2926/2924/59
f 2928/2925/60 2939/2938/74 2927/2936/72
f 2930/2926/61 2941/2939/53 2929/2940/53
f 2931/2928/63 2942/2941/62 2930/2926/61
f 2932/2929/64 2943/2942/54 2931/2928/63
f 2933/2931/176 2944/2943/65 2932/2929/64
f 2934/2932/67 2945/2944/75 2933/2931/176
f 2947/2945/57 2934/2932/67 2935/2933/68
f 2948/2946/69 2935/2933/68 2936/2934/177
f 2949/2947/58 2936/2934/177 2937/2935/71
f 2950/2948/59 2937/2935/71 2938/2937/73
f 2951/2949/72 2938/2937/73 2939/2938/74
f 2952/2950/60 2939/2938/74 2940/2951/60
f 2954/2952/7 2941/2939/53 2942/2941/62
f 2955/2953/8 2942/2941/62 2943/2942/54
f 2956/2954/10 2943/2942/54 2944/2943/65
f 2957/2955/82 2944/2943/65 2945/2944/75
f 2946/2956/56 2957/2955/82 2945/2944/75
f 2959/2957/15 2946/2956/56 2947/2945/57
f 2960/2958/141 2947/2945/57 2948/2946/69
f 2949/2947/58 2960/2958/141 2948/2946/69
f 2962/2959/20 2949/2947/58 2950/2948/59
f 2963/2960/22 2950/2948/59 2951/2949/72
f 2964/2961/23 2951/2949/72 2952/2950/60
f 2966/2962/5 2953/2963/6 2954/2952/7
f 2967/2964/27 2954/2952/7 2955/2953/8
f 2968/2965/9 2955/2953/8 2956/2954/10
f 2969/2966/11 2956/2954/10 2957/2955/82
f 2970/2967/30 2957/2955/82 2958/2968/13
f 2971/2969/14 2958/2968/13 2959/2957/15
f 2972/2970/16 2959/2957/15 2960/2958/141
f 2973/2971/18 2960/2958/141 2961/2972/93
f 2974/2973/34 2961/2972/93 2962/2959/20
f 2975/2974/21 2962/2959/20 2963/2960/22
f 2976/2975/37 2963/2960/22 2964/2961/23
f 2978/2976/96 2965/2977/25 2966/2962/5
f 2979/2978/97 2966/2962/5 2967/2964/27
f 2980/2979/98 2967/2964/27 2968/2965/9
f 2981/2980/99 2968/2965/9 2969/2966/11
f 2982/2981/144 2969/2966/11 2970/2967/30
f 2983/2982/101 2970/2967/30 2971/2969/14
f 2972/2970/16 2983/2982/101 2971/2969/14
f 2973/2971/18 2984/2983/102 2972/2970/16
f 2974/2973/34 2985/2984/107 2973/2971/18
f 2975/2974/21 2986/2985/104 2974/2973/34
f 2976/2975/37 2987/2986/105 2975/2974/21
f 2990/2987/83 2977/2988/25 2978/2976/96
f 2991/2989/84 2978/2976/96 2979/2978/97
f 2980/2979/98 2991/2989/84 2979/2978/97
f 2993/2990/86 2980/2979/98 2981/2980/99
f 2994/2991/147 2981/2980/99 2982/2981/144
f 2995/2992/149 2982/2981/144 2983/2982/101
f 2996/2993/89 2983/2982/101 2984/2983/102
f 2997/2994/90 2984/2983/102 2985/2984/107
f 2998/2995/91 2985/2984/107 2986/2985/104
f 2987/2986/105 2998/2995/91 2986/2985/104
f 3000/2996/23 2987/2986/105 2988/2997/37
f 2990/2987/83 3001/2998/6 2989/2999/6
f 2991/2989/84 3002/3000/7 2990/2987/83
f 2992/3001/85 3003/3002/8 2991/2989/84
f 2993/2990/86 3004/3003/10 2992/3001/85
f 2994/2991/147 3005/3004/82 2993/2990/86
f 3007/3005/15 2994/2991/147 2995/2992/149
f 3008/3006/141 2995/2992/149 2996/2993/89
f 3009/3007/93 2996/2993/89 2997/2994/90
f 3010/3008/20 2997/2994/90 2998/2995/91
f 3011/3009/22 2998/2995/91 2999/3010/92
f 3012/3011/23 2999/3010/92 3000/2996/23
f 3014/3012/83 3001/2998/6 3002/3000/7
f 3015/3013/84 3002/3000/7 3003/3002/8
f 3016/3014/85 3003/3002/8 3004/3003/10
f 3017/3015/86 3004/3003/10 3005/3004/82
f 3018/3016/87 3005/3004/82 3006/3017/13
f 3019/3018/88 3006/3017/13 3007/3005/15
f 3008/3006/141 3019/3018/88 3007/3005/15
f 3009/3007/93 3020/3019/89 3008/3006/141
f 3010/3008/20 3021/3020/90 3009/3007/93
f 3011/3009/22 3022/3021/91 3010/3008/20
f 3012/3011/23 3023/3022/92 3011/3009/22
f 3026/3023/61 3013/3024/6 3014/3012/83
f 3027/3025/63 3014/3012/83 3015/3013/84
f 3028/3026/178 3015/3013/84 3016/3014/85
f 3029/3027/66 3016/3014/85 3017/3015/86
f 3018/3016/87 3029/3027/66 3017/3015/86
f 3031/3028/68 3018/3016/87 3019/3018/88
f 3032/3029/70 3019/3018/88 3020/3019/89
f 3021/3020/90 3032/3029/70 3020/3019/89
f 3034/3030/73 3021/3020/90 3022/3021/91
f 3035/3031/74 3022/3021/91 3023/3022/92
f 3036/3032/60 3023/3022/92 3024/3033/23
f 3026/3023/61 3037/3034/53 3025/3035/53
f 3027/3025/63 3038/3036/62 3026/3023/61
f 3028/3026/178 3039/3037/54 3027/3025/63
f 3029/3027/66 3040/3038/65 3028/3026/178
f 3030/3039/67 3041/3040/55 3029/3027/66
f 3043/3041/57 3030/3039/67 3031/3028/68
f 3044/3042/69 3031/3028/68 3032/3029/70
f 3045/3043/58 3032/3029/70 3033/3044/71
f 3046/3045/59 3033/3044/71 3034/3030/73
f 3047/3046/72 3034/3030/73 3035/3031/74
f 3048/3047/60 3035/3031/74 3036/3032/60
f 3050/3048/7 3037/3034/53 3038/3036/62
f 3051/3049/8 3038/3036/62 3039/3037/54
f 3052/3050/10 3039/3037/54 3040/3038/65
f 3053/3051/82 3040/3038/65 3041/3040/55
f 3042/3052/56 3053/3051/82 3041/3040/55
f 3055/3053/15 3042/3052/56 3043/3041/57
f 3056/3054/141 3043/3041/57 3044/3042/69
f 3045/3043/58 3056/3054/141 3044/3042/69
f 3058/3055/20 3045/3043/58 3046/3045/59
f 3059/3056/22 3046/3045/59 3047/3046/72
f 3048/3047/60 3059/3056/22 3047/3046/72
f 3062/3057/83 3049/3058/6 3050/3048/7
f 3063/3059/84 3050/3048/7 3051/3049/8
f 3064/3060/85 3051/3049/8 3052/3050/10
f 3065/3061/86 3052/3050/10 3053/3051/82
f 3066/3062/87 3053/3051/82 3054/3063/13
f 3067/3064/149 3054/3063/13 3055/3053/15
f 3056/3054/141 3067/3064/149 3055/3053/15
f 3057/3065/93 3068/3066/89 3056/3054/141
f 3058/3055/20 3069/3067/90 3057/3065/93
f 3059/3056/22 3070/3068/91 3058/3055/20
f 3060/3069/23 3071/3070/92 3059/3056/22
f 3062/3057/83 3073/3071/6 3061/3072/6
f 3063/3059/84 3074/3073/7 3062/3057/83
f 3064/3060/85 3075/3074/8 3063/3059/84
f 3065/3061/86 3076/3075/10 3064/3060/85
f 3066/3062/87 3077/3076/82 3065/3061/86
f 3067/3064/149 3078/3077/13 3066/3062/87
f 3080/3078/141 3067/3064/149 3068/3066/89
f 3081/3079/93 3068/3066/89 3069/3067/90
f 3082/3080/20 3069/3067/90 3070/3068/91
f 3083/3081/22 3070/3068/91 3071/3070/92
f 3084/3082/23 3071/3070/92 3072/3083/23
f 3086/3084/5 3073/3071/6 3074/3073/7
f 3087/3085/27 3074/3073/7 3075/3074/8
f 3076/3075/10 3087/3085/27 3075/3074/8
f 3089/3086/11 3076/3075/10 3077/3076/82
f 3090/3087/30 3077/3076/82 3078/3077/13
f 3091/3088/14 3078/3077/13 3079/3089/15
f 3092/3090/95 3079/3089/15 3080/3078/141
f 3093/3091/18 3080/3078/141 3081/3079/93
f 3094/3092/34 3081/3079/93 3082/3080/20
f 3083/3081/22 3094/3092/34 3082/3080/20
f 3096/3093/37 3083/3081/22 3084/3082/23
f 3098/3094/24 3085/3095/25 3086/3084/5
f 3099/3096/26 3086/3084/5 3087/3085/27
f 3100/3097/28 3087/3085/27 3088/3098/9
f 3089/3086/11 3100/3097/28 3088/3098/9
f 3090/3087/30 3101/3099/29 3089/3086/11
f 3103/3100/31 3090/3087/30 3091/3088/14
f 3092/3090/95 3103/3100/31 3091/3088/14
f 3093/3091/18 3104/3101/52 3092/3090/95
f 3106/3102/33 3093/3091/18 3094/3092/34
f 3107/3103/35 3094/3092/34 3095/3104/21
f 3096/3093/37 3107/3103/35 3095/3104/21
f 3110/3105/38 3097/3106/39 3098/3094/24
f 3111/3107/40 3098/3094/24 3099/3096/26
f 3112/3108/78 3099/3096/26 3100/3097/28
f 3113/3109/42 3100/3097/28 3101/3099/29
f 3114/3110/43 3101/3099/29 3102/3111/44
f 3115/3112/45 3102/3111/44 3103/3100/31
f 3104/3101/52 3115/3112/45 3103/3100/31
f 3105/3113/46 3116/3114/47 3104/3101/52
f 3106/3102/33 3117/3115/80 3105/3113/46
f 3107/3103/35 3118/3116/49 3106/3102/33
f 3108/3117/36 3119/3118/50 3107/3103/35
f 3122/3119/96 3109/3120/39 3110/3105/38
f 3123/3121/97 3110/3105/38 3111/3107/40
f 3124/3122/98 3111/3107/40 3112/3108/78
f 3125/3123/99 3112/3108/78 3113/3109/42
f 3114/3110/43 3125/3123/99 3113/3109/42
f 3127/3124/101 3114/3110/43 3115/3112/45
f 3128/3125/102 3115/3112/45 3116/3114/47
f 3117/3115/80 3128/3125/102 3116/3114/47
f 3130/3126/104 3117/3115/80 3118/3116/49
f 3131/3127/105 3118/3116/49 3119/3118/50
f 3120/3128/36 3131/3127/105 3119/3118/50
f 3122/3119/96 3133/3129/25 3121/3130/25
f 3123/3121/97 3134/3131/5 3122/3119/96
f 3124/3122/98 3135/3132/27 3123/3121/97
f 3125/3123/99 3136/3133/9 3124/3122/98
f 3126/3134/100 3137/3135/11 3125/3123/99
f 3139/3136/14 3126/3134/100 3127/3124/101
f 3140/3137/16 3127/3124/101 3128/3125/102
f 3141/3138/18 3128/3125/102 3129/3139/107
f 3142/3140/34 3129/3139/107 3130/3126/104
f 3143/3141/21 3130/3126/104 3131/3127/105
f 3144/3142/37 3131/3127/105 3132/3143/37
f 2714/2713/96 3133/3129/25 3134/3131/5
f 2715/2716/97 3134/3131/5 3135/3132/27
f 2716/2718/98 3135/3132/27 3136/3133/9
f 2717/2720/99 3136/3133/9 3137/3135/11
f 2718/2722/100 3137/3135/11 3138/3144/30
f 2719/2725/145 3138/3144/30 3139/3136/14
f 3140/3137/16 2719/2725/145 3139/3136/14
f 3141/3138/18 2720/2727/102 3140/3137/16
f 3142/3140/34 2721/2729/107 3141/3138/18
f 3143/3141/21 2722/2731/104 3142/3140/34
f 3144/3142/37 2723/2733/105 3143/3141/21
f 3158/3145/5 3145/3146/6 3146/3147/7
f 3147/3148/8 3158/3145/5 3146/3147/7
f 3160/3149/9 3147/3148/8 3148/3150/10
f 3161/3151/11 3148/3150/10 3149/3152/82
f 3162/3153/30 3149/3152/82 3150/3154/13
f 3163/3155/14 3150/3154/13 3151/3156/15
f 3164/3157/16 3151/3156/15 3152/3158/17
f 3165/3159/18 3152/3158/17 3153/3160/93
f 3154/3161/20 3165/3159/18 3153/3160/93
f 3167/3162/21 3154/3161/20 3155/3163/22
f 3168/3164/37 3155/3163/22 3156/3165/23
f 3170/3166/24 3157/3167/25 3158/3145/5
f 3171/3168/26 3158/3145/5 3159/3169/27
f 3172/3170/28 3159/3169/27 3160/3149/9
f 3173/3171/51 3160/3149/9 3161/3151/11
f 3162/3153/30 3173/3171/51 3161/3151/11
f 3175/3172/31 3162/3153/30 3163/3155/14
f 3176/3173/52 3163/3155/14 3164/3157/16
f 3177/3174/46 3164/3157/16 3165/3159/18
f 3178/3175/33 3165/3159/18 3166/3176/34
f 3179/3177/35 3166/3176/34 3167/3162/21
f 3180/3178/36 3167/3162/21 3168/3164/37
f 3182/3179/62 3169/3180/39 3170/3166/24
f 3183/3181/54 3170/3166/24 3171/3168/26
f 3172/3170/28 3183/3181/54 3171/3168/26
f 3185/3182/55 3172/3170/28 3173/3171/51
f 3186/3183/56 3173/3171/51 3174/3184/44
f 3187/3185/57 3174/3184/44 3175/3172/31
f 3188/3186/69 3175/3172/31 3176/3173/52
f 3189/3187/58 3176/3173/52 3177/3174/46
f 3190/3188/59 3177/3174/46 3178/3175/33
f 3179/3177/35 3190/3188/59 3178/3175/33
f 3192/3189/60 3179/3177/35 3180/3178/36
f 3146/3147/7 3181/3190/53 3182/3179/62
f 3147/3148/8 3182/3179/62 3183/3181/54
f 3148/3150/10 3183/3181/54 3184/3191/65
f 3149/3152/82 3184/3191/65 3185/3182/55
f 3150/3154/13 3185/3182/55 3186/3183/56
f 3151/3156/15 3186/3183/56 3187/3185/57
f 3152/3158/17 3187/3185/57 3188/3186/69
f 3153/3160/93 3188/3186/69 3189/3187/58
f 3154/3161/20 3189/3187/58 3190/3188/59
f 3155/3163/22 3190/3188/59 3191/3192/72
f 3156/3165/23 3191/3192/72 3192/3189/60
f 3194/3193/38 3205/3194/39 3193/3195/39
f 3195/3196/40 3206/3197/24 3194/3193/38
f 3196/3198/78 3207/3199/26 3195/3196/40
f 3197/3200/42 3208/3201/28 3196/3198/78
f 3198/3202/43 3209/3203/51 3197/3200/42
f 3211/3204/31 3198/3202/43 3199/3205/79
f 3212/3206/52 3199/3205/79 3200/3207/47
f 3213/3208/46 3200/3207/47 3201/3209/80
f 3214/3210/33 3201/3209/80 3202/3211/49
f 3215/3212/35 3202/3211/49 3203/3213/50
f 3216/3214/36 3203/3213/50 3204/3215/36
f 3218/3216/38 3205/3194/39 3206/3197/24
f 3219/3217/40 3206/3197/24 3207/3199/26
f 3220/3218/78 3207/3199/26 3208/3201/28
f 3221/3219/42 3208/3201/28 3209/3203/51
f 3222/3220/179 3209/3203/51 3210/3221/44
f 3223/3222/45 3210/3221/44 3211/3204/31
f 3212/3206/52 3223/3222/45 3211/3204/31
f 3213/3208/46 3224/3223/47 3212/3206/52
f 3214/3210/33 3225/3224/80 3213/3208/46
f 3215/3212/35 3226/3225/49 3214/3210/33
f 3216/3214/36 3227/3226/50 3215/3212/35
f 3230/3227/96 3217/3228/39 3218/3216/38
f 3231/3229/97 3218/3216/38 3219/3217/40
f 3232/3230/98 3219/3217/40 3220/3218/78
f 3233/3231/99 3220/3218/78 3221/3219/42
f 3234/3232/144 3221/3219/42 3222/3220/179
f 3235/3233/101 3222/3220/179 3223/3222/45
f 3236/3234/102 3223/3222/45 3224/3223/47
f 3237/3235/107 3224/3223/47 3225/3224/80
f 3238/3236/104 3225/3224/80 3226/3225/49
f 3239/3237/105 3226/3225/49 3227/3226/50
f 3240/3238/37 3227/3226/50 3228/3239/36
f 3242/3240/83 3229/3241/25 3230/3227/96
f 3231/3229/97 3242/3240/83 3230/3227/96
f 3244/3242/85 3231/3229/97 3232/3230/98
f 3245/3243/86 3232/3230/98 3233/3231/99
f 3246/3244/113 3233/3231/99 3234/3232/144
f 3247/3245/149 3234/3232/144 3235/3233/101
f 3248/3246/89 3235/3233/101 3236/3234/102
f 3249/3247/90 3236/3234/102 3237/3235/107
f 3238/3236/104 3249/3247/90 3237/3235/107
f 3251/3248/92 3238/3236/104 3239/3237/105
f 3252/3249/23 3239/3237/105 3240/3238/37
f 3254/3250/61 3241/3251/6 3242/3240/83
f 3255/3252/63 3242/3240/83 3243/3253/84
f 3256/3254/64 3243/3253/84 3244/3242/85
f 3257/3255/180 3244/3242/85 3245/3243/86
f 3258/3256/77 3245/3243/86 3246/3244/113
f 3259/3257/68 3246/3244/113 3247/3245/149
f 3260/3258/70 3247/3245/149 3248/3246/89
f 3261/3259/71 3248/3246/89 3249/3247/90
f 3262/3260/73 3249/3247/90 3250/3261/91
f 3263/3262/74 3250/3261/91 3251/3248/92
f 3264/3263/60 3251/3248/92 3252/3249/23
f 3194/3193/38 3253/3264/53 3254/3250/61
f 3195/3196/40 3254/3250/61 3255/3252/63
f 3256/3254/64 3195/3196/40 3255/3252/63
f 3197/3200/42 3256/3254/64 3257/3255/180
f 3198/3202/43 3257/3255/180 3258/3256/77
f 3199/3205/79 3258/3256/77 3259/3257/68
f 3200/3207/47 3259/3257/68 3260/3258/70
f 3201/3209/80 3260/3258/70 3261/3259/71
f 3202/3211/49 3261/3259/71 3262/3260/73
f 3263/3262/74 3202/3211/49 3262/3260/73
f 3204/3215/36 3263/3262/74 3264/3263/60
f 3278/3265/61 3265/3266/6 3266/3267/83
f 3279/3268/63 3266/3267/83 3267/3269/84
f 3280/3270/64 3267/3269/84 3268/3271/85
f 3281/3272/66 3268/3271/85 3269/3273/86
f 3282/3274/77 3269/3273/86 3270/3275/113
f 3283/3276/68 3270/3275/113 3271/3277/149
f 3284/3278/70 3271/3277/149 3272/3279/89
f 3285/3280/71 3272/3279/89 3273/3281/90
f 3274/3282/91 3285/3280/71 3273/3281/90
f 3275/3283/92 3286/3284/73 3274/3282/91
f 3288/3285/60 3275/3283/92 3276/3286/23
f 3290/3287/38 3277/3288/53 3278/3265/61
f 3291/3289/40 3278/3265/61 3279/3268/63
f 3292/3290/78 3279/3268/63 3280/3270/64
f 3293/3291/42 3280/3270/64 3281/3272/66
f 3294/3292/43 3281/3272/66 3282/3274/77
f 3295/3293/181 3282/3274/77 3283/3276/68
f 3296/3294/47 3283/3276/68 3284/3278/70
f 3297/3295/80 3284/3278/70 3285/3280/71
f 3298/3296/49 3285/3280/71 3286/3284/73
f 3299/3297/50 3286/3284/73 3287/3298/74
f 3300/3299/36 3287/3298/74 3288/3285/60
f 3302/3300/96 3289/3301/39 3290/3287/38
f 3303/3302/97 3290/3287/38 3291/3289/40
f 3304/3303/98 3291/3289/40 3292/3290/78
f 3305/3304/99 3292/3290/78 3293/3291/42
f 3294/3292/43 3305/3304/99 3293/3291/42
f 3307/3305/101 3294/3292/43 3295/3293/181
f 3296/3294/47 3307/3305/101 3295/3293/181
f 3309/3306/107 3296/3294/47 3297/3295/80
f 3310/3307/104 3297/3295/80 3298/3296/49
f 3311/3308/105 3298/3296/49 3299/3297/50
f 3300/3299/36 3311/3308/105 3299/3297/50
f 3266/3267/83 3301/3309/25 3302/3300/96
f 3267/3269/84 3302/3300/96 3303/3302/97
f 3268/3271/85 3303/3302/97 3304/3303/98
f 3269/3273/86 3304/3303/98 3305/3304/99
f 3270/3275/113 3305/3304/99 3306/3310/182
f 3271/3277/149 3306/3310/182 3307/3305/101
f 3272/3279/89 3307/3305/101 3308/3311/102
f 3273/3281/90 3308/3311/102 3309/3306/107
f 3274/3282/91 3309/3306/107 3310/3307/104
f 3275/3283/92 3310/3307/104 3311/3308/105
f 3276/3286/23 3311/3308/105 3312/3312/37
f 3314/3313/96 3325/3314/25 3313/3315/25
f 3315/3316/97 3326/3317/5 3314/3313/96
f 3316/3318/98 3327/3319/27 3315/3316/97
f 3317/3320/99 3328/3321/9 3316/3318/98
f 3318/3322/100 3329/3323/94 3317/3320/99
f 3331/3324/14 3318/3322/100 3319/3325/101
f 3332/3326/16 3319/3325/101 3320/3327/102
f 3333/3328/18 3320/3327/102 3321/3329/107
f 3334/3330/34 3321/3329/107 3322/3331/104
f 3335/3332/21 3322/3331/104 3323/3333/105
f 3336/3334/37 3323/3333/105 3324/3335/37
f 3338/3336/24 3325/3314/25 3326/3317/5
f 3339/3337/26 3326/3317/5 3327/3319/27
f 3340/3338/28 3327/3319/27 3328/3321/9
f 3341/3339/51 3328/3321/9 3329/3323/94
f 3342/3340/44 3329/3323/94 3330/3341/30
f 3331/3324/14 3342/3340/44 3330/3341/30
f 3344/3342/52 3331/3324/14 3332/3326/16
f 3345/3343/46 3332/3326/16 3333/3328/18
f 3334/3330/34 3345/3343/46 3333/3328/18
f 3347/3344/35 3334/3330/34 3335/3332/21
f 3348/3345/36 3335/3332/21 3336/3334/37
f 3350/3346/38 3337/3347/39 3338/3336/24
f 3351/3348/40 3338/3336/24 3339/3337/26
f 3352/3349/78 3339/3337/26 3340/3338/28
f 3353/3350/42 3340/3338/28 3341/3339/51
f 3354/3351/114 3341/3339/51 3342/3340/44
f 3355/3352/45 3342/3340/44 3343/3353/31
f 3344/3342/52 3355/3352/45 3343/3353/31
f 3345/3343/46 3356/3354/47 3344/3342/52
f 3346/3355/33 3357/3356/80 3345/3343/46
f 3347/3344/35 3358/3357/49 3346/3355/33
f 3348/3345/36 3359/3358/50 3347/3344/35
f 3350/3346/38 3361/3359/39 3349/3360/39
f 3351/3348/40 3362/3361/24 3350/3346/38
f 3352/3349/78 3363/3362/26 3351/3348/40
f 3353/3350/42 3364/3363/28 3352/3349/78
f 3354/3351/114 3365/3364/51 3353/3350/42
f 3367/3365/31 3354/3351/114 3355/3352/45
f 3368/3366/52 3355/3352/45 3356/3354/47
f 3369/3367/46 3356/3354/47 3357/3356/80
f 3370/3368/33 3357/3356/80 3358/3357/49
f 3371/3369/35 3358/3357/49 3359/3358/50
f 3372/3370/36 3359/3358/50 3360/3371/36
f 3374/3372/62 3361/3359/39 3362/3361/24
f 3375/3373/54 3362/3361/24 3363/3362/26
f 3376/3374/65 3363/3362/26 3364/3363/28
f 3377/3375/55 3364/3363/28 3365/3364/51
f 3378/3376/56 3365/3364/51 3366/3377/44
f 3379/3378/57 3366/3377/44 3367/3365/31
f 3380/3379/69 3367/3365/31 3368/3366/52
f 3381/3380/58 3368/3366/52 3369/3367/46
f 3382/3381/59 3369/3367/46 3370/3368/33
f 3383/3382/72 3370/3368/33 3371/3369/35
f 3384/3383/60 3371/3369/35 3372/3370/36
f 3386/3384/61 3373/3385/53 3374/3372/62
f 3387/3386/63 3374/3372/62 3375/3373/54
f 3388/3387/64 3375/3373/54 3376/3374/65
f 3389/3388/66 3376/3374/65 3377/3375/55
f 3390/3389/77 3377/3375/55 3378/3376/56
f 3391/3390/139 3378/3376/56 3379/3378/57
f 3380/3379/69 3391/3390/139 3379/3378/57
f 3381/3380/58 3392/3391/70 3380/3379/69
f 3382/3381/59 3393/3392/71 3381/3380/58
f 3383/3382/72 3394/3393/73 3382/3381/59
f 3384/3383/60 3395/3394/74 3383/3382/72
f 3398/3395/38 3385/3396/53 3386/3384/61
f 3399/3397/40 3386/3384/61 3387/3386/63
f 3388/3387/64 3399/3397/40 3387/3386/63
f 3401/3398/81 3388/3387/64 3389/3388/66
f 3402/3399/114 3389/3388/66 3390/3389/77
f 3403/3400/79 3390/3389/77 3391/3390/139
f 3404/3401/175 3391/3390/139 3392/3391/70
f 3405/3402/48 3392/3391/70 3393/3392/71
f 3406/3403/49 3393/3392/71 3394/3393/73
f 3395/3394/74 3406/3403/49 3394/3393/73
f 3408/3404/36 3395/3394/74 3396/3405/60
f 3398/3395/38 3409/3406/39 3397/3407/39
f 3399/3397/40 3410/3408/24 3398/3395/38
f 3400/3409/41 3411/3410/26 3399/3397/40
f 3401/3398/81 3412/3411/28 3400/3409/41
f 3402/3399/114 3413/3412/51 3401/3398/81
f 3415/3413/31 3402/3399/114 3403/3400/79
f 3416/3414/52 3403/3400/79 3404/3401/175
f 3417/3415/46 3404/3401/175 3405/3402/48
f 3418/3416/33 3405/3402/48 3406/3403/49
f 3419/3417/35 3406/3403/49 3407/3418/50
f 3420/3419/36 3407/3418/50 3408/3404/36
f 3422/3420/62 3409/3406/39 3410/3408/24
f 3423/3421/54 3410/3408/24 3411/3410/26
f 3424/3422/65 3411/3410/26 3412/3411/28
f 3425/3423/55 3412/3411/28 3413/3412/51
f 3426/3424/56 3413/3412/51 3414/3425/44
f 3427/3426/57 3414/3425/44 3415/3413/31
f 3428/3427/69 3415/3413/31 3416/3414/52
f 3429/3428/58 3416/3414/52 3417/3415/46
f 3430/3429/59 3417/3415/46 3418/3416/33
f 3431/3430/72 3418/3416/33 3419/3417/35
f 3432/3431/60 3419/3417/35 3420/3419/36
f 3434/3432/61 3421/3433/53 3422/3420/62
f 3435/3434/63 3422/3420/62 3423/3421/54
f 3436/3435/178 3423/3421/54 3424/3422/65
f 3437/3436/180 3424/3422/65 3425/3423/55
f 3438/3437/67 3425/3423/55 3426/3424/56
f 3439/3438/139 3426/3424/56 3427/3426/57
f 3428/3427/69 3439/3438/139 3427/3426/57
f 3429/3428/58 3440/3439/177 3428/3427/69
f 3430/3429/59 3441/3440/146 3429/3428/58
f 3431/3430/72 3442/3441/73 3430/3429/59
f 3432/3431/60 3443/3442/74 3431/3430/72
f 3434/3432/61 3445/3443/53 3433/3444/53
f 3435/3434/63 3446/3445/62 3434/3432/61
f 3436/3435/178 3447/3446/54 3435/3434/63
f 3437/3436/180 3448/3447/65 3436/3435/178
f 3438/3437/67 3449/3448/75 3437/3436/180
f 3451/3449/57 3438/3437/67 3439/3438/139
f 3452/3450/76 3439/3438/139 3440/3439/177
f 3453/3451/58 3440/3439/177 3441/3440/146
f 3454/3452/59 3441/3440/146 3442/3441/73
f 3455/3453/72 3442/3441/73 3443/3442/74
f 3456/3454/60 3443/3442/74 3444/3455/60
f 3458/3456/61 3445/3443/53 3446/3445/62
f 3459/3457/63 3446/3445/62 3447/3446/54
f 3460/3458/64 3447/3446/54 3448/3447/65
f 3461/3459/180 3448/3447/65 3449/3448/75
f 3462/3460/67 3449/3448/75 3450/3461/56
f 3463/3462/68 3450/3461/56 3451/3449/57
f 3452/3450/76 3463/3462/68 3451/3449/57
f 3453/3451/58 3464/3463/70 3452/3450/76
f 3454/3452/59 3465/3464/71 3453/3451/58
f 3455/3453/72 3466/3465/73 3454/3452/59
f 3456/3454/60 3467/3466/74 3455/3453/72
f 3458/3456/61 3469/3467/53 3457/3468/53
f 3459/3457/63 3470/3469/62 3458/3456/61
f 3460/3458/64 3471/3470/54 3459/3457/63
f 3461/3459/180 3472/3471/65 3460/3458/64
f 3462/3460/67 3473/3472/55 3461/3459/180
f 3475/3473/57 3462/3460/67 3463/3462/68
f 3476/3474/69 3463/3462/68 3464/3463/70
f 3477/3475/58 3464/3463/70 3465/3464/71
f 3478/3476/59 3465/3464/71 3466/3465/73
f 3479/3477/72 3466/3465/73 3467/3466/74
f 3480/3478/60 3467/3466/74 3468/3479/60
f 3482/3480/7 3469/3467/53 3470/3469/62
f 3483/3481/8 3470/3469/62 3471/3470/54
f 3484/3482/10 3471/3470/54 3472/3471/65
f 3485/3483/82 3472/3471/65 3473/3472/55
f 3486/3484/13 3473/3472/55 3474/3485/56
f 3487/3486/15 3474/3485/56 3475/3473/57
f 3476/3474/69 3487/3486/15 3475/3473/57
f 3489/3487/93 3476/3474/69 3477/3475/58
f 3490/3488/20 3477/3475/58 3478/3476/59
f 3491/3489/22 3478/3476/59 3479/3477/72
f 3492/3490/23 3479/3477/72 3480/3478/60
f 3494/3491/83 3481/3492/6 3482/3480/7
f 3495/3493/84 3482/3480/7 3483/3481/8
f 3496/3494/85 3483/3481/8 3484/3482/10
f 3497/3495/183 3484/3482/10 3485/3483/82
f 3498/3496/87 3485/3483/82 3486/3484/13
f 3499/3497/149 3486/3484/13 3487/3486/15
f 3488/3498/17 3499/3497/149 3487/3486/15
f 3489/3487/93 3500/3499/89 3488/3498/17
f 3490/3488/20 3501/3500/90 3489/3487/93
f 3491/3489/22 3502/3501/91 3490/3488/20
f 3492/3490/23 3503/3502/92 3491/3489/22
f 3494/3491/83 3505/3503/6 3493/3504/6
f 3495/3493/84 3506/3505/7 3494/3491/83
f 3496/3494/85 3507/3506/8 3495/3493/84
f 3497/3495/183 3508/3507/10 3496/3494/85
f 3498/3496/87 3509/3508/12 3497/3495/183
f 3499/3497/149 3510/3509/13 3498/3496/87
f 3512/3510/141 3499/3497/149 3500/3499/89
f 3513/3511/93 3500/3499/89 3501/3500/90
f 3514/3512/20 3501/3500/90 3502/3501/91
f 3515/3513/22 3502/3501/91 3503/3502/92
f 3516/3514/23 3503/3502/92 3504/3515/23
f 3518/3516/5 3505/3503/6 3506/3505/7
f 3519/3517/27 3506/3505/7 3507/3506/8
f 3520/3518/9 3507/3506/8 3508/3507/10
f 3521/3519/11 3508/3507/10 3509/3508/12
f 3522/3520/30 3509/3508/12 3510/3509/13
f 3523/3521/14 3510/3509/13 3511/3522/15
f 3524/3523/16 3511/3522/15 3512/3510/141
f 3525/3524/18 3512/3510/141 3513/3511/93
f 3526/3525/34 3513/3511/93 3514/3512/20
f 3527/3526/21 3514/3512/20 3515/3513/22
f 3528/3527/37 3515/3513/22 3516/3514/23
f 3530/3528/24 3517/3529/25 3518/3516/5
f 3531/3530/26 3518/3516/5 3519/3517/27
f 3532/3531/28 3519/3517/27 3520/3518/9
f 3521/3519/11 3532/3531/28 3520/3518/9
f 3522/3520/30 3533/3532/29 3521/3519/11
f 3535/3533/31 3522/3520/30 3523/3521/14
f 3524/3523/16 3535/3533/31 3523/3521/14
f 3525/3524/18 3536/3534/52 3524/3523/16
f 3538/3535/33 3525/3524/18 3526/3525/34
f 3539/3536/35 3526/3525/34 3527/3526/21
f 3528/3527/37 3539/3536/35 3527/3526/21
f 3542/3537/38 3529/3538/39 3530/3528/24
f 3543/3539/40 3530/3528/24 3531/3530/26
f 3544/3540/78 3531/3530/26 3532/3531/28
f 3545/3541/42 3532/3531/28 3533/3532/29
f 3546/3542/43 3533/3532/29 3534/3543/44
f 3547/3544/45 3534/3543/44 3535/3533/31
f 3536/3534/52 3547/3544/45 3535/3533/31
f 3537/3545/46 3548/3546/47 3536/3534/52
f 3538/3535/33 3549/3547/48 3537/3545/46
f 3539/3536/35 3550/3548/49 3538/3535/33
f 3540/3549/36 3551/3550/50 3539/3536/35
f 3542/3537/38 3553/3551/39 3541/3552/39
f 3543/3539/40 3554/3553/24 3542/3537/38
f 3544/3540/78 3555/3554/26 3543/3539/40
f 3545/3541/42 3556/3555/28 3544/3540/78
f 3546/3542/43 3557/3556/51 3545/3541/42
f 3559/3557/31 3546/3542/43 3547/3544/45
f 3560/3558/52 3547/3544/45 3548/3546/47
f 3561/3559/46 3548/3546/47 3549/3547/48
f 3562/3560/33 3549/3547/48 3550/3548/49
f 3563/3561/35 3550/3548/49 3551/3550/50
f 3564/3562/36 3551/3550/50 3552/3563/36
f 3566/3564/38 3553/3551/39 3554/3553/24
f 3567/3565/40 3554/3553/24 3555/3554/26
f 3568/3566/78 3555/3554/26 3556/3555/28
f 3569/3567/42 3556/3555/28 3557/3556/51
f 3570/3568/43 3557/3556/51 3558/3569/44
f 3571/3570/45 3558/3569/44 3559/3557/31
f 3560/3558/52 3571/3570/45 3559/3557/31
f 3561/3559/46 3572/3571/47 3560/3558/52
f 3562/3560/33 3573/3572/80 3561/3559/46
f 3563/3561/35 3574/3573/49 3562/3560/33
f 3564/3562/36 3575/3574/50 3563/3561/35
f 3578/3575/96 3565/3576/39 3566/3564/38
f 3579/3577/97 3566/3564/38 3567/3565/40
f 3580/3578/98 3567/3565/40 3568/3566/78
f 3569/3567/42 3580/3578/98 3568/3566/78
f 3582/3579/100 3569/3567/42 3570/3568/43
f 3583/3580/101 3570/3568/43 3571/3570/45
f 3572/3571/47 3583/3580/101 3571/3570/45
f 3585/3581/107 3572/3571/47 3573/3572/80
f 3586/3582/104 3573/3572/80 3574/3573/49
f 3587/3583/105 3574/3573/49 3575/3574/50
f 3588/3584/37 3575/3574/50 3576/3585/36
f 3578/3575/96 3589/3586/25 3577/3587/25
f 3579/3577/97 3590/3588/5 3578/3575/96
f 3580/3578/98 3591/3589/27 3579/3577/97
f 3581/3590/184 3592/3591/9 3580/3578/98
f 3582/3579/100 3593/3592/94 3581/3590/184
f 3595/3593/14 3582/3579/100 3583/3580/101
f 3596/3594/95 3583/3580/101 3584/3595/185
f 3597/3596/18 3584/3595/185 3585/3581/107
f 3598/3597/34 3585/3581/107 3586/3582/104
f 3599/3598/21 3586/3582/104 3587/3583/105
f 3600/3599/37 3587/3583/105 3588/3584/37
f 3602/3600/96 3589/3586/25 3590/3588/5
f 3603/3601/97 3590/3588/5 3591/3589/27
f 3604/3602/98 3591/3589/27 3592/3591/9
f 3605/3603/184 3592/3591/9 3593/3592/94
f 3606/3604/106 3593/3592/94 3594/3605/30
f 3607/3606/101 3594/3605/30 3595/3593/14
f 3596/3594/95 3607/3606/101 3595/3593/14
f 3597/3596/18 3608/3607/185 3596/3594/95
f 3598/3597/34 3609/3608/103 3597/3596/18
f 3599/3598/21 3610/3609/104 3598/3597/34
f 3600/3599/37 3611/3610/105 3599/3598/21
f 3614/3611/83 3601/3612/25 3602/3600/96
f 3615/3613/84 3602/3600/96 3603/3601/97
f 3616/3614/112 3603/3601/97 3604/3602/98
f 3617/3615/86 3604/3602/98 3605/3603/184
f 3618/3616/147 3605/3603/184 3606/3604/106
f 3619/3617/186 3606/3604/106 3607/3606/101
f 3620/3618/89 3607/3606/101 3608/3607/185
f 3621/3619/90 3608/3607/185 3609/3608/103
f 3622/3620/91 3609/3608/103 3610/3609/104
f 3623/3621/92 3610/3609/104 3611/3610/105
f 3624/3622/23 3611/3610/105 3612/3623/37
f 3614/3611/83 3625/3624/6 3613/3625/6
f 3615/3613/84 3626/3626/7 3614/3611/83
f 3616/3614/112 3627/3627/8 3615/3613/84
f 3617/3615/86 3628/3628/10 3616/3614/112
f 3618/3616/147 3629/3629/82 3617/3615/86
f 3631/3630/15 3618/3616/147 3619/3617/186
f 3632/3631/141 3619/3617/186 3620/3618/89
f 3633/3632/93 3620/3618/89 3621/3619/90
f 3634/3633/20 3621/3619/90 3622/3620/91
f 3635/3634/22 3622/3620/91 3623/3621/92
f 3636/3635/23 3623/3621/92 3624/3622/23
f 3638/3636/83 3625/3624/6 3626/3626/7
f 3639/3637/84 3626/3626/7 3627/3627/8
f 3640/3638/85 3627/3627/8 3628/3628/10
f 3641/3639/86 3628/3628/10 3629/3629/82
f 3642/3640/87 3629/3629/82 3630/3641/13
f 3643/3642/88 3630/3641/13 3631/3630/15
f 3632/3631/141 3643/3642/88 3631/3630/15
f 3633/3632/93 3644/3643/89 3632/3631/141
f 3634/3633/20 3645/3644/90 3633/3632/93
f 3635/3634/22 3646/3645/91 3634/3633/20
f 3636/3635/23 3647/3646/92 3635/3634/22
f 3638/3636/83 3649/3647/6 3637/3648/6
f 3639/3637/84 3650/3649/7 3638/3636/83
f 3640/3638/85 3651/3650/8 3639/3637/84
f 3641/3639/86 3652/3651/10 3640/3638/85
f 3642/3640/87 3653/3652/12 3641/3639/86
f 3655/3653/15 3642/3640/87 3643/3642/88
f 3656/3654/141 3643/3642/88 3644/3643/89
f 3657/3655/93 3644/3643/89 3645/3644/90
f 3658/3656/20 3645/3644/90 3646/3645/91
f 3659/3657/22 3646/3645/91 3647/3646/92
f 3660/3658/23 3647/3646/92 3648/3659/23
f 3662/3660/83 3649/3647/6 3650/3649/7
f 3663/3661/84 3650/3649/7 3651/3650/8
f 3664/3662/85 3651/3650/8 3652/3651/10
f 3665/3663/86 3652/3651/10 3653/3652/12
f 3666/3664/87 3653/3652/12 3654/3665/13
f 3667/3666/149 3654/3665/13 3655/3653/15
f 3656/3654/141 3667/3666/149 3655/3653/15
f 3657/3655/93 3668/3667/187 3656/3654/141
f 3658/3656/20 3669/3668/188 3657/3655/93
f 3659/3657/22 3670/3669/91 3658/3656/20
f 3660/3658/23 3671/3670/92 3659/3657/22
f 3662/3660/83 3673/3671/6 3661/3672/6
f 3663/3661/84 3674/3673/7 3662/3660/83
f 3664/3662/85 3675/3674/8 3663/3661/84
f 3665/3663/86 3676/3675/10 3664/3662/85
f 3666/3664/87 3677/3676/82 3665/3663/86
f 3667/3666/149 3678/3677/13 3666/3664/87
f 3680/3678/17 3667/3666/149 3668/3667/187
f 3681/3679/93 3668/3667/187 3669/3668/188
f 3682/3680/20 3669/3668/188 3670/3669/91
f 3683/3681/22 3670/3669/91 3671/3670/92
f 3684/3682/23 3671/3670/92 3672/3683/23
f 3686/3684/5 3673/3671/6 3674/3673/7
f 3687/3685/27 3674/3673/7 3675/3674/8
f 3676/3675/10 3687/3685/27 3675/3674/8
f 3689/3686/94 3676/3675/10 3677/3676/82
f 3690/3687/30 3677/3676/82 3678/3677/13
f 3691/3688/14 3678/3677/13 3679/3689/15
f 3692/3690/16 3679/3689/15 3680/3678/17
f 3693/3691/18 3680/3678/17 3681/3679/93
f 3694/3692/189 3681/3679/93 3682/3680/20
f 3683/3681/22 3694/3692/189 3682/3680/20
f 3696/3693/37 3683/3681/22 3684/3682/23
f 3314/3313/96 3685/3694/25 3686/3684/5
f 3315/3316/97 3686/3684/5 3687/3685/27
f 3316/3318/98 3687/3685/27 3688/3695/9
f 3317/3320/99 3688/3695/9 3689/3686/94
f 3318/3322/100 3689/3686/94 3690/3687/30
f 3319/3325/101 3690/3687/30 3691/3688/14
f 3692/3690/16 3319/3325/101 3691/3688/14
f 3693/3691/18 3320/3327/102 3692/3690/16
f 3694/3692/189 3321/3329/107 3693/3691/18
f 3695/3696/21 3322/3331/104 3694/3692/189
f 3696/3693/37 3323/3333/105 3695/3696/21
f 3710/3697/83 3697/3698/25 3698/3699/96
f 3711/3700/84 3698/3699/96 3699/3701/97
f 3712/3702/85 3699/3701/97 3700/3703/98
f 3713/3704/86 3700/3703/98 3701/3705/184
f 3714/3706/87 3701/3705/184 3702/3707/144
f 3715/3708/109 3702/3707/144 3703/3709/101
f 3716/3710/187 3703/3709/101 3704/3711/185
f 3717/3712/90 3704/3711/185 3705/3713/107
f 3718/3714/91 3705/3713/107 3706/3715/104
f 3719/3716/92 3706/3715/104 3707/3717/105
f 3720/3718/23 3707/3717/105 3708/3719/37
f 3722/3720/61 3709/3721/6 3710/3697/83
f 3723/3722/63 3710/3697/83 3711/3700/84
f 3724/3723/64 3711/3700/84 3712/3702/85
f 3725/3724/66 3712/3702/85 3713/3704/86
f 3714/3706/87 3725/3724/66 3713/3704/86
f 3727/3725/174 3714/3706/87 3715/3708/109
f 3728/3726/70 3715/3708/109 3716/3710/187
f 3717/3712/90 3728/3726/70 3716/3710/187
f 3730/3727/73 3717/3712/90 3718/3714/91
f 3731/3728/74 3718/3714/91 3719/3716/92
f 3732/3729/60 3719/3716/92 3720/3718/23
f 3722/3720/61 3733/3730/53 3721/3731/53
f 3723/3722/63 3734/3732/62 3722/3720/61
f 3724/3723/64 3735/3733/54 3723/3722/63
f 3725/3724/66 3736/3734/65 3724/3723/64
f 3726/3735/67 3737/3736/55 3725/3724/66
f 3739/3737/57 3726/3735/67 3727/3725/174
f 3740/3738/69 3727/3725/174 3728/3726/70
f 3741/3739/58 3728/3726/70 3729/3740/71
f 3742/3741/59 3729/3740/71 3730/3727/73
f 3743/3742/72 3730/3727/73 3731/3728/74
f 3744/3743/60 3731/3728/74 3732/3729/60
f 3746/3744/61 3733/3730/53 3734/3732/62
f 3747/3745/63 3734/3732/62 3735/3733/54
f 3748/3746/64 3735/3733/54 3736/3734/65
f 3749/3747/66 3736/3734/65 3737/3736/55
f 3750/3748/77 3737/3736/55 3738/3749/56
f 3739/3737/57 3750/3748/77 3738/3749/56
f 3740/3738/69 3751/3750/68 3739/3737/57
f 3741/3739/58 3752/3751/70 3740/3738/69
f 3742/3741/59 3753/3752/71 3741/3739/58
f 3743/3742/72 3754/3753/73 3742/3741/59
f 3744/3743/60 3755/3754/74 3743/3742/72
f 3758/3755/38 3745/3756/53 3746/3744/61
f 3759/3757/40 3746/3744/61 3747/3745/63
f 3748/3746/64 3759/3757/40 3747/3745/63
f 3761/3758/42 3748/3746/64 3749/3747/66
f 3762/3759/43 3749/3747/66 3750/3748/77
f 3763/3760/45 3750/3748/77 3751/3750/68
f 3764/3761/175 3751/3750/68 3752/3751/70
f 3765/3762/80 3752/3751/70 3753/3752/71
f 3766/3763/49 3753/3752/71 3754/3753/73
f 3755/3754/74 3766/3763/49 3754/3753/73
f 3768/3764/36 3755/3754/74 3756/3765/60
f 3770/3766/96 3757/3767/39 3758/3755/38
f 3771/3768/97 3758/3755/38 3759/3757/40
f 3772/3769/143 3759/3757/40 3760/3770/78
f 3773/3771/184 3760/3770/78 3761/3758/42
f 3762/3759/43 3773/3771/184 3761/3758/42
f 3775/3772/101 3762/3759/43 3763/3760/45
f 3764/3761/175 3775/3772/101 3763/3760/45
f 3777/3773/107 3764/3761/175 3765/3762/80
f 3778/3774/104 3765/3762/80 3766/3763/49
f 3779/3775/105 3766/3763/49 3767/3776/50
f 3768/3764/36 3779/3775/105 3767/3776/50
f 3770/3766/96 3781/3777/25 3769/3778/25
f 3771/3768/97 3782/3779/5 3770/3766/96
f 3772/3769/143 3783/3780/27 3771/3768/97
f 3773/3771/184 3784/3781/9 3772/3769/143
f 3774/3782/100 3785/3783/11 3773/3771/184
f 3787/3784/14 3774/3782/100 3775/3772/101
f 3788/3785/16 3775/3772/101 3776/3786/102
f 3789/3787/18 3776/3786/102 3777/3773/107
f 3790/3788/34 3777/3773/107 3778/3774/104
f 3791/3789/21 3778/3774/104 3779/3775/105
f 3792/3790/37 3779/3775/105 3780/3791/37
f 3698/3699/96 3781/3777/25 3782/3779/5
f 3699/3701/97 3782/3779/5 3783/3780/27
f 3700/3703/98 3783/3780/27 3784/3781/9
f 3701/3705/184 3784/3781/9 3785/3783/11
f 3702/3707/144 3785/3783/11 3786/3792/30
f 3703/3709/101 3786/3792/30 3787/3784/14
f 3788/3785/16 3703/3709/101 3787/3784/14
f 3789/3787/18 3704/3711/185 3788/3785/16
f 3790/3788/34 3705/3713/107 3789/3787/18
f 3791/3789/21 3706/3715/104 3790/3788/34
f 3792/3790/37 3707/3717/105 3791/3789/21
f 3806/3793/7 3793/3794/53 3794/3795/62
f 3807/3796/8 3794/3795/62 3795/3797/54
f 3808/3798/10 3795/3797/54 3796/3799/65
f 3809/3800/82 3796/3799/65 3797/3801/55
f 3810/3802/13 3797/3801/55 3798/3803/56
f 3811/3804/15 3798/3803/56 3799/3805/57
f 3800/3806/69 3811/3804/15 3799/3805/57
f 3813/3807/93 3800/3806/69 3801/3808/58
f 3814/3809/20 3801/3808/58 3802/3810/59
f 3815/3811/22 3802/3810/59 3803/3812/72
f 3816/3813/23 3803/3812/72 3804/3814/60
f 3818/3815/5 3805/3816/6 3806/3793/7
f 3819/3817/27 3806/3793/7 3807/3796/8
f 3820/3818/9 3807/3796/8 3808/3798/10
f 3821/3819/94 3808/3798/10 3809/3800/82
f 3822/3820/30 3809/3800/82 3810/3802/13
f 3823/3821/14 3810/3802/13 3811/3804/15
f 3824/3822/95 3811/3804/15 3812/3823/17
f 3825/3824/18 3812/3823/17 3813/3807/93
f 3826/3825/34 3813/3807/93 3814/3809/20
f 3827/3826/21 3814/3809/20 3815/3811/22
f 3828/3827/37 3815/3811/22 3816/3813/23
f 3830/3828/96 3817/3829/25 3818/3815/5
f 3831/3830/97 3818/3815/5 3819/3817/27
f 3832/3831/98 3819/3817/27 3820/3818/9
f 3833/3832/99 3820/3818/9 3821/3819/94
f 3834/3833/100 3821/3819/94 3822/3820/30
f 3835/3834/101 3822/3820/30 3823/3821/14
f 3824/3822/95 3835/3834/101 3823/3821/14
f 3825/3824/18 3836/3835/185 3824/3822/95
f 3826/3825/34 3837/3836/107 3825/3824/18
f 3827/3826/21 3838/3837/104 3826/3825/34
f 3828/3827/37 3839/3838/105 3827/3826/21
f 3830/3828/96 3841/3839/25 3829/3840/25
f 3831/3830/97 3842/3841/5 3830/3828/96
f 3832/3831/98 3843/3842/27 3831/3830/97
f 3833/3832/99 3844/3843/9 3832/3831/98
f 3834/3833/100 3845/3844/11 3833/3832/99
f 3847/3845/14 3834/3833/100 3835/3834/101
f 3848/3846/95 3835/3834/101 3836/3835/185
f 3849/3847/18 3836/3835/185 3837/3836/107
f 3850/3848/34 3837/3836/107 3838/3837/104
f 3851/3849/21 3838/3837/104 3839/3838/105
f 3852/3850/37 3839/3838/105 3840/3851/37
f 3854/3852/24 3841/3839/25 3842/3841/5
f 3855/3853/26 3842/3841/5 3843/3842/27
f 3856/3854/28 3843/3842/27 3844/3843/9
f 3845/3844/11 3856/3854/28 3844/3843/9
f 3858/3855/44 3845/3844/11 3846/3856/30
f 3859/3857/31 3846/3856/30 3847/3845/14
f 3860/3858/52 3847/3845/14 3848/3846/95
f 3849/3847/18 3860/3858/52 3848/3846/95
f 3850/3848/34 3861/3859/46 3849/3847/18
f 3863/3860/35 3850/3848/34 3851/3849/21
f 3864/3861/36 3851/3849/21 3852/3850/37
f 3794/3795/62 3853/3862/39 3854/3852/24
f 3795/3797/54 3854/3852/24 3855/3853/26
f 3796/3799/65 3855/3853/26 3856/3854/28
f 3797/3801/55 3856/3854/28 3857/3863/29
f 3798/3803/56 3857/3863/29 3858/3855/44
f 3799/3805/57 3858/3855/44 3859/3857/31
f 3800/3806/69 3859/3857/31 3860/3858/52
f 3801/3808/58 3860/3858/52 3861/3859/46
f 3802/3810/59 3861/3859/46 3862/3864/33
f 3803/3812/72 3862/3864/33 3863/3860/35
f 3804/3814/60 3863/3860/35 3864/3861/36
f 3866/3865/96 3877/3866/25 3865/3867/25
f 3867/3868/97 3878/3869/5 3866/3865/96
f 3868/3870/98 3879/3871/27 3867/3868/97
f 3869/3872/99 3880/3873/9 3868/3870/98
f 3870/3874/144 3881/3875/11 3869/3872/99
f 3883/3876/14 3870/3874/144 3871/3877/101
f 3884/3878/95 3871/3877/101 3872/3879/102
f 3885/3880/18 3872/3879/102 3873/3881/107
f 3886/3882/34 3873/3881/107 3874/3883/104
f 3887/3884/21 3874/3883/104 3875/3885/105
f 3888/3886/37 3875/3885/105 3876/3887/37
f 3890/3888/24 3877/3866/25 3878/3869/5
f 3891/3889/26 3878/3869/5 3879/3871/27
f 3892/3890/28 3879/3871/27 3880/3873/9
f 3881/3875/11 3892/3890/28 3880/3873/9
f 3894/3891/44 3881/3875/11 3882/3892/30
f 3895/3893/31 3882/3892/30 3883/3876/14
f 3896/3894/52 3883/3876/14 3884/3878/95
f 3885/3880/18 3896/3894/52 3884/3878/95
f 3898/3895/33 3885/3880/18 3886/3882/34
f 3899/3896/35 3886/3882/34 3887/3884/21
f 3900/3897/36 3887/3884/21 3888/3886/37
f 3902/3898/62 3889/3899/39 3890/3888/24
f 3891/3889/26 3902/3898/62 3890/3888/24
f 3904/3900/65 3891/3889/26 3892/3890/28
f 3905/3901/75 3892/3890/28 3893/3902/29
f 3906/3903/56 3893/3902/29 3894/3891/44
f 3907/3904/57 3894/3891/44 3895/3893/31
f 3908/3905/69 3895/3893/31 3896/3894/52
f 3909/3906/58 3896/3894/52 3897/3907/46
f 3898/3895/33 3909/3906/58 3897/3907/46
f 3911/3908/72 3898/3895/33 3899/3896/35
f 3912/3909/60 3899/3896/35 3900/3897/36
f 3914/3910/7 3901/3911/53 3902/3898/62
f 3915/3912/8 3902/3898/62 3903/3913/54
f 3916/3914/10 3903/3913/54 3904/3900/65
f 3917/3915/82 3904/3900/65 3905/3901/75
f 3918/3916/13 3905/3901/75 3906/3903/56
f 3919/3917/15 3906/3903/56 3907/3904/57
f 3920/3918/17 3907/3904/57 3908/3905/69
f 3921/3919/93 3908/3905/69 3909/3906/58
f 3922/3920/20 3909/3906/58 3910/3921/59
f 3923/3922/22 3910/3921/59 3911/3908/72
f 3924/3923/23 3911/3908/72 3912/3909/60
f 3926/3924/83 3913/3925/6 3914/3910/7
f 3927/3926/84 3914/3910/7 3915/3912/8
f 3928/3927/85 3915/3912/8 3916/3914/10
f 3929/3928/86 3916/3914/10 3917/3915/82
f 3930/3929/87 3917/3915/82 3918/3916/13
f 3931/3930/88 3918/3916/13 3919/3917/15
f 3920/3918/17 3931/3930/88 3919/3917/15
f 3921/3919/93 3932/3931/89 3920/3918/17
f 3922/3920/20 3933/3932/90 3921/3919/93
f 3923/3922/22 3934/3933/91 3922/3920/20
f 3924/3923/23 3935/3934/92 3923/3922/22
f 3926/3924/83 3937/3935/6 3925/3936/6
f 3927/3926/84 3938/3937/7 3926/3924/83
f 3928/3927/85 3939/3938/8 3927/3926/84
f 3929/3928/86 3940/3939/10 3928/3927/85
f 3930/3929/87 3941/3940/82 3929/3928/86
f 3943/3941/15 3930/3929/87 3931/3930/88
f 3944/3942/141 3931/3930/88 3932/3931/89
f 3945/3943/93 3932/3931/89 3933/3932/90
f 3946/3944/20 3933/3932/90 3934/3933/91
f 3947/3945/22 3934/3933/91 3935/3934/92
f 3948/3946/23 3935/3934/92 3936/3947/23
f 3950/3948/83 3937/3935/6 3938/3937/7
f 3951/3949/84 3938/3937/7 3939/3938/8
f 3952/3950/85 3939/3938/8 3940/3939/10
f 3953/3951/86 3940/3939/10 3941/3940/82
f 3954/3952/87 3941/3940/82 3942/3953/13
f 3955/3954/88 3942/3953/13 3943/3941/15
f 3944/3942/141 3955/3954/88 3943/3941/15
f 3945/3943/93 3956/3955/110 3944/3942/141
f 3946/3944/20 3957/3956/188 3945/3943/93
f 3947/3945/22 3958/3957/91 3946/3944/20
f 3948/3946/23 3959/3958/92 3947/3945/22
f 3962/3959/61 3949/3960/6 3950/3948/83
f 3963/3961/63 3950/3948/83 3951/3949/84
f 3964/3962/64 3951/3949/84 3952/3950/85
f 3965/3963/180 3952/3950/85 3953/3951/86
f 3966/3964/67 3953/3951/86 3954/3952/87
f 3967/3965/68 3954/3952/87 3955/3954/88
f 3968/3966/70 3955/3954/88 3956/3955/110
f 3969/3967/71 3956/3955/110 3957/3956/188
f 3970/3968/73 3957/3956/188 3958/3957/91
f 3971/3969/74 3958/3957/91 3959/3958/92
f 3972/3970/60 3959/3958/92 3960/3971/23
f 3962/3959/61 3973/3972/53 3961/3973/53
f 3963/3961/63 3974/3974/62 3962/3959/61
f 3964/3962/64 3975/3975/54 3963/3961/63
f 3965/3963/180 3976/3976/65 3964/3962/64
f 3966/3964/67 3977/3977/55 3965/3963/180
f 3979/3978/57 3966/3964/67 3967/3965/68
f 3980/3979/69 3967/3965/68 3968/3966/70
f 3981/3980/58 3968/3966/70 3969/3967/71
f 3982/3981/59 3969/3967/71 3970/3968/73
f 3983/3982/72 3970/3968/73 3971/3969/74
f 3984/3983/60 3971/3969/74 3972/3970/60
f 3986/3984/61 3973/3972/53 3974/3974/62
f 3987/3985/63 3974/3974/62 3975/3975/54
f 3988/3986/64 3975/3975/54 3976/3976/65
f 3989/3987/66 3976/3976/65 3977/3977/55
f 3990/3988/67 3977/3977/55 3978/3989/56
f 3991/3990/68 3978/3989/56 3979/3978/57
f 3980/3979/69 3991/3990/68 3979/3978/57
f 3981/3980/58 3992/3991/70 3980/3979/69
f 3982/3981/59 3993/3992/71 3981/3980/58
f 3983/3982/72 3994/3993/73 3982/3981/59
f 3984/3983/60 3995/3994/74 3983/3982/72
f 3986/3984/61 3997/3995/53 3985/3996/53
f 3987/3985/63 3998/3997/62 3986/3984/61
f 3988/3986/64 3999/3998/54 3987/3985/63
f 3989/3987/66 4000/3999/65 3988/3986/64
f 3990/3988/67 4001/4000/55 3989/3987/66
f 4003/4001/57 3990/3988/67 3991/3990/68
f 4004/4002/69 3991/3990/68 3992/3991/70
f 4005/4003/58 3992/3991/70 3993/3992/71
f 4006/4004/59 3993/3992/71 3994/3993/73
f 4007/4005/72 3994/3993/73 3995/3994/74
f 4008/4006/60 3995/3994/74 3996/4007/60
f 4010/4008/7 3997/3995/53 3998/3997/62
f 4011/4009/8 3998/3997/62 3999/3998/54
f 4012/4010/10 3999/3998/54 4000/3999/65
f 4013/4011/12 4000/3999/65 4001/4000/55
f 4014/4012/13 4001/4000/55 4002/4013/56
f 4015/4014/15 4002/4013/56 4003/4001/57
f 4004/4002/69 4015/4014/15 4003/4001/57
f 4017/4015/93 4004/4002/69 4005/4003/58
f 4018/4016/20 4005/4003/58 4006/4004/59
f 4019/4017/22 4006/4004/59 4007/4005/72
f 4020/4018/23 4007/4005/72 4008/4006/60
f 4022/4019/83 4009/4020/6 4010/4008/7
f 4023/4021/84 4010/4008/7 4011/4009/8
f 4024/4022/85 4011/4009/8 4012/4010/10
f 4025/4023/86 4012/4010/10 4013/4011/12
f 4026/4024/87 4013/4011/12 4014/4012/13
f 4027/4025/149 4014/4012/13 4015/4014/15
f 4016/4026/17 4027/4025/149 4015/4014/15
f 4017/4015/93 4028/4027/89 4016/4026/17
f 4018/4016/20 4029/4028/90 4017/4015/93
f 4019/4017/22 4030/4029/91 4018/4016/20
f 4020/4018/23 4031/4030/92 4019/4017/22
f 4022/4019/83 4033/4031/6 4021/4032/6
f 4023/4021/84 4034/4033/7 4022/4019/83
f 4024/4022/85 4035/4034/8 4023/4021/84
f 4025/4023/86 4036/4035/10 4024/4022/85
f 4026/4024/87 4037/4036/82 4025/4023/86
f 4027/4025/149 4038/4037/13 4026/4024/87
f 4040/4038/141 4027/4025/149 4028/4027/89
f 4041/4039/93 4028/4027/89 4029/4028/90
f 4042/4040/20 4029/4028/90 4030/4029/91
f 4043/4041/22 4030/4029/91 4031/4030/92
f 4044/4042/23 4031/4030/92 4032/4043/23
f 4046/4044/5 4033/4031/6 4034/4033/7
f 4047/4045/27 4034/4033/7 4035/4034/8
f 4036/4035/10 4047/4045/27 4035/4034/8
f 4049/4046/11 4036/4035/10 4037/4036/82
f 4050/4047/30 4037/4036/82 4038/4037/13
f 4051/4048/14 4038/4037/13 4039/4049/15
f 4052/4050/16 4039/4049/15 4040/4038/141
f 4053/4051/18 4040/4038/141 4041/4039/93
f 4054/4052/34 4041/4039/93 4042/4040/20
f 4043/4041/22 4054/4052/34 4042/4040/20
f 4056/4053/37 4043/4041/22 4044/4042/23
f 4058/4054/24 4045/4055/25 4046/4044/5
f 4059/4056/26 4046/4044/5 4047/4045/27
f 4060/4057/28 4047/4045/27 4048/4058/9
f 4061/4059/51 4048/4058/9 4049/4046/11
f 4050/4047/30 4061/4059/51 4049/4046/11
f 4063/4060/31 4050/4047/30 4051/4048/14
f 4064/4061/32 4051/4048/14 4052/4050/16
f 4065/4062/46 4052/4050/16 4053/4051/18
f 4066/4063/33 4053/4051/18 4054/4052/34
f 4067/4064/35 4054/4052/34 4055/4065/21
f 4068/4066/36 4055/4065/21 4056/4053/37
f 4070/4067/62 4057/4068/39 4058/4054/24
f 4059/4056/26 4070/4067/62 4058/4054/24
f 4072/4069/65 4059/4056/26 4060/4057/28
f 4073/4070/75 4060/4057/28 4061/4059/51
f 4074/4071/56 4061/4059/51 4062/4072/44
f 4075/4073/57 4062/4072/44 4063/4060/31
f 4076/4074/69 4063/4060/31 4064/4061/32
f 4077/4075/58 4064/4061/32 4065/4062/46
f 4066/4063/33 4077/4075/58 4065/4062/46
f 4079/4076/72 4066/4063/33 4067/4064/35
f 4080/4077/60 4067/4064/35 4068/4066/36
f 4082/4078/61 4069/4079/53 4070/4067/62
f 4083/4080/63 4070/4067/62 4071/4081/54
f 4084/4082/178 4071/4081/54 4072/4069/65
f 4085/4083/176 4072/4069/65 4073/4070/75
f 4086/4084/77 4073/4070/75 4074/4071/56
f 4087/4085/68 4074/4071/56 4075/4073/57
f 4076/4074/69 4087/4085/68 4075/4073/57
f 4077/4075/58 4088/4086/177 4076/4074/69
f 4078/4087/59 4089/4088/146 4077/4075/58
f 4079/4076/72 4090/4089/73 4078/4087/59
f 4080/4077/60 4091/4090/74 4079/4076/72
f 4094/4091/38 4081/4092/53 4082/4078/61
f 4095/4093/40 4082/4078/61 4083/4080/63
f 4096/4094/78 4083/4080/63 4084/4082/178
f 4097/4095/42 4084/4082/178 4085/4083/176
f 4098/4096/43 4085/4083/176 4086/4084/77
f 4099/4097/45 4086/4084/77 4087/4085/68
f 4100/4098/47 4087/4085/68 4088/4086/177
f 4101/4099/80 4088/4086/177 4089/4088/146
f 4102/4100/49 4089/4088/146 4090/4089/73
f 4103/4101/50 4090/4089/73 4091/4090/74
f 4104/4102/36 4091/4090/74 4092/4103/60
f 4106/4104/96 4093/4105/39 4094/4091/38
f 4107/4106/97 4094/4091/38 4095/4093/40
f 4108/4107/98 4095/4093/40 4096/4094/78
f 4097/4095/42 4108/4107/98 4096/4094/78
f 4110/4108/100 4097/4095/42 4098/4096/43
f 4111/4109/101 4098/4096/43 4099/4097/45
f 4100/4098/47 4111/4109/101 4099/4097/45
f 4113/4110/107 4100/4098/47 4101/4099/80
f 4114/4111/104 4101/4099/80 4102/4100/49
f 4115/4112/105 4102/4100/49 4103/4101/50
f 4116/4113/37 4103/4101/50 4104/4102/36
f 4106/4104/96 4117/4114/25 4105/4115/25
f 4107/4106/97 4118/4116/5 4106/4104/96
f 4108/4107/98 4119/4117/27 4107/4106/97
f 4109/4118/99 4120/4119/9 4108/4107/98
f 4110/4108/100 4121/4120/94 4109/4118/99
f 4123/4121/14 4110/4108/100 4111/4109/101
f 4124/4122/95 4111/4109/101 4112/4123/102
f 4125/4124/18 4112/4123/102 4113/4110/107
f 4126/4125/34 4113/4110/107 4114/4111/104
f 4127/4126/21 4114/4111/104 4115/4112/105
f 4128/4127/37 4115/4112/105 4116/4113/37
f 4130/4128/96 4117/4114/25 4118/4116/5
f 4131/4129/97 4118/4116/5 4119/4117/27
f 4132/4130/98 4119/4117/27 4120/4119/9
f 4133/4131/99 4120/4119/9 4121/4120/94
f 4134/4132/144 4121/4120/94 4122/4133/30
f 4135/4134/101 4122/4133/30 4123/4121/14
f 4124/4122/95 4135/4134/101 4123/4121/14
f 4125/4124/18 4136/4135/102 4124/4122/95
f 4126/4125/34 4137/4136/107 4125/4124/18
f 4127/4126/21 4138/4137/104 4126/4125/34
f 4128/4127/37 4139/4138/105 4127/4126/21
f 4130/4128/96 4141/4139/25 4129/4140/25
f 4131/4129/97 4142/4141/5 4130/4128/96
f 4132/4130/98 4143/4142/190 4131/4129/97
f 4133/4131/99 4144/4143/9 4132/4130/98
f 4134/4132/144 4145/4144/11 4133/4131/99
f 4147/4145/14 4134/4132/144 4135/4134/101
f 4148/4146/16 4135/4134/101 4136/4135/102
f 4149/4147/18 4136/4135/102 4137/4136/107
f 4150/4148/34 4137/4136/107 4138/4137/104
f 4151/4149/21 4138/4137/104 4139/4138/105
f 4152/4150/37 4139/4138/105 4140/4151/37
f 4154/4152/24 4141/4139/25 4142/4141/5
f 4155/4153/26 4142/4141/5 4143/4142/190
f 4156/4154/28 4143/4142/190 4144/4143/9
f 4145/4144/11 4156/4154/28 4144/4143/9
f 4158/4155/44 4145/4144/11 4146/4156/30
f 4159/4157/31 4146/4156/30 4147/4145/14
f 4160/4158/52 4147/4145/14 4148/4146/16
f 4149/4147/18 4160/4158/52 4148/4146/16
f 4162/4159/33 4149/4147/18 4150/4148/34
f 4163/4160/35 4150/4148/34 4151/4149/21
f 4164/4161/36 4151/4149/21 4152/4150/37
f 4166/4162/38 4153/4163/39 4154/4152/24
f 4167/4164/40 4154/4152/24 4155/4153/26
f 4168/4165/78 4155/4153/26 4156/4154/28
f 4169/4166/42 4156/4154/28 4157/4167/51
f 4170/4168/43 4157/4167/51 4158/4155/44
f 4171/4169/45 4158/4155/44 4159/4157/31
f 4160/4158/52 4171/4169/45 4159/4157/31
f 4161/4170/46 4172/4171/47 4160/4158/52
f 4162/4159/33 4173/4172/80 4161/4170/46
f 4163/4160/35 4174/4173/49 4162/4159/33
f 4164/4161/36 4175/4174/50 4163/4160/35
f 4166/4162/38 4177/4175/39 4165/4176/39
f 4167/4164/40 4178/4177/24 4166/4162/38
f 4168/4165/78 4179/4178/26 4167/4164/40
f 4169/4166/42 4180/4179/28 4168/4165/78
f 4170/4168/43 4181/4180/51 4169/4166/42
f 4183/4181/31 4170/4168/43 4171/4169/45
f 4184/4182/52 4171/4169/45 4172/4171/47
f 4185/4183/46 4172/4171/47 4173/4172/80
f 4186/4184/33 4173/4172/80 4174/4173/49
f 4187/4185/35 4174/4173/49 4175/4174/50
f 4188/4186/36 4175/4174/50 4176/4187/36
f 4190/4188/38 4177/4175/39 4178/4177/24
f 4191/4189/40 4178/4177/24 4179/4178/26
f 4192/4190/78 4179/4178/26 4180/4179/28
f 4193/4191/42 4180/4179/28 4181/4180/51
f 4194/4192/43 4181/4180/51 4182/4193/44
f 4195/4194/45 4182/4193/44 4183/4181/31
f 4184/4182/52 4195/4194/45 4183/4181/31
f 4185/4183/46 4196/4195/47 4184/4182/52
f 4186/4184/33 4197/4196/80 4185/4183/46
f 4187/4185/35 4198/4197/49 4186/4184/33
f 4188/4186/36 4199/4198/50 4187/4185/35
f 3866/3865/96 4189/4199/39 4190/4188/38
f 4191/4189/40 3866/3865/96 4190/4188/38
f 3868/3870/98 4191/4189/40 4192/4190/78
f 3869/3872/99 4192/4190/78 4193/4191/42
f 3870/3874/144 4193/4191/42 4194/4192/43
f 3871/3877/101 4194/4192/43 4195/4194/45
f 3872/3879/102 4195/4194/45 4196/4195/47
f 3873/3881/107 4196/4195/47 4197/4196/80
f 3874/3883/104 4197/4196/80 4198/4197/49
f 3875/3885/105 4198/4197/49 4199/4198/50
f 3876/3887/37 4199/4198/50 4200/4200/36
f 4214/4201/38 4201/4202/53 4202/4203/61
f 4215/4204/40 4202/4203/61 4203/4205/63
f 4216/4206/41 4203/4205/63 4204/4207/178
f 4217/4208/81 4204/4207/178 4205/4209/180
f 4218/4210/43 4205/4209/180 4206/4211/77
f 4219/4212/79 4206/4211/77 4207/4213/191
f 4220/4214/175 4207/4213/191 4208/4215/177
f 4221/4216/48 4208/4215/177 4209/4217/71
f 4222/4218/49 4209/4217/71 4210/4219/73
f 4223/4220/50 4210/4219/73 4211/4221/74
f 4224/4222/36 4211/4221/74 4212/4223/60
f 4226/4224/96 4213/4225/39 4214/4201/38
f 4227/4226/97 4214/4201/38 4215/4204/40
f 4228/4227/98 4215/4204/40 4216/4206/41
f 4229/4228/99 4216/4206/41 4217/4208/81
f 4218/4210/43 4229/4228/99 4217/4208/81
f 4231/4229/101 4218/4210/43 4219/4212/79
f 4232/4230/102 4219/4212/79 4220/4214/175
f 4221/4216/48 4232/4230/102 4220/4214/175
f 4234/4231/104 4221/4216/48 4222/4218/49
f 4235/4232/105 4222/4218/49 4223/4220/50
f 4224/4222/36 4235/4232/105 4223/4220/50
f 4238/4233/83 4225/4234/25 4226/4224/96
f 4239/4235/84 4226/4224/96 4227/4226/97
f 4240/4236/85 4227/4226/97 4228/4227/98
f 4241/4237/86 4228/4227/98 4229/4228/99
f 4242/4238/192 4229/4228/99 4230/4239/100
f 4243/4240/149 4230/4239/100 4231/4229/101
f 4244/4241/187 4231/4229/101 4232/4230/102
f 4245/4242/90 4232/4230/102 4233/4243/107
f 4246/4244/91 4233/4243/107 4234/4231/104
f 4247/4245/92 4234/4231/104 4235/4232/105
f 4248/4246/23 4235/4232/105 4236/4247/37
f 4202/4203/61 4237/4248/6 4238/4233/83
f 4203/4205/63 4238/4233/83 4239/4235/84
f 4204/4207/178 4239/4235/84 4240/4236/85
f 4241/4237/86 4204/4207/178 4240/4236/85
f 4206/4211/77 4241/4237/86 4242/4238/192
f 4243/4240/149 4206/4211/77 4242/4238/192
f 4208/4215/177 4243/4240/149 4244/4241/187
f 4209/4217/71 4244/4241/187 4245/4242/90
f 4246/4244/91 4209/4217/71 4245/4242/90
f 4247/4245/92 4210/4219/73 4246/4244/91
f 4212/4223/60 4247/4245/92 4248/4246/23
f 4262/4249/5 4249/4250/6 4250/4251/7
f 4263/4252/27 4250/4251/7 4251/4253/8
f 4264/4254/9 4251/4253/8 4252/4255/10
f 4265/4256/11 4252/4255/10 4253/4257/82
f 4266/4258/30 4253/4257/82 4254/4259/13
f 4267/4260/14 4254/4259/13 4255/4261/15
f 4268/4262/16 4255/4261/15 4256/4263/141
f 4269/4264/18 4256/4263/141 4257/4265/93
f 4270/4266/34 4257/4265/93 4258/4267/20
f 4271/4268/21 4258/4267/20 4259/4269/22
f 4272/4270/37 4259/4269/22 4260/4271/23
f 4274/4272/24 4261/4273/25 4262/4249/5
f 4275/4274/26 4262/4249/5 4263/4252/27
f 4276/4275/28 4263/4252/27 4264/4254/9
f 4277/4276/51 4264/4254/9 4265/4256/11
f 4266/4258/30 4277/4276/51 4265/4256/11
f 4279/4277/31 4266/4258/30 4267/4260/14
f 4280/4278/52 4267/4260/14 4268/4262/16
f 4269/4264/18 4280/4278/52 4268/4262/16
f 4282/4279/33 4269/4264/18 4270/4266/34
f 4283/4280/35 4270/4266/34 4271/4268/21
f 4284/4281/36 4271/4268/21 4272/4270/37
f 4286/4282/38 4273/4283/39 4274/4272/24
f 4287/4284/40 4274/4272/24 4275/4274/26
f 4288/4285/78 4275/4274/26 4276/4275/28
f 4289/4286/42 4276/4275/28 4277/4276/51
f 4290/4287/43 4277/4276/51 4278/4288/44
f 4291/4289/45 4278/4288/44 4279/4277/31
f 4280/4278/52 4291/4289/45 4279/4277/31
f 4281/4290/46 4292/4291/47 4280/4278/52
f 4282/4279/33 4293/4292/48 4281/4290/46
f 4283/4280/35 4294/4293/49 4282/4279/33
f 4284/4281/36 4295/4294/50 4283/4280/35
f 4286/4282/38 4297/4295/39 4285/4296/39
f 4287/4284/40 4298/4297/24 4286/4282/38
f 4288/4285/78 4299/4298/26 4287/4284/40
f 4289/4286/42 4300/4299/28 4288/4285/78
f 4290/4287/43 4301/4300/29 4289/4286/42
f 4303/4301/31 4290/4287/43 4291/4289/45
f 4304/4302/52 4291/4289/45 4292/4291/47
f 4305/4303/46 4292/4291/47 4293/4292/48
f 4306/4304/33 4293/4292/48 4294/4293/49
f 4307/4305/35 4294/4293/49 4295/4294/50
f 4308/4306/36 4295/4294/50 4296/4307/36
f 4310/4308/62 4297/4295/39 4298/4297/24
f 4311/4309/54 4298/4297/24 4299/4298/26
f 4300/4299/28 4311/4309/54 4299/4298/26
f 4313/4310/55 4300/4299/28 4301/4300/29
f 4314/4311/56 4301/4300/29 4302/4312/44
f 4315/4313/57 4302/4312/44 4303/4301/31
f 4316/4314/69 4303/4301/31 4304/4302/52
f 4317/4315/58 4304/4302/52 4305/4303/46
f 4318/4316/59 4305/4303/46 4306/4304/33
f 4307/4305/35 4318/4316/59 4306/4304/33
f 4320/4317/60 4307/4305/35 4308/4306/36
f 4322/4318/61 4309/4319/53 4310/4308/62
f 4323/4320/63 4310/4308/62 4311/4309/54
f 4324/4321/193 4311/4309/54 4312/4322/65
f 4325/4323/66 4312/4322/65 4313/4310/55
f 4326/4324/67 4313/4310/55 4314/4311/56
f 4327/4325/68 4314/4311/56 4315/4313/57
f 4316/4314/69 4327/4325/68 4315/4313/57
f 4317/4315/58 4328/4326/70 4316/4314/69
f 4318/4316/59 4329/4327/194 4317/4315/58
f 4319/4328/72 4330/4329/73 4318/4316/59
f 4320/4317/60 4331/4330/74 4319/4328/72
f 4322/4318/61 4333/4331/53 4321/4332/53
f 4323/4320/63 4334/4333/62 4322/4318/61
f 4324/4321/193 4335/4334/140 4323/4320/63
f 4325/4323/66 4336/4335/65 4324/4321/193
f 4326/4324/67 4337/4336/75 4325/4323/66
f 4339/4337/57 4326/4324/67 4327/4325/68
f 4340/4338/76 4327/4325/68 4328/4326/70
f 4341/4339/58 4328/4326/70 4329/4327/194
f 4342/4340/59 4329/4327/194 4330/4329/73
f 4343/4341/72 4330/4329/73 4331/4330/74
f 4344/4342/60 4331/4330/74 4332/4343/60
f 4346/4344/61 4333/4331/53 4334/4333/62
f 4347/4345/63 4334/4333/62 4335/4334/140
f 4348/4346/64 4335/4334/140 4336/4335/65
f 4349/4347/180 4336/4335/65 4337/4336/75
f 4350/4348/77 4337/4336/75 4338/4349/56
f 4351/4350/68 4338/4349/56 4339/4337/57
f 4340/4338/76 4351/4350/68 4339/4337/57
f 4341/4339/58 4352/4351/70 4340/4338/76
f 4342/4340/59 4353/4352/71 4341/4339/58
f 4343/4341/72 4354/4353/73 4342/4340/59
f 4344/4342/60 4355/4354/74 4343/4341/72
f 4358/4355/38 4345/4356/53 4346/4344/61
f 4359/4357/40 4346/4344/61 4347/4345/63
f 4360/4358/78 4347/4345/63 4348/4346/64
f 4361/4359/42 4348/4346/64 4349/4347/180
f 4362/4360/43 4349/4347/180 4350/4348/77
f 4363/4361/79 4350/4348/77 4351/4350/68
f 4364/4362/175 4351/4350/68 4352/4351/70
f 4365/4363/80 4352/4351/70 4353/4352/71
f 4366/4364/49 4353/4352/71 4354/4353/73
f 4367/4365/50 4354/4353/73 4355/4354/74
f 4368/4366/36 4355/4354/74 4356/4367/60
f 4358/4355/38 4369/4368/39 4357/4369/39
f 4359/4357/40 4370/4370/24 4358/4355/38
f 4360/4358/78 4371/4371/26 4359/4357/40
f 4361/4359/42 4372/4372/28 4360/4358/78
f 4362/4360/43 4373/4373/29 4361/4359/42
f 4375/4374/31 4362/4360/43 4363/4361/79
f 4376/4375/52 4363/4361/79 4364/4362/175
f 4377/4376/46 4364/4362/175 4365/4363/80
f 4378/4377/33 4365/4363/80 4366/4364/49
f 4379/4378/35 4366/4364/49 4367/4365/50
f 4380/4379/36 4367/4365/50 4368/4366/36
f 4382/4380/38 4369/4368/39 4370/4370/24
f 4383/4381/40 4370/4370/24 4371/4371/26
f 4384/4382/78 4371/4371/26 4372/4372/28
f 4385/4383/42 4372/4372/28 4373/4373/29
f 4386/4384/43 4373/4373/29 4374/4385/44
f 4387/4386/45 4374/4385/44 4375/4374/31
f 4376/4375/52 4387/4386/45 4375/4374/31
f 4377/4376/46 4388/4387/47 4376/4375/52
f 4378/4377/33 4389/4388/80 4377/4376/46
f 4379/4378/35 4390/4389/49 4378/4377/33
f 4380/4379/36 4391/4390/50 4379/4378/35
f 4382/4380/38 4393/4391/39 4381/4392/39
f 4383/4381/40 4394/4393/24 4382/4380/38
f 4384/4382/78 4395/4394/26 4383/4381/40
f 4385/4383/42 4396/4395/28 4384/4382/78
f 4386/4384/43 4397/4396/29 4385/4383/42
f 4399/4397/31 4386/4384/43 4387/4386/45
f 4400/4398/32 4387/4386/45 4388/4387/47
f 4401/4399/46 4388/4387/47 4389/4388/80
f 4402/4400/33 4389/4388/80 4390/4389/49
f 4403/4401/35 4390/4389/49 4391/4390/50
f 4404/4402/36 4391/4390/50 4392/4403/36
f 4406/4404/62 4393/4391/39 4394/4393/24
f 4407/4405/54 4394/4393/24 4395/4394/26
f 4408/4406/65 4395/4394/26 4396/4395/28
f 4409/4407/75 4396/4395/28 4397/4396/29
f 4410/4408/56 4397/4396/29 4398/4409/44
f 4411/4410/57 4398/4409/44 4399/4397/31
f 4412/4411/76 4399/4397/31 4400/4398/32
f 4413/4412/58 4400/4398/32 4401/4399/46
f 4414/4413/59 4401/4399/46 4402/4400/33
f 4415/4414/72 4402/4400/33 4403/4401/35
f 4416/4415/60 4403/4401/35 4404/4402/36
f 4418/4416/7 4405/4417/53 4406/4404/62
f 4419/4418/8 4406/4404/62 4407/4405/54
f 4420/4419/10 4407/4405/54 4408/4406/65
f 4421/4420/82 4408/4406/65 4409/4407/75
f 4422/4421/13 4409/4407/75 4410/4408/56
f 4423/4422/15 4410/4408/56 4411/4410/57
f 4412/4411/76 4423/4422/15 4411/4410/57
f 4425/4423/93 4412/4411/76 4413/4412/58
f 4426/4424/20 4413/4412/58 4414/4413/59
f 4427/4425/22 4414/4413/59 4415/4414/72
f 4428/4426/23 4415/4414/72 4416/4415/60
f 4430/4427/83 4417/4428/6 4418/4416/7
f 4431/4429/84 4418/4416/7 4419/4418/8
f 4432/4430/85 4419/4418/8 4420/4419/10
f 4433/4431/86 4420/4419/10 4421/4420/82
f 4434/4432/87 4421/4420/82 4422/4421/13
f 4435/4433/88 4422/4421/13 4423/4422/15
f 4424/4434/141 4435/4433/88 4423/4422/15
f 4425/4423/93 4436/4435/89 4424/4434/141
f 4426/4424/20 4437/4436/90 4425/4423/93
f 4427/4425/22 4438/4437/91 4426/4424/20
f 4428/4426/23 4439/4438/92 4427/4425/22
f 4430/4427/83 4441/4439/6 4429/4440/6
f 4431/4429/84 4442/4441/7 4430/4427/83
f 4432/4430/85 4443/4442/8 4431/4429/84
f 4433/4431/86 4444/4443/10 4432/4430/85
f 4434/4432/87 4445/4444/82 4433/4431/86
f 4447/4445/15 4434/4432/87 4435/4433/88
f 4448/4446/141 4435/4433/88 4436/4435/89
f 4449/4447/93 4436/4435/89 4437/4436/90
f 4450/4448/20 4437/4436/90 4438/4437/91
f 4451/4449/22 4438/4437/91 4439/4438/92
f 4452/4450/23 4439/4438/92 4440/4451/23
f 4454/4452/5 4441/4439/6 4442/4441/7
f 4455/4453/190 4442/4441/7 4443/4442/8
f 4456/4454/9 4443/4442/8 4444/4443/10
f 4457/4455/11 4444/4443/10 4445/4444/82
f 4458/4456/30 4445/4444/82 4446/4457/13
f 4459/4458/14 4446/4457/13 4447/4445/15
f 4460/4459/16 4447/4445/15 4448/4446/141
f 4461/4460/18 4448/4446/141 4449/4447/93
f 4462/4461/189 4449/4447/93 4450/4448/20
f 4463/4462/21 4450/4448/20 4451/4449/22
f 4464/4463/37 4451/4449/22 4452/4450/23
f 4466/4464/96 4453/4465/25 4454/4452/5
f 4467/4466/97 4454/4452/5 4455/4453/190
f 4468/4467/98 4455/4453/190 4456/4454/9
f 4469/4468/184 4456/4454/9 4457/4455/11
f 4470/4469/100 4457/4455/11 4458/4456/30
f 4471/4470/101 4458/4456/30 4459/4458/14
f 4460/4459/16 4471/4470/101 4459/4458/14
f 4461/4460/18 4472/4471/185 4460/4459/16
f 4462/4461/189 4473/4472/107 4461/4460/18
f 4463/4462/21 4474/4473/104 4462/4461/189
f 4464/4463/37 4475/4474/105 4463/4462/21
f 4466/4464/96 4477/4475/25 4465/4476/25
f 4467/4466/97 4478/4477/5 4466/4464/96
f 4468/4467/98 4479/4478/27 4467/4466/97
f 4469/4468/184 4480/4479/9 4468/4467/98
f 4470/4469/100 4481/4480/11 4469/4468/184
f 4483/4481/14 4470/4469/100 4471/4470/101
f 4484/4482/16 4471/4470/101 4472/4471/185
f 4485/4483/18 4472/4471/185 4473/4472/107
f 4486/4484/34 4473/4472/107 4474/4473/104
f 4487/4485/21 4474/4473/104 4475/4474/105
f 4488/4486/37 4475/4474/105 4476/4487/37
f 4490/4488/96 4477/4475/25 4478/4477/5
f 4491/4489/97 4478/4477/5 4479/4478/27
f 4492/4490/98 4479/4478/27 4480/4479/9
f 4493/4491/184 4480/4479/9 4481/4480/11
f 4494/4492/106 4481/4480/11 4482/4493/30
f 4495/4494/101 4482/4493/30 4483/4481/14
f 4484/4482/16 4495/4494/101 4483/4481/14
f 4485/4483/18 4496/4495/185 4484/4482/16
f 4486/4484/34 4497/4496/107 4485/4483/18
f 4487/4485/21 4498/4497/104 4486/4484/34
f 4488/4486/37 4499/4498/105 4487/4485/21
f 4502/4499/83 4489/4500/25 4490/4488/96
f 4503/4501/84 4490/4488/96 4491/4489/97
f 4504/4502/112 4491/4489/97 4492/4490/98
f 4505/4503/108 4492/4490/98 4493/4491/184
f 4506/4504/87 4493/4491/184 4494/4492/106
f 4507/4505/109 4494/4492/106 4495/4494/101
f 4508/4506/187 4495/4494/101 4496/4495/185
f 4509/4507/188 4496/4495/185 4497/4496/107
f 4510/4508/91 4497/4496/107 4498/4497/104
f 4511/4509/92 4498/4497/104 4499/4498/105
f 4512/4510/23 4499/4498/105 4500/4511/37
f 4502/4499/83 4513/4512/6 4501/4513/6
f 4503/4501/84 4514/4514/7 4502/4499/83
f 4504/4502/112 4515/4515/8 4503/4501/84
f 4505/4503/108 4516/4516/10 4504/4502/112
f 4506/4504/87 4517/4517/12 4505/4503/108
f 4519/4518/15 4506/4504/87 4507/4505/109
f 4520/4519/17 4507/4505/109 4508/4506/187
f 4521/4520/93 4508/4506/187 4509/4507/188
f 4522/4521/20 4509/4507/188 4510/4508/91
f 4523/4522/22 4510/4508/91 4511/4509/92
f 4524/4523/23 4511/4509/92 4512/4510/23
f 4526/4524/83 4513/4512/6 4514/4514/7
f 4527/4525/84 4514/4514/7 4515/4515/8
f 4528/4526/85 4515/4515/8 4516/4516/10
f 4529/4527/86 4516/4516/10 4517/4517/12
f 4530/4528/87 4517/4517/12 4518/4529/13
f 4531/4530/88 4518/4529/13 4519/4518/15
f 4520/4519/17 4531/4530/88 4519/4518/15
f 4521/4520/93 4532/4531/89 4520/4519/17
f 4522/4521/20 4533/4532/188 4521/4520/93
f 4523/4522/22 4534/4533/91 4522/4521/20
f 4524/4523/23 4535/4534/92 4523/4522/22
f 4526/4524/83 4249/4250/6 4525/4535/6
f 4527/4525/84 4250/4251/7 4526/4524/83
f 4528/4526/85 4251/4253/8 4527/4525/84
f 4529/4527/86 4252/4255/10 4528/4526/85
f 4530/4528/87 4253/4257/82 4529/4527/86
f 4255/4261/15 4530/4528/87 4531/4530/88
f 4256/4263/141 4531/4530/88 4532/4531/89
f 4257/4265/93 4532/4531/89 4533/4532/188
f 4258/4267/20 4533/4532/188 4534/4533/91
f 4259/4269/22 4534/4533/91 4535/4534/92
f 4260/4271/23 4535/4534/92 4536/4536/23
f 662/649/5 661/669/25 649/650/6
f 651/652/8 663/671/27 662/649/5
f 664/653/9 663/671/27 651/652/8
f 665/655/11 664/653/9 652/654/10
f 654/657/13 666/674/30 665/655/11
f 667/658/14 666/674/30 654/657/13
f 668/660/16 667/658/14 655/659/15
f 669/662/18 668/660/16 656/661/17
f 658/664/20 670/678/34 669/662/18
f 671/665/21 670/678/34 658/664/20
f 660/667/23 672/681/37 671/665/21
f 674/668/24 673/683/39 661/669/25
f 675/670/26 674/668/24 662/649/5
f 676/672/28 675/670/26 663/671/27
f 677/673/29 676/672/28 664/653/9
f 666/674/30 678/688/44 677/673/29
f 679/675/31 678/688/44 666/674/30
f 680/676/32 679/675/31 667/658/14
f 669/662/18 681/690/46 680/676/32
f 682/677/33 681/690/46 669/662/18
f 683/679/35 682/677/33 670/678/34
f 684/680/36 683/679/35 671/665/21
f 686/682/38 685/696/39 673/683/39
f 687/684/40 686/682/38 674/668/24
f 688/685/41 687/684/40 675/670/26
f 689/686/42 688/685/41 676/672/28
f 690/687/43 689/686/42 677/673/29
f 691/689/45 690/687/43 678/688/44
f 680/676/32 692/691/47 691/689/45
f 681/690/46 693/692/48 692/691/47
f 682/677/33 694/693/49 693/692/48
f 683/679/35 695/694/50 694/693/49
f 684/680/36 696/707/36 695/694/50
f 686/682/38 698/697/24 697/695/39
f 687/684/40 699/698/26 698/697/24
f 688/685/41 700/699/28 699/698/26
f 689/686/42 701/700/51 700/699/28
f 690/687/43 702/712/44 701/700/51
f 703/701/31 702/712/44 690/687/43
f 704/702/52 703/701/31 691/689/45
f 705/703/46 704/702/52 692/691/47
f 706/704/33 705/703/46 693/692/48
f 707/705/35 706/704/33 694/693/49
f 708/706/36 707/705/35 695/694/50
f 698/697/24 710/718/62 709/708/53
f 711/709/54 710/718/62 698/697/24
f 700/699/28 712/721/65 711/709/54
f 713/710/55 712/721/65 700/699/28
f 714/711/56 713/710/55 701/700/51
f 715/713/57 714/711/56 702/712/44
f 704/702/52 716/725/69 715/713/57
f 717/714/58 716/725/69 704/702/52
f 718/715/59 717/714/58 705/703/46
f 707/705/35 719/728/72 718/715/59
f 720/716/60 719/728/72 707/705/35
f 722/717/61 721/732/53 709/708/53
f 723/719/63 722/717/61 710/718/62
f 724/720/64 723/719/63 711/709/54
f 725/722/66 724/720/64 712/721/65
f 726/723/67 725/722/66 713/710/55
f 727/724/68 726/723/67 714/711/56
f 716/725/69 728/726/70 727/724/68
f 717/714/58 729/727/71 728/726/70
f 718/715/59 730/729/73 729/727/71
f 719/728/72 731/730/74 730/729/73
f 720/716/60 732/743/60 731/730/74
f 722/717/61 734/733/62 733/731/53
f 723/719/63 735/734/54 734/733/62
f 724/720/64 736/735/65 735/734/54
f 725/722/66 737/736/75 736/735/65
f 726/723/67 738/749/56 737/736/75
f 739/737/57 738/749/56 726/723/67
f 740/738/76 739/737/57 727/724/68
f 741/739/58 740/738/76 728/726/70
f 742/740/59 741/739/58 729/727/71
f 743/741/72 742/740/59 730/729/73
f 744/742/60 743/741/72 731/730/74
f 746/744/61 745/756/53 733/731/53
f 747/745/63 746/744/61 734/733/62
f 748/746/64 747/745/63 735/734/54
f 749/747/66 748/746/64 736/735/65
f 750/748/77 749/747/66 737/736/75
f 751/750/68 750/748/77 738/749/56
f 740/738/76 752/751/70 751/750/68
f 741/739/58 753/752/71 752/751/70
f 742/740/59 754/753/73 753/752/71
f 743/741/72 755/754/74 754/753/73
f 744/742/60 756/767/60 755/754/74
f 758/755/38 757/769/39 745/756/53
f 759/757/40 758/755/38 746/744/61
f 760/758/78 759/757/40 747/745/63
f 761/759/42 760/758/78 748/746/64
f 762/760/43 761/759/42 749/747/66
f 763/761/79 762/760/43 750/748/77
f 764/762/47 763/761/79 751/750/68
f 765/763/80 764/762/47 752/751/70
f 766/764/49 765/763/80 753/752/71
f 767/765/50 766/764/49 754/753/73
f 768/766/36 767/765/50 755/754/74
f 758/755/38 770/770/24 769/768/39
f 759/757/40 771/771/26 770/770/24
f 760/758/78 772/772/28 771/771/26
f 761/759/42 773/773/29 772/772/28
f 762/760/43 774/785/44 773/773/29
f 775/774/31 774/785/44 762/760/43
f 776/775/32 775/774/31 763/761/79
f 777/776/46 776/775/32 764/762/47
f 778/777/33 777/776/46 765/763/80
f 779/778/35 778/777/33 766/764/49
f 780/779/36 779/778/35 767/765/50
f 782/780/38 781/792/39 769/768/39
f 783/781/40 782/780/38 770/770/24
f 784/782/78 783/781/40 771/771/26
f 785/783/81 784/782/78 772/772/28
f 786/784/43 785/783/81 773/773/29
f 787/786/45 786/784/43 774/785/44
f 776/775/32 788/787/47 787/786/45
f 777/776/46 789/788/80 788/787/47
f 778/777/33 790/789/49 789/788/80
f 779/778/35 791/790/50 790/789/49
f 780/779/36 792/803/36 791/790/50
f 782/780/38 794/793/24 793/791/39
f 783/781/40 795/794/26 794/793/24
f 784/782/78 796/795/28 795/794/26
f 785/783/81 797/796/29 796/795/28
f 786/784/43 798/809/44 797/796/29
f 799/797/31 798/809/44 786/784/43
f 800/798/32 799/797/31 787/786/45
f 801/799/46 800/798/32 788/787/47
f 802/800/33 801/799/46 789/788/80
f 803/801/35 802/800/33 790/789/49
f 804/802/36 803/801/35 791/790/50
f 806/804/62 805/817/53 793/791/39
f 807/805/54 806/804/62 794/793/24
f 808/806/65 807/805/54 795/794/26
f 809/807/75 808/806/65 796/795/28
f 810/808/56 809/807/75 797/796/29
f 811/810/57 810/808/56 798/809/44
f 812/811/76 811/810/57 799/797/31
f 813/812/58 812/811/76 800/798/32
f 814/813/59 813/812/58 801/799/46
f 815/814/72 814/813/59 802/800/33
f 816/815/60 815/814/72 803/801/35
f 818/816/7 817/828/6 805/817/53
f 819/818/8 818/816/7 806/804/62
f 820/819/10 819/818/8 807/805/54
f 821/820/82 820/819/10 808/806/65
f 822/821/13 821/820/82 809/807/75
f 823/822/15 822/821/13 810/808/56
f 812/811/76 824/834/17 823/822/15
f 825/823/19 824/834/17 812/811/76
f 826/824/20 825/823/19 813/812/58
f 827/825/22 826/824/20 814/813/59
f 828/826/23 827/825/22 815/814/72
f 830/827/83 829/840/6 817/828/6
f 831/829/84 830/827/83 818/816/7
f 832/830/85 831/829/84 819/818/8
f 833/831/86 832/830/85 820/819/10
f 834/832/87 833/831/86 821/820/82
f 835/833/88 834/832/87 822/821/13
f 824/834/17 836/835/89 835/833/88
f 825/823/19 837/836/90 836/835/89
f 826/824/20 838/837/91 837/836/90
f 827/825/22 839/838/92 838/837/91
f 828/826/23 840/851/23 839/838/92
f 830/827/83 842/841/7 841/839/6
f 831/829/84 843/842/8 842/841/7
f 832/830/85 844/843/10 843/842/8
f 833/831/86 845/844/12 844/843/10
f 834/832/87 846/855/13 845/844/12
f 847/845/15 846/855/13 834/832/87
f 848/846/17 847/845/15 835/833/88
f 849/847/93 848/846/17 836/835/89
f 850/848/20 849/847/93 837/836/90
f 851/849/22 850/848/20 838/837/91
f 852/850/23 851/849/22 839/838/92
f 854/852/5 853/861/25 841/839/6
f 843/842/8 855/863/27 854/852/5
f 856/853/9 855/863/27 843/842/8
f 857/854/94 856/853/9 844/843/10
f 846/855/13 858/867/30 857/854/94
f 859/856/14 858/867/30 846/855/13
f 860/857/95 859/856/14 847/845/15
f 849/847/93 861/869/18 860/857/95
f 862/858/34 861/869/18 849/847/93
f 863/859/21 862/858/34 850/848/20
f 852/850/23 864/873/37 863/859/21
f 866/860/96 865/876/25 853/861/25
f 867/862/97 866/860/96 854/852/5
f 868/864/98 867/862/97 855/863/27
f 869/865/99 868/864/98 856/853/9
f 870/866/100 869/865/99 857/854/94
f 871/868/101 870/866/100 858/867/30
f 860/857/95 872/870/102 871/868/101
f 861/869/18 873/871/103 872/870/102
f 862/858/34 874/872/104 873/871/103
f 863/859/21 875/874/105 874/872/104
f 864/873/37 876/887/37 875/874/105
f 866/860/96 878/877/5 877/875/25
f 867/862/97 879/878/27 878/877/5
f 868/864/98 880/879/9 879/878/27
f 869/865/99 881/880/94 880/879/9
f 870/866/100 882/893/30 881/880/94
f 883/881/14 882/893/30 870/866/100
f 884/882/95 883/881/14 871/868/101
f 885/883/18 884/882/95 872/870/102
f 886/884/34 885/883/18 873/871/103
f 887/885/21 886/884/34 874/872/104
f 888/886/37 887/885/21 875/874/105
f 890/888/96 889/900/25 877/875/25
f 891/889/97 890/888/96 878/877/5
f 892/890/98 891/889/97 879/878/27
f 893/891/99 892/890/98 880/879/9
f 894/892/106 893/891/99 881/880/94
f 895/894/101 894/892/106 882/893/30
f 884/882/95 896/895/102 895/894/101
f 885/883/18 897/896/107 896/895/102
f 886/884/34 898/897/104 897/896/107
f 887/885/21 899/898/105 898/897/104
f 888/886/37 900/911/37 899/898/105
f 902/899/83 901/913/6 889/900/25
f 903/901/84 902/899/83 890/888/96
f 904/902/85 903/901/84 891/889/97
f 905/903/108 904/902/85 892/890/98
f 906/904/87 905/903/108 893/891/99
f 907/905/109 906/904/87 894/892/106
f 908/906/110 907/905/109 895/894/101
f 909/907/90 908/906/110 896/895/102
f 910/908/91 909/907/90 897/896/107
f 911/909/92 910/908/91 898/897/104
f 912/910/23 911/909/92 899/898/105
f 902/899/83 914/914/7 913/912/6
f 903/901/84 915/915/8 914/914/7
f 904/902/85 916/916/111 915/915/8
f 905/903/108 917/917/12 916/916/111
f 906/904/87 918/929/13 917/917/12
f 919/918/15 918/929/13 906/904/87
f 920/919/17 919/918/15 907/905/109
f 921/920/19 920/919/17 908/906/110
f 922/921/20 921/920/19 909/907/90
f 923/922/22 922/921/20 910/908/91
f 924/923/23 923/922/22 911/909/92
f 926/924/83 925/935/6 913/912/6
f 927/925/84 926/924/83 914/914/7
f 928/926/112 927/925/84 915/915/8
f 929/927/108 928/926/112 916/916/111
f 930/928/113 929/927/108 917/917/12
f 931/930/88 930/928/113 918/929/13
f 920/919/17 932/931/110 931/930/88
f 921/920/19 933/932/90 932/931/110
f 922/921/20 934/933/91 933/932/90
f 923/922/22 935/934/92 934/933/91
f 924/923/23 936/936/23 935/934/92
f 926/924/83 650/651/7 649/650/6
f 927/925/84 651/652/8 650/651/7
f 928/926/112 652/654/10 651/652/8
f 929/927/108 653/656/12 652/654/10
f 930/928/113 654/657/13 653/656/12
f 655/659/15 654/657/13 930/928/113
f 656/661/17 655/659/15 931/930/88
f 657/663/19 656/661/17 932/931/110
f 658/664/20 657/663/19 933/932/90
f 659/666/22 658/664/20 934/933/91
f 660/667/23 659/666/22 935/934/92
f 950/937/5 949/959/25 937/938/6
f 951/940/27 950/937/5 938/939/7
f 952/942/9 951/940/27 939/941/8
f 953/944/11 952/942/9 940/943/10
f 942/946/13 954/963/30 953/944/11
f 955/947/14 954/963/30 942/946/13
f 956/949/16 955/947/14 943/948/15
f 957/951/18 956/949/16 944/950/17
f 946/953/20 958/968/34 957/951/18
f 959/954/21 958/968/34 946/953/20
f 960/956/37 959/954/21 947/955/22
f 962/958/24 961/972/39 949/959/25
f 963/960/26 962/958/24 950/937/5
f 964/961/28 963/960/26 951/940/27
f 965/962/29 964/961/28 952/942/9
f 954/963/30 966/977/44 965/962/29
f 967/964/31 966/977/44 954/963/30
f 968/965/52 967/964/31 955/947/14
f 969/966/46 968/965/52 956/949/16
f 970/967/33 969/966/46 957/951/18
f 971/969/35 970/967/33 958/968/34
f 972/970/36 971/969/35 959/954/21
f 974/971/38 973/984/39 961/972/39
f 975/973/40 974/971/38 962/958/24
f 976/974/78 975/973/40 963/960/26
f 977/975/42 976/974/78 964/961/28
f 978/976/114 977/975/42 965/962/29
f 979/978/45 978/976/114 966/977/44
f 968/965/52 980/979/47 979/978/45
f 969/966/46 981/980/80 980/979/47
f 970/967/33 982/981/49 981/980/80
f 971/969/35 983/982/50 982/981/49
f 972/970/36 984/995/36 983/982/50
f 974/971/38 986/985/24 985/983/39
f 975/973/40 987/986/26 986/985/24
f 976/974/78 988/987/28 987/986/26
f 977/975/42 989/988/29 988/987/28
f 978/976/114 990/1001/44 989/988/29
f 991/989/31 990/1001/44 978/976/114
f 992/990/52 991/989/31 979/978/45
f 993/991/46 992/990/52 980/979/47
f 994/992/33 993/991/46 981/980/80
f 995/993/35 994/992/33 982/981/49
f 996/994/36 995/993/35 983/982/50
f 998/996/38 997/1008/39 985/983/39
f 999/997/40 998/996/38 986/985/24
f 1000/998/41 999/997/40 987/986/26
f 1001/999/42 1000/998/41 988/987/28
f 1002/1000/43 1001/999/42 989/988/29
f 1003/1002/45 1002/1000/43 990/1001/44
f 992/990/52 1004/1003/47 1003/1002/45
f 993/991/46 1005/1004/48 1004/1003/47
f 994/992/33 1006/1005/49 1005/1004/48
f 995/993/35 1007/1006/50 1006/1005/49
f 996/994/36 1008/1019/36 1007/1006/50
f 998/996/38 1010/1009/116 1009/1007/115
f 999/997/40 1011/1010/117 1010/1009/116
f 1000/998/41 1012/1011/118 1011/1010/117
f 1001/999/42 1013/1012/119 1012/1011/118
f 1002/1000/43 1014/1024/130 1013/1012/119
f 1015/1013/120 1014/1024/130 1002/1000/43
f 1016/1014/121 1015/1013/120 1003/1002/45
f 1017/1015/122 1016/1014/121 1004/1003/47
f 1018/1016/123 1017/1015/122 1005/1004/48
f 1019/1017/124 1018/1016/123 1006/1005/49
f 1020/1018/125 1019/1017/124 1007/1006/50
f 1010/1009/116 1022/1021/127 1021/1020/126
f 1011/1010/117 1023/1022/128 1022/1021/127
f 1012/1011/118 1024/1023/129 1023/1022/128
f 1013/1012/119 1025/1025/131 1024/1023/129
f 1014/1024/130 1026/1037/138 1025/1025/131
f 1027/1026/132 1026/1037/138 1014/1024/130
f 1028/1027/133 1027/1026/132 1015/1013/120
f 1029/1028/134 1028/1027/133 1016/1014/121
f 1030/1029/135 1029/1028/134 1017/1015/122
f 1031/1030/136 1030/1029/135 1018/1016/123
f 1032/1031/137 1031/1030/136 1019/1017/124
f 1034/1032/61 1033/1044/53 1021/1020/126
f 1035/1033/63 1034/1032/61 1022/1021/127
f 1036/1034/64 1035/1033/63 1023/1022/128
f 1037/1035/66 1036/1034/64 1024/1023/129
f 1038/1036/67 1037/1035/66 1025/1025/131
f 1039/1038/68 1038/1036/67 1026/1037/138
f 1028/1027/133 1040/1039/70 1039/1038/68
f 1029/1028/134 1041/1040/71 1040/1039/70
f 1030/1029/135 1042/1041/73 1041/1040/71
f 1031/1030/136 1043/1042/74 1042/1041/73
f 1032/1031/137 1044/1055/60 1043/1042/74
f 1034/1032/61 1046/1045/62 1045/1043/53
f 1035/1033/63 1047/1046/54 1046/1045/62
f 1036/1034/64 1048/1047/65 1047/1046/54
f 1037/1035/66 1049/1048/55 1048/1047/65
f 1038/1036/67 1050/1061/56 1049/1048/55
f 1051/1049/57 1050/1061/56 1038/1036/67
f 1052/1050/69 1051/1049/57 1039/1038/68
f 1053/1051/58 1052/1050/69 1040/1039/70
f 1054/1052/59 1053/1051/58 1041/1040/71
f 1055/1053/72 1054/1052/59 1042/1041/73
f 1056/1054/60 1055/1053/72 1043/1042/74
f 1058/1056/61 1057/1068/53 1045/1043/53
f 1059/1057/63 1058/1056/61 1046/1045/62
f 1060/1058/64 1059/1057/63 1047/1046/54
f 1061/1059/66 1060/1058/64 1048/1047/65
f 1062/1060/67 1061/1059/66 1049/1048/55
f 1063/1062/139 1062/1060/67 1050/1061/56
f 1052/1050/69 1064/1063/70 1063/1062/139
f 1053/1051/58 1065/1064/71 1064/1063/70
f 1054/1052/59 1066/1065/73 1065/1064/71
f 1055/1053/72 1067/1066/74 1066/1065/73
f 1056/1054/60 1068/1079/60 1067/1066/74
f 1058/1056/61 1070/1069/62 1069/1067/53
f 1059/1057/63 1071/1070/140 1070/1069/62
f 1060/1058/64 1072/1071/65 1071/1070/140
f 1061/1059/66 1073/1072/75 1072/1071/65
f 1062/1060/67 1074/1085/56 1073/1072/75
f 1075/1073/57 1074/1085/56 1062/1060/67
f 1076/1074/69 1075/1073/57 1063/1062/139
f 1077/1075/58 1076/1074/69 1064/1063/70
f 1078/1076/59 1077/1075/58 1065/1064/71
f 1079/1077/72 1078/1076/59 1066/1065/73
f 1080/1078/60 1079/1077/72 1067/1066/74
f 1082/1080/7 1081/1092/6 1069/1067/53
f 1083/1081/8 1082/1080/7 1070/1069/62
f 1084/1082/10 1083/1081/8 1071/1070/140
f 1085/1083/82 1084/1082/10 1072/1071/65
f 1086/1084/13 1085/1083/82 1073/1072/75
f 1075/1073/57 1087/1098/15 1086/1084/13
f 1088/1086/141 1087/1098/15 1075/1073/57
f 1089/1087/93 1088/1086/141 1076/1074/69
f 1090/1088/142 1089/1087/93 1077/1075/58
f 1091/1089/22 1090/1088/142 1078/1076/59
f 1092/1090/23 1091/1089/22 1079/1077/72
f 1094/1091/5 1093/1105/25 1081/1092/6
f 1095/1093/27 1094/1091/5 1082/1080/7
f 1096/1094/9 1095/1093/27 1083/1081/8
f 1097/1095/11 1096/1094/9 1084/1082/10
f 1098/1096/30 1097/1095/11 1085/1083/82
f 1099/1097/14 1098/1096/30 1086/1084/13
f 1100/1099/16 1099/1097/14 1087/1098/15
f 1101/1100/18 1100/1099/16 1088/1086/141
f 1102/1101/34 1101/1100/18 1089/1087/93
f 1103/1102/21 1102/1101/34 1090/1088/142
f 1104/1103/37 1103/1102/21 1091/1089/22
f 1106/1104/96 1105/1116/25 1093/1105/25
f 1107/1106/97 1106/1104/96 1094/1091/5
f 1108/1107/143 1107/1106/97 1095/1093/27
f 1109/1108/99 1108/1107/143 1096/1094/9
f 1110/1109/144 1109/1108/99 1097/1095/11
f 1111/1110/145 1110/1109/144 1098/1096/30
f 1100/1099/16 1112/1111/102 1111/1110/145
f 1101/1100/18 1113/1112/107 1112/1111/102
f 1102/1101/34 1114/1113/104 1113/1112/107
f 1103/1102/21 1115/1114/105 1114/1113/104
f 1104/1103/37 1116/1125/37 1115/1114/105
f 1118/1115/83 1117/1126/6 1105/1116/25
f 1119/1117/84 1118/1115/83 1106/1104/96
f 1120/1118/85 1119/1117/84 1107/1106/97
f 1121/1119/86 1120/1118/85 1108/1107/143
f 1110/1109/144 1122/1127/113 1121/1119/86
f 1123/1120/88 1122/1127/113 1110/1109/144
f 1124/1121/89 1123/1120/88 1111/1110/145
f 1113/1112/107 1125/1128/90 1124/1121/89
f 1126/1122/91 1125/1128/90 1113/1112/107
f 1127/1123/92 1126/1122/91 1114/1113/104
f 1128/1124/23 1127/1123/92 1115/1114/105
f 1118/1115/83 938/939/7 937/938/6
f 1119/1117/84 939/941/8 938/939/7
f 1120/1118/85 940/943/10 939/941/8
f 1121/1119/86 941/945/82 940/943/10
f 1122/1127/113 942/946/13 941/945/82
f 1123/1120/88 943/948/15 942/946/13
f 944/950/17 943/948/15 1123/1120/88
f 945/952/93 944/950/17 1124/1121/89
f 946/953/20 945/952/93 1125/1128/90
f 947/955/22 946/953/20 1126/1122/91
f 948/957/23 947/955/22 1127/1123/92
f 1142/1129/38 1141/1151/39 1129/1130/53
f 1143/1132/40 1142/1129/38 1130/1131/61
f 1144/1134/78 1143/1132/40 1131/1133/63
f 1145/1136/42 1144/1134/78 1132/1135/64
f 1134/1138/77 1146/1156/114 1145/1136/42
f 1147/1139/79 1146/1156/114 1134/1138/77
f 1148/1141/47 1147/1139/79 1135/1140/68
f 1149/1143/80 1148/1141/47 1136/1142/70
f 1150/1145/49 1149/1143/80 1137/1144/146
f 1139/1147/74 1151/1162/50 1150/1145/49
f 1152/1148/36 1151/1162/50 1139/1147/74
f 1154/1150/96 1153/1165/25 1141/1151/39
f 1155/1152/97 1154/1150/96 1142/1129/38
f 1156/1153/98 1155/1152/97 1143/1132/40
f 1157/1154/99 1156/1153/98 1144/1134/78
f 1158/1155/100 1157/1154/99 1145/1136/42
f 1159/1157/145 1158/1155/100 1146/1156/114
f 1160/1158/102 1159/1157/145 1147/1139/79
f 1161/1159/107 1160/1158/102 1148/1141/47
f 1162/1160/104 1161/1159/107 1149/1143/80
f 1163/1161/105 1162/1160/104 1150/1145/49
f 1164/1163/37 1163/1161/105 1151/1162/50
f 1154/1150/96 1166/1166/5 1165/1164/25
f 1155/1152/97 1167/1167/27 1166/1166/5
f 1156/1153/98 1168/1168/9 1167/1167/27
f 1157/1154/99 1169/1169/11 1168/1168/9
f 1158/1155/100 1170/1181/30 1169/1169/11
f 1171/1170/14 1170/1181/30 1158/1155/100
f 1172/1171/16 1171/1170/14 1159/1157/145
f 1173/1172/18 1172/1171/16 1160/1158/102
f 1174/1173/34 1173/1172/18 1161/1159/107
f 1175/1174/21 1174/1173/34 1162/1160/104
f 1176/1175/37 1175/1174/21 1163/1161/105
f 1178/1176/96 1177/1188/25 1165/1164/25
f 1179/1177/97 1178/1176/96 1166/1166/5
f 1180/1178/98 1179/1177/97 1167/1167/27
f 1181/1179/99 1180/1178/98 1168/1168/9
f 1182/1180/100 1181/1179/99 1169/1169/11
f 1183/1182/101 1182/1180/100 1170/1181/30
f 1172/1171/16 1184/1183/102 1183/1182/101
f 1173/1172/18 1185/1184/107 1184/1183/102
f 1174/1173/34 1186/1185/104 1185/1184/107
f 1175/1174/21 1187/1186/105 1186/1185/104
f 1176/1175/37 1188/1197/37 1187/1186/105
f 1190/1187/83 1189/1199/6 1177/1188/25
f 1179/1177/97 1191/1200/84 1190/1187/83
f 1192/1189/112 1191/1200/84 1179/1177/97
f 1193/1190/86 1192/1189/112 1180/1178/98
f 1194/1191/87 1193/1190/86 1181/1179/99
f 1195/1192/88 1194/1191/87 1182/1180/100
f 1196/1193/89 1195/1192/88 1183/1182/101
f 1185/1184/107 1197/1208/90 1196/1193/89
f 1198/1194/91 1197/1208/90 1185/1184/107
f 1199/1195/92 1198/1194/91 1186/1185/104
f 1200/1196/23 1199/1195/92 1187/1186/105
f 1190/1187/83 1202/1201/7 1201/1198/6
f 1191/1200/84 1203/1202/8 1202/1201/7
f 1192/1189/112 1204/1203/10 1203/1202/8
f 1193/1190/86 1205/1204/12 1204/1203/10
f 1194/1191/87 1206/1217/13 1205/1204/12
f 1207/1205/15 1206/1217/13 1194/1191/87
f 1208/1206/17 1207/1205/15 1195/1192/88
f 1209/1207/93 1208/1206/17 1196/1193/89
f 1210/1209/20 1209/1207/93 1197/1208/90
f 1211/1210/22 1210/1209/20 1198/1194/91
f 1212/1211/23 1211/1210/22 1199/1195/92
f 1214/1212/83 1213/1223/6 1201/1198/6
f 1215/1213/84 1214/1212/83 1202/1201/7
f 1216/1214/85 1215/1213/84 1203/1202/8
f 1217/1215/86 1216/1214/85 1204/1203/10
f 1218/1216/147 1217/1215/86 1205/1204/12
f 1219/1218/88 1218/1216/147 1206/1217/13
f 1208/1206/17 1220/1219/89 1219/1218/88
f 1209/1207/93 1221/1220/90 1220/1219/89
f 1210/1209/20 1222/1221/91 1221/1220/90
f 1211/1210/22 1223/1222/92 1222/1221/91
f 1212/1211/23 1224/1224/23 1223/1222/92
f 1130/1131/61 1129/1130/53 1213/1223/6
f 1131/1133/63 1130/1131/61 1214/1212/83
f 1132/1135/64 1131/1133/63 1215/1213/84
f 1133/1137/66 1132/1135/64 1216/1214/85
f 1134/1138/77 1133/1137/66 1217/1215/86
f 1135/1140/68 1134/1138/77 1218/1216/147
f 1136/1142/70 1135/1140/68 1219/1218/88
f 1137/1144/146 1136/1142/70 1220/1219/89
f 1138/1146/73 1137/1144/146 1221/1220/90
f 1139/1147/74 1138/1146/73 1222/1221/91
f 1140/1149/60 1139/1147/74 1223/1222/92
f 1238/1225/5 1237/1245/25 1225/1226/6
f 1227/1228/8 1239/1247/27 1238/1225/5
f 1240/1229/9 1239/1247/27 1227/1228/8
f 1229/1231/12 1241/1250/94 1240/1229/9
f 1242/1232/30 1241/1250/94 1229/1231/12
f 1243/1234/14 1242/1232/30 1230/1233/13
f 1232/1236/17 1244/1253/16 1243/1234/14
f 1245/1237/18 1244/1253/16 1232/1236/17
f 1234/1239/20 1246/1255/34 1245/1237/18
f 1247/1240/21 1246/1255/34 1234/1239/20
f 1248/1242/37 1247/1240/21 1235/1241/22
f 1250/1244/24 1249/1259/39 1237/1245/25
f 1251/1246/26 1250/1244/24 1238/1225/5
f 1252/1248/28 1251/1246/26 1239/1247/27
f 1253/1249/51 1252/1248/28 1240/1229/9
f 1254/1251/44 1253/1249/51 1241/1250/94
f 1243/1234/14 1255/1265/31 1254/1251/44
f 1256/1252/32 1255/1265/31 1243/1234/14
f 1257/1254/46 1256/1252/32 1244/1253/16
f 1246/1255/34 1258/1256/33 1257/1254/46
f 1247/1240/21 1259/1268/35 1258/1256/33
f 1260/1257/36 1259/1268/35 1247/1240/21
f 1262/1258/38 1261/1272/39 1249/1259/39
f 1263/1260/40 1262/1258/38 1250/1244/24
f 1264/1261/78 1263/1260/40 1251/1246/26
f 1265/1262/42 1264/1261/78 1252/1248/28
f 1266/1263/43 1265/1262/42 1253/1249/51
f 1267/1264/45 1266/1263/43 1254/1251/44
f 1256/1252/32 1268/1266/47 1267/1264/45
f 1257/1254/46 1269/1267/80 1268/1266/47
f 1258/1256/33 1270/1269/49 1269/1267/80
f 1259/1268/35 1271/1270/50 1270/1269/49
f 1260/1257/36 1272/1283/36 1271/1270/50
f 1262/1258/38 1274/1273/24 1273/1271/39
f 1263/1260/40 1275/1274/26 1274/1273/24
f 1264/1261/78 1276/1275/28 1275/1274/26
f 1265/1262/42 1277/1276/51 1276/1275/28
f 1266/1263/43 1278/1287/44 1277/1276/51
f 1279/1277/31 1278/1287/44 1266/1263/43
f 1280/1278/52 1279/1277/31 1267/1264/45
f 1281/1279/46 1280/1278/52 1268/1266/47
f 1282/1280/33 1281/1279/46 1269/1267/80
f 1283/1281/35 1282/1280/33 1270/1269/49
f 1284/1282/36 1283/1281/35 1271/1270/50
f 1286/1284/62 1285/1294/53 1273/1271/39
f 1287/1285/54 1286/1284/62 1274/1273/24
f 1276/1275/28 1288/1297/65 1287/1285/54
f 1289/1286/75 1288/1297/65 1276/1275/28
f 1278/1287/44 1290/1300/56 1289/1286/75
f 1291/1288/57 1290/1300/56 1278/1287/44
f 1292/1289/69 1291/1288/57 1279/1277/31
f 1293/1290/58 1292/1289/69 1280/1278/52
f 1294/1291/59 1293/1290/58 1281/1279/46
f 1283/1281/35 1295/1305/72 1294/1291/59
f 1296/1292/60 1295/1305/72 1283/1281/35
f 1298/1293/7 1297/1308/6 1285/1294/53
f 1299/1295/8 1298/1293/7 1286/1284/62
f 1300/1296/10 1299/1295/8 1287/1285/54
f 1301/1298/12 1300/1296/10 1288/1297/65
f 1302/1299/13 1301/1298/12 1289/1286/75
f 1303/1301/15 1302/1299/13 1290/1300/56
f 1292/1289/69 1304/1314/17 1303/1301/15
f 1305/1302/93 1304/1314/17 1292/1289/69
f 1306/1303/20 1305/1302/93 1293/1290/58
f 1307/1304/22 1306/1303/20 1294/1291/59
f 1308/1306/23 1307/1304/22 1295/1305/72
f 1310/1307/83 1309/1319/6 1297/1308/6
f 1311/1309/84 1310/1307/83 1298/1293/7
f 1312/1310/85 1311/1309/84 1299/1295/8
f 1313/1311/86 1312/1310/85 1300/1296/10
f 1314/1312/87 1313/1311/86 1301/1298/12
f 1315/1313/88 1314/1312/87 1302/1299/13
f 1304/1314/17 1316/1315/89 1315/1313/88
f 1305/1302/93 1317/1316/90 1316/1315/89
f 1306/1303/20 1318/1317/91 1317/1316/90
f 1307/1304/22 1319/1318/92 1318/1317/91
f 1308/1306/23 1320/1320/23 1319/1318/92
f 1310/1307/83 1226/1227/7 1225/1226/6
f 1311/1309/84 1227/1228/8 1226/1227/7
f 1312/1310/85 1228/1230/10 1227/1228/8
f 1313/1311/86 1229/1231/12 1228/1230/10
f 1314/1312/87 1230/1233/13 1229/1231/12
f 1231/1235/15 1230/1233/13 1314/1312/87
f 1232/1236/17 1231/1235/15 1315/1313/88
f 1233/1238/93 1232/1236/17 1316/1315/89
f 1234/1239/20 1233/1238/93 1317/1316/90
f 1235/1241/22 1234/1239/20 1318/1317/91
f 1236/1243/23 1235/1241/22 1319/1318/92
f 1322/1321/96 1334/1325/5 1333/1322/25
f 1323/1324/97 1335/1327/27 1334/1325/5
f 1324/1326/98 1336/1329/9 1335/1327/27
f 1325/1328/99 1337/1331/94 1336/1329/9
f 1326/1330/144 1338/1348/30 1337/1331/94
f 1339/1332/14 1338/1348/30 1326/1330/144
f 1340/1334/95 1339/1332/14 1327/1333/101
f 1341/1336/18 1340/1334/95 1328/1335/102
f 1342/1338/34 1341/1336/18 1329/1337/107
f 1343/1340/21 1342/1338/34 1330/1339/104
f 1344/1342/37 1343/1340/21 1331/1341/105
f 1346/1344/24 1345/1354/39 1333/1322/25
f 1347/1345/26 1346/1344/24 1334/1325/5
f 1336/1329/9 1348/1346/28 1347/1345/26
f 1337/1331/94 1349/1358/51 1348/1346/28
f 1350/1347/44 1349/1358/51 1337/1331/94
f 1351/1349/31 1350/1347/44 1338/1348/30
f 1340/1334/95 1352/1361/52 1351/1349/31
f 1353/1350/46 1352/1361/52 1340/1334/95
f 1342/1338/34 1354/1363/33 1353/1350/46
f 1355/1351/35 1354/1363/33 1342/1338/34
f 1356/1352/36 1355/1351/35 1343/1340/21
f 1358/1353/38 1357/1368/39 1345/1354/39
f 1359/1355/40 1358/1353/38 1346/1344/24
f 1360/1356/78 1359/1355/40 1347/1345/26
f 1361/1357/42 1360/1356/78 1348/1346/28
f 1362/1359/114 1361/1357/42 1349/1358/51
f 1363/1360/79 1362/1359/114 1350/1347/44
f 1352/1361/52 1364/1362/47 1363/1360/79
f 1353/1350/46 1365/1364/80 1364/1362/47
f 1354/1363/33 1366/1365/49 1365/1364/80
f 1355/1351/35 1367/1366/50 1366/1365/49
f 1356/1352/36 1368/1379/36 1367/1366/50
f 1358/1353/38 1370/1369/24 1369/1367/39
f 1359/1355/40 1371/1370/26 1370/1369/24
f 1360/1356/78 1372/1371/28 1371/1370/26
f 1361/1357/42 1373/1372/29 1372/1371/28
f 1362/1359/114 1374/1383/44 1373/1372/29
f 1375/1373/31 1374/1383/44 1362/1359/114
f 1376/1374/52 1375/1373/31 1363/1360/79
f 1377/1375/46 1376/1374/52 1364/1362/47
f 1378/1376/33 1377/1375/46 1365/1364/80
f 1379/1377/35 1378/1376/33 1366/1365/49
f 1380/1378/36 1379/1377/35 1367/1366/50
f 1382/1380/62 1381/1389/53 1369/1367/39
f 1371/1370/26 1383/1391/54 1382/1380/62
f 1384/1381/65 1383/1391/54 1371/1370/26
f 1373/1372/29 1385/1394/55 1384/1381/65
f 1386/1382/56 1385/1394/55 1373/1372/29
f 1387/1384/57 1386/1382/56 1374/1383/44
f 1376/1374/52 1388/1397/69 1387/1384/57
f 1389/1385/58 1388/1397/69 1376/1374/52
f 1378/1376/33 1390/1399/59 1389/1385/58
f 1391/1386/72 1390/1399/59 1378/1376/33
f 1392/1387/60 1391/1386/72 1379/1377/35
f 1394/1388/61 1393/1404/53 1381/1389/53
f 1395/1390/63 1394/1388/61 1382/1380/62
f 1396/1392/64 1395/1390/63 1383/1391/54
f 1397/1393/66 1396/1392/64 1384/1381/65
f 1398/1395/148 1397/1393/66 1385/1394/55
f 1399/1396/139 1398/1395/148 1386/1382/56
f 1388/1397/69 1400/1398/70 1399/1396/139
f 1389/1385/58 1401/1400/71 1400/1398/70
f 1390/1399/59 1402/1401/73 1401/1400/71
f 1391/1386/72 1403/1402/74 1402/1401/73
f 1392/1387/60 1404/1413/60 1403/1402/74
f 1406/1403/38 1405/1415/39 1393/1404/53
f 1395/1390/63 1407/1416/40 1406/1403/38
f 1408/1405/41 1407/1416/40 1395/1390/63
f 1409/1406/42 1408/1405/41 1396/1392/64
f 1410/1407/114 1409/1406/42 1397/1393/66
f 1411/1408/45 1410/1407/114 1398/1395/148
f 1412/1409/47 1411/1408/45 1399/1396/139
f 1401/1400/71 1413/1424/80 1412/1409/47
f 1414/1410/49 1413/1424/80 1401/1400/71
f 1415/1411/50 1414/1410/49 1402/1401/73
f 1416/1412/36 1415/1411/50 1403/1402/74
f 1406/1403/38 1418/1417/24 1417/1414/39
f 1407/1416/40 1419/1418/26 1418/1417/24
f 1408/1405/41 1420/1419/28 1419/1418/26
f 1409/1406/42 1421/1420/29 1420/1419/28
f 1410/1407/114 1422/1432/44 1421/1420/29
f 1423/1421/31 1422/1432/44 1410/1407/114
f 1424/1422/32 1423/1421/31 1411/1408/45
f 1425/1423/46 1424/1422/32 1412/1409/47
f 1426/1425/33 1425/1423/46 1413/1424/80
f 1427/1426/35 1426/1425/33 1414/1410/49
f 1428/1427/36 1427/1426/35 1415/1411/50
f 1430/1428/62 1429/1439/53 1417/1414/39
f 1431/1429/54 1430/1428/62 1418/1417/24
f 1432/1430/65 1431/1429/54 1419/1418/26
f 1433/1431/75 1432/1430/65 1420/1419/28
f 1422/1432/44 1434/1443/56 1433/1431/75
f 1435/1433/57 1434/1443/56 1422/1432/44
f 1436/1434/76 1435/1433/57 1423/1421/31
f 1425/1423/46 1437/1446/58 1436/1434/76
f 1438/1435/59 1437/1446/58 1425/1423/46
f 1439/1436/72 1438/1435/59 1426/1425/33
f 1440/1437/60 1439/1436/72 1427/1426/35
f 1442/1438/7 1441/1451/6 1429/1439/53
f 1443/1440/8 1442/1438/7 1430/1428/62
f 1444/1441/10 1443/1440/8 1431/1429/54
f 1445/1442/82 1444/1441/10 1432/1430/65
f 1434/1443/56 1446/1456/13 1445/1442/82
f 1447/1444/15 1446/1456/13 1434/1443/56
f 1448/1445/141 1447/1444/15 1435/1433/57
f 1437/1446/58 1449/1458/93 1448/1445/141
f 1450/1447/20 1449/1458/93 1437/1446/58
f 1451/1448/22 1450/1447/20 1438/1435/59
f 1452/1449/23 1451/1448/22 1439/1436/72
f 1454/1450/83 1453/1464/6 1441/1451/6
f 1455/1452/84 1454/1450/83 1442/1438/7
f 1456/1453/85 1455/1452/84 1443/1440/8
f 1457/1454/86 1456/1453/85 1444/1441/10
f 1458/1455/147 1457/1454/86 1445/1442/82
f 1459/1457/149 1458/1455/147 1446/1456/13
f 1448/1445/141 1460/1459/89 1459/1457/149
f 1449/1458/93 1461/1460/90 1460/1459/89
f 1450/1447/20 1462/1461/91 1461/1460/90
f 1451/1448/22 1463/1462/92 1462/1461/91
f 1452/1449/23 1464/1475/23 1463/1462/92
f 1454/1450/83 1466/1465/7 1465/1463/6
f 1455/1452/84 1467/1466/8 1466/1465/7
f 1456/1453/85 1468/1467/10 1467/1466/8
f 1457/1454/86 1469/1468/82 1468/1467/10
f 1458/1455/147 1470/1469/13 1469/1468/82
f 1459/1457/149 1471/1480/15 1470/1469/13
f 1472/1470/141 1471/1480/15 1459/1457/149
f 1473/1471/93 1472/1470/141 1460/1459/89
f 1474/1472/20 1473/1471/93 1461/1460/90
f 1475/1473/22 1474/1472/20 1462/1461/91
f 1476/1474/23 1475/1473/22 1463/1462/92
f 1478/1476/5 1477/1484/25 1465/1463/6
f 1479/1477/27 1478/1476/5 1466/1465/7
f 1468/1467/10 1480/1485/9 1479/1477/27
f 1481/1478/94 1480/1485/9 1468/1467/10
f 1470/1469/13 1482/1486/30 1481/1478/94
f 1483/1479/14 1482/1486/30 1470/1469/13
f 1484/1481/16 1483/1479/14 1471/1480/15
f 1473/1471/93 1485/1487/18 1484/1481/16
f 1486/1482/34 1485/1487/18 1473/1471/93
f 1475/1473/22 1487/1488/21 1486/1482/34
f 1488/1483/37 1487/1488/21 1475/1473/22
f 1322/1321/96 1321/1323/25 1477/1484/25
f 1323/1324/97 1322/1321/96 1478/1476/5
f 1324/1326/98 1323/1324/97 1479/1477/27
f 1325/1328/99 1324/1326/98 1480/1485/9
f 1326/1330/144 1325/1328/99 1481/1478/94
f 1327/1333/101 1326/1330/144 1482/1486/30
f 1484/1481/16 1328/1335/102 1327/1333/101
f 1485/1487/18 1329/1337/107 1328/1335/102
f 1486/1482/34 1330/1339/104 1329/1337/107
f 1487/1488/21 1331/1341/105 1330/1339/104
f 1488/1483/37 1332/1343/37 1331/1341/105
f 1490/1489/96 1502/1493/5 1501/1490/25
f 1491/1492/97 1503/1495/27 1502/1493/5
f 1492/1494/98 1504/1497/9 1503/1495/27
f 1493/1496/99 1505/1499/94 1504/1497/9
f 1494/1498/100 1506/1516/30 1505/1499/94
f 1507/1500/14 1506/1516/30 1494/1498/100
f 1508/1502/95 1507/1500/14 1495/1501/101
f 1509/1504/18 1508/1502/95 1496/1503/102
f 1510/1506/34 1509/1504/18 1497/1505/107
f 1511/1508/21 1510/1506/34 1498/1507/104
f 1512/1510/37 1511/1508/21 1499/1509/105
f 1514/1512/24 1513/1523/39 1501/1490/25
f 1515/1513/26 1514/1512/24 1502/1493/5
f 1516/1514/28 1515/1513/26 1503/1495/27
f 1517/1515/29 1516/1514/28 1504/1497/9
f 1506/1516/30 1518/1527/44 1517/1515/29
f 1519/1517/31 1518/1527/44 1506/1516/30
f 1520/1518/32 1519/1517/31 1507/1500/14
f 1509/1504/18 1521/1530/46 1520/1518/32
f 1522/1519/33 1521/1530/46 1509/1504/18
f 1523/1520/35 1522/1519/33 1510/1506/34
f 1524/1521/36 1523/1520/35 1511/1508/21
f 1526/1522/62 1525/1534/53 1513/1523/39
f 1515/1513/26 1527/1536/54 1526/1522/62
f 1528/1524/65 1527/1536/54 1515/1513/26
f 1529/1525/55 1528/1524/65 1516/1514/28
f 1530/1526/56 1529/1525/55 1517/1515/29
f 1531/1528/57 1530/1526/56 1518/1527/44
f 1520/1518/32 1532/1541/69 1531/1528/57
f 1533/1529/58 1532/1541/69 1520/1518/32
f 1522/1519/33 1534/1543/59 1533/1529/58
f 1535/1531/72 1534/1543/59 1522/1519/33
f 1536/1532/60 1535/1531/72 1523/1520/35
f 1538/1533/61 1537/1548/53 1525/1534/53
f 1539/1535/63 1538/1533/61 1526/1522/62
f 1540/1537/64 1539/1535/63 1527/1536/54
f 1541/1538/66 1540/1537/64 1528/1524/65
f 1542/1539/67 1541/1538/66 1529/1525/55
f 1543/1540/139 1542/1539/67 1530/1526/56
f 1532/1541/69 1544/1542/70 1543/1540/139
f 1533/1529/58 1545/1544/71 1544/1542/70
f 1534/1543/59 1546/1545/73 1545/1544/71
f 1535/1531/72 1547/1546/74 1546/1545/73
f 1536/1532/60 1548/1559/60 1547/1546/74
f 1538/1533/61 1550/1549/62 1549/1547/53
f 1539/1535/63 1551/1550/54 1550/1549/62
f 1540/1537/64 1552/1551/65 1551/1550/54
f 1541/1538/66 1553/1552/55 1552/1551/65
f 1542/1539/67 1554/1565/56 1553/1552/55
f 1555/1553/57 1554/1565/56 1542/1539/67
f 1556/1554/69 1555/1553/57 1543/1540/139
f 1557/1555/58 1556/1554/69 1544/1542/70
f 1558/1556/59 1557/1555/58 1545/1544/71
f 1559/1557/72 1558/1556/59 1546/1545/73
f 1560/1558/60 1559/1557/72 1547/1546/74
f 1562/1560/61 1561/1572/53 1549/1547/53
f 1563/1561/63 1562/1560/61 1550/1549/62
f 1564/1562/64 1563/1561/63 1551/1550/54
f 1565/1563/66 1564/1562/64 1552/1551/65
f 1566/1564/67 1565/1563/66 1553/1552/55
f 1567/1566/68 1566/1564/67 1554/1565/56
f 1556/1554/69 1568/1567/70 1567/1566/68
f 1557/1555/58 1569/1568/71 1568/1567/70
f 1558/1556/59 1570/1569/73 1569/1568/71
f 1559/1557/72 1571/1570/74 1570/1569/73
f 1560/1558/60 1572/1583/60 1571/1570/74
f 1562/1560/61 1574/1573/62 1573/1571/53
f 1563/1561/63 1575/1574/54 1574/1573/62
f 1564/1562/64 1576/1575/65 1575/1574/54
f 1565/1563/66 1577/1576/75 1576/1575/65
f 1566/1564/67 1578/1589/56 1577/1576/75
f 1579/1577/57 1578/1589/56 1566/1564/67
f 1580/1578/76 1579/1577/57 1567/1566/68
f 1581/1579/58 1580/1578/76 1568/1567/70
f 1582/1580/59 1581/1579/58 1569/1568/71
f 1583/1581/72 1582/1580/59 1570/1569/73
f 1584/1582/60 1583/1581/72 1571/1570/74
f 1586/1584/7 1585/1595/6 1573/1571/53
f 1587/1585/8 1586/1584/7 1574/1573/62
f 1588/1586/10 1587/1585/8 1575/1574/54
f 1589/1587/12 1588/1586/10 1576/1575/65
f 1590/1588/13 1589/1587/12 1577/1576/75
f 1579/1577/57 1591/1600/15 1590/1588/13
f 1592/1590/141 1591/1600/15 1579/1577/57
f 1581/1579/58 1593/1602/93 1592/1590/141
f 1594/1591/20 1593/1602/93 1581/1579/58
f 1595/1592/22 1594/1591/20 1582/1580/59
f 1596/1593/23 1595/1592/22 1583/1581/72
f 1598/1594/5 1597/1607/25 1585/1595/6
f 1599/1596/27 1598/1594/5 1586/1584/7
f 1588/1586/10 1600/1610/9 1599/1596/27
f 1601/1597/94 1600/1610/9 1588/1586/10
f 1602/1598/30 1601/1597/94 1589/1587/12
f 1603/1599/14 1602/1598/30 1590/1588/13
f 1592/1590/141 1604/1614/16 1603/1599/14
f 1605/1601/18 1604/1614/16 1592/1590/141
f 1606/1603/34 1605/1601/18 1593/1602/93
f 1607/1604/21 1606/1603/34 1594/1591/20
f 1608/1605/37 1607/1604/21 1595/1592/22
f 1610/1606/96 1609/1620/25 1597/1607/25
f 1611/1608/97 1610/1606/96 1598/1594/5
f 1612/1609/98 1611/1608/97 1599/1596/27
f 1613/1611/99 1612/1609/98 1600/1610/9
f 1614/1612/100 1613/1611/99 1601/1597/94
f 1615/1613/101 1614/1612/100 1602/1598/30
f 1604/1614/16 1616/1615/102 1615/1613/101
f 1605/1601/18 1617/1616/107 1616/1615/102
f 1606/1603/34 1618/1617/104 1617/1616/107
f 1607/1604/21 1619/1618/105 1618/1617/104
f 1608/1605/37 1620/1631/37 1619/1618/105
f 1610/1606/96 1622/1621/5 1621/1619/25
f 1611/1608/97 1623/1622/27 1622/1621/5
f 1612/1609/98 1624/1623/9 1623/1622/27
f 1613/1611/99 1625/1624/94 1624/1623/9
f 1614/1612/100 1626/1632/30 1625/1624/94
f 1627/1625/14 1626/1632/30 1614/1612/100
f 1628/1626/95 1627/1625/14 1615/1613/101
f 1629/1627/18 1628/1626/95 1616/1615/102
f 1630/1628/34 1629/1627/18 1617/1616/107
f 1631/1629/21 1630/1628/34 1618/1617/104
f 1632/1630/37 1631/1629/21 1619/1618/105
f 1490/1489/96 1489/1491/25 1621/1619/25
f 1491/1492/97 1490/1489/96 1622/1621/5
f 1492/1494/98 1491/1492/97 1623/1622/27
f 1493/1496/99 1492/1494/98 1624/1623/9
f 1494/1498/100 1493/1496/99 1625/1624/94
f 1495/1501/101 1494/1498/100 1626/1632/30
f 1628/1626/95 1496/1503/102 1495/1501/101
f 1629/1627/18 1497/1505/107 1496/1503/102
f 1630/1628/34 1498/1507/104 1497/1505/107
f 1631/1629/21 1499/1509/105 1498/1507/104
f 1632/1630/37 1500/1511/37 1499/1509/105
f 1646/1633/5 1645/1657/25 1633/1634/6
f 1647/1636/27 1646/1633/5 1634/1635/7
f 1648/1638/9 1647/1636/27 1635/1637/8
f 1649/1640/11 1648/1638/9 1636/1639/10
f 1650/1642/30 1649/1640/11 1637/1641/12
f 1651/1644/14 1650/1642/30 1638/1643/13
f 1652/1646/16 1651/1644/14 1639/1645/15
f 1653/1648/18 1652/1646/16 1640/1647/17
f 1654/1650/34 1653/1648/18 1641/1649/93
f 1655/1652/21 1654/1650/34 1642/1651/20
f 1656/1654/37 1655/1652/21 1643/1653/22
f 1658/1656/24 1657/1667/39 1645/1657/25
f 1659/1658/26 1658/1656/24 1646/1633/5
f 1660/1659/28 1659/1658/26 1647/1636/27
f 1649/1640/11 1661/1671/29 1660/1659/28
f 1662/1660/44 1661/1671/29 1649/1640/11
f 1663/1661/31 1662/1660/44 1650/1642/30
f 1652/1646/16 1664/1675/32 1663/1661/31
f 1665/1662/46 1664/1675/32 1652/1646/16
f 1666/1663/33 1665/1662/46 1653/1648/18
f 1667/1664/35 1666/1663/33 1654/1650/34
f 1668/1665/36 1667/1664/35 1655/1652/21
f 1670/1666/62 1669/1680/53 1657/1667/39
f 1671/1668/54 1670/1666/62 1658/1656/24
f 1672/1669/65 1671/1668/54 1659/1658/26
f 1673/1670/55 1672/1669/65 1660/1659/28
f 1674/1672/56 1673/1670/55 1661/1671/29
f 1675/1673/57 1674/1672/56 1662/1660/44
f 1676/1674/69 1675/1673/57 1663/1661/31
f 1677/1676/58 1676/1674/69 1664/1675/32
f 1678/1677/59 1677/1676/58 1665/1662/46
f 1679/1678/72 1678/1677/59 1666/1663/33
f 1680/1679/60 1679/1678/72 1667/1664/35
f 1634/1635/7 1633/1634/6 1669/1680/53
f 1635/1637/8 1634/1635/7 1670/1666/62
f 1636/1639/10 1635/1637/8 1671/1668/54
f 1637/1641/12 1636/1639/10 1672/1669/65
f 1674/1672/56 1638/1643/13 1637/1641/12
f 1639/1645/15 1638/1643/13 1674/1672/56
f 1640/1647/17 1639/1645/15 1675/1673/57
f 1677/1676/58 1641/1649/93 1640/1647/17
f 1642/1651/20 1641/1649/93 1677/1676/58
f 1643/1653/22 1642/1651/20 1678/1677/59
f 1644/1655/23 1643/1653/22 1679/1678/72
f 1694/1681/5 1693/1705/25 1681/1682/6
f 1695/1684/27 1694/1681/5 1682/1683/7
f 1696/1686/9 1695/1684/27 1683/1685/8
f 1697/1688/11 1696/1686/9 1684/1687/10
f 1698/1690/30 1697/1688/11 1685/1689/12
f 1699/1692/14 1698/1690/30 1686/1691/13
f 1700/1694/95 1699/1692/14 1687/1693/15
f 1701/1696/18 1700/1694/95 1688/1695/17
f 1702/1698/34 1701/1696/18 1689/1697/93
f 1703/1700/21 1702/1698/34 1690/1699/20
f 1704/1702/37 1703/1700/21 1691/1701/22
f 1706/1704/24 1705/1716/39 1693/1705/25
f 1707/1706/26 1706/1704/24 1694/1681/5
f 1708/1707/28 1707/1706/26 1695/1684/27
f 1709/1708/29 1708/1707/28 1696/1686/9
f 1710/1709/44 1709/1708/29 1697/1688/11
f 1711/1710/31 1710/1709/44 1698/1690/30
f 1712/1711/52 1711/1710/31 1699/1692/14
f 1713/1712/46 1712/1711/52 1700/1694/95
f 1702/1698/34 1714/1723/33 1713/1712/46
f 1715/1713/35 1714/1723/33 1702/1698/34
f 1716/1714/36 1715/1713/35 1703/1700/21
f 1718/1715/38 1717/1728/39 1705/1716/39
f 1719/1717/40 1718/1715/38 1706/1704/24
f 1720/1718/41 1719/1717/40 1707/1706/26
f 1721/1719/42 1720/1718/41 1708/1707/28
f 1722/1720/43 1721/1719/42 1709/1708/29
f 1723/1721/45 1722/1720/43 1710/1709/44
f 1712/1711/52 1724/1722/47 1723/1721/45
f 1713/1712/46 1725/1724/48 1724/1722/47
f 1714/1723/33 1726/1725/49 1725/1724/48
f 1715/1713/35 1727/1726/50 1726/1725/49
f 1716/1714/36 1728/1739/36 1727/1726/50
f 1718/1715/38 1730/1729/24 1729/1727/39
f 1719/1717/40 1731/1730/26 1730/1729/24
f 1720/1718/41 1732/1731/28 1731/1730/26
f 1721/1719/42 1733/1732/29 1732/1731/28
f 1722/1720/43 1734/1745/44 1733/1732/29
f 1735/1733/31 1734/1745/44 1722/1720/43
f 1736/1734/32 1735/1733/31 1723/1721/45
f 1737/1735/46 1736/1734/32 1724/1722/47
f 1738/1736/33 1737/1735/46 1725/1724/48
f 1739/1737/35 1738/1736/33 1726/1725/49
f 1740/1738/36 1739/1737/35 1727/1726/50
f 1742/1740/38 1741/1752/39 1729/1727/39
f 1743/1741/40 1742/1740/38 1730/1729/24
f 1744/1742/41 1743/1741/40 1731/1730/26
f 1745/1743/42 1744/1742/41 1732/1731/28
f 1746/1744/114 1745/1743/42 1733/1732/29
f 1747/1746/45 1746/1744/114 1734/1745/44
f 1736/1734/32 1748/1747/47 1747/1746/45
f 1737/1735/46 1749/1748/80 1748/1747/47
f 1738/1736/33 1750/1749/49 1749/1748/80
f 1739/1737/35 1751/1750/50 1750/1749/49
f 1740/1738/36 1752/1763/36 1751/1750/50
f 1742/1740/38 1754/1753/24 1753/1751/39
f 1743/1741/40 1755/1754/26 1754/1753/24
f 1744/1742/41 1756/1755/28 1755/1754/26
f 1745/1743/42 1757/1756/29 1756/1755/28
f 1746/1744/114 1758/1769/44 1757/1756/29
f 1759/1757/31 1758/1769/44 1746/1744/114
f 1760/1758/32 1759/1757/31 1747/1746/45
f 1761/1759/46 1760/1758/32 1748/1747/47
f 1762/1760/33 1761/1759/46 1749/1748/80
f 1763/1761/35 1762/1760/33 1750/1749/49
f 1764/1762/36 1763/1761/35 1751/1750/50
f 1766/1764/62 1765/1777/53 1753/1751/39
f 1767/1765/54 1766/1764/62 1754/1753/24
f 1768/1766/65 1767/1765/54 1755/1754/26
f 1769/1767/75 1768/1766/65 1756/1755/28
f 1770/1768/56 1769/1767/75 1757/1756/29
f 1771/1770/57 1770/1768/56 1758/1769/44
f 1772/1771/76 1771/1770/57 1759/1757/31
f 1773/1772/58 1772/1771/76 1760/1758/32
f 1774/1773/59 1773/1772/58 1761/1759/46
f 1775/1774/72 1774/1773/59 1762/1760/33
f 1776/1775/60 1775/1774/72 1763/1761/35
f 1778/1776/7 1777/1787/6 1765/1777/53
f 1779/1778/8 1778/1776/7 1766/1764/62
f 1780/1779/10 1779/1778/8 1767/1765/54
f 1781/1780/12 1780/1779/10 1768/1766/65
f 1770/1768/56 1782/1792/13 1781/1780/12
f 1783/1781/15 1782/1792/13 1770/1768/56
f 1784/1782/17 1783/1781/15 1771/1770/57
f 1773/1772/58 1785/1794/93 1784/1782/17
f 1786/1783/20 1785/1794/93 1773/1772/58
f 1787/1784/22 1786/1783/20 1774/1773/59
f 1788/1785/23 1787/1784/22 1775/1774/72
f 1790/1786/83 1789/1800/6 1777/1787/6
f 1791/1788/84 1790/1786/83 1778/1776/7
f 1792/1789/85 1791/1788/84 1779/1778/8
f 1793/1790/86 1792/1789/85 1780/1779/10
f 1794/1791/147 1793/1790/86 1781/1780/12
f 1795/1793/88 1794/1791/147 1782/1792/13
f 1784/1782/17 1796/1795/89 1795/1793/88
f 1785/1794/93 1797/1796/90 1796/1795/89
f 1786/1783/20 1798/1797/91 1797/1796/90
f 1787/1784/22 1799/1798/92 1798/1797/91
f 1788/1785/23 1800/1811/23 1799/1798/92
f 1790/1786/83 1802/1801/7 1801/1799/6
f 1791/1788/84 1803/1802/8 1802/1801/7
f 1792/1789/85 1804/1803/10 1803/1802/8
f 1793/1790/86 1805/1804/12 1804/1803/10
f 1794/1791/147 1806/1817/13 1805/1804/12
f 1807/1805/15 1806/1817/13 1794/1791/147
f 1808/1806/17 1807/1805/15 1795/1793/88
f 1809/1807/93 1808/1806/17 1796/1795/89
f 1810/1808/20 1809/1807/93 1797/1796/90
f 1811/1809/22 1810/1808/20 1798/1797/91
f 1812/1810/23 1811/1809/22 1799/1798/92
f 1814/1812/83 1813/1824/6 1801/1799/6
f 1815/1813/84 1814/1812/83 1802/1801/7
f 1816/1814/85 1815/1813/84 1803/1802/8
f 1817/1815/86 1816/1814/85 1804/1803/10
f 1818/1816/87 1817/1815/86 1805/1804/12
f 1819/1818/88 1818/1816/87 1806/1817/13
f 1808/1806/17 1820/1819/89 1819/1818/88
f 1809/1807/93 1821/1820/90 1820/1819/89
f 1810/1808/20 1822/1821/91 1821/1820/90
f 1811/1809/22 1823/1822/92 1822/1821/91
f 1812/1810/23 1824/1835/23 1823/1822/92
f 1814/1812/83 1826/1825/7 1825/1823/6
f 1815/1813/84 1827/1826/8 1826/1825/7
f 1816/1814/85 1828/1827/10 1827/1826/8
f 1817/1815/86 1829/1828/12 1828/1827/10
f 1818/1816/87 1830/1841/13 1829/1828/12
f 1831/1829/15 1830/1841/13 1818/1816/87
f 1832/1830/17 1831/1829/15 1819/1818/88
f 1833/1831/93 1832/1830/17 1820/1819/89
f 1834/1832/20 1833/1831/93 1821/1820/90
f 1835/1833/22 1834/1832/20 1822/1821/91
f 1836/1834/23 1835/1833/22 1823/1822/92
f 1838/1836/83 1837/1848/6 1825/1823/6
f 1839/1837/84 1838/1836/83 1826/1825/7
f 1840/1838/85 1839/1837/84 1827/1826/8
f 1841/1839/86 1840/1838/85 1828/1827/10
f 1842/1840/87 1841/1839/86 1829/1828/12
f 1843/1842/149 1842/1840/87 1830/1841/13
f 1832/1830/17 1844/1843/89 1843/1842/149
f 1833/1831/93 1845/1844/90 1844/1843/89
f 1834/1832/20 1846/1845/91 1845/1844/90
f 1835/1833/22 1847/1846/92 1846/1845/91
f 1836/1834/23 1848/1859/23 1847/1846/92
f 1838/1836/83 1850/1849/7 1849/1847/6
f 1839/1837/84 1851/1850/8 1850/1849/7
f 1840/1838/85 1852/1851/10 1851/1850/8
f 1841/1839/86 1853/1852/82 1852/1851/10
f 1842/1840/87 1854/1853/13 1853/1852/82
f 1843/1842/149 1855/1866/15 1854/1853/13
f 1856/1854/17 1855/1866/15 1843/1842/149
f 1857/1855/93 1856/1854/17 1844/1843/89
f 1858/1856/20 1857/1855/93 1845/1844/90
f 1859/1857/22 1858/1856/20 1846/1845/91
f 1860/1858/23 1859/1857/22 1847/1846/92
f 1862/1860/5 1861/1873/25 1849/1847/6
f 1863/1861/27 1862/1860/5 1850/1849/7
f 1864/1862/9 1863/1861/27 1851/1850/8
f 1865/1863/11 1864/1862/9 1852/1851/10
f 1866/1864/30 1865/1863/11 1853/1852/82
f 1867/1865/14 1866/1864/30 1854/1853/13
f 1868/1867/95 1867/1865/14 1855/1866/15
f 1869/1868/18 1868/1867/95 1856/1854/17
f 1870/1869/34 1869/1868/18 1857/1855/93
f 1871/1870/21 1870/1869/34 1858/1856/20
f 1872/1871/37 1871/1870/21 1859/1857/22
f 1874/1872/24 1873/1882/39 1861/1873/25
f 1875/1874/26 1874/1872/24 1862/1860/5
f 1876/1875/28 1875/1874/26 1863/1861/27
f 1877/1876/29 1876/1875/28 1864/1862/9
f 1866/1864/30 1878/1887/44 1877/1876/29
f 1879/1877/31 1878/1887/44 1866/1864/30
f 1868/1867/95 1880/1889/52 1879/1877/31
f 1881/1878/46 1880/1889/52 1868/1867/95
f 1882/1879/33 1881/1878/46 1869/1868/18
f 1883/1880/35 1882/1879/33 1870/1869/34
f 1872/1871/37 1884/1893/36 1883/1880/35
f 1886/1881/38 1885/1896/39 1873/1882/39
f 1887/1883/40 1886/1881/38 1874/1872/24
f 1888/1884/78 1887/1883/40 1875/1874/26
f 1889/1885/42 1888/1884/78 1876/1875/28
f 1890/1886/43 1889/1885/42 1877/1876/29
f 1891/1888/79 1890/1886/43 1878/1887/44
f 1880/1889/52 1892/1890/47 1891/1888/79
f 1881/1878/46 1893/1891/80 1892/1890/47
f 1882/1879/33 1894/1892/49 1893/1891/80
f 1883/1880/35 1895/1894/50 1894/1892/49
f 1884/1893/36 1896/1907/36 1895/1894/50
f 1886/1881/38 1898/1897/24 1897/1895/39
f 1887/1883/40 1899/1898/26 1898/1897/24
f 1888/1884/78 1900/1899/28 1899/1898/26
f 1889/1885/42 1901/1900/29 1900/1899/28
f 1890/1886/43 1902/1913/44 1901/1900/29
f 1903/1901/31 1902/1913/44 1890/1886/43
f 1904/1902/32 1903/1901/31 1891/1888/79
f 1905/1903/46 1904/1902/32 1892/1890/47
f 1906/1904/33 1905/1903/46 1893/1891/80
f 1907/1905/35 1906/1904/33 1894/1892/49
f 1908/1906/36 1907/1905/35 1895/1894/50
f 1910/1908/38 1909/1920/39 1897/1895/39
f 1911/1909/40 1910/1908/38 1898/1897/24
f 1912/1910/78 1911/1909/40 1899/1898/26
f 1913/1911/42 1912/1910/78 1900/1899/28
f 1914/1912/43 1913/1911/42 1901/1900/29
f 1915/1914/79 1914/1912/43 1902/1913/44
f 1904/1902/32 1916/1915/47 1915/1914/79
f 1905/1903/46 1917/1916/80 1916/1915/47
f 1906/1904/33 1918/1917/49 1917/1916/80
f 1907/1905/35 1919/1918/50 1918/1917/49
f 1908/1906/36 1920/1929/36 1919/1918/50
f 1922/1919/96 1921/1931/25 1909/1920/39
f 1923/1921/97 1922/1919/96 1910/1908/38
f 1924/1922/98 1923/1921/97 1911/1909/40
f 1913/1911/42 1925/1934/99 1924/1922/98
f 1926/1923/100 1925/1934/99 1913/1911/42
f 1927/1924/101 1926/1923/100 1914/1912/43
f 1916/1915/47 1928/1939/102 1927/1924/101
f 1929/1925/107 1928/1939/102 1916/1915/47
f 1930/1926/104 1929/1925/107 1917/1916/80
f 1931/1927/105 1930/1926/104 1918/1917/49
f 1932/1928/37 1931/1927/105 1919/1918/50
f 1922/1919/96 1934/1932/5 1933/1930/25
f 1923/1921/97 1935/1933/27 1934/1932/5
f 1924/1922/98 1936/1935/9 1935/1933/27
f 1925/1934/99 1937/1936/94 1936/1935/9
f 1926/1923/100 1938/1949/30 1937/1936/94
f 1939/1937/14 1938/1949/30 1926/1923/100
f 1940/1938/95 1939/1937/14 1927/1924/101
f 1941/1940/18 1940/1938/95 1928/1939/102
f 1942/1941/34 1941/1940/18 1929/1925/107
f 1943/1942/21 1942/1941/34 1930/1926/104
f 1944/1943/37 1943/1942/21 1931/1927/105
f 1946/1944/96 1945/1956/25 1933/1930/25
f 1947/1945/97 1946/1944/96 1934/1932/5
f 1948/1946/98 1947/1945/97 1935/1933/27
f 1949/1947/99 1948/1946/98 1936/1935/9
f 1950/1948/100 1949/1947/99 1937/1936/94
f 1951/1950/101 1950/1948/100 1938/1949/30
f 1940/1938/95 1952/1951/102 1951/1950/101
f 1941/1940/18 1953/1952/107 1952/1951/102
f 1942/1941/34 1954/1953/104 1953/1952/107
f 1943/1942/21 1955/1954/105 1954/1953/104
f 1944/1943/37 1956/1967/37 1955/1954/105
f 1946/1944/96 1958/1957/5 1957/1955/25
f 1947/1945/97 1959/1958/27 1958/1957/5
f 1948/1946/98 1960/1959/9 1959/1958/27
f 1949/1947/99 1961/1960/94 1960/1959/9
f 1950/1948/100 1962/1973/30 1961/1960/94
f 1963/1961/14 1962/1973/30 1950/1948/100
f 1964/1962/95 1963/1961/14 1951/1950/101
f 1965/1963/18 1964/1962/95 1952/1951/102
f 1966/1964/34 1965/1963/18 1953/1952/107
f 1967/1965/21 1966/1964/34 1954/1953/104
f 1968/1966/37 1967/1965/21 1955/1954/105
f 1970/1968/96 1969/1980/25 1957/1955/25
f 1971/1969/97 1970/1968/96 1958/1957/5
f 1972/1970/98 1971/1969/97 1959/1958/27
f 1973/1971/99 1972/1970/98 1960/1959/9
f 1974/1972/144 1973/1971/99 1961/1960/94
f 1975/1974/101 1974/1972/144 1962/1973/30
f 1964/1962/95 1976/1975/102 1975/1974/101
f 1965/1963/18 1977/1976/107 1976/1975/102
f 1966/1964/34 1978/1977/104 1977/1976/107
f 1967/1965/21 1979/1978/105 1978/1977/104
f 1968/1966/37 1980/1991/37 1979/1978/105
f 1982/1979/83 1981/1992/6 1969/1980/25
f 1983/1981/84 1982/1979/83 1970/1968/96
f 1984/1982/85 1983/1981/84 1971/1969/97
f 1985/1983/86 1984/1982/85 1972/1970/98
f 1986/1984/87 1985/1983/86 1973/1971/99
f 1987/1985/149 1986/1984/87 1974/1972/144
f 1988/1986/89 1987/1985/149 1975/1974/101
f 1989/1987/90 1988/1986/89 1976/1975/102
f 1990/1988/91 1989/1987/90 1977/1976/107
f 1991/1989/92 1990/1988/91 1978/1977/104
f 1992/1990/23 1991/1989/92 1979/1978/105
f 1982/1979/83 1682/1683/7 1681/1682/6
f 1983/1981/84 1683/1685/8 1682/1683/7
f 1984/1982/85 1684/1687/10 1683/1685/8
f 1985/1983/86 1685/1689/12 1684/1687/10
f 1986/1984/87 1686/1691/13 1685/1689/12
f 1687/1693/15 1686/1691/13 1986/1984/87
f 1688/1695/17 1687/1693/15 1987/1985/149
f 1689/1697/93 1688/1695/17 1988/1986/89
f 1690/1699/20 1689/1697/93 1989/1987/90
f 1691/1701/22 1690/1699/20 1990/1988/91
f 1692/1703/23 1691/1701/22 1991/1989/92
f 2006/1993/5 2005/2017/25 1993/1994/6
f 2007/1996/27 2006/1993/5 1994/1995/7
f 2008/1998/9 2007/1996/27 1995/1997/8
f 2009/2000/94 2008/1998/9 1996/1999/10
f 2010/2002/30 2009/2000/94 1997/2001/12
f 2011/2004/14 2010/2002/30 1998/2003/13
f 2012/2006/95 2011/2004/14 1999/2005/15
f 2013/2008/18 2012/2006/95 2000/2007/17
f 2014/2010/34 2013/2008/18 2001/2009/93
f 2015/2012/21 2014/2010/34 2002/2011/20
f 2016/2014/37 2015/2012/21 2003/2013/22
f 2018/2016/96 2017/2028/25 2005/2017/25
f 2019/2018/97 2018/2016/96 2006/1993/5
f 2020/2019/98 2019/2018/97 2007/1996/27
f 2021/2020/99 2020/2019/98 2008/1998/9
f 2022/2021/100 2021/2020/99 2009/2000/94
f 2023/2022/101 2022/2021/100 2010/2002/30
f 2012/2006/95 2024/2023/102 2023/2022/101
f 2013/2008/18 2025/2024/107 2024/2023/102
f 2014/2010/34 2026/2025/104 2025/2024/107
f 2015/2012/21 2027/2026/105 2026/2025/104
f 2016/2014/37 2028/2039/37 2027/2026/105
f 2018/2016/96 2030/2029/5 2029/2027/25
f 2019/2018/97 2031/2030/27 2030/2029/5
f 2020/2019/98 2032/2031/9 2031/2030/27
f 2021/2020/99 2033/2032/94 2032/2031/9
f 2022/2021/100 2034/2045/30 2033/2032/94
f 2035/2033/14 2034/2045/30 2022/2021/100
f 2036/2034/95 2035/2033/14 2023/2022/101
f 2037/2035/18 2036/2034/95 2024/2023/102
f 2038/2036/34 2037/2035/18 2025/2024/107
f 2039/2037/21 2038/2036/34 2026/2025/104
f 2040/2038/37 2039/2037/21 2027/2026/105
f 2042/2040/96 2041/2052/25 2029/2027/25
f 2043/2041/97 2042/2040/96 2030/2029/5
f 2044/2042/98 2043/2041/97 2031/2030/27
f 2045/2043/99 2044/2042/98 2032/2031/9
f 2046/2044/100 2045/2043/99 2033/2032/94
f 2047/2046/101 2046/2044/100 2034/2045/30
f 2036/2034/95 2048/2047/102 2047/2046/101
f 2037/2035/18 2049/2048/107 2048/2047/102
f 2038/2036/34 2050/2049/104 2049/2048/107
f 2039/2037/21 2051/2050/105 2050/2049/104
f 2040/2038/37 2052/2063/37 2051/2050/105
f 2042/2040/96 2054/2053/5 2053/2051/25
f 2043/2041/97 2055/2054/27 2054/2053/5
f 2044/2042/98 2056/2055/9 2055/2054/27
f 2045/2043/99 2057/2056/11 2056/2055/9
f 2046/2044/100 2058/2068/30 2057/2056/11
f 2059/2057/14 2058/2068/30 2046/2044/100
f 2060/2058/16 2059/2057/14 2047/2046/101
f 2061/2059/18 2060/2058/16 2048/2047/102
f 2062/2060/34 2061/2059/18 2049/2048/107
f 2063/2061/21 2062/2060/34 2050/2049/104
f 2064/2062/37 2063/2061/21 2051/2050/105
f 2066/2064/24 2065/2074/39 2053/2051/25
f 2067/2065/26 2066/2064/24 2054/2053/5
f 2056/2055/9 2068/2066/28 2067/2065/26
f 2057/2056/11 2069/2078/29 2068/2066/28
f 2070/2067/44 2069/2078/29 2057/2056/11
f 2071/2069/31 2070/2067/44 2058/2068/30
f 2060/2058/16 2072/2082/32 2071/2069/31
f 2073/2070/46 2072/2082/32 2060/2058/16
f 2062/2060/34 2074/2085/33 2073/2070/46
f 2075/2071/35 2074/2085/33 2062/2060/34
f 2076/2072/36 2075/2071/35 2063/2061/21
f 2078/2073/62 2077/2089/53 2065/2074/39
f 2079/2075/54 2078/2073/62 2066/2064/24
f 2080/2076/65 2079/2075/54 2067/2065/26
f 2081/2077/55 2080/2076/65 2068/2066/28
f 2082/2079/56 2081/2077/55 2069/2078/29
f 2083/2080/57 2082/2079/56 2070/2067/44
f 2084/2081/76 2083/2080/57 2071/2069/31
f 2085/2083/58 2084/2081/76 2072/2082/32
f 2086/2084/59 2085/2083/58 2073/2070/46
f 2087/2086/72 2086/2084/59 2074/2085/33
f 2088/2087/60 2087/2086/72 2075/2071/35
f 2090/2088/7 2089/2099/6 2077/2089/53
f 2091/2090/8 2090/2088/7 2078/2073/62
f 2092/2091/10 2091/2090/8 2079/2075/54
f 2093/2092/12 2092/2091/10 2080/2076/65
f 2082/2079/56 2094/2104/13 2093/2092/12
f 2095/2093/15 2094/2104/13 2082/2079/56
f 2096/2094/17 2095/2093/15 2083/2080/57
f 2085/2083/58 2097/2106/93 2096/2094/17
f 2098/2095/20 2097/2106/93 2085/2083/58
f 2099/2096/22 2098/2095/20 2086/2084/59
f 2100/2097/23 2099/2096/22 2087/2086/72
f 2102/2098/83 2101/2111/6 2089/2099/6
f 2103/2100/84 2102/2098/83 2090/2088/7
f 2104/2101/85 2103/2100/84 2091/2090/8
f 2105/2102/86 2104/2101/85 2092/2091/10
f 2106/2103/87 2105/2102/86 2093/2092/12
f 2107/2105/88 2106/2103/87 2094/2104/13
f 2096/2094/17 2108/2107/89 2107/2105/88
f 2097/2106/93 2109/2108/90 2108/2107/89
f 2098/2095/20 2110/2109/91 2109/2108/90
f 2099/2096/22 2111/2110/92 2110/2109/91
f 2100/2097/23 2112/2112/23 2111/2110/92
f 2102/2098/83 1994/1995/7 1993/1994/6
f 2103/2100/84 1995/1997/8 1994/1995/7
f 2104/2101/85 1996/1999/10 1995/1997/8
f 2105/2102/86 1997/2001/12 1996/1999/10
f 2106/2103/87 1998/2003/13 1997/2001/12
f 1999/2005/15 1998/2003/13 2106/2103/87
f 2000/2007/17 1999/2005/15 2107/2105/88
f 2001/2009/93 2000/2007/17 2108/2107/89
f 2002/2011/20 2001/2009/93 2109/2108/90
f 2003/2013/22 2002/2011/20 2110/2109/91
f 2004/2015/23 2003/2013/22 2111/2110/92
f 2126/2113/5 2125/2137/25 2113/2114/6
f 2127/2116/27 2126/2113/5 2114/2115/7
f 2128/2118/9 2127/2116/27 2115/2117/8
f 2129/2120/94 2128/2118/9 2116/2119/10
f 2130/2122/30 2129/2120/94 2117/2121/12
f 2131/2124/14 2130/2122/30 2118/2123/13
f 2132/2126/95 2131/2124/14 2119/2125/15
f 2133/2128/18 2132/2126/95 2120/2127/17
f 2134/2130/34 2133/2128/18 2121/2129/93
f 2135/2132/21 2134/2130/34 2122/2131/20
f 2136/2134/37 2135/2132/21 2123/2133/22
f 2138/2136/24 2137/2146/39 2125/2137/25
f 2139/2138/26 2138/2136/24 2126/2113/5
f 2128/2118/9 2140/2139/28 2139/2138/26
f 2129/2120/94 2141/2150/51 2140/2139/28
f 2142/2140/44 2141/2150/51 2129/2120/94
f 2143/2141/31 2142/2140/44 2130/2122/30
f 2132/2126/95 2144/2154/52 2143/2141/31
f 2145/2142/46 2144/2154/52 2132/2126/95
f 2134/2130/34 2146/2157/33 2145/2142/46
f 2147/2143/35 2146/2157/33 2134/2130/34
f 2148/2144/36 2147/2143/35 2135/2132/21
f 2150/2145/62 2149/2160/53 2137/2146/39
f 2151/2147/54 2150/2145/62 2138/2136/24
f 2152/2148/65 2151/2147/54 2139/2138/26
f 2153/2149/75 2152/2148/65 2140/2139/28
f 2154/2151/56 2153/2149/75 2141/2150/51
f 2155/2152/57 2154/2151/56 2142/2140/44
f 2156/2153/76 2155/2152/57 2143/2141/31
f 2157/2155/58 2156/2153/76 2144/2154/52
f 2158/2156/59 2157/2155/58 2145/2142/46
f 2159/2158/72 2158/2156/59 2146/2157/33
f 2160/2159/60 2159/2158/72 2147/2143/35
f 2114/2115/7 2113/2114/6 2149/2160/53
f 2115/2117/8 2114/2115/7 2150/2145/62
f 2116/2119/10 2115/2117/8 2151/2147/54
f 2117/2121/12 2116/2119/10 2152/2148/65
f 2154/2151/56 2118/2123/13 2117/2121/12
f 2119/2125/15 2118/2123/13 2154/2151/56
f 2120/2127/17 2119/2125/15 2155/2152/57
f 2157/2155/58 2121/2129/93 2120/2127/17
f 2122/2131/20 2121/2129/93 2157/2155/58
f 2123/2133/22 2122/2131/20 2158/2156/59
f 2124/2135/23 2123/2133/22 2159/2158/72
f 2174/2161/5 2173/2185/25 2161/2162/6
f 2175/2164/27 2174/2161/5 2162/2163/7
f 2176/2166/9 2175/2164/27 2163/2165/8
f 2177/2168/94 2176/2166/9 2164/2167/10
f 2178/2170/30 2177/2168/94 2165/2169/12
f 2179/2172/14 2178/2170/30 2166/2171/13
f 2180/2174/95 2179/2172/14 2167/2173/15
f 2181/2176/18 2180/2174/95 2168/2175/17
f 2182/2178/34 2181/2176/18 2169/2177/93
f 2183/2180/21 2182/2178/34 2170/2179/20
f 2184/2182/37 2183/2180/21 2171/2181/22
f 2186/2184/24 2185/2194/39 2173/2185/25
f 2187/2186/26 2186/2184/24 2174/2161/5
f 2188/2187/28 2187/2186/26 2175/2164/27
f 2189/2188/29 2188/2187/28 2176/2166/9
f 2178/2170/30 2190/2199/44 2189/2188/29
f 2191/2189/31 2190/2199/44 2178/2170/30
f 2180/2174/95 2192/2201/32 2191/2189/31
f 2193/2190/46 2192/2201/32 2180/2174/95
f 2194/2191/33 2193/2190/46 2181/2176/18
f 2195/2192/35 2194/2191/33 2182/2178/34
f 2184/2182/37 2196/2205/36 2195/2192/35
f 2198/2193/38 2197/2208/39 2185/2194/39
f 2199/2195/40 2198/2193/38 2186/2184/24
f 2200/2196/78 2199/2195/40 2187/2186/26
f 2201/2197/42 2200/2196/78 2188/2187/28
f 2202/2198/43 2201/2197/42 2189/2188/29
f 2203/2200/79 2202/2198/43 2190/2199/44
f 2192/2201/32 2204/2202/47 2203/2200/79
f 2193/2190/46 2205/2203/80 2204/2202/47
f 2194/2191/33 2206/2204/49 2205/2203/80
f 2195/2192/35 2207/2206/50 2206/2204/49
f 2196/2205/36 2208/2219/36 2207/2206/50
f 2198/2193/38 2210/2209/24 2209/2207/39
f 2199/2195/40 2211/2210/26 2210/2209/24
f 2200/2196/78 2212/2211/28 2211/2210/26
f 2201/2197/42 2213/2212/29 2212/2211/28
f 2202/2198/43 2214/2225/44 2213/2212/29
f 2215/2213/31 2214/2225/44 2202/2198/43
f 2216/2214/32 2215/2213/31 2203/2200/79
f 2217/2215/46 2216/2214/32 2204/2202/47
f 2218/2216/33 2217/2215/46 2205/2203/80
f 2219/2217/35 2218/2216/33 2206/2204/49
f 2220/2218/36 2219/2217/35 2207/2206/50
f 2222/2220/38 2221/2232/39 2209/2207/39
f 2223/2221/40 2222/2220/38 2210/2209/24
f 2224/2222/78 2223/2221/40 2211/2210/26
f 2225/2223/42 2224/2222/78 2212/2211/28
f 2226/2224/43 2225/2223/42 2213/2212/29
f 2227/2226/45 2226/2224/43 2214/2225/44
f 2216/2214/32 2228/2227/47 2227/2226/45
f 2217/2215/46 2229/2228/80 2228/2227/47
f 2218/2216/33 2230/2229/49 2229/2228/80
f 2219/2217/35 2231/2230/50 2230/2229/49
f 2220/2218/36 2232/2243/36 2231/2230/50
f 2222/2220/38 2234/2233/24 2233/2231/39
f 2223/2221/40 2235/2234/26 2234/2233/24
f 2224/2222/78 2236/2235/28 2235/2234/26
f 2225/2223/42 2237/2236/29 2236/2235/28
f 2226/2224/43 2238/2249/44 2237/2236/29
f 2239/2237/31 2238/2249/44 2226/2224/43
f 2240/2238/32 2239/2237/31 2227/2226/45
f 2241/2239/46 2240/2238/32 2228/2227/47
f 2242/2240/33 2241/2239/46 2229/2228/80
f 2243/2241/35 2242/2240/33 2230/2229/49
f 2244/2242/36 2243/2241/35 2231/2230/50
f 2246/2244/38 2245/2256/39 2233/2231/39
f 2247/2245/40 2246/2244/38 2234/2233/24
f 2248/2246/78 2247/2245/40 2235/2234/26
f 2249/2247/42 2248/2246/78 2236/2235/28
f 2250/2248/43 2249/2247/42 2237/2236/29
f 2251/2250/45 2250/2248/43 2238/2249/44
f 2240/2238/32 2252/2251/47 2251/2250/45
f 2241/2239/46 2253/2252/80 2252/2251/47
f 2242/2240/33 2254/2253/49 2253/2252/80
f 2243/2241/35 2255/2254/50 2254/2253/49
f 2244/2242/36 2256/2267/36 2255/2254/50
f 2246/2244/38 2258/2257/24 2257/2255/39
f 2247/2245/40 2259/2258/26 2258/2257/24
f 2248/2246/78 2260/2259/28 2259/2258/26
f 2249/2247/42 2261/2260/29 2260/2259/28
f 2250/2248/43 2262/2273/44 2261/2260/29
f 2263/2261/31 2262/2273/44 2250/2248/43
f 2264/2262/32 2263/2261/31 2251/2250/45
f 2265/2263/46 2264/2262/32 2252/2251/47
f 2266/2264/33 2265/2263/46 2253/2252/80
f 2267/2265/35 2266/2264/33 2254/2253/49
f 2268/2266/36 2267/2265/35 2255/2254/50
f 2270/2268/38 2269/2280/39 2257/2255/39
f 2271/2269/40 2270/2268/38 2258/2257/24
f 2272/2270/78 2271/2269/40 2259/2258/26
f 2273/2271/42 2272/2270/78 2260/2259/28
f 2274/2272/43 2273/2271/42 2261/2260/29
f 2275/2274/45 2274/2272/43 2262/2273/44
f 2264/2262/32 2276/2275/47 2275/2274/45
f 2265/2263/46 2277/2276/80 2276/2275/47
f 2266/2264/33 2278/2277/49 2277/2276/80
f 2267/2265/35 2279/2278/50 2278/2277/49
f 2268/2266/36 2280/2291/36 2279/2278/50
f 2270/2268/38 2282/2281/24 2281/2279/39
f 2271/2269/40 2283/2282/26 2282/2281/24
f 2272/2270/78 2284/2283/28 2283/2282/26
f 2273/2271/42 2285/2284/29 2284/2283/28
f 2274/2272/43 2286/2297/44 2285/2284/29
f 2287/2285/31 2286/2297/44 2274/2272/43
f 2288/2286/32 2287/2285/31 2275/2274/45
f 2289/2287/46 2288/2286/32 2276/2275/47
f 2290/2288/33 2289/2287/46 2277/2276/80
f 2291/2289/35 2290/2288/33 2278/2277/49
f 2292/2290/36 2291/2289/35 2279/2278/50
f 2294/2292/62 2293/2305/53 2281/2279/39
f 2295/2293/54 2294/2292/62 2282/2281/24
f 2296/2294/65 2295/2293/54 2283/2282/26
f 2297/2295/75 2296/2294/65 2284/2283/28
f 2298/2296/56 2297/2295/75 2285/2284/29
f 2299/2298/57 2298/2296/56 2286/2297/44
f 2300/2299/76 2299/2298/57 2287/2285/31
f 2301/2300/58 2300/2299/76 2288/2286/32
f 2302/2301/59 2301/2300/58 2289/2287/46
f 2303/2302/72 2302/2301/59 2290/2288/33
f 2304/2303/60 2303/2302/72 2291/2289/35
f 2306/2304/7 2305/2316/6 2293/2305/53
f 2307/2306/8 2306/2304/7 2294/2292/62
f 2308/2307/10 2307/2306/8 2295/2293/54
f 2309/2308/12 2308/2307/10 2296/2294/65
f 2310/2309/13 2309/2308/12 2297/2295/75
f 2311/2310/15 2310/2309/13 2298/2296/56
f 2300/2299/76 2312/2322/17 2311/2310/15
f 2313/2311/93 2312/2322/17 2300/2299/76
f 2314/2312/20 2313/2311/93 2301/2300/58
f 2315/2313/22 2314/2312/20 2302/2301/59
f 2316/2314/23 2315/2313/22 2303/2302/72
f 2318/2315/83 2317/2328/6 2305/2316/6
f 2319/2317/84 2318/2315/83 2306/2304/7
f 2320/2318/85 2319/2317/84 2307/2306/8
f 2321/2319/86 2320/2318/85 2308/2307/10
f 2322/2320/87 2321/2319/86 2309/2308/12
f 2323/2321/88 2322/2320/87 2310/2309/13
f 2312/2322/17 2324/2323/89 2323/2321/88
f 2313/2311/93 2325/2324/90 2324/2323/89
f 2314/2312/20 2326/2325/91 2325/2324/90
f 2315/2313/22 2327/2326/92 2326/2325/91
f 2316/2314/23 2328/2339/23 2327/2326/92
f 2318/2315/83 2330/2329/7 2329/2327/6
f 2319/2317/84 2331/2330/8 2330/2329/7
f 2320/2318/85 2332/2331/10 2331/2330/8
f 2321/2319/86 2333/2332/12 2332/2331/10
f 2322/2320/87 2334/2345/13 2333/2332/12
f 2335/2333/15 2334/2345/13 2322/2320/87
f 2336/2334/17 2335/2333/15 2323/2321/88
f 2337/2335/93 2336/2334/17 2324/2323/89
f 2338/2336/20 2337/2335/93 2325/2324/90
f 2339/2337/22 2338/2336/20 2326/2325/91
f 2340/2338/23 2339/2337/22 2327/2326/92
f 2342/2340/83 2341/2352/6 2329/2327/6
f 2343/2341/84 2342/2340/83 2330/2329/7
f 2344/2342/85 2343/2341/84 2331/2330/8
f 2345/2343/86 2344/2342/85 2332/2331/10
f 2346/2344/87 2345/2343/86 2333/2332/12
f 2347/2346/88 2346/2344/87 2334/2345/13
f 2336/2334/17 2348/2347/89 2347/2346/88
f 2337/2335/93 2349/2348/90 2348/2347/89
f 2338/2336/20 2350/2349/91 2349/2348/90
f 2339/2337/22 2351/2350/92 2350/2349/91
f 2340/2338/23 2352/2363/23 2351/2350/92
f 2342/2340/83 2354/2353/7 2353/2351/6
f 2343/2341/84 2355/2354/8 2354/2353/7
f 2344/2342/85 2356/2355/10 2355/2354/8
f 2345/2343/86 2357/2356/12 2356/2355/10
f 2346/2344/87 2358/2369/13 2357/2356/12
f 2359/2357/15 2358/2369/13 2346/2344/87
f 2360/2358/17 2359/2357/15 2347/2346/88
f 2361/2359/93 2360/2358/17 2348/2347/89
f 2362/2360/20 2361/2359/93 2349/2348/90
f 2363/2361/22 2362/2360/20 2350/2349/91
f 2364/2362/23 2363/2361/22 2351/2350/92
f 2366/2364/83 2365/2375/6 2353/2351/6
f 2367/2365/84 2366/2364/83 2354/2353/7
f 2368/2366/85 2367/2365/84 2355/2354/8
f 2369/2367/86 2368/2366/85 2356/2355/10
f 2370/2368/87 2369/2367/86 2357/2356/12
f 2371/2370/149 2370/2368/87 2358/2369/13
f 2360/2358/17 2372/2371/89 2371/2370/149
f 2361/2359/93 2373/2372/90 2372/2371/89
f 2362/2360/20 2374/2373/91 2373/2372/90
f 2363/2361/22 2375/2374/92 2374/2373/91
f 2364/2362/23 2376/2376/23 2375/2374/92
f 2366/2364/83 2162/2163/7 2161/2162/6
f 2367/2365/84 2163/2165/8 2162/2163/7
f 2368/2366/85 2164/2167/10 2163/2165/8
f 2369/2367/86 2165/2169/12 2164/2167/10
f 2370/2368/87 2166/2171/13 2165/2169/12
f 2371/2370/149 2167/2173/15 2166/2171/13
f 2168/2175/17 2167/2173/15 2371/2370/149
f 2169/2177/93 2168/2175/17 2372/2371/89
f 2170/2179/20 2169/2177/93 2373/2372/90
f 2171/2181/22 2170/2179/20 2374/2373/91
f 2172/2183/23 2171/2181/22 2375/2374/92
f 2378/2377/96 2390/2381/5 2389/2378/25
f 2379/2380/97 2391/2383/27 2390/2381/5
f 2380/2382/98 2392/2385/9 2391/2383/27
f 2381/2384/99 2393/2387/94 2392/2385/9
f 2382/2386/144 2394/2405/30 2393/2387/94
f 2395/2388/14 2394/2405/30 2382/2386/144
f 2396/2390/95 2395/2388/14 2383/2389/101
f 2397/2392/18 2396/2390/95 2384/2391/102
f 2398/2394/34 2397/2392/18 2385/2393/107
f 2399/2396/21 2398/2394/34 2386/2395/104
f 2400/2398/37 2399/2396/21 2387/2397/105
f 2402/2400/150 2401/2412/161 2389/2378/25
f 2403/2401/151 2402/2400/150 2390/2381/5
f 2404/2402/152 2403/2401/151 2391/2383/27
f 2405/2403/153 2404/2402/152 2392/2385/9
f 2406/2404/154 2405/2403/153 2393/2387/94
f 2407/2406/155 2406/2404/154 2394/2405/30
f 2396/2390/95 2408/2407/156 2407/2406/155
f 2397/2392/18 2409/2408/157 2408/2407/156
f 2398/2394/34 2410/2409/158 2409/2408/157
f 2399/2396/21 2411/2410/159 2410/2409/158
f 2400/2398/37 2412/2423/172 2411/2410/159
f 2402/2400/150 2414/2413/162 2413/2411/160
f 2403/2401/151 2415/2414/163 2414/2413/162
f 2404/2402/152 2416/2415/164 2415/2414/163
f 2405/2403/153 2417/2416/165 2416/2415/164
f 2406/2404/154 2418/2429/173 2417/2416/165
f 2419/2417/166 2418/2429/173 2406/2404/154
f 2420/2418/167 2419/2417/166 2407/2406/155
f 2421/2419/168 2420/2418/167 2408/2407/156
f 2422/2420/169 2421/2419/168 2409/2408/157
f 2423/2421/170 2422/2420/169 2410/2409/158
f 2424/2422/171 2423/2421/170 2411/2410/159
f 2426/2424/7 2425/2436/6 2413/2411/160
f 2427/2425/8 2426/2424/7 2414/2413/162
f 2428/2426/10 2427/2425/8 2415/2414/163
f 2429/2427/82 2428/2426/10 2416/2415/164
f 2430/2428/13 2429/2427/82 2417/2416/165
f 2431/2430/15 2430/2428/13 2418/2429/173
f 2420/2418/167 2432/2431/141 2431/2430/15
f 2421/2419/168 2433/2432/93 2432/2431/141
f 2422/2420/169 2434/2433/20 2433/2432/93
f 2423/2421/170 2435/2434/22 2434/2433/20
f 2424/2422/171 2436/2445/23 2435/2434/22
f 2438/2435/83 2437/2448/6 2425/2436/6
f 2439/2437/84 2438/2435/83 2426/2424/7
f 2440/2438/85 2439/2437/84 2427/2425/8
f 2441/2439/86 2440/2438/85 2428/2426/10
f 2442/2440/87 2441/2439/86 2429/2427/82
f 2443/2441/88 2442/2440/87 2430/2428/13
f 2432/2431/141 2444/2442/89 2443/2441/88
f 2433/2432/93 2445/2443/90 2444/2442/89
f 2434/2433/20 2446/2444/91 2445/2443/90
f 2435/2434/22 2447/2446/92 2446/2444/91
f 2436/2445/23 2448/2459/23 2447/2446/92
f 2438/2435/83 2450/2449/7 2449/2447/6
f 2439/2437/84 2451/2450/8 2450/2449/7
f 2440/2438/85 2452/2451/10 2451/2450/8
f 2441/2439/86 2453/2452/82 2452/2451/10
f 2442/2440/87 2454/2465/13 2453/2452/82
f 2455/2453/15 2454/2465/13 2442/2440/87
f 2456/2454/141 2455/2453/15 2443/2441/88
f 2457/2455/93 2456/2454/141 2444/2442/89
f 2458/2456/20 2457/2455/93 2445/2443/90
f 2459/2457/22 2458/2456/20 2446/2444/91
f 2460/2458/23 2459/2457/22 2447/2446/92
f 2462/2460/83 2461/2472/6 2449/2447/6
f 2463/2461/84 2462/2460/83 2450/2449/7
f 2464/2462/85 2463/2461/84 2451/2450/8
f 2465/2463/86 2464/2462/85 2452/2451/10
f 2466/2464/87 2465/2463/86 2453/2452/82
f 2467/2466/88 2466/2464/87 2454/2465/13
f 2456/2454/141 2468/2467/89 2467/2466/88
f 2457/2455/93 2469/2468/90 2468/2467/89
f 2458/2456/20 2470/2469/91 2469/2468/90
f 2459/2457/22 2471/2470/92 2470/2469/91
f 2460/2458/23 2472/2483/23 2471/2470/92
f 2462/2460/83 2474/2473/7 2473/2471/6
f 2463/2461/84 2475/2474/8 2474/2473/7
f 2464/2462/85 2476/2475/10 2475/2474/8
f 2465/2463/86 2477/2476/12 2476/2475/10
f 2466/2464/87 2478/2489/13 2477/2476/12
f 2479/2477/15 2478/2489/13 2466/2464/87
f 2480/2478/17 2479/2477/15 2467/2466/88
f 2481/2479/93 2480/2478/17 2468/2467/89
f 2482/2480/20 2481/2479/93 2469/2468/90
f 2483/2481/22 2482/2480/20 2470/2469/91
f 2484/2482/23 2483/2481/22 2471/2470/92
f 2486/2484/83 2485/2496/6 2473/2471/6
f 2487/2485/84 2486/2484/83 2474/2473/7
f 2488/2486/85 2487/2485/84 2475/2474/8
f 2489/2487/86 2488/2486/85 2476/2475/10
f 2490/2488/87 2489/2487/86 2477/2476/12
f 2491/2490/88 2490/2488/87 2478/2489/13
f 2480/2478/17 2492/2491/89 2491/2490/88
f 2481/2479/93 2493/2492/90 2492/2491/89
f 2482/2480/20 2494/2493/91 2493/2492/90
f 2483/2481/22 2495/2494/92 2494/2493/91
f 2484/2482/23 2496/2505/23 2495/2494/92
f 2498/2495/61 2497/2507/53 2485/2496/6
f 2499/2497/63 2498/2495/61 2486/2484/83
f 2500/2498/64 2499/2497/63 2487/2485/84
f 2501/2499/66 2500/2498/64 2488/2486/85
f 2490/2488/87 2502/2511/67 2501/2499/66
f 2503/2500/174 2502/2511/67 2490/2488/87
f 2504/2501/70 2503/2500/174 2491/2490/88
f 2493/2492/90 2505/2516/71 2504/2501/70
f 2506/2502/73 2505/2516/71 2493/2492/90
f 2507/2503/74 2506/2502/73 2494/2493/91
f 2508/2504/60 2507/2503/74 2495/2494/92
f 2498/2495/61 2510/2508/62 2509/2506/53
f 2499/2497/63 2511/2509/54 2510/2508/62
f 2500/2498/64 2512/2510/65 2511/2509/54
f 2501/2499/66 2513/2512/55 2512/2510/65
f 2502/2511/67 2514/2525/56 2513/2512/55
f 2515/2513/57 2514/2525/56 2502/2511/67
f 2516/2514/76 2515/2513/57 2503/2500/174
f 2517/2515/58 2516/2514/76 2504/2501/70
f 2518/2517/59 2517/2515/58 2505/2516/71
f 2519/2518/72 2518/2517/59 2506/2502/73
f 2520/2519/60 2519/2518/72 2507/2503/74
f 2522/2520/61 2521/2532/53 2509/2506/53
f 2523/2521/63 2522/2520/61 2510/2508/62
f 2524/2522/64 2523/2521/63 2511/2509/54
f 2525/2523/66 2524/2522/64 2512/2510/65
f 2526/2524/77 2525/2523/66 2513/2512/55
f 2515/2513/57 2527/2526/68 2526/2524/77
f 2516/2514/76 2528/2527/70 2527/2526/68
f 2517/2515/58 2529/2528/71 2528/2527/70
f 2518/2517/59 2530/2529/73 2529/2528/71
f 2519/2518/72 2531/2530/74 2530/2529/73
f 2520/2519/60 2532/2543/60 2531/2530/74
f 2522/2520/61 2534/2533/62 2533/2531/53
f 2523/2521/63 2535/2534/54 2534/2533/62
f 2524/2522/64 2536/2535/65 2535/2534/54
f 2525/2523/66 2537/2536/75 2536/2535/65
f 2526/2524/77 2538/2549/56 2537/2536/75
f 2539/2537/57 2538/2549/56 2526/2524/77
f 2540/2538/69 2539/2537/57 2527/2526/68
f 2541/2539/58 2540/2538/69 2528/2527/70
f 2542/2540/59 2541/2539/58 2529/2528/71
f 2543/2541/72 2542/2540/59 2530/2529/73
f 2544/2542/60 2543/2541/72 2531/2530/74
f 2546/2544/7 2545/2555/6 2533/2531/53
f 2547/2545/8 2546/2544/7 2534/2533/62
f 2548/2546/10 2547/2545/8 2535/2534/54
f 2549/2547/82 2548/2546/10 2536/2535/65
f 2550/2548/13 2549/2547/82 2537/2536/75
f 2539/2537/57 2551/2561/15 2550/2548/13
f 2552/2550/17 2551/2561/15 2539/2537/57
f 2553/2551/93 2552/2550/17 2540/2538/69
f 2542/2540/59 2554/2552/20 2553/2551/93
f 2543/2541/72 2555/2566/22 2554/2552/20
f 2556/2553/23 2555/2566/22 2543/2541/72
f 2558/2554/5 2557/2569/25 2545/2555/6
f 2559/2556/27 2558/2554/5 2546/2544/7
f 2560/2557/9 2559/2556/27 2547/2545/8
f 2561/2558/11 2560/2557/9 2548/2546/10
f 2562/2559/30 2561/2558/11 2549/2547/82
f 2563/2560/14 2562/2559/30 2550/2548/13
f 2564/2562/16 2563/2560/14 2551/2561/15
f 2565/2563/18 2564/2562/16 2552/2550/17
f 2566/2564/34 2565/2563/18 2553/2551/93
f 2567/2565/21 2566/2564/34 2554/2552/20
f 2568/2567/37 2567/2565/21 2555/2566/22
f 2570/2568/96 2569/2580/25 2557/2569/25
f 2571/2570/97 2570/2568/96 2558/2554/5
f 2572/2571/98 2571/2570/97 2559/2556/27
f 2573/2572/99 2572/2571/98 2560/2557/9
f 2574/2573/100 2573/2572/99 2561/2558/11
f 2575/2574/101 2574/2573/100 2562/2559/30
f 2564/2562/16 2576/2575/102 2575/2574/101
f 2565/2563/18 2577/2576/107 2576/2575/102
f 2566/2564/34 2578/2577/104 2577/2576/107
f 2567/2565/21 2579/2578/105 2578/2577/104
f 2568/2567/37 2580/2591/37 2579/2578/105
f 2570/2568/96 2582/2581/5 2581/2579/25
f 2571/2570/97 2583/2582/27 2582/2581/5
f 2572/2571/98 2584/2583/9 2583/2582/27
f 2573/2572/99 2585/2584/11 2584/2583/9
f 2574/2573/100 2586/2597/30 2585/2584/11
f 2587/2585/14 2586/2597/30 2574/2573/100
f 2588/2586/16 2587/2585/14 2575/2574/101
f 2589/2587/18 2588/2586/16 2576/2575/102
f 2590/2588/34 2589/2587/18 2577/2576/107
f 2591/2589/21 2590/2588/34 2578/2577/104
f 2592/2590/37 2591/2589/21 2579/2578/105
f 2594/2592/24 2593/2603/39 2581/2579/25
f 2595/2593/26 2594/2592/24 2582/2581/5
f 2596/2594/28 2595/2593/26 2583/2582/27
f 2597/2595/51 2596/2594/28 2584/2583/9
f 2598/2596/44 2597/2595/51 2585/2584/11
f 2587/2585/14 2599/2609/31 2598/2596/44
f 2600/2598/52 2599/2609/31 2587/2585/14
f 2601/2599/46 2600/2598/52 2588/2586/16
f 2590/2588/34 2602/2611/33 2601/2599/46
f 2603/2600/35 2602/2611/33 2590/2588/34
f 2604/2601/36 2603/2600/35 2591/2589/21
f 2606/2602/38 2605/2615/39 2593/2603/39
f 2607/2604/40 2606/2602/38 2594/2592/24
f 2608/2605/78 2607/2604/40 2595/2593/26
f 2609/2606/42 2608/2605/78 2596/2594/28
f 2610/2607/43 2609/2606/42 2597/2595/51
f 2611/2608/45 2610/2607/43 2598/2596/44
f 2600/2598/52 2612/2610/47 2611/2608/45
f 2601/2599/46 2613/2612/80 2612/2610/47
f 2602/2611/33 2614/2613/49 2613/2612/80
f 2603/2600/35 2615/2614/50 2614/2613/49
f 2604/2601/36 2616/2616/36 2615/2614/50
f 2378/2377/96 2377/2379/25 2605/2615/39
f 2379/2380/97 2378/2377/96 2606/2602/38
f 2380/2382/98 2379/2380/97 2607/2604/40
f 2381/2384/99 2380/2382/98 2608/2605/78
f 2382/2386/144 2381/2384/99 2609/2606/42
f 2383/2389/101 2382/2386/144 2610/2607/43
f 2384/2391/102 2383/2389/101 2611/2608/45
f 2385/2393/107 2384/2391/102 2612/2610/47
f 2386/2395/104 2385/2393/107 2613/2612/80
f 2387/2397/105 2386/2395/104 2614/2613/49
f 2388/2399/37 2387/2397/105 2615/2614/50
f 2630/2617/5 2629/2639/25 2617/2618/6
f 2619/2620/8 2631/2641/27 2630/2617/5
f 2632/2621/9 2631/2641/27 2619/2620/8
f 2633/2623/11 2632/2621/9 2620/2622/10
f 2634/2625/30 2633/2623/11 2621/2624/82
f 2635/2627/14 2634/2625/30 2622/2626/13
f 2636/2629/16 2635/2627/14 2623/2628/15
f 2637/2631/18 2636/2629/16 2624/2630/141
f 2626/2633/20 2638/2647/34 2637/2631/18
f 2639/2634/21 2638/2647/34 2626/2633/20
f 2640/2636/37 2639/2634/21 2627/2635/22
f 2642/2638/24 2641/2651/39 2629/2639/25
f 2643/2640/26 2642/2638/24 2630/2617/5
f 2644/2642/28 2643/2640/26 2631/2641/27
f 2645/2643/51 2644/2642/28 2632/2621/9
f 2634/2625/30 2646/2655/44 2645/2643/51
f 2647/2644/31 2646/2655/44 2634/2625/30
f 2648/2645/52 2647/2644/31 2635/2627/14
f 2637/2631/18 2649/2659/46 2648/2645/52
f 2650/2646/33 2649/2659/46 2637/2631/18
f 2651/2648/35 2650/2646/33 2638/2647/34
f 2652/2649/36 2651/2648/35 2639/2634/21
f 2654/2650/62 2653/2662/53 2641/2651/39
f 2655/2652/54 2654/2650/62 2642/2638/24
f 2644/2642/28 2656/2663/65 2655/2652/54
f 2657/2653/55 2656/2663/65 2644/2642/28
f 2658/2654/56 2657/2653/55 2645/2643/51
f 2659/2656/57 2658/2654/56 2646/2655/44
f 2660/2657/69 2659/2656/57 2647/2644/31
f 2661/2658/58 2660/2657/69 2648/2645/52
f 2662/2660/59 2661/2658/58 2649/2659/46
f 2651/2648/35 2663/2664/72 2662/2660/59
f 2664/2661/60 2663/2664/72 2651/2648/35
f 2618/2619/7 2617/2618/6 2653/2662/53
f 2619/2620/8 2618/2619/7 2654/2650/62
f 2620/2622/10 2619/2620/8 2655/2652/54
f 2657/2653/55 2621/2624/82 2620/2622/10
f 2622/2626/13 2621/2624/82 2657/2653/55
f 2623/2628/15 2622/2626/13 2658/2654/56
f 2660/2657/69 2624/2630/141 2623/2628/15
f 2625/2632/93 2624/2630/141 2660/2657/69
f 2626/2633/20 2625/2632/93 2661/2658/58
f 2627/2635/22 2626/2633/20 2662/2660/59
f 2628/2637/23 2627/2635/22 2663/2664/72
f 2678/2665/5 2677/2689/25 2665/2666/6
f 2679/2668/27 2678/2665/5 2666/2667/7
f 2680/2670/9 2679/2668/27 2667/2669/8
f 2681/2672/11 2680/2670/9 2668/2671/10
f 2682/2674/30 2681/2672/11 2669/2673/82
f 2683/2676/14 2682/2674/30 2670/2675/13
f 2684/2678/16 2683/2676/14 2671/2677/15
f 2685/2680/18 2684/2678/16 2672/2679/141
f 2686/2682/34 2685/2680/18 2673/2681/93
f 2687/2684/21 2686/2682/34 2674/2683/20
f 2688/2686/37 2687/2684/21 2675/2685/22
f 2690/2688/24 2689/2698/39 2677/2689/25
f 2691/2690/26 2690/2688/24 2678/2665/5
f 2680/2670/9 2692/2701/28 2691/2690/26
f 2693/2691/51 2692/2701/28 2680/2670/9
f 2682/2674/30 2694/2704/44 2693/2691/51
f 2695/2692/31 2694/2704/44 2682/2674/30
f 2696/2693/52 2695/2692/31 2683/2676/14
f 2685/2680/18 2697/2694/46 2696/2693/52
f 2686/2682/34 2698/2709/33 2697/2694/46
f 2699/2695/35 2698/2709/33 2686/2682/34
f 2700/2696/36 2699/2695/35 2687/2684/21
f 2702/2697/62 2701/2712/53 2689/2698/39
f 2703/2699/54 2702/2697/62 2690/2688/24
f 2704/2700/65 2703/2699/54 2691/2690/26
f 2705/2702/55 2704/2700/65 2692/2701/28
f 2706/2703/56 2705/2702/55 2693/2691/51
f 2707/2705/57 2706/2703/56 2694/2704/44
f 2708/2706/76 2707/2705/57 2695/2692/31
f 2709/2707/58 2708/2706/76 2696/2693/52
f 2710/2708/59 2709/2707/58 2697/2694/46
f 2711/2710/72 2710/2708/59 2698/2709/33
f 2712/2711/60 2711/2710/72 2699/2695/35
f 2666/2667/7 2665/2666/6 2701/2712/53
f 2667/2669/8 2666/2667/7 2702/2697/62
f 2668/2671/10 2667/2669/8 2703/2699/54
f 2705/2702/55 2669/2673/82 2668/2671/10
f 2670/2675/13 2669/2673/82 2705/2702/55
f 2671/2677/15 2670/2675/13 2706/2703/56
f 2708/2706/76 2672/2679/141 2671/2677/15
f 2673/2681/93 2672/2679/141 2708/2706/76
f 2674/2683/20 2673/2681/93 2709/2707/58
f 2675/2685/22 2674/2683/20 2710/2708/59
f 2676/2687/23 2675/2685/22 2711/2710/72
f 2714/2713/96 2726/2717/5 2725/2714/25
f 2715/2716/97 2727/2719/27 2726/2717/5
f 2716/2718/98 2728/2721/9 2727/2719/27
f 2717/2720/99 2729/2723/11 2728/2721/9
f 2718/2722/100 2730/2740/30 2729/2723/11
f 2731/2724/14 2730/2740/30 2718/2722/100
f 2732/2726/16 2731/2724/14 2719/2725/145
f 2733/2728/18 2732/2726/16 2720/2727/102
f 2734/2730/34 2733/2728/18 2721/2729/107
f 2735/2732/21 2734/2730/34 2722/2731/104
f 2736/2734/37 2735/2732/21 2723/2733/105
f 2738/2736/24 2737/2747/39 2725/2714/25
f 2739/2737/26 2738/2736/24 2726/2717/5
f 2740/2738/28 2739/2737/26 2727/2719/27
f 2729/2723/11 2741/2751/51 2740/2738/28
f 2742/2739/44 2741/2751/51 2729/2723/11
f 2743/2741/31 2742/2739/44 2730/2740/30
f 2732/2726/16 2744/2754/52 2743/2741/31
f 2745/2742/46 2744/2754/52 2732/2726/16
f 2746/2743/33 2745/2742/46 2733/2728/18
f 2747/2744/35 2746/2743/33 2734/2730/34
f 2748/2745/36 2747/2744/35 2735/2732/21
f 2750/2746/38 2749/2760/39 2737/2747/39
f 2751/2748/40 2750/2746/38 2738/2736/24
f 2752/2749/78 2751/2748/40 2739/2737/26
f 2753/2750/42 2752/2749/78 2740/2738/28
f 2754/2752/114 2753/2750/42 2741/2751/51
f 2755/2753/79 2754/2752/114 2742/2739/44
f 2744/2754/52 2756/2755/47 2755/2753/79
f 2745/2742/46 2757/2756/80 2756/2755/47
f 2746/2743/33 2758/2757/49 2757/2756/80
f 2747/2744/35 2759/2758/50 2758/2757/49
f 2748/2745/36 2760/2771/36 2759/2758/50
f 2750/2746/38 2762/2761/24 2761/2759/39
f 2751/2748/40 2763/2762/26 2762/2761/24
f 2752/2749/78 2764/2763/28 2763/2762/26
f 2753/2750/42 2765/2764/51 2764/2763/28
f 2754/2752/114 2766/2776/44 2765/2764/51
f 2767/2765/31 2766/2776/44 2754/2752/114
f 2768/2766/52 2767/2765/31 2755/2753/79
f 2769/2767/46 2768/2766/52 2756/2755/47
f 2770/2768/33 2769/2767/46 2757/2756/80
f 2771/2769/35 2770/2768/33 2758/2757/49
f 2772/2770/36 2771/2769/35 2759/2758/50
f 2774/2772/62 2773/2783/53 2761/2759/39
f 2763/2762/26 2775/2785/54 2774/2772/62
f 2776/2773/65 2775/2785/54 2763/2762/26
f 2777/2774/55 2776/2773/65 2764/2763/28
f 2778/2775/56 2777/2774/55 2765/2764/51
f 2779/2777/57 2778/2775/56 2766/2776/44
f 2780/2778/69 2779/2777/57 2767/2765/31
f 2781/2779/58 2780/2778/69 2768/2766/52
f 2770/2768/33 2782/2791/59 2781/2779/58
f 2783/2780/72 2782/2791/59 2770/2768/33
f 2784/2781/60 2783/2780/72 2771/2769/35
f 2786/2782/61 2785/2796/53 2773/2783/53
f 2787/2784/63 2786/2782/61 2774/2772/62
f 2788/2786/64 2787/2784/63 2775/2785/54
f 2789/2787/66 2788/2786/64 2776/2773/65
f 2790/2788/77 2789/2787/66 2777/2774/55
f 2791/2789/139 2790/2788/77 2778/2775/56
f 2780/2778/69 2792/2790/70 2791/2789/139
f 2781/2779/58 2793/2792/71 2792/2790/70
f 2782/2791/59 2794/2793/73 2793/2792/71
f 2783/2780/72 2795/2794/74 2794/2793/73
f 2784/2781/60 2796/2807/60 2795/2794/74
f 2798/2795/38 2797/2809/39 2785/2796/53
f 2799/2797/40 2798/2795/38 2786/2782/61
f 2800/2798/78 2799/2797/40 2787/2784/63
f 2801/2799/42 2800/2798/78 2788/2786/64
f 2802/2800/114 2801/2799/42 2789/2787/66
f 2803/2801/79 2802/2800/114 2790/2788/77
f 2804/2802/175 2803/2801/79 2791/2789/139
f 2805/2803/80 2804/2802/175 2792/2790/70
f 2806/2804/49 2805/2803/80 2793/2792/71
f 2807/2805/50 2806/2804/49 2794/2793/73
f 2808/2806/36 2807/2805/50 2795/2794/74
f 2798/2795/38 2810/2810/24 2809/2808/39
f 2799/2797/40 2811/2811/26 2810/2810/24
f 2800/2798/78 2812/2812/28 2811/2811/26
f 2801/2799/42 2813/2813/29 2812/2812/28
f 2802/2800/114 2814/2825/44 2813/2813/29
f 2815/2814/31 2814/2825/44 2802/2800/114
f 2816/2815/32 2815/2814/31 2803/2801/79
f 2817/2816/46 2816/2815/32 2804/2802/175
f 2818/2817/33 2817/2816/46 2805/2803/80
f 2819/2818/35 2818/2817/33 2806/2804/49
f 2820/2819/36 2819/2818/35 2807/2805/50
f 2822/2820/38 2821/2832/39 2809/2808/39
f 2823/2821/40 2822/2820/38 2810/2810/24
f 2824/2822/78 2823/2821/40 2811/2811/26
f 2825/2823/81 2824/2822/78 2812/2812/28
f 2826/2824/43 2825/2823/81 2813/2813/29
f 2827/2826/45 2826/2824/43 2814/2825/44
f 2816/2815/32 2828/2827/175 2827/2826/45
f 2817/2816/46 2829/2828/80 2828/2827/175
f 2818/2817/33 2830/2829/49 2829/2828/80
f 2819/2818/35 2831/2830/50 2830/2829/49
f 2820/2819/36 2832/2843/36 2831/2830/50
f 2822/2820/38 2834/2833/24 2833/2831/39
f 2823/2821/40 2835/2834/26 2834/2833/24
f 2824/2822/78 2836/2835/28 2835/2834/26
f 2825/2823/81 2837/2836/29 2836/2835/28
f 2826/2824/43 2838/2849/44 2837/2836/29
f 2839/2837/31 2838/2849/44 2826/2824/43
f 2840/2838/52 2839/2837/31 2827/2826/45
f 2841/2839/46 2840/2838/52 2828/2827/175
f 2842/2840/33 2841/2839/46 2829/2828/80
f 2843/2841/35 2842/2840/33 2830/2829/49
f 2844/2842/36 2843/2841/35 2831/2830/50
f 2846/2844/62 2845/2857/53 2833/2831/39
f 2847/2845/54 2846/2844/62 2834/2833/24
f 2848/2846/65 2847/2845/54 2835/2834/26
f 2849/2847/75 2848/2846/65 2836/2835/28
f 2850/2848/56 2849/2847/75 2837/2836/29
f 2851/2850/57 2850/2848/56 2838/2849/44
f 2852/2851/69 2851/2850/57 2839/2837/31
f 2853/2852/58 2852/2851/69 2840/2838/52
f 2854/2853/59 2853/2852/58 2841/2839/46
f 2855/2854/72 2854/2853/59 2842/2840/33
f 2856/2855/60 2855/2854/72 2843/2841/35
f 2858/2856/7 2857/2869/6 2845/2857/53
f 2859/2858/8 2858/2856/7 2846/2844/62
f 2860/2859/10 2859/2858/8 2847/2845/54
f 2861/2860/82 2860/2859/10 2848/2846/65
f 2862/2861/13 2861/2860/82 2849/2847/75
f 2863/2862/15 2862/2861/13 2850/2848/56
f 2864/2863/17 2863/2862/15 2851/2850/57
f 2865/2864/93 2864/2863/17 2852/2851/69
f 2866/2865/20 2865/2864/93 2853/2852/58
f 2867/2866/22 2866/2865/20 2854/2853/59
f 2868/2867/23 2867/2866/22 2855/2854/72
f 2870/2868/83 2869/2880/6 2857/2869/6
f 2871/2870/84 2870/2868/83 2858/2856/7
f 2872/2871/85 2871/2870/84 2859/2858/8
f 2873/2872/86 2872/2871/85 2860/2859/10
f 2874/2873/87 2873/2872/86 2861/2860/82
f 2875/2874/88 2874/2873/87 2862/2861/13
f 2864/2863/17 2876/2875/89 2875/2874/88
f 2865/2864/93 2877/2876/90 2876/2875/89
f 2866/2865/20 2878/2877/91 2877/2876/90
f 2867/2866/22 2879/2878/92 2878/2877/91
f 2868/2867/23 2880/2891/23 2879/2878/92
f 2882/2879/61 2881/2893/53 2869/2880/6
f 2883/2881/63 2882/2879/61 2870/2868/83
f 2884/2882/64 2883/2881/63 2871/2870/84
f 2885/2883/66 2884/2882/64 2872/2871/85
f 2886/2884/77 2885/2883/66 2873/2872/86
f 2887/2885/68 2886/2884/77 2874/2873/87
f 2888/2886/70 2887/2885/68 2875/2874/88
f 2889/2887/71 2888/2886/70 2876/2875/89
f 2890/2888/73 2889/2887/71 2877/2876/90
f 2891/2889/74 2890/2888/73 2878/2877/91
f 2892/2890/60 2891/2889/74 2879/2878/92
f 2894/2892/38 2893/2905/39 2881/2893/53
f 2895/2894/40 2894/2892/38 2882/2879/61
f 2896/2895/78 2895/2894/40 2883/2881/63
f 2897/2896/42 2896/2895/78 2884/2882/64
f 2898/2897/43 2897/2896/42 2885/2883/66
f 2899/2898/79 2898/2897/43 2886/2884/77
f 2900/2899/47 2899/2898/79 2887/2885/68
f 2901/2900/80 2900/2899/47 2888/2886/70
f 2902/2901/49 2901/2900/80 2889/2887/71
f 2903/2902/50 2902/2901/49 2890/2888/73
f 2904/2903/36 2903/2902/50 2891/2889/74
f 2894/2892/38 2906/2906/24 2905/2904/39
f 2895/2894/40 2907/2907/26 2906/2906/24
f 2896/2895/78 2908/2908/28 2907/2907/26
f 2897/2896/42 2909/2909/51 2908/2908/28
f 2898/2897/43 2910/2920/44 2909/2909/51
f 2911/2910/31 2910/2920/44 2898/2897/43
f 2912/2911/52 2911/2910/31 2899/2898/79
f 2913/2912/46 2912/2911/52 2900/2899/47
f 2914/2913/33 2913/2912/46 2901/2900/80
f 2915/2914/35 2914/2913/33 2902/2901/49
f 2916/2915/36 2915/2914/35 2903/2902/50
f 2918/2916/62 2917/2927/53 2905/2904/39
f 2919/2917/54 2918/2916/62 2906/2906/24
f 2908/2908/28 2920/2930/65 2919/2917/54
f 2921/2918/75 2920/2930/65 2908/2908/28
f 2922/2919/56 2921/2918/75 2909/2909/51
f 2923/2921/57 2922/2919/56 2910/2920/44
f 2924/2922/76 2923/2921/57 2911/2910/31
f 2925/2923/58 2924/2922/76 2912/2911/52
f 2926/2924/59 2925/2923/58 2913/2912/46
f 2915/2914/35 2927/2936/72 2926/2924/59
f 2928/2925/60 2927/2936/72 2915/2914/35
f 2930/2926/61 2929/2940/53 2917/2927/53
f 2931/2928/63 2930/2926/61 2918/2916/62
f 2932/2929/64 2931/2928/63 2919/2917/54
f 2933/2931/176 2932/2929/64 2920/2930/65
f 2934/2932/67 2933/2931/176 2921/2918/75
f 2935/2933/68 2934/2932/67 2922/2919/56
f 2924/2922/76 2936/2934/177 2935/2933/68
f 2925/2923/58 2937/2935/71 2936/2934/177
f 2926/2924/59 2938/2937/73 2937/2935/71
f 2927/2936/72 2939/2938/74 2938/2937/73
f 2928/2925/60 2940/2951/60 2939/2938/74
f 2930/2926/61 2942/2941/62 2941/2939/53
f 2931/2928/63 2943/2942/54 2942/2941/62
f 2932/2929/64 2944/2943/65 2943/2942/54
f 2933/2931/176 2945/2944/75 2944/2943/65
f 2934/2932/67 2946/2956/56 2945/2944/75
f 2947/2945/57 2946/2956/56 2934/2932/67
f 2948/2946/69 2947/2945/57 2935/2933/68
f 2949/2947/58 2948/2946/69 2936/2934/177
f 2950/2948/59 2949/2947/58 2937/2935/71
f 2951/2949/72 2950/2948/59 2938/2937/73
f 2952/2950/60 2951/2949/72 2939/2938/74
f 2954/2952/7 2953/2963/6 2941/2939/53
f 2955/2953/8 2954/2952/7 2942/2941/62
f 2956/2954/10 2955/2953/8 2943/2942/54
f 2957/2955/82 2956/2954/10 2944/2943/65
f 2946/2956/56 2958/2968/13 2957/2955/82
f 2959/2957/15 2958/2968/13 2946/2956/56
f 2960/2958/141 2959/2957/15 2947/2945/57
f 2949/2947/58 2961/2972/93 2960/2958/141
f 2962/2959/20 2961/2972/93 2949/2947/58
f 2963/2960/22 2962/2959/20 2950/2948/59
f 2964/2961/23 2963/2960/22 2951/2949/72
f 2966/2962/5 2965/2977/25 2953/2963/6
f 2967/2964/27 2966/2962/5 2954/2952/7
f 2968/2965/9 2967/2964/27 2955/2953/8
f 2969/2966/11 2968/2965/9 2956/2954/10
f 2970/2967/30 2969/2966/11 2957/2955/82
f 2971/2969/14 2970/2967/30 2958/2968/13
f 2972/2970/16 2971/2969/14 2959/2957/15
f 2973/2971/18 2972/2970/16 2960/2958/141
f 2974/2973/34 2973/2971/18 2961/2972/93
f 2975/2974/21 2974/2973/34 2962/2959/20
f 2976/2975/37 2975/2974/21 2963/2960/22
f 2978/2976/96 2977/2988/25 2965/2977/25
f 2979/2978/97 2978/2976/96 2966/2962/5
f 2980/2979/98 2979/2978/97 2967/2964/27
f 2981/2980/99 2980/2979/98 2968/2965/9
f 2982/2981/144 2981/2980/99 2969/2966/11
f 2983/2982/101 2982/2981/144 2970/2967/30
f 2972/2970/16 2984/2983/102 2983/2982/101
f 2973/2971/18 2985/2984/107 2984/2983/102
f 2974/2973/34 2986/2985/104 2985/2984/107
f 2975/2974/21 2987/2986/105 2986/2985/104
f 2976/2975/37 2988/2997/37 2987/2986/105
f 2990/2987/83 2989/2999/6 2977/2988/25
f 2991/2989/84 2990/2987/83 2978/2976/96
f 2980/2979/98 2992/3001/85 2991/2989/84
f 2993/2990/86 2992/3001/85 2980/2979/98
f 2994/2991/147 2993/2990/86 2981/2980/99
f 2995/2992/149 2994/2991/147 2982/2981/144
f 2996/2993/89 2995/2992/149 2983/2982/101
f 2997/2994/90 2996/2993/89 2984/2983/102
f 2998/2995/91 2997/2994/90 2985/2984/107
f 2987/2986/105 2999/3010/92 2998/2995/91
f 3000/2996/23 2999/3010/92 2987/2986/105
f 2990/2987/83 3002/3000/7 3001/2998/6
f 2991/2989/84 3003/3002/8 3002/3000/7
f 2992/3001/85 3004/3003/10 3003/3002/8
f 2993/2990/86 3005/3004/82 3004/3003/10
f 2994/2991/147 3006/3017/13 3005/3004/82
f 3007/3005/15 3006/3017/13 2994/2991/147
f 3008/3006/141 3007/3005/15 2995/2992/149
f 3009/3007/93 3008/3006/141 2996/2993/89
f 3010/3008/20 3009/3007/93 2997/2994/90
f 3011/3009/22 3010/3008/20 2998/2995/91
f 3012/3011/23 3011/3009/22 2999/3010/92
f 3014/3012/83 3013/3024/6 3001/2998/6
f 3015/3013/84 3014/3012/83 3002/3000/7
f 3016/3014/85 3015/3013/84 3003/3002/8
f 3017/3015/86 3016/3014/85 3004/3003/10
f 3018/3016/87 3017/3015/86 3005/3004/82
f 3019/3018/88 3018/3016/87 3006/3017/13
f 3008/3006/141 3020/3019/89 3019/3018/88
f 3009/3007/93 3021/3020/90 3020/3019/89
f 3010/3008/20 3022/3021/91 3021/3020/90
f 3011/3009/22 3023/3022/92 3022/3021/91
f 3012/3011/23 3024/3033/23 3023/3022/92
f 3026/3023/61 3025/3035/53 3013/3024/6
f 3027/3025/63 3026/3023/61 3014/3012/83
f 3028/3026/178 3027/3025/63 3015/3013/84
f 3029/3027/66 3028/3026/178 3016/3014/85
f 3018/3016/87 3030/3039/67 3029/3027/66
f 3031/3028/68 3030/3039/67 3018/3016/87
f 3032/3029/70 3031/3028/68 3019/3018/88
f 3021/3020/90 3033/3044/71 3032/3029/70
f 3034/3030/73 3033/3044/71 3021/3020/90
f 3035/3031/74 3034/3030/73 3022/3021/91
f 3036/3032/60 3035/3031/74 3023/3022/92
f 3026/3023/61 3038/3036/62 3037/3034/53
f 3027/3025/63 3039/3037/54 3038/3036/62
f 3028/3026/178 3040/3038/65 3039/3037/54
f 3029/3027/66 3041/3040/55 3040/3038/65
f 3030/3039/67 3042/3052/56 3041/3040/55
f 3043/3041/57 3042/3052/56 3030/3039/67
f 3044/3042/69 3043/3041/57 3031/3028/68
f 3045/3043/58 3044/3042/69 3032/3029/70
f 3046/3045/59 3045/3043/58 3033/3044/71
f 3047/3046/72 3046/3045/59 3034/3030/73
f 3048/3047/60 3047/3046/72 3035/3031/74
f 3050/3048/7 3049/3058/6 3037/3034/53
f 3051/3049/8 3050/3048/7 3038/3036/62
f 3052/3050/10 3051/3049/8 3039/3037/54
f 3053/3051/82 3052/3050/10 3040/3038/65
f 3042/3052/56 3054/3063/13 3053/3051/82
f 3055/3053/15 3054/3063/13 3042/3052/56
f 3056/3054/141 3055/3053/15 3043/3041/57
f 3045/3043/58 3057/3065/93 3056/3054/141
f 3058/3055/20 3057/3065/93 3045/3043/58
f 3059/3056/22 3058/3055/20 3046/3045/59
f 3048/3047/60 3060/3069/23 3059/3056/22
f 3062/3057/83 3061/3072/6 3049/3058/6
f 3063/3059/84 3062/3057/83 3050/3048/7
f 3064/3060/85 3063/3059/84 3051/3049/8
f 3065/3061/86 3064/3060/85 3052/3050/10
f 3066/3062/87 3065/3061/86 3053/3051/82
f 3067/3064/149 3066/3062/87 3054/3063/13
f 3056/3054/141 3068/3066/89 3067/3064/149
f 3057/3065/93 3069/3067/90 3068/3066/89
f 3058/3055/20 3070/3068/91 3069/3067/90
f 3059/3056/22 3071/3070/92 3070/3068/91
f 3060/3069/23 3072/3083/23 3071/3070/92
f 3062/3057/83 3074/3073/7 3073/3071/6
f 3063/3059/84 3075/3074/8 3074/3073/7
f 3064/3060/85 3076/3075/10 3075/3074/8
f 3065/3061/86 3077/3076/82 3076/3075/10
f 3066/3062/87 3078/3077/13 3077/3076/82
f 3067/3064/149 3079/3089/15 3078/3077/13
f 3080/3078/141 3079/3089/15 3067/3064/149
f 3081/3079/93 3080/3078/141 3068/3066/89
f 3082/3080/20 3081/3079/93 3069/3067/90
f 3083/3081/22 3082/3080/20 3070/3068/91
f 3084/3082/23 3083/3081/22 3071/3070/92
f 3086/3084/5 3085/3095/25 3073/3071/6
f 3087/3085/27 3086/3084/5 3074/3073/7
f 3076/3075/10 3088/3098/9 3087/3085/27
f 3089/3086/11 3088/3098/9 3076/3075/10
f 3090/3087/30 3089/3086/11 3077/3076/82
f 3091/3088/14 3090/3087/30 3078/3077/13
f 3092/3090/95 3091/3088/14 3079/3089/15
f 3093/3091/18 3092/3090/95 3080/3078/141
f 3094/3092/34 3093/3091/18 3081/3079/93
f 3083/3081/22 3095/3104/21 3094/3092/34
f 3096/3093/37 3095/3104/21 3083/3081/22
f 3098/3094/24 3097/3106/39 3085/3095/25
f 3099/3096/26 3098/3094/24 3086/3084/5
f 3100/3097/28 3099/3096/26 3087/3085/27
f 3089/3086/11 3101/3099/29 3100/3097/28
f 3090/3087/30 3102/3111/44 3101/3099/29
f 3103/3100/31 3102/3111/44 3090/3087/30
f 3092/3090/95 3104/3101/52 3103/3100/31
f 3093/3091/18 3105/3113/46 3104/3101/52
f 3106/3102/33 3105/3113/46 3093/3091/18
f 3107/3103/35 3106/3102/33 3094/3092/34
f 3096/3093/37 3108/3117/36 3107/3103/35
f 3110/3105/38 3109/3120/39 3097/3106/39
f 3111/3107/40 3110/3105/38 3098/3094/24
f 3112/3108/78 3111/3107/40 3099/3096/26
f 3113/3109/42 3112/3108/78 3100/3097/28
f 3114/3110/43 3113/3109/42 3101/3099/29
f 3115/3112/45 3114/3110/43 3102/3111/44
f 3104/3101/52 3116/3114/47 3115/3112/45
f 3105/3113/46 3117/3115/80 3116/3114/47
f 3106/3102/33 3118/3116/49 3117/3115/80
f 3107/3103/35 3119/3118/50 3118/3116/49
f 3108/3117/36 3120/3128/36 3119/3118/50
f 3122/3119/96 3121/3130/25 3109/3120/39
f 3123/3121/97 3122/3119/96 3110/3105/38
f 3124/3122/98 3123/3121/97 3111/3107/40
f 3125/3123/99 3124/3122/98 3112/3108/78
f 3114/3110/43 3126/3134/100 3125/3123/99
f 3127/3124/101 3126/3134/100 3114/3110/43
f 3128/3125/102 3127/3124/101 3115/3112/45
f 3117/3115/80 3129/3139/107 3128/3125/102
f 3130/3126/104 3129/3139/107 3117/3115/80
f 3131/3127/105 3130/3126/104 3118/3116/49
f 3120/3128/36 3132/3143/37 3131/3127/105
f 3122/3119/96 3134/3131/5 3133/3129/25
f 3123/3121/97 3135/3132/27 3134/3131/5
f 3124/3122/98 3136/3133/9 3135/3132/27
f 3125/3123/99 3137/3135/11 3136/3133/9
f 3126/3134/100 3138/3144/30 3137/3135/11
f 3139/3136/14 3138/3144/30 3126/3134/100
f 3140/3137/16 3139/3136/14 3127/3124/101
f 3141/3138/18 3140/3137/16 3128/3125/102
f 3142/3140/34 3141/3138/18 3129/3139/107
f 3143/3141/21 3142/3140/34 3130/3126/104
f 3144/3142/37 3143/3141/21 3131/3127/105
f 2714/2713/96 2713/2715/25 3133/3129/25
f 2715/2716/97 2714/2713/96 3134/3131/5
f 2716/2718/98 2715/2716/97 3135/3132/27
f 2717/2720/99 2716/2718/98 3136/3133/9
f 2718/2722/100 2717/2720/99 3137/3135/11
f 2719/2725/145 2718/2722/100 3138/3144/30
f 3140/3137/16 2720/2727/102 2719/2725/145
f 3141/3138/18 2721/2729/107 2720/2727/102
f 3142/3140/34 2722/2731/104 2721/2729/107
f 3143/3141/21 2723/2733/105 2722/2731/104
f 3144/3142/37 2724/2735/37 2723/2733/105
f 3158/3145/5 3157/3167/25 3145/3146/6
f 3147/3148/8 3159/3169/27 3158/3145/5
f 3160/3149/9 3159/3169/27 3147/3148/8
f 3161/3151/11 3160/3149/9 3148/3150/10
f 3162/3153/30 3161/3151/11 3149/3152/82
f 3163/3155/14 3162/3153/30 3150/3154/13
f 3164/3157/16 3163/3155/14 3151/3156/15
f 3165/3159/18 3164/3157/16 3152/3158/17
f 3154/3161/20 3166/3176/34 3165/3159/18
f 3167/3162/21 3166/3176/34 3154/3161/20
f 3168/3164/37 3167/3162/21 3155/3163/22
f 3170/3166/24 3169/3180/39 3157/3167/25
f 3171/3168/26 3170/3166/24 3158/3145/5
f 3172/3170/28 3171/3168/26 3159/3169/27
f 3173/3171/51 3172/3170/28 3160/3149/9
f 3162/3153/30 3174/3184/44 3173/3171/51
f 3175/3172/31 3174/3184/44 3162/3153/30
f 3176/3173/52 3175/3172/31 3163/3155/14
f 3177/3174/46 3176/3173/52 3164/3157/16
f 3178/3175/33 3177/3174/46 3165/3159/18
f 3179/3177/35 3178/3175/33 3166/3176/34
f 3180/3178/36 3179/3177/35 3167/3162/21
f 3182/3179/62 3181/3190/53 3169/3180/39
f 3183/3181/54 3182/3179/62 3170/3166/24
f 3172/3170/28 3184/3191/65 3183/3181/54
f 3185/3182/55 3184/3191/65 3172/3170/28
f 3186/3183/56 3185/3182/55 3173/3171/51
f 3187/3185/57 3186/3183/56 3174/3184/44
f 3188/3186/69 3187/3185/57 3175/3172/31
f 3189/3187/58 3188/3186/69 3176/3173/52
f 3190/3188/59 3189/3187/58 3177/3174/46
f 3179/3177/35 3191/3192/72 3190/3188/59
f 3192/3189/60 3191/3192/72 3179/3177/35
f 3146/3147/7 3145/3146/6 3181/3190/53
f 3147/3148/8 3146/3147/7 3182/3179/62
f 3148/3150/10 3147/3148/8 3183/3181/54
f 3149/3152/82 3148/3150/10 3184/3191/65
f 3150/3154/13 3149/3152/82 3185/3182/55
f 3151/3156/15 3150/3154/13 3186/3183/56
f 3152/3158/17 3151/3156/15 3187/3185/57
f 3153/3160/93 3152/3158/17 3188/3186/69
f 3154/3161/20 3153/3160/93 3189/3187/58
f 3155/3163/22 3154/3161/20 3190/3188/59
f 3156/3165/23 3155/3163/22 3191/3192/72
f 3194/3193/38 3206/3197/24 3205/3194/39
f 3195/3196/40 3207/3199/26 3206/3197/24
f 3196/3198/78 3208/3201/28 3207/3199/26
f 3197/3200/42 3209/3203/51 3208/3201/28
f 3198/3202/43 3210/3221/44 3209/3203/51
f 3211/3204/31 3210/3221/44 3198/3202/43
f 3212/3206/52 3211/3204/31 3199/3205/79
f 3213/3208/46 3212/3206/52 3200/3207/47
f 3214/3210/33 3213/3208/46 3201/3209/80
f 3215/3212/35 3214/3210/33 3202/3211/49
f 3216/3214/36 3215/3212/35 3203/3213/50
f 3218/3216/38 3217/3228/39 3205/3194/39
f 3219/3217/40 3218/3216/38 3206/3197/24
f 3220/3218/78 3219/3217/40 3207/3199/26
f 3221/3219/42 3220/3218/78 3208/3201/28
f 3222/3220/179 3221/3219/42 3209/3203/51
f 3223/3222/45 3222/3220/179 3210/3221/44
f 3212/3206/52 3224/3223/47 3223/3222/45
f 3213/3208/46 3225/3224/80 3224/3223/47
f 3214/3210/33 3226/3225/49 3225/3224/80
f 3215/3212/35 3227/3226/50 3226/3225/49
f 3216/3214/36 3228/3239/36 3227/3226/50
f 3230/3227/96 3229/3241/25 3217/3228/39
f 3231/3229/97 3230/3227/96 3218/3216/38
f 3232/3230/98 3231/3229/97 3219/3217/40
f 3233/3231/99 3232/3230/98 3220/3218/78
f 3234/3232/144 3233/3231/99 3221/3219/42
f 3235/3233/101 3234/3232/144 3222/3220/179
f 3236/3234/102 3235/3233/101 3223/3222/45
f 3237/3235/107 3236/3234/102 3224/3223/47
f 3238/3236/104 3237/3235/107 3225/3224/80
f 3239/3237/105 3238/3236/104 3226/3225/49
f 3240/3238/37 3239/3237/105 3227/3226/50
f 3242/3240/83 3241/3251/6 3229/3241/25
f 3231/3229/97 3243/3253/84 3242/3240/83
f 3244/3242/85 3243/3253/84 3231/3229/97
f 3245/3243/86 3244/3242/85 3232/3230/98
f 3246/3244/113 3245/3243/86 3233/3231/99
f 3247/3245/149 3246/3244/113 3234/3232/144
f 3248/3246/89 3247/3245/149 3235/3233/101
f 3249/3247/90 3248/3246/89 3236/3234/102
f 3238/3236/104 3250/3261/91 3249/3247/90
f 3251/3248/92 3250/3261/91 3238/3236/104
f 3252/3249/23 3251/3248/92 3239/3237/105
f 3254/3250/61 3253/3264/53 3241/3251/6
f 3255/3252/63 3254/3250/61 3242/3240/83
f 3256/3254/64 3255/3252/63 3243/3253/84
f 3257/3255/180 3256/3254/64 3244/3242/85
f 3258/3256/77 3257/3255/180 3245/3243/86
f 3259/3257/68 3258/3256/77 3246/3244/113
f 3260/3258/70 3259/3257/68 3247/3245/149
f 3261/3259/71 3260/3258/70 3248/3246/89
f 3262/3260/73 3261/3259/71 3249/3247/90
f 3263/3262/74 3262/3260/73 3250/3261/91
f 3264/3263/60 3263/3262/74 3251/3248/92
f 3194/3193/38 3193/3195/39 3253/3264/53
f 3195/3196/40 3194/3193/38 3254/3250/61
f 3256/3254/64 3196/3198/78 3195/3196/40
f 3197/3200/42 3196/3198/78 3256/3254/64
f 3198/3202/43 3197/3200/42 3257/3255/180
f 3199/3205/79 3198/3202/43 3258/3256/77
f 3200/3207/47 3199/3205/79 3259/3257/68
f 3201/3209/80 3200/3207/47 3260/3258/70
f 3202/3211/49 3201/3209/80 3261/3259/71
f 3263/3262/74 3203/3213/50 3202/3211/49
f 3204/3215/36 3203/3213/50 3263/3262/74
f 3278/3265/61 3277/3288/53 3265/3266/6
f 3279/3268/63 3278/3265/61 3266/3267/83
f 3280/3270/64 3279/3268/63 3267/3269/84
f 3281/3272/66 3280/3270/64 3268/3271/85
f 3282/3274/77 3281/3272/66 3269/3273/86
f 3283/3276/68 3282/3274/77 3270/3275/113
f 3284/3278/70 3283/3276/68 3271/3277/149
f 3285/3280/71 3284/3278/70 3272/3279/89
f 3274/3282/91 3286/3284/73 3285/3280/71
f 3275/3283/92 3287/3298/74 3286/3284/73
f 3288/3285/60 3287/3298/74 3275/3283/92
f 3290/3287/38 3289/3301/39 3277/3288/53
f 3291/3289/40 3290/3287/38 3278/3265/61
f 3292/3290/78 3291/3289/40 3279/3268/63
f 3293/3291/42 3292/3290/78 3280/3270/64
f 3294/3292/43 3293/3291/42 3281/3272/66
f 3295/3293/181 3294/3292/43 3282/3274/77
f 3296/3294/47 3295/3293/181 3283/3276/68
f 3297/3295/80 3296/3294/47 3284/3278/70
f 3298/3296/49 3297/3295/80 3285/3280/71
f 3299/3297/50 3298/3296/49 3286/3284/73
f 3300/3299/36 3299/3297/50 3287/3298/74
f 3302/3300/96 3301/3309/25 3289/3301/39
f 3303/3302/97 3302/3300/96 3290/3287/38
f 3304/3303/98 3303/3302/97 3291/3289/40
f 3305/3304/99 3304/3303/98 3292/3290/78
f 3294/3292/43 3306/3310/182 3305/3304/99
f 3307/3305/101 3306/3310/182 3294/3292/43
f 3296/3294/47 3308/3311/102 3307/3305/101
f 3309/3306/107 3308/3311/102 3296/3294/47
f 3310/3307/104 3309/3306/107 3297/3295/80
f 3311/3308/105 3310/3307/104 3298/3296/49
f 3300/3299/36 3312/3312/37 3311/3308/105
f 3266/3267/83 3265/3266/6 3301/3309/25
f 3267/3269/84 3266/3267/83 3302/3300/96
f 3268/3271/85 3267/3269/84 3303/3302/97
f 3269/3273/86 3268/3271/85 3304/3303/98
f 3270/3275/113 3269/3273/86 3305/3304/99
f 3271/3277/149 3270/3275/113 3306/3310/182
f 3272/3279/89 3271/3277/149 3307/3305/101
f 3273/3281/90 3272/3279/89 3308/3311/102
f 3274/3282/91 3273/3281/90 3309/3306/107
f 3275/3283/92 3274/3282/91 3310/3307/104
f 3276/3286/23 3275/3283/92 3311/3308/105
f 3314/3313/96 3326/3317/5 3325/3314/25
f 3315/3316/97 3327/3319/27 3326/3317/5
f 3316/3318/98 3328/3321/9 3327/3319/27
f 3317/3320/99 3329/3323/94 3328/3321/9
f 3318/3322/100 3330/3341/30 3329/3323/94
f 3331/3324/14 3330/3341/30 3318/3322/100
f 3332/3326/16 3331/3324/14 3319/3325/101
f 3333/3328/18 3332/3326/16 3320/3327/102
f 3334/3330/34 3333/3328/18 3321/3329/107
f 3335/3332/21 3334/3330/34 3322/3331/104
f 3336/3334/37 3335/3332/21 3323/3333/105
f 3338/3336/24 3337/3347/39 3325/3314/25
f 3339/3337/26 3338/3336/24 3326/3317/5
f 3340/3338/28 3339/3337/26 3327/3319/27
f 3341/3339/51 3340/3338/28 3328/3321/9
f 3342/3340/44 3341/3339/51 3329/3323/94
f 3331/3324/14 3343/3353/31 3342/3340/44
f 3344/3342/52 3343/3353/31 3331/3324/14
f 3345/3343/46 3344/3342/52 3332/3326/16
f 3334/3330/34 3346/3355/33 3345/3343/46
f 3347/3344/35 3346/3355/33 3334/3330/34
f 3348/3345/36 3347/3344/35 3335/3332/21
f 3350/3346/38 3349/3360/39 3337/3347/39
f 3351/3348/40 3350/3346/38 3338/3336/24
f 3352/3349/78 3351/3348/40 3339/3337/26
f 3353/3350/42 3352/3349/78 3340/3338/28
f 3354/3351/114 3353/3350/42 3341/3339/51
f 3355/3352/45 3354/3351/114 3342/3340/44
f 3344/3342/52 3356/3354/47 3355/3352/45
f 3345/3343/46 3357/3356/80 3356/3354/47
f 3346/3355/33 3358/3357/49 3357/3356/80
f 3347/3344/35 3359/3358/50 3358/3357/49
f 3348/3345/36 3360/3371/36 3359/3358/50
f 3350/3346/38 3362/3361/24 3361/3359/39
f 3351/3348/40 3363/3362/26 3362/3361/24
f 3352/3349/78 3364/3363/28 3363/3362/26
f 3353/3350/42 3365/3364/51 3364/3363/28
f 3354/3351/114 3366/3377/44 3365/3364/51
f 3367/3365/31 3366/3377/44 3354/3351/114
f 3368/3366/52 3367/3365/31 3355/3352/45
f 3369/3367/46 3368/3366/52 3356/3354/47
f 3370/3368/33 3369/3367/46 3357/3356/80
f 3371/3369/35 3370/3368/33 3358/3357/49
f 3372/3370/36 3371/3369/35 3359/3358/50
f 3374/3372/62 3373/3385/53 3361/3359/39
f 3375/3373/54 3374/3372/62 3362/3361/24
f 3376/3374/65 3375/3373/54 3363/3362/26
f 3377/3375/55 3376/3374/65 3364/3363/28
f 3378/3376/56 3377/3375/55 3365/3364/51
f 3379/3378/57 3378/3376/56 3366/3377/44
f 3380/3379/69 3379/3378/57 3367/3365/31
f 3381/3380/58 3380/3379/69 3368/3366/52
f 3382/3381/59 3381/3380/58 3369/3367/46
f 3383/3382/72 3382/3381/59 3370/3368/33
f 3384/3383/60 3383/3382/72 3371/3369/35
f 3386/3384/61 3385/3396/53 3373/3385/53
f 3387/3386/63 3386/3384/61 3374/3372/62
f 3388/3387/64 3387/3386/63 3375/3373/54
f 3389/3388/66 3388/3387/64 3376/3374/65
f 3390/3389/77 3389/3388/66 3377/3375/55
f 3391/3390/139 3390/3389/77 3378/3376/56
f 3380/3379/69 3392/3391/70 3391/3390/139
f 3381/3380/58 3393/3392/71 3392/3391/70
f 3382/3381/59 3394/3393/73 3393/3392/71
f 3383/3382/72 3395/3394/74 3394/3393/73
f 3384/3383/60 3396/3405/60 3395/3394/74
f 3398/3395/38 3397/3407/39 3385/3396/53
f 3399/3397/40 3398/3395/38 3386/3384/61
f 3388/3387/64 3400/3409/41 3399/3397/40
f 3401/3398/81 3400/3409/41 3388/3387/64
f 3402/3399/114 3401/3398/81 3389/3388/66
f 3403/3400/79 3402/3399/114 3390/3389/77
f 3404/3401/175 3403/3400/79 3391/3390/139
f 3405/3402/48 3404/3401/175 3392/3391/70
f 3406/3403/49 3405/3402/48 3393/3392/71
f 3395/3394/74 3407/3418/50 3406/3403/49
f 3408/3404/36 3407/3418/50 3395/3394/74
f 3398/3395/38 3410/3408/24 3409/3406/39
f 3399/3397/40 3411/3410/26 3410/3408/24
f 3400/3409/41 3412/3411/28 3411/3410/26
f 3401/3398/81 3413/3412/51 3412/3411/28
f 3402/3399/114 3414/3425/44 3413/3412/51
f 3415/3413/31 3414/3425/44 3402/3399/114
f 3416/3414/52 3415/3413/31 3403/3400/79
f 3417/3415/46 3416/3414/52 3404/3401/175
f 3418/3416/33 3417/3415/46 3405/3402/48
f 3419/3417/35 3418/3416/33 3406/3403/49
f 3420/3419/36 3419/3417/35 3407/3418/50
f 3422/3420/62 3421/3433/53 3409/3406/39
f 3423/3421/54 3422/3420/62 3410/3408/24
f 3424/3422/65 3423/3421/54 3411/3410/26
f 3425/3423/55 3424/3422/65 3412/3411/28
f 3426/3424/56 3425/3423/55 3413/3412/51
f 3427/3426/57 3426/3424/56 3414/3425/44
f 3428/3427/69 3427/3426/57 3415/3413/31
f 3429/3428/58 3428/3427/69 3416/3414/52
f 3430/3429/59 3429/3428/58 3417/3415/46
f 3431/3430/72 3430/3429/59 3418/3416/33
f 3432/3431/60 3431/3430/72 3419/3417/35
f 3434/3432/61 3433/3444/53 3421/3433/53
f 3435/3434/63 3434/3432/61 3422/3420/62
f 3436/3435/178 3435/3434/63 3423/3421/54
f 3437/3436/180 3436/3435/178 3424/3422/65
f 3438/3437/67 3437/3436/180 3425/3423/55
f 3439/3438/139 3438/3437/67 3426/3424/56
f 3428/3427/69 3440/3439/177 3439/3438/139
f 3429/3428/58 3441/3440/146 3440/3439/177
f 3430/3429/59 3442/3441/73 3441/3440/146
f 3431/3430/72 3443/3442/74 3442/3441/73
f 3432/3431/60 3444/3455/60 3443/3442/74
f 3434/3432/61 3446/3445/62 3445/3443/53
f 3435/3434/63 3447/3446/54 3446/3445/62
f 3436/3435/178 3448/3447/65 3447/3446/54
f 3437/3436/180 3449/3448/75 3448/3447/65
f 3438/3437/67 3450/3461/56 3449/3448/75
f 3451/3449/57 3450/3461/56 3438/3437/67
f 3452/3450/76 3451/3449/57 3439/3438/139
f 3453/3451/58 3452/3450/76 3440/3439/177
f 3454/3452/59 3453/3451/58 3441/3440/146
f 3455/3453/72 3454/3452/59 3442/3441/73
f 3456/3454/60 3455/3453/72 3443/3442/74
f 3458/3456/61 3457/3468/53 3445/3443/53
f 3459/3457/63 3458/3456/61 3446/3445/62
f 3460/3458/64 3459/3457/63 3447/3446/54
f 3461/3459/180 3460/3458/64 3448/3447/65
f 3462/3460/67 3461/3459/180 3449/3448/75
f 3463/3462/68 3462/3460/67 3450/3461/56
f 3452/3450/76 3464/3463/70 3463/3462/68
f 3453/3451/58 3465/3464/71 3464/3463/70
f 3454/3452/59 3466/3465/73 3465/3464/71
f 3455/3453/72 3467/3466/74 3466/3465/73
f 3456/3454/60 3468/3479/60 3467/3466/74
f 3458/3456/61 3470/3469/62 3469/3467/53
f 3459/3457/63 3471/3470/54 3470/3469/62
f 3460/3458/64 3472/3471/65 3471/3470/54
f 3461/3459/180 3473/3472/55 3472/3471/65
f 3462/3460/67 3474/3485/56 3473/3472/55
f 3475/3473/57 3474/3485/56 3462/3460/67
f 3476/3474/69 3475/3473/57 3463/3462/68
f 3477/3475/58 3476/3474/69 3464/3463/70
f 3478/3476/59 3477/3475/58 3465/3464/71
f 3479/3477/72 3478/3476/59 3466/3465/73
f 3480/3478/60 3479/3477/72 3467/3466/74
f 3482/3480/7 3481/3492/6 3469/3467/53
f 3483/3481/8 3482/3480/7 3470/3469/62
f 3484/3482/10 3483/3481/8 3471/3470/54
f 3485/3483/82 3484/3482/10 3472/3471/65
f 3486/3484/13 3485/3483/82 3473/3472/55
f 3487/3486/15 3486/3484/13 3474/3485/56
f 3476/3474/69 3488/3498/17 3487/3486/15
f 3489/3487/93 3488/3498/17 3476/3474/69
f 3490/3488/20 3489/3487/93 3477/3475/58
f 3491/3489/22 3490/3488/20 3478/3476/59
f 3492/3490/23 3491/3489/22 3479/3477/72
f 3494/3491/83 3493/3504/6 3481/3492/6
f 3495/3493/84 3494/3491/83 3482/3480/7
f 3496/3494/85 3495/3493/84 3483/3481/8
f 3497/3495/183 3496/3494/85 3484/3482/10
f 3498/3496/87 3497/3495/183 3485/3483/82
f 3499/3497/149 3498/3496/87 3486/3484/13
f 3488/3498/17 3500/3499/89 3499/3497/149
f 3489/3487/93 3501/3500/90 3500/3499/89
f 3490/3488/20 3502/3501/91 3501/3500/90
f 3491/3489/22 3503/3502/92 3502/3501/91
f 3492/3490/23 3504/3515/23 3503/3502/92
f 3494/3491/83 3506/3505/7 3505/3503/6
f 3495/3493/84 3507/3506/8 3506/3505/7
f 3496/3494/85 3508/3507/10 3507/3506/8
f 3497/3495/183 3509/3508/12 3508/3507/10
f 3498/3496/87 3510/3509/13 3509/3508/12
f 3499/3497/149 3511/3522/15 3510/3509/13
f 3512/3510/141 3511/3522/15 3499/3497/149
f 3513/3511/93 3512/3510/141 3500/3499/89
f 3514/3512/20 3513/3511/93 3501/3500/90
f 3515/3513/22 3514/3512/20 3502/3501/91
f 3516/3514/23 3515/3513/22 3503/3502/92
f 3518/3516/5 3517/3529/25 3505/3503/6
f 3519/3517/27 3518/3516/5 3506/3505/7
f 3520/3518/9 3519/3517/27 3507/3506/8
f 3521/3519/11 3520/3518/9 3508/3507/10
f 3522/3520/30 3521/3519/11 3509/3508/12
f 3523/3521/14 3522/3520/30 3510/3509/13
f 3524/3523/16 3523/3521/14 3511/3522/15
f 3525/3524/18 3524/3523/16 3512/3510/141
f 3526/3525/34 3525/3524/18 3513/3511/93
f 3527/3526/21 3526/3525/34 3514/3512/20
f 3528/3527/37 3527/3526/21 3515/3513/22
f 3530/3528/24 3529/3538/39 3517/3529/25
f 3531/3530/26 3530/3528/24 3518/3516/5
f 3532/3531/28 3531/3530/26 3519/3517/27
f 3521/3519/11 3533/3532/29 3532/3531/28
f 3522/3520/30 3534/3543/44 3533/3532/29
f 3535/3533/31 3534/3543/44 3522/3520/30
f 3524/3523/16 3536/3534/52 3535/3533/31
f 3525/3524/18 3537/3545/46 3536/3534/52
f 3538/3535/33 3537/3545/46 3525/3524/18
f 3539/3536/35 3538/3535/33 3526/3525/34
f 3528/3527/37 3540/3549/36 3539/3536/35
f 3542/3537/38 3541/3552/39 3529/3538/39
f 3543/3539/40 3542/3537/38 3530/3528/24
f 3544/3540/78 3543/3539/40 3531/3530/26
f 3545/3541/42 3544/3540/78 3532/3531/28
f 3546/3542/43 3545/3541/42 3533/3532/29
f 3547/3544/45 3546/3542/43 3534/3543/44
f 3536/3534/52 3548/3546/47 3547/3544/45
f 3537/3545/46 3549/3547/48 3548/3546/47
f 3538/3535/33 3550/3548/49 3549/3547/48
f 3539/3536/35 3551/3550/50 3550/3548/49
f 3540/3549/36 3552/3563/36 3551/3550/50
f 3542/3537/38 3554/3553/24 3553/3551/39
f 3543/3539/40 3555/3554/26 3554/3553/24
f 3544/3540/78 3556/3555/28 3555/3554/26
f 3545/3541/42 3557/3556/51 3556/3555/28
f 3546/3542/43 3558/3569/44 3557/3556/51
f 3559/3557/31 3558/3569/44 3546/3542/43
f 3560/3558/52 3559/3557/31 3547/3544/45
f 3561/3559/46 3560/3558/52 3548/3546/47
f 3562/3560/33 3561/3559/46 3549/3547/48
f 3563/3561/35 3562/3560/33 3550/3548/49
f 3564/3562/36 3563/3561/35 3551/3550/50
f 3566/3564/38 3565/3576/39 3553/3551/39
f 3567/3565/40 3566/3564/38 3554/3553/24
f 3568/3566/78 3567/3565/40 3555/3554/26
f 3569/3567/42 3568/3566/78 3556/3555/28
f 3570/3568/43 3569/3567/42 3557/3556/51
f 3571/3570/45 3570/3568/43 3558/3569/44
f 3560/3558/52 3572/3571/47 3571/3570/45
f 3561/3559/46 3573/3572/80 3572/3571/47
f 3562/3560/33 3574/3573/49 3573/3572/80
f 3563/3561/35 3575/3574/50 3574/3573/49
f 3564/3562/36 3576/3585/36 3575/3574/50
f 3578/3575/96 3577/3587/25 3565/3576/39
f 3579/3577/97 3578/3575/96 3566/3564/38
f 3580/3578/98 3579/3577/97 3567/3565/40
f 3569/3567/42 3581/3590/184 3580/3578/98
f 3582/3579/100 3581/3590/184 3569/3567/42
f 3583/3580/101 3582/3579/100 3570/3568/43
f 3572/3571/47 3584/3595/185 3583/3580/101
f 3585/3581/107 3584/3595/185 3572/3571/47
f 3586/3582/104 3585/3581/107 3573/3572/80
f 3587/3583/105 3586/3582/104 3574/3573/49
f 3588/3584/37 3587/3583/105 3575/3574/50
f 3578/3575/96 3590/3588/5 3589/3586/25
f 3579/3577/97 3591/3589/27 3590/3588/5
f 3580/3578/98 3592/3591/9 3591/3589/27
f 3581/3590/184 3593/3592/94 3592/3591/9
f 3582/3579/100 3594/3605/30 3593/3592/94
f 3595/3593/14 3594/3605/30 3582/3579/100
f 3596/3594/95 3595/3593/14 3583/3580/101
f 3597/3596/18 3596/3594/95 3584/3595/185
f 3598/3597/34 3597/3596/18 3585/3581/107
f 3599/3598/21 3598/3597/34 3586/3582/104
f 3600/3599/37 3599/3598/21 3587/3583/105
f 3602/3600/96 3601/3612/25 3589/3586/25
f 3603/3601/97 3602/3600/96 3590/3588/5
f 3604/3602/98 3603/3601/97 3591/3589/27
f 3605/3603/184 3604/3602/98 3592/3591/9
f 3606/3604/106 3605/3603/184 3593/3592/94
f 3607/3606/101 3606/3604/106 3594/3605/30
f 3596/3594/95 3608/3607/185 3607/3606/101
f 3597/3596/18 3609/3608/103 3608/3607/185
f 3598/3597/34 3610/3609/104 3609/3608/103
f 3599/3598/21 3611/3610/105 3610/3609/104
f 3600/3599/37 3612/3623/37 3611/3610/105
f 3614/3611/83 3613/3625/6 3601/3612/25
f 3615/3613/84 3614/3611/83 3602/3600/96
f 3616/3614/112 3615/3613/84 3603/3601/97
f 3617/3615/86 3616/3614/112 3604/3602/98
f 3618/3616/147 3617/3615/86 3605/3603/184
f 3619/3617/186 3618/3616/147 3606/3604/106
f 3620/3618/89 3619/3617/186 3607/3606/101
f 3621/3619/90 3620/3618/89 3608/3607/185
f 3622/3620/91 3621/3619/90 3609/3608/103
f 3623/3621/92 3622/3620/91 3610/3609/104
f 3624/3622/23 3623/3621/92 3611/3610/105
f 3614/3611/83 3626/3626/7 3625/3624/6
f 3615/3613/84 3627/3627/8 3626/3626/7
f 3616/3614/112 3628/3628/10 3627/3627/8
f 3617/3615/86 3629/3629/82 3628/3628/10
f 3618/3616/147 3630/3641/13 3629/3629/82
f 3631/3630/15 3630/3641/13 3618/3616/147
f 3632/3631/141 3631/3630/15 3619/3617/186
f 3633/3632/93 3632/3631/141 3620/3618/89
f 3634/3633/20 3633/3632/93 3621/3619/90
f 3635/3634/22 3634/3633/20 3622/3620/91
f 3636/3635/23 3635/3634/22 3623/3621/92
f 3638/3636/83 3637/3648/6 3625/3624/6
f 3639/3637/84 3638/3636/83 3626/3626/7
f 3640/3638/85 3639/3637/84 3627/3627/8
f 3641/3639/86 3640/3638/85 3628/3628/10
f 3642/3640/87 3641/3639/86 3629/3629/82
f 3643/3642/88 3642/3640/87 3630/3641/13
f 3632/3631/141 3644/3643/89 3643/3642/88
f 3633/3632/93 3645/3644/90 3644/3643/89
f 3634/3633/20 3646/3645/91 3645/3644/90
f 3635/3634/22 3647/3646/92 3646/3645/91
f 3636/3635/23 3648/3659/23 3647/3646/92
f 3638/3636/83 3650/3649/7 3649/3647/6
f 3639/3637/84 3651/3650/8 3650/3649/7
f 3640/3638/85 3652/3651/10 3651/3650/8
f 3641/3639/86 3653/3652/12 3652/3651/10
f 3642/3640/87 3654/3665/13 3653/3652/12
f 3655/3653/15 3654/3665/13 3642/3640/87
f 3656/3654/141 3655/3653/15 3643/3642/88
f 3657/3655/93 3656/3654/141 3644/3643/89
f 3658/3656/20 3657/3655/93 3645/3644/90
f 3659/3657/22 3658/3656/20 3646/3645/91
f 3660/3658/23 3659/3657/22 3647/3646/92
f 3662/3660/83 3661/3672/6 3649/3647/6
f 3663/3661/84 3662/3660/83 3650/3649/7
f 3664/3662/85 3663/3661/84 3651/3650/8
f 3665/3663/86 3664/3662/85 3652/3651/10
f 3666/3664/87 3665/3663/86 3653/3652/12
f 3667/3666/149 3666/3664/87 3654/3665/13
f 3656/3654/141 3668/3667/187 3667/3666/149
f 3657/3655/93 3669/3668/188 3668/3667/187
f 3658/3656/20 3670/3669/91 3669/3668/188
f 3659/3657/22 3671/3670/92 3670/3669/91
f 3660/3658/23 3672/3683/23 3671/3670/92
f 3662/3660/83 3674/3673/7 3673/3671/6
f 3663/3661/84 3675/3674/8 3674/3673/7
f 3664/3662/85 3676/3675/10 3675/3674/8
f 3665/3663/86 3677/3676/82 3676/3675/10
f 3666/3664/87 3678/3677/13 3677/3676/82
f 3667/3666/149 3679/3689/15 3678/3677/13
f 3680/3678/17 3679/3689/15 3667/3666/149
f 3681/3679/93 3680/3678/17 3668/3667/187
f 3682/3680/20 3681/3679/93 3669/3668/188
f 3683/3681/22 3682/3680/20 3670/3669/91
f 3684/3682/23 3683/3681/22 3671/3670/92
f 3686/3684/5 3685/3694/25 3673/3671/6
f 3687/3685/27 3686/3684/5 3674/3673/7
f 3676/3675/10 3688/3695/9 3687/3685/27
f 3689/3686/94 3688/3695/9 3676/3675/10
f 3690/3687/30 3689/3686/94 3677/3676/82
f 3691/3688/14 3690/3687/30 3678/3677/13
f 3692/3690/16 3691/3688/14 3679/3689/15
f 3693/3691/18 3692/3690/16 3680/3678/17
f 3694/3692/189 3693/3691/18 3681/3679/93
f 3683/3681/22 3695/3696/21 3694/3692/189
f 3696/3693/37 3695/3696/21 3683/3681/22
f 3314/3313/96 3313/3315/25 3685/3694/25
f 3315/3316/97 3314/3313/96 3686/3684/5
f 3316/3318/98 3315/3316/97 3687/3685/27
f 3317/3320/99 3316/3318/98 3688/3695/9
f 3318/3322/100 3317/3320/99 3689/3686/94
f 3319/3325/101 3318/3322/100 3690/3687/30
f 3692/3690/16 3320/3327/102 3319/3325/101
f 3693/3691/18 3321/3329/107 3320/3327/102
f 3694/3692/189 3322/3331/104 3321/3329/107
f 3695/3696/21 3323/3333/105 3322/3331/104
f 3696/3693/37 3324/3335/37 3323/3333/105
f 3710/3697/83 3709/3721/6 3697/3698/25
f 3711/3700/84 3710/3697/83 3698/3699/96
f 3712/3702/85 3711/3700/84 3699/3701/97
f 3713/3704/86 3712/3702/85 3700/3703/98
f 3714/3706/87 3713/3704/86 3701/3705/184
f 3715/3708/109 3714/3706/87 3702/3707/144
f 3716/3710/187 3715/3708/109 3703/3709/101
f 3717/3712/90 3716/3710/187 3704/3711/185
f 3718/3714/91 3717/3712/90 3705/3713/107
f 3719/3716/92 3718/3714/91 3706/3715/104
f 3720/3718/23 3719/3716/92 3707/3717/105
f 3722/3720/61 3721/3731/53 3709/3721/6
f 3723/3722/63 3722/3720/61 3710/3697/83
f 3724/3723/64 3723/3722/63 3711/3700/84
f 3725/3724/66 3724/3723/64 3712/3702/85
f 3714/3706/87 3726/3735/67 3725/3724/66
f 3727/3725/174 3726/3735/67 3714/3706/87
f 3728/3726/70 3727/3725/174 3715/3708/109
f 3717/3712/90 3729/3740/71 3728/3726/70
f 3730/3727/73 3729/3740/71 3717/3712/90
f 3731/3728/74 3730/3727/73 3718/3714/91
f 3732/3729/60 3731/3728/74 3719/3716/92
f 3722/3720/61 3734/3732/62 3733/3730/53
f 3723/3722/63 3735/3733/54 3734/3732/62
f 3724/3723/64 3736/3734/65 3735/3733/54
f 3725/3724/66 3737/3736/55 3736/3734/65
f 3726/3735/67 3738/3749/56 3737/3736/55
f 3739/3737/57 3738/3749/56 3726/3735/67
f 3740/3738/69 3739/3737/57 3727/3725/174
f 3741/3739/58 3740/3738/69 3728/3726/70
f 3742/3741/59 3741/3739/58 3729/3740/71
f 3743/3742/72 3742/3741/59 3730/3727/73
f 3744/3743/60 3743/3742/72 3731/3728/74
f 3746/3744/61 3745/3756/53 3733/3730/53
f 3747/3745/63 3746/3744/61 3734/3732/62
f 3748/3746/64 3747/3745/63 3735/3733/54
f 3749/3747/66 3748/3746/64 3736/3734/65
f 3750/3748/77 3749/3747/66 3737/3736/55
f 3739/3737/57 3751/3750/68 3750/3748/77
f 3740/3738/69 3752/3751/70 3751/3750/68
f 3741/3739/58 3753/3752/71 3752/3751/70
f 3742/3741/59 3754/3753/73 3753/3752/71
f 3743/3742/72 3755/3754/74 3754/3753/73
f 3744/3743/60 3756/3765/60 3755/3754/74
f 3758/3755/38 3757/3767/39 3745/3756/53
f 3759/3757/40 3758/3755/38 3746/3744/61
f 3748/3746/64 3760/3770/78 3759/3757/40
f 3761/3758/42 3760/3770/78 3748/3746/64
f 3762/3759/43 3761/3758/42 3749/3747/66
f 3763/3760/45 3762/3759/43 3750/3748/77
f 3764/3761/175 3763/3760/45 3751/3750/68
f 3765/3762/80 3764/3761/175 3752/3751/70
f 3766/3763/49 3765/3762/80 3753/3752/71
f 3755/3754/74 3767/3776/50 3766/3763/49
f 3768/3764/36 3767/3776/50 3755/3754/74
f 3770/3766/96 3769/3778/25 3757/3767/39
f 3771/3768/97 3770/3766/96 3758/3755/38
f 3772/3769/143 3771/3768/97 3759/3757/40
f 3773/3771/184 3772/3769/143 3760/3770/78
f 3762/3759/43 3774/3782/100 3773/3771/184
f 3775/3772/101 3774/3782/100 3762/3759/43
f 3764/3761/175 3776/3786/102 3775/3772/101
f 3777/3773/107 3776/3786/102 3764/3761/175
f 3778/3774/104 3777/3773/107 3765/3762/80
f 3779/3775/105 3778/3774/104 3766/3763/49
f 3768/3764/36 3780/3791/37 3779/3775/105
f 3770/3766/96 3782/3779/5 3781/3777/25
f 3771/3768/97 3783/3780/27 3782/3779/5
f 3772/3769/143 3784/3781/9 3783/3780/27
f 3773/3771/184 3785/3783/11 3784/3781/9
f 3774/3782/100 3786/3792/30 3785/3783/11
f 3787/3784/14 3786/3792/30 3774/3782/100
f 3788/3785/16 3787/3784/14 3775/3772/101
f 3789/3787/18 3788/3785/16 3776/3786/102
f 3790/3788/34 3789/3787/18 3777/3773/107
f 3791/3789/21 3790/3788/34 3778/3774/104
f 3792/3790/37 3791/3789/21 3779/3775/105
f 3698/3699/96 3697/3698/25 3781/3777/25
f 3699/3701/97 3698/3699/96 3782/3779/5
f 3700/3703/98 3699/3701/97 3783/3780/27
f 3701/3705/184 3700/3703/98 3784/3781/9
f 3702/3707/144 3701/3705/184 3785/3783/11
f 3703/3709/101 3702/3707/144 3786/3792/30
f 3788/3785/16 3704/3711/185 3703/3709/101
f 3789/3787/18 3705/3713/107 3704/3711/185
f 3790/3788/34 3706/3715/104 3705/3713/107
f 3791/3789/21 3707/3717/105 3706/3715/104
f 3792/3790/37 3708/3719/37 3707/3717/105
f 3806/3793/7 3805/3816/6 3793/3794/53
f 3807/3796/8 3806/3793/7 3794/3795/62
f 3808/3798/10 3807/3796/8 3795/3797/54
f 3809/3800/82 3808/3798/10 3796/3799/65
f 3810/3802/13 3809/3800/82 3797/3801/55
f 3811/3804/15 3810/3802/13 3798/3803/56
f 3800/3806/69 3812/3823/17 3811/3804/15
f 3813/3807/93 3812/3823/17 3800/3806/69
f 3814/3809/20 3813/3807/93 3801/3808/58
f 3815/3811/22 3814/3809/20 3802/3810/59
f 3816/3813/23 3815/3811/22 3803/3812/72
f 3818/3815/5 3817/3829/25 3805/3816/6
f 3819/3817/27 3818/3815/5 3806/3793/7
f 3820/3818/9 3819/3817/27 3807/3796/8
f 3821/3819/94 3820/3818/9 3808/3798/10
f 3822/3820/30 3821/3819/94 3809/3800/82
f 3823/3821/14 3822/3820/30 3810/3802/13
f 3824/3822/95 3823/3821/14 3811/3804/15
f 3825/3824/18 3824/3822/95 3812/3823/17
f 3826/3825/34 3825/3824/18 3813/3807/93
f 3827/3826/21 3826/3825/34 3814/3809/20
f 3828/3827/37 3827/3826/21 3815/3811/22
f 3830/3828/96 3829/3840/25 3817/3829/25
f 3831/3830/97 3830/3828/96 3818/3815/5
f 3832/3831/98 3831/3830/97 3819/3817/27
f 3833/3832/99 3832/3831/98 3820/3818/9
f 3834/3833/100 3833/3832/99 3821/3819/94
f 3835/3834/101 3834/3833/100 3822/3820/30
f 3824/3822/95 3836/3835/185 3835/3834/101
f 3825/3824/18 3837/3836/107 3836/3835/185
f 3826/3825/34 3838/3837/104 3837/3836/107
f 3827/3826/21 3839/3838/105 3838/3837/104
f 3828/3827/37 3840/3851/37 3839/3838/105
f 3830/3828/96 3842/3841/5 3841/3839/25
f 3831/3830/97 3843/3842/27 3842/3841/5
f 3832/3831/98 3844/3843/9 3843/3842/27
f 3833/3832/99 3845/3844/11 3844/3843/9
f 3834/3833/100 3846/3856/30 3845/3844/11
f 3847/3845/14 3846/3856/30 3834/3833/100
f 3848/3846/95 3847/3845/14 3835/3834/101
f 3849/3847/18 3848/3846/95 3836/3835/185
f 3850/3848/34 3849/3847/18 3837/3836/107
f 3851/3849/21 3850/3848/34 3838/3837/104
f 3852/3850/37 3851/3849/21 3839/3838/105
f 3854/3852/24 3853/3862/39 3841/3839/25
f 3855/3853/26 3854/3852/24 3842/3841/5
f 3856/3854/28 3855/3853/26 3843/3842/27
f 3845/3844/11 3857/3863/29 3856/3854/28
f 3858/3855/44 3857/3863/29 3845/3844/11
f 3859/3857/31 3858/3855/44 3846/3856/30
f 3860/3858/52 3859/3857/31 3847/3845/14
f 3849/3847/18 3861/3859/46 3860/3858/52
f 3850/3848/34 3862/3864/33 3861/3859/46
f 3863/3860/35 3862/3864/33 3850/3848/34
f 3864/3861/36 3863/3860/35 3851/3849/21
f 3794/3795/62 3793/3794/53 3853/3862/39
f 3795/3797/54 3794/3795/62 3854/3852/24
f 3796/3799/65 3795/3797/54 3855/3853/26
f 3797/3801/55 3796/3799/65 3856/3854/28
f 3798/3803/56 3797/3801/55 3857/3863/29
f 3799/3805/57 3798/3803/56 3858/3855/44
f 3800/3806/69 3799/3805/57 3859/3857/31
f 3801/3808/58 3800/3806/69 3860/3858/52
f 3802/3810/59 3801/3808/58 3861/3859/46
f 3803/3812/72 3802/3810/59 3862/3864/33
f 3804/3814/60 3803/3812/72 3863/3860/35
f 3866/3865/96 3878/3869/5 3877/3866/25
f 3867/3868/97 3879/3871/27 3878/3869/5
f 3868/3870/98 3880/3873/9 3879/3871/27
f 3869/3872/99 3881/3875/11 3880/3873/9
f 3870/3874/144 3882/3892/30 3881/3875/11
f 3883/3876/14 3882/3892/30 3870/3874/144
f 3884/3878/95 3883/3876/14 3871/3877/101
f 3885/3880/18 3884/3878/95 3872/3879/102
f 3886/3882/34 3885/3880/18 3873/3881/107
f 3887/3884/21 3886/3882/34 3874/3883/104
f 3888/3886/37 3887/3884/21 3875/3885/105
f 3890/3888/24 3889/3899/39 3877/3866/25
f 3891/3889/26 3890/3888/24 3878/3869/5
f 3892/3890/28 3891/3889/26 3879/3871/27
f 3881/3875/11 3893/3902/29 3892/3890/28
f 3894/3891/44 3893/3902/29 3881/3875/11
f 3895/3893/31 3894/3891/44 3882/3892/30
f 3896/3894/52 3895/3893/31 3883/3876/14
f 3885/3880/18 3897/3907/46 3896/3894/52
f 3898/3895/33 3897/3907/46 3885/3880/18
f 3899/3896/35 3898/3895/33 3886/3882/34
f 3900/3897/36 3899/3896/35 3887/3884/21
f 3902/3898/62 3901/3911/53 3889/3899/39
f 3891/3889/26 3903/3913/54 3902/3898/62
f 3904/3900/65 3903/3913/54 3891/3889/26
f 3905/3901/75 3904/3900/65 3892/3890/28
f 3906/3903/56 3905/3901/75 3893/3902/29
f 3907/3904/57 3906/3903/56 3894/3891/44
f 3908/3905/69 3907/3904/57 3895/3893/31
f 3909/3906/58 3908/3905/69 3896/3894/52
f 3898/3895/33 3910/3921/59 3909/3906/58
f 3911/3908/72 3910/3921/59 3898/3895/33
f 3912/3909/60 3911/3908/72 3899/3896/35
f 3914/3910/7 3913/3925/6 3901/3911/53
f 3915/3912/8 3914/3910/7 3902/3898/62
f 3916/3914/10 3915/3912/8 3903/3913/54
f 3917/3915/82 3916/3914/10 3904/3900/65
f 3918/3916/13 3917/3915/82 3905/3901/75
f 3919/3917/15 3918/3916/13 3906/3903/56
f 3920/3918/17 3919/3917/15 3907/3904/57
f 3921/3919/93 3920/3918/17 3908/3905/69
f 3922/3920/20 3921/3919/93 3909/3906/58
f 3923/3922/22 3922/3920/20 3910/3921/59
f 3924/3923/23 3923/3922/22 3911/3908/72
f 3926/3924/83 3925/3936/6 3913/3925/6
f 3927/3926/84 3926/3924/83 3914/3910/7
f 3928/3927/85 3927/3926/84 3915/3912/8
f 3929/3928/86 3928/3927/85 3916/3914/10
f 3930/3929/87 3929/3928/86 3917/3915/82
f 3931/3930/88 3930/3929/87 3918/3916/13
f 3920/3918/17 3932/3931/89 3931/3930/88
f 3921/3919/93 3933/3932/90 3932/3931/89
f 3922/3920/20 3934/3933/91 3933/3932/90
f 3923/3922/22 3935/3934/92 3934/3933/91
f 3924/3923/23 3936/3947/23 3935/3934/92
f 3926/3924/83 3938/3937/7 3937/3935/6
f 3927/3926/84 3939/3938/8 3938/3937/7
f 3928/3927/85 3940/3939/10 3939/3938/8
f 3929/3928/86 3941/3940/82 3940/3939/10
f 3930/3929/87 3942/3953/13 3941/3940/82
f 3943/3941/15 3942/3953/13 3930/3929/87
f 3944/3942/141 3943/3941/15 3931/3930/88
f 3945/3943/93 3944/3942/141 3932/3931/89
f 3946/3944/20 3945/3943/93 3933/3932/90
f 3947/3945/22 3946/3944/20 3934/3933/91
f 3948/3946/23 3947/3945/22 3935/3934/92
f 3950/3948/83 3949/3960/6 3937/3935/6
f 3951/3949/84 3950/3948/83 3938/3937/7
f 3952/3950/85 3951/3949/84 3939/3938/8
f 3953/3951/86 3952/3950/85 3940/3939/10
f 3954/3952/87 3953/3951/86 3941/3940/82
f 3955/3954/88 3954/3952/87 3942/3953/13
f 3944/3942/141 3956/3955/110 3955/3954/88
f 3945/3943/93 3957/3956/188 3956/3955/110
f 3946/3944/20 3958/3957/91 3957/3956/188
f 3947/3945/22 3959/3958/92 3958/3957/91
f 3948/3946/23 3960/3971/23 3959/3958/92
f 3962/3959/61 3961/3973/53 3949/3960/6
f 3963/3961/63 3962/3959/61 3950/3948/83
f 3964/3962/64 3963/3961/63 3951/3949/84
f 3965/3963/180 3964/3962/64 3952/3950/85
f 3966/3964/67 3965/3963/180 3953/3951/86
f 3967/3965/68 3966/3964/67 3954/3952/87
f 3968/3966/70 3967/3965/68 3955/3954/88
f 3969/3967/71 3968/3966/70 3956/3955/110
f 3970/3968/73 3969/3967/71 3957/3956/188
f 3971/3969/74 3970/3968/73 3958/3957/91
f 3972/3970/60 3971/3969/74 3959/3958/92
f 3962/3959/61 3974/3974/62 3973/3972/53
f 3963/3961/63 3975/3975/54 3974/3974/62
f 3964/3962/64 3976/3976/65 3975/3975/54
f 3965/3963/180 3977/3977/55 3976/3976/65
f 3966/3964/67 3978/3989/56 3977/3977/55
f 3979/3978/57 3978/3989/56 3966/3964/67
f 3980/3979/69 3979/3978/57 3967/3965/68
f 3981/3980/58 3980/3979/69 3968/3966/70
f 3982/3981/59 3981/3980/58 3969/3967/71
f 3983/3982/72 3982/3981/59 3970/3968/73
f 3984/3983/60 3983/3982/72 3971/3969/74
f 3986/3984/61 3985/3996/53 3973/3972/53
f 3987/3985/63 3986/3984/61 3974/3974/62
f 3988/3986/64 3987/3985/63 3975/3975/54
f 3989/3987/66 3988/3986/64 3976/3976/65
f 3990/3988/67 3989/3987/66 3977/3977/55
f 3991/3990/68 3990/3988/67 3978/3989/56
f 3980/3979/69 3992/3991/70 3991/3990/68
f 3981/3980/58 3993/3992/71 3992/3991/70
f 3982/3981/59 3994/3993/73 3993/3992/71
f 3983/3982/72 3995/3994/74 3994/3993/73
f 3984/3983/60 3996/4007/60 3995/3994/74
f 3986/3984/61 3998/3997/62 3997/3995/53
f 3987/3985/63 3999/3998/54 3998/3997/62
f 3988/3986/64 4000/3999/65 3999/3998/54
f 3989/3987/66 4001/4000/55 4000/3999/65
f 3990/3988/67 4002/4013/56 4001/4000/55
f 4003/4001/57 4002/4013/56 3990/3988/67
f 4004/4002/69 4003/4001/57 3991/3990/68
f 4005/4003/58 4004/4002/69 3992/3991/70
f 4006/4004/59 4005/4003/58 3993/3992/71
f 4007/4005/72 4006/4004/59 3994/3993/73
f 4008/4006/60 4007/4005/72 3995/3994/74
f 4010/4008/7 4009/4020/6 3997/3995/53
f 4011/4009/8 4010/4008/7 3998/3997/62
f 4012/4010/10 4011/4009/8 3999/3998/54
f 4013/4011/12 4012/4010/10 4000/3999/65
f 4014/4012/13 4013/4011/12 4001/4000/55
f 4015/4014/15 4014/4012/13 4002/4013/56
f 4004/4002/69 4016/4026/17 4015/4014/15
f 4017/4015/93 4016/4026/17 4004/4002/69
f 4018/4016/20 4017/4015/93 4005/4003/58
f 4019/4017/22 4018/4016/20 4006/4004/59
f 4020/4018/23 4019/4017/22 4007/4005/72
f 4022/4019/83 4021/4032/6 4009/4020/6
f 4023/4021/84 4022/4019/83 4010/4008/7
f 4024/4022/85 4023/4021/84 4011/4009/8
f 4025/4023/86 4024/4022/85 4012/4010/10
f 4026/4024/87 4025/4023/86 4013/4011/12
f 4027/4025/149 4026/4024/87 4014/4012/13
f 4016/4026/17 4028/4027/89 4027/4025/149
f 4017/4015/93 4029/4028/90 4028/4027/89
f 4018/4016/20 4030/4029/91 4029/4028/90
f 4019/4017/22 4031/4030/92 4030/4029/91
f 4020/4018/23 4032/4043/23 4031/4030/92
f 4022/4019/83 4034/4033/7 4033/4031/6
f 4023/4021/84 4035/4034/8 4034/4033/7
f 4024/4022/85 4036/4035/10 4035/4034/8
f 4025/4023/86 4037/4036/82 4036/4035/10
f 4026/4024/87 4038/4037/13 4037/4036/82
f 4027/4025/149 4039/4049/15 4038/4037/13
f 4040/4038/141 4039/4049/15 4027/4025/149
f 4041/4039/93 4040/4038/141 4028/4027/89
f 4042/4040/20 4041/4039/93 4029/4028/90
f 4043/4041/22 4042/4040/20 4030/4029/91
f 4044/4042/23 4043/4041/22 4031/4030/92
f 4046/4044/5 4045/4055/25 4033/4031/6
f 4047/4045/27 4046/4044/5 4034/4033/7
f 4036/4035/10 4048/4058/9 4047/4045/27
f 4049/4046/11 4048/4058/9 4036/4035/10
f 4050/4047/30 4049/4046/11 4037/4036/82
f 4051/4048/14 4050/4047/30 4038/4037/13
f 4052/4050/16 4051/4048/14 4039/4049/15
f 4053/4051/18 4052/4050/16 4040/4038/141
f 4054/4052/34 4053/4051/18 4041/4039/93
f 4043/4041/22 4055/4065/21 4054/4052/34
f 4056/4053/37 4055/4065/21 4043/4041/22
f 4058/4054/24 4057/4068/39 4045/4055/25
f 4059/4056/26 4058/4054/24 4046/4044/5
f 4060/4057/28 4059/4056/26 4047/4045/27
f 4061/4059/51 4060/4057/28 4048/4058/9
f 4050/4047/30 4062/4072/44 4061/4059/51
f 4063/4060/31 4062/4072/44 4050/4047/30
f 4064/4061/32 4063/4060/31 4051/4048/14
f 4065/4062/46 4064/4061/32 4052/4050/16
f 4066/4063/33 4065/4062/46 4053/4051/18
f 4067/4064/35 4066/4063/33 4054/4052/34
f 4068/4066/36 4067/4064/35 4055/4065/21
f 4070/4067/62 4069/4079/53 4057/4068/39
f 4059/4056/26 4071/4081/54 4070/4067/62
f 4072/4069/65 4071/4081/54 4059/4056/26
f 4073/4070/75 4072/4069/65 4060/4057/28
f 4074/4071/56 4073/4070/75 4061/4059/51
f 4075/4073/57 4074/4071/56 4062/4072/44
f 4076/4074/69 4075/4073/57 4063/4060/31
f 4077/4075/58 4076/4074/69 4064/4061/32
f 4066/4063/33 4078/4087/59 4077/4075/58
f 4079/4076/72 4078/4087/59 4066/4063/33
f 4080/4077/60 4079/4076/72 4067/4064/35
f 4082/4078/61 4081/4092/53 4069/4079/53
f 4083/4080/63 4082/4078/61 4070/4067/62
f 4084/4082/178 4083/4080/63 4071/4081/54
f 4085/4083/176 4084/4082/178 4072/4069/65
f 4086/4084/77 4085/4083/176 4073/4070/75
f 4087/4085/68 4086/4084/77 4074/4071/56
f 4076/4074/69 4088/4086/177 4087/4085/68
f 4077/4075/58 4089/4088/146 4088/4086/177
f 4078/4087/59 4090/4089/73 4089/4088/146
f 4079/4076/72 4091/4090/74 4090/4089/73
f 4080/4077/60 4092/4103/60 4091/4090/74
f 4094/4091/38 4093/4105/39 4081/4092/53
f 4095/4093/40 4094/4091/38 4082/4078/61
f 4096/4094/78 4095/4093/40 4083/4080/63
f 4097/4095/42 4096/4094/78 4084/4082/178
f 4098/4096/43 4097/4095/42 4085/4083/176
f 4099/4097/45 4098/4096/43 4086/4084/77
f 4100/4098/47 4099/4097/45 4087/4085/68
f 4101/4099/80 4100/4098/47 4088/4086/177
f 4102/4100/49 4101/4099/80 4089/4088/146
f 4103/4101/50 4102/4100/49 4090/4089/73
f 4104/4102/36 4103/4101/50 4091/4090/74
f 4106/4104/96 4105/4115/25 4093/4105/39
f 4107/4106/97 4106/4104/96 4094/4091/38
f 4108/4107/98 4107/4106/97 4095/4093/40
f 4097/4095/42 4109/4118/99 4108/4107/98
f 4110/4108/100 4109/4118/99 4097/4095/42
f 4111/4109/101 4110/4108/100 4098/4096/43
f 4100/4098/47 4112/4123/102 4111/4109/101
f 4113/4110/107 4112/4123/102 4100/4098/47
f 4114/4111/104 4113/4110/107 4101/4099/80
f 4115/4112/105 4114/4111/104 4102/4100/49
f 4116/4113/37 4115/4112/105 4103/4101/50
f 4106/4104/96 4118/4116/5 4117/4114/25
f 4107/4106/97 4119/4117/27 4118/4116/5
f 4108/4107/98 4120/4119/9 4119/4117/27
f 4109/4118/99 4121/4120/94 4120/4119/9
f 4110/4108/100 4122/4133/30 4121/4120/94
f 4123/4121/14 4122/4133/30 4110/4108/100
f 4124/4122/95 4123/4121/14 4111/4109/101
f 4125/4124/18 4124/4122/95 4112/4123/102
f 4126/4125/34 4125/4124/18 4113/4110/107
f 4127/4126/21 4126/4125/34 4114/4111/104
f 4128/4127/37 4127/4126/21 4115/4112/105
f 4130/4128/96 4129/4140/25 4117/4114/25
f 4131/4129/97 4130/4128/96 4118/4116/5
f 4132/4130/98 4131/4129/97 4119/4117/27
f 4133/4131/99 4132/4130/98 4120/4119/9
f 4134/4132/144 4133/4131/99 4121/4120/94
f 4135/4134/101 4134/4132/144 4122/4133/30
f 4124/4122/95 4136/4135/102 4135/4134/101
f 4125/4124/18 4137/4136/107 4136/4135/102
f 4126/4125/34 4138/4137/104 4137/4136/107
f 4127/4126/21 4139/4138/105 4138/4137/104
f 4128/4127/37 4140/4151/37 4139/4138/105
f 4130/4128/96 4142/4141/5 4141/4139/25
f 4131/4129/97 4143/4142/190 4142/4141/5
f 4132/4130/98 4144/4143/9 4143/4142/190
f 4133/4131/99 4145/4144/11 4144/4143/9
f 4134/4132/144 4146/4156/30 4145/4144/11
f 4147/4145/14 4146/4156/30 4134/4132/144
f 4148/4146/16 4147/4145/14 4135/4134/101
f 4149/4147/18 4148/4146/16 4136/4135/102
f 4150/4148/34 4149/4147/18 4137/4136/107
f 4151/4149/21 4150/4148/34 4138/4137/104
f 4152/4150/37 4151/4149/21 4139/4138/105
f 4154/4152/24 4153/4163/39 4141/4139/25
f 4155/4153/26 4154/4152/24 4142/4141/5
f 4156/4154/28 4155/4153/26 4143/4142/190
f 4145/4144/11 4157/4167/51 4156/4154/28
f 4158/4155/44 4157/4167/51 4145/4144/11
f 4159/4157/31 4158/4155/44 4146/4156/30
f 4160/4158/52 4159/4157/31 4147/4145/14
f 4149/4147/18 4161/4170/46 4160/4158/52
f 4162/4159/33 4161/4170/46 4149/4147/18
f 4163/4160/35 4162/4159/33 4150/4148/34
f 4164/4161/36 4163/4160/35 4151/4149/21
f 4166/4162/38 4165/4176/39 4153/4163/39
f 4167/4164/40 4166/4162/38 4154/4152/24
f 4168/4165/78 4167/4164/40 4155/4153/26
f 4169/4166/42 4168/4165/78 4156/4154/28
f 4170/4168/43 4169/4166/42 4157/4167/51
f 4171/4169/45 4170/4168/43 4158/4155/44
f 4160/4158/52 4172/4171/47 4171/4169/45
f 4161/4170/46 4173/4172/80 4172/4171/47
f 4162/4159/33 4174/4173/49 4173/4172/80
f 4163/4160/35 4175/4174/50 4174/4173/49
f 4164/4161/36 4176/4187/36 4175/4174/50
f 4166/4162/38 4178/4177/24 4177/4175/39
f 4167/4164/40 4179/4178/26 4178/4177/24
f 4168/4165/78 4180/4179/28 4179/4178/26
f 4169/4166/42 4181/4180/51 4180/4179/28
f 4170/4168/43 4182/4193/44 4181/4180/51
f 4183/4181/31 4182/4193/44 4170/4168/43
f 4184/4182/52 4183/4181/31 4171/4169/45
f 4185/4183/46 4184/4182/52 4172/4171/47
f 4186/4184/33 4185/4183/46 4173/4172/80
f 4187/4185/35 4186/4184/33 4174/4173/49
f 4188/4186/36 4187/4185/35 4175/4174/50
f 4190/4188/38 4189/4199/39 4177/4175/39
f 4191/4189/40 4190/4188/38 4178/4177/24
f 4192/4190/78 4191/4189/40 4179/4178/26
f 4193/4191/42 4192/4190/78 4180/4179/28
f 4194/4192/43 4193/4191/42 4181/4180/51
f 4195/4194/45 4194/4192/43 4182/4193/44
f 4184/4182/52 4196/4195/47 4195/4194/45
f 4185/4183/46 4197/4196/80 4196/4195/47
f 4186/4184/33 4198/4197/49 4197/4196/80
f 4187/4185/35 4199/4198/50 4198/4197/49
f 4188/4186/36 4200/4200/36 4199/4198/50
f 3866/3865/96 3865/3867/25 4189/4199/39
f 4191/4189/40 3867/3868/97 3866/3865/96
f 3868/3870/98 3867/3868/97 4191/4189/40
f 3869/3872/99 3868/3870/98 4192/4190/78
f 3870/3874/144 3869/3872/99 4193/4191/42
f 3871/3877/101 3870/3874/144 4194/4192/43
f 3872/3879/102 3871/3877/101 4195/4194/45
f 3873/3881/107 3872/3879/102 4196/4195/47
f 3874/3883/104 3873/3881/107 4197/4196/80
f 3875/3885/105 3874/3883/104 4198/4197/49
f 3876/3887/37 3875/3885/105 4199/4198/50
f 4214/4201/38 4213/4225/39 4201/4202/53
f 4215/4204/40 4214/4201/38 4202/4203/61
f 4216/4206/41 4215/4204/40 4203/4205/63
f 4217/4208/81 4216/4206/41 4204/4207/178
f 4218/4210/43 4217/4208/81 4205/4209/180
f 4219/4212/79 4218/4210/43 4206/4211/77
f 4220/4214/175 4219/4212/79 4207/4213/191
f 4221/4216/48 4220/4214/175 4208/4215/177
f 4222/4218/49 4221/4216/48 4209/4217/71
f 4223/4220/50 4222/4218/49 4210/4219/73
f 4224/4222/36 4223/4220/50 4211/4221/74
f 4226/4224/96 4225/4234/25 4213/4225/39
f 4227/4226/97 4226/4224/96 4214/4201/38
f 4228/4227/98 4227/4226/97 4215/4204/40
f 4229/4228/99 4228/4227/98 4216/4206/41
f 4218/4210/43 4230/4239/100 4229/4228/99
f 4231/4229/101 4230/4239/100 4218/4210/43
f 4232/4230/102 4231/4229/101 4219/4212/79
f 4221/4216/48 4233/4243/107 4232/4230/102
f 4234/4231/104 4233/4243/107 4221/4216/48
f 4235/4232/105 4234/4231/104 4222/4218/49
f 4224/4222/36 4236/4247/37 4235/4232/105
f 4238/4233/83 4237/4248/6 4225/4234/25
f 4239/4235/84 4238/4233/83 4226/4224/96
f 4240/4236/85 4239/4235/84 4227/4226/97
f 4241/4237/86 4240/4236/85 4228/4227/98
f 4242/4238/192 4241/4237/86 4229/4228/99
f 4243/4240/149 4242/4238/192 4230/4239/100
f 4244/4241/187 4243/4240/149 4231/4229/101
f 4245/4242/90 4244/4241/187 4232/4230/102
f 4246/4244/91 4245/4242/90 4233/4243/107
f 4247/4245/92 4246/4244/91 4234/4231/104
f 4248/4246/23 4247/4245/92 4235/4232/105
f 4202/4203/61 4201/4202/53 4237/4248/6
f 4203/4205/63 4202/4203/61 4238/4233/83
f 4204/4207/178 4203/4205/63 4239/4235/84
f 4241/4237/86 4205/4209/180 4204/4207/178
f 4206/4211/77 4205/4209/180 4241/4237/86
f 4243/4240/149 4207/4213/191 4206/4211/77
f 4208/4215/177 4207/4213/191 4243/4240/149
f 4209/4217/71 4208/4215/177 4244/4241/187
f 4246/4244/91 4210/4219/73 4209/4217/71
f 4247/4245/92 4211/4221/74 4210/4219/73
f 4212/4223/60 4211/4221/74 4247/4245/92
f 4262/4249/5 4261/4273/25 4249/4250/6
f 4263/4252/27 4262/4249/5 4250/4251/7
f 4264/4254/9 4263/4252/27 4251/4253/8
f 4265/4256/11 4264/4254/9 4252/4255/10
f 4266/4258/30 4265/4256/11 4253/4257/82
f 4267/4260/14 4266/4258/30 4254/4259/13
f 4268/4262/16 4267/4260/14 4255/4261/15
f 4269/4264/18 4268/4262/16 4256/4263/141
f 4270/4266/34 4269/4264/18 4257/4265/93
f 4271/4268/21 4270/4266/34 4258/4267/20
f 4272/4270/37 4271/4268/21 4259/4269/22
f 4274/4272/24 4273/4283/39 4261/4273/25
f 4275/4274/26 4274/4272/24 4262/4249/5
f 4276/4275/28 4275/4274/26 4263/4252/27
f 4277/4276/51 4276/4275/28 4264/4254/9
f 4266/4258/30 4278/4288/44 4277/4276/51
f 4279/4277/31 4278/4288/44 4266/4258/30
f 4280/4278/52 4279/4277/31 4267/4260/14
f 4269/4264/18 4281/4290/46 4280/4278/52
f 4282/4279/33 4281/4290/46 4269/4264/18
f 4283/4280/35 4282/4279/33 4270/4266/34
f 4284/4281/36 4283/4280/35 4271/4268/21
f 4286/4282/38 4285/4296/39 4273/4283/39
f 4287/4284/40 4286/4282/38 4274/4272/24
f 4288/4285/78 4287/4284/40 4275/4274/26
f 4289/4286/42 4288/4285/78 4276/4275/28
f 4290/4287/43 4289/4286/42 4277/4276/51
f 4291/4289/45 4290/4287/43 4278/4288/44
f 4280/4278/52 4292/4291/47 4291/4289/45
f 4281/4290/46 4293/4292/48 4292/4291/47
f 4282/4279/33 4294/4293/49 4293/4292/48
f 4283/4280/35 4295/4294/50 4294/4293/49
f 4284/4281/36 4296/4307/36 4295/4294/50
f 4286/4282/38 4298/4297/24 4297/4295/39
f 4287/4284/40 4299/4298/26 4298/4297/24
f 4288/4285/78 4300/4299/28 4299/4298/26
f 4289/4286/42 4301/4300/29 4300/4299/28
f 4290/4287/43 4302/4312/44 4301/4300/29
f 4303/4301/31 4302/4312/44 4290/4287/43
f 4304/4302/52 4303/4301/31 4291/4289/45
f 4305/4303/46 4304/4302/52 4292/4291/47
f 4306/4304/33 4305/4303/46 4293/4292/48
f 4307/4305/35 4306/4304/33 4294/4293/49
f 4308/4306/36 4307/4305/35 4295/4294/50
f 4310/4308/62 4309/4319/53 4297/4295/39
f 4311/4309/54 4310/4308/62 4298/4297/24
f 4300/4299/28 4312/4322/65 4311/4309/54
f 4313/4310/55 4312/4322/65 4300/4299/28
f 4314/4311/56 4313/4310/55 4301/4300/29
f 4315/4313/57 4314/4311/56 4302/4312/44
f 4316/4314/69 4315/4313/57 4303/4301/31
f 4317/4315/58 4316/4314/69 4304/4302/52
f 4318/4316/59 4317/4315/58 4305/4303/46
f 4307/4305/35 4319/4328/72 4318/4316/59
f 4320/4317/60 4319/4328/72 4307/4305/35
f 4322/4318/61 4321/4332/53 4309/4319/53
f 4323/4320/63 4322/4318/61 4310/4308/62
f 4324/4321/193 4323/4320/63 4311/4309/54
f 4325/4323/66 4324/4321/193 4312/4322/65
f 4326/4324/67 4325/4323/66 4313/4310/55
f 4327/4325/68 4326/4324/67 4314/4311/56
f 4316/4314/69 4328/4326/70 4327/4325/68
f 4317/4315/58 4329/4327/194 4328/4326/70
f 4318/4316/59 4330/4329/73 4329/4327/194
f 4319/4328/72 4331/4330/74 4330/4329/73
f 4320/4317/60 4332/4343/60 4331/4330/74
f 4322/4318/61 4334/4333/62 4333/4331/53
f 4323/4320/63 4335/4334/140 4334/4333/62
f 4324/4321/193 4336/4335/65 4335/4334/140
f 4325/4323/66 4337/4336/75 4336/4335/65
f 4326/4324/67 4338/4349/56 4337/4336/75
f 4339/4337/57 4338/4349/56 4326/4324/67
f 4340/4338/76 4339/4337/57 4327/4325/68
f 4341/4339/58 4340/4338/76 4328/4326/70
f 4342/4340/59 4341/4339/58 4329/4327/194
f 4343/4341/72 4342/4340/59 4330/4329/73
f 4344/4342/60 4343/4341/72 4331/4330/74
f 4346/4344/61 4345/4356/53 4333/4331/53
f 4347/4345/63 4346/4344/61 4334/4333/62
f 4348/4346/64 4347/4345/63 4335/4334/140
f 4349/4347/180 4348/4346/64 4336/4335/65
f 4350/4348/77 4349/4347/180 4337/4336/75
f 4351/4350/68 4350/4348/77 4338/4349/56
f 4340/4338/76 4352/4351/70 4351/4350/68
f 4341/4339/58 4353/4352/71 4352/4351/70
f 4342/4340/59 4354/4353/73 4353/4352/71
f 4343/4341/72 4355/4354/74 4354/4353/73
f 4344/4342/60 4356/4367/60 4355/4354/74
f 4358/4355/38 4357/4369/39 4345/4356/53
f 4359/4357/40 4358/4355/38 4346/4344/61
f 4360/4358/78 4359/4357/40 4347/4345/63
f 4361/4359/42 4360/4358/78 4348/4346/64
f 4362/4360/43 4361/4359/42 4349/4347/180
f 4363/4361/79 4362/4360/43 4350/4348/77
f 4364/4362/175 4363/4361/79 4351/4350/68
f 4365/4363/80 4364/4362/175 4352/4351/70
f 4366/4364/49 4365/4363/80 4353/4352/71
f 4367/4365/50 4366/4364/49 4354/4353/73
f 4368/4366/36 4367/4365/50 4355/4354/74
f 4358/4355/38 4370/4370/24 4369/4368/39
f 4359/4357/40 4371/4371/26 4370/4370/24
f 4360/4358/78 4372/4372/28 4371/4371/26
f 4361/4359/42 4373/4373/29 4372/4372/28
f 4362/4360/43 4374/4385/44 4373/4373/29
f 4375/4374/31 4374/4385/44 4362/4360/43
f 4376/4375/52 4375/4374/31 4363/4361/79
f 4377/4376/46 4376/4375/52 4364/4362/175
f 4378/4377/33 4377/4376/46 4365/4363/80
f 4379/4378/35 4378/4377/33 4366/4364/49
f 4380/4379/36 4379/4378/35 4367/4365/50
f 4382/4380/38 4381/4392/39 4369/4368/39
f 4383/4381/40 4382/4380/38 4370/4370/24
f 4384/4382/78 4383/4381/40 4371/4371/26
f 4385/4383/42 4384/4382/78 4372/4372/28
f 4386/4384/43 4385/4383/42 4373/4373/29
f 4387/4386/45 4386/4384/43 4374/4385/44
f 4376/4375/52 4388/4387/47 4387/4386/45
f 4377/4376/46 4389/4388/80 4388/4387/47
f 4378/4377/33 4390/4389/49 4389/4388/80
f 4379/4378/35 4391/4390/50 4390/4389/49
f 4380/4379/36 4392/4403/36 4391/4390/50
f 4382/4380/38 4394/4393/24 4393/4391/39
f 4383/4381/40 4395/4394/26 4394/4393/24
f 4384/4382/78 4396/4395/28 4395/4394/26
f 4385/4383/42 4397/4396/29 4396/4395/28
f 4386/4384/43 4398/4409/44 4397/4396/29
f 4399/4397/31 4398/4409/44 4386/4384/43
f 4400/4398/32 4399/4397/31 4387/4386/45
f 4401/4399/46 4400/4398/32 4388/4387/47
f 4402/4400/33 4401/4399/46 4389/4388/80
f 4403/4401/35 4402/4400/33 4390/4389/49
f 4404/4402/36 4403/4401/35 4391/4390/50
f 4406/4404/62 4405/4417/53 4393/4391/39
f 4407/4405/54 4406/4404/62 4394/4393/24
f 4408/4406/65 4407/4405/54 4395/4394/26
f 4409/4407/75 4408/4406/65 4396/4395/28
f 4410/4408/56 4409/4407/75 4397/4396/29
f 4411/4410/57 4410/4408/56 4398/4409/44
f 4412/4411/76 4411/4410/57 4399/4397/31
f 4413/4412/58 4412/4411/76 4400/4398/32
f 4414/4413/59 4413/4412/58 4401/4399/46
f 4415/4414/72 4414/4413/59 4402/4400/33
f 4416/4415/60 4415/4414/72 4403/4401/35
f 4418/4416/7 4417/4428/6 4405/4417/53
f 4419/4418/8 4418/4416/7 4406/4404/62
f 4420/4419/10 4419/4418/8 4407/4405/54
f 4421/4420/82 4420/4419/10 4408/4406/65
f 4422/4421/13 4421/4420/82 4409/4407/75
f 4423/4422/15 4422/4421/13 4410/4408/56
f 4412/4411/76 4424/4434/141 4423/4422/15
f 4425/4423/93 4424/4434/141 4412/4411/76
f 4426/4424/20 4425/4423/93 4413/4412/58
f 4427/4425/22 4426/4424/20 4414/4413/59
f 4428/4426/23 4427/4425/22 4415/4414/72
f 4430/4427/83 4429/4440/6 4417/4428/6
f 4431/4429/84 4430/4427/83 4418/4416/7
f 4432/4430/85 4431/4429/84 4419/4418/8
f 4433/4431/86 4432/4430/85 4420/4419/10
f 4434/4432/87 4433/4431/86 4421/4420/82
f 4435/4433/88 4434/4432/87 4422/4421/13
f 4424/4434/141 4436/4435/89 4435/4433/88
f 4425/4423/93 4437/4436/90 4436/4435/89
f 4426/4424/20 4438/4437/91 4437/4436/90
f 4427/4425/22 4439/4438/92 4438/4437/91
f 4428/4426/23 4440/4451/23 4439/4438/92
f 4430/4427/83 4442/4441/7 4441/4439/6
f 4431/4429/84 4443/4442/8 4442/4441/7
f 4432/4430/85 4444/4443/10 4443/4442/8
f 4433/4431/86 4445/4444/82 4444/4443/10
f 4434/4432/87 4446/4457/13 4445/4444/82
f 4447/4445/15 4446/4457/13 4434/4432/87
f 4448/4446/141 4447/4445/15 4435/4433/88
f 4449/4447/93 4448/4446/141 4436/4435/89
f 4450/4448/20 4449/4447/93 4437/4436/90
f 4451/4449/22 4450/4448/20 4438/4437/91
f 4452/4450/23 4451/4449/22 4439/4438/92
f 4454/4452/5 4453/4465/25 4441/4439/6
f 4455/4453/190 4454/4452/5 4442/4441/7
f 4456/4454/9 4455/4453/190 4443/4442/8
f 4457/4455/11 4456/4454/9 4444/4443/10
f 4458/4456/30 4457/4455/11 4445/4444/82
f 4459/4458/14 4458/4456/30 4446/4457/13
f 4460/4459/16 4459/4458/14 4447/4445/15
f 4461/4460/18 4460/4459/16 4448/4446/141
f 4462/4461/189 4461/4460/18 4449/4447/93
f 4463/4462/21 4462/4461/189 4450/4448/20
f 4464/4463/37 4463/4462/21 4451/4449/22
f 4466/4464/96 4465/4476/25 4453/4465/25
f 4467/4466/97 4466/4464/96 4454/4452/5
f 4468/4467/98 4467/4466/97 4455/4453/190
f 4469/4468/184 4468/4467/98 4456/4454/9
f 4470/4469/100 4469/4468/184 4457/4455/11
f 4471/4470/101 4470/4469/100 4458/4456/30
f 4460/4459/16 4472/4471/185 4471/4470/101
f 4461/4460/18 4473/4472/107 4472/4471/185
f 4462/4461/189 4474/4473/104 4473/4472/107
f 4463/4462/21 4475/4474/105 4474/4473/104
f 4464/4463/37 4476/4487/37 4475/4474/105
f 4466/4464/96 4478/4477/5 4477/4475/25
f 4467/4466/97 4479/4478/27 4478/4477/5
f 4468/4467/98 4480/4479/9 4479/4478/27
f 4469/4468/184 4481/4480/11 4480/4479/9
f 4470/4469/100 4482/4493/30 4481/4480/11
f 4483/4481/14 4482/4493/30 4470/4469/100
f 4484/4482/16 4483/4481/14 4471/4470/101
f 4485/4483/18 4484/4482/16 4472/4471/185
f 4486/4484/34 4485/4483/18 4473/4472/107
f 4487/4485/21 4486/4484/34 4474/4473/104
f 4488/4486/37 4487/4485/21 4475/4474/105
f 4490/4488/96 4489/4500/25 4477/4475/25
f 4491/4489/97 4490/4488/96 4478/4477/5
f 4492/4490/98 4491/4489/97 4479/4478/27
f 4493/4491/184 4492/4490/98 4480/4479/9
f 4494/4492/106 4493/4491/184 4481/4480/11
f 4495/4494/101 4494/4492/106 4482/4493/30
f 4484/4482/16 4496/4495/185 4495/4494/101
f 4485/4483/18 4497/4496/107 4496/4495/185
f 4486/4484/34 4498/4497/104 4497/4496/107
f 4487/4485/21 4499/4498/105 4498/4497/104
f 4488/4486/37 4500/4511/37 4499/4498/105
f 4502/4499/83 4501/4513/6 4489/4500/25
f 4503/4501/84 4502/4499/83 4490/4488/96
f 4504/4502/112 4503/4501/84 4491/4489/97
f 4505/4503/108 4504/4502/112 4492/4490/98
f 4506/4504/87 4505/4503/108 4493/4491/184
f 4507/4505/109 4506/4504/87 4494/4492/106
f 4508/4506/187 4507/4505/109 4495/4494/101
f 4509/4507/188 4508/4506/187 4496/4495/185
f 4510/4508/91 4509/4507/188 4497/4496/107
f 4511/4509/92 4510/4508/91 4498/4497/104
f 4512/4510/23 4511/4509/92 4499/4498/105
f 4502/4499/83 4514/4514/7 4513/4512/6
f 4503/4501/84 4515/4515/8 4514/4514/7
f 4504/4502/112 4516/4516/10 4515/4515/8
f 4505/4503/108 4517/4517/12 4516/4516/10
f 4506/4504/87 4518/4529/13 4517/4517/12
f 4519/4518/15 4518/4529/13 4506/4504/87
f 4520/4519/17 4519/4518/15 4507/4505/109
f 4521/4520/93 4520/4519/17 4508/4506/187
f 4522/4521/20 4521/4520/93 4509/4507/188
f 4523/4522/22 4522/4521/20 4510/4508/91
f 4524/4523/23 4523/4522/22 4511/4509/92
f 4526/4524/83 4525/4535/6 4513/4512/6
f 4527/4525/84 4526/4524/83 4514/4514/7
f 4528/4526/85 4527/4525/84 4515/4515/8
f 4529/4527/86 4528/4526/85 4516/4516/10
f 4530/4528/87 4529/4527/86 4517/4517/12
f 4531/4530/88 4530/4528/87 4518/4529/13
f 4520/4519/17 4532/4531/89 4531/4530/88
f 4521/4520/93 4533/4532/188 4532/4531/89
f 4522/4521/20 4534/4533/91 4533/4532/188
f 4523/4522/22 4535/4534/92 4534/4533/91
f 4524/4523/23 4536/4536/23 4535/4534/92
f 4526/4524/83 4250/4251/7 4249/4250/6
f 4527/4525/84 4251/4253/8 4250/4251/7
f 4528/4526/85 4252/4255/10 4251/4253/8
f 4529/4527/86 4253/4257/82 4252/4255/10
f 4530/4528/87 4254/4259/13 4253/4257/82
f 4255/4261/15 4254/4259/13 4530/4528/87
f 4256/4263/141 4255/4261/15 4531/4530/88
f 4257/4265/93 4256/4263/141 4532/4531/89
f 4258/4267/20 4257/4265/93 4533/4532/188
f 4259/4269/22 4258/4267/20 4534/4533/91
f 4260/4271/23 4259/4269/22 4535/4534/92
