# Blender 4.3.2
# www.blender.org
mtllib title.mtl
o テキスト
v -1.546624 -0.279894 -0.486960
v -1.423698 -0.279894 -0.486960
v -1.423698 0.429374 -0.486960
v -1.546624 0.429374 -0.486960
v -1.546624 0.177667 -0.486960
v -1.714429 0.177667 -0.486960
v -1.714429 0.093764 -0.486960
v -1.883210 0.093764 -0.486960
v -1.883210 0.011813 -0.486960
v -1.966137 0.011813 -0.486960
v -1.966137 -0.111114 -0.486960
v -1.759307 -0.111114 -0.486960
v -1.759307 -0.028187 -0.486960
v -1.591503 -0.028187 -0.486960
v -1.591503 0.053764 -0.486960
v -1.546624 0.053764 -0.486960
v -1.380771 -0.028187 -0.486960
v -0.921259 -0.028187 -0.486960
v -0.921259 0.093764 -0.486960
v -1.380771 0.093764 -0.486960
v -0.625649 -0.279894 -0.486960
v -0.418820 -0.279894 -0.486960
v -0.418820 -0.155992 -0.486960
v -0.502722 -0.155992 -0.486960
v -0.502722 -0.071114 -0.486960
v -0.586625 -0.071114 -0.486960
v -0.586625 0.011813 -0.486960
v -0.670527 0.011813 -0.486960
v -0.670527 0.177667 -0.486960
v -0.754429 0.177667 -0.486960
v -0.754429 0.429374 -0.486960
v -0.878332 0.429374 -0.486960
v -0.878332 0.053764 -0.486960
v -0.794429 0.053764 -0.486960
v -0.794429 -0.111114 -0.486960
v -0.709551 -0.111114 -0.486960
v -0.709551 -0.195992 -0.486960
v -0.625649 -0.195992 -0.486960
v 0.248497 -0.111114 -0.486960
v 0.332400 -0.111114 -0.486960
v 0.332400 0.344467 -0.486960
v -0.375893 0.345501 -0.486960
v -0.375893 -0.030138 -0.486960
v -0.291990 -0.030138 -0.486960
v -0.291990 -0.279894 -0.486960
v 0.248497 -0.279894 -0.486960
v 0.125571 -0.155992 -0.486960
v -0.169063 -0.155992 -0.486960
v -0.169063 0.093764 -0.486960
v -0.252966 0.093764 -0.486960
v -0.252966 0.221569 -0.486960
v 0.209473 0.221569 -0.486960
v 0.209473 0.011813 -0.486960
v 0.125571 0.011813 -0.486960
v 0.915815 0.137667 -0.486960
v 1.083619 0.137667 -0.486960
v 1.083619 0.261569 -0.486960
v 0.915815 0.261569 -0.486960
v 0.915815 0.429374 -0.486960
v 0.792888 0.429374 -0.486960
v 0.792888 0.261569 -0.486960
v 0.375327 0.261569 -0.486960
v 0.375327 0.053764 -0.486960
v 0.459229 0.053764 -0.486960
v 0.459229 -0.030138 -0.486960
v 0.664107 -0.030138 -0.486960
v 0.664107 0.093764 -0.486960
v 0.582156 0.093764 -0.486960
v 0.582156 0.137667 -0.486960
v 0.792888 0.137667 -0.486960
v 0.792888 -0.071114 -0.486960
v 0.708010 -0.071114 -0.486960
v 0.708010 -0.155992 -0.486960
v 0.541180 -0.155992 -0.486960
v 0.541180 -0.279894 -0.486960
v 0.831912 -0.279894 -0.486960
v 0.831912 -0.195992 -0.486960
v 0.915815 -0.195992 -0.486960
v 1.499229 0.137667 -0.486960
v 1.834839 0.137667 -0.486960
v 1.834839 0.262591 -0.486960
v 1.415327 0.261616 -0.486960
v 1.415327 0.429374 -0.486960
v 1.292400 0.429374 -0.486960
v 1.292400 0.261569 -0.486960
v 1.126546 0.261569 -0.486960
v 1.126546 0.137667 -0.486960
v 1.292400 0.137667 -0.486960
v 1.292400 -0.279894 -0.486960
v 1.415327 -0.279894 -0.486960
v 1.415327 -0.028187 -0.486960
v 1.459229 -0.028187 -0.486960
v 1.459229 -0.111114 -0.486960
v 1.544107 -0.111114 -0.486960
v 1.544107 -0.195992 -0.486960
v 1.750937 -0.195992 -0.486960
v 1.750937 -0.071114 -0.486960
v 1.667034 -0.071114 -0.486960
v 1.667034 0.011813 -0.486960
v 1.583132 0.011813 -0.486960
v 1.583132 0.093764 -0.486960
v 1.499229 0.093764 -0.486960
v -1.546624 -0.279894 -0.106960
v -1.423698 -0.279894 -0.106960
v -1.423698 0.429374 -0.106960
v -1.546624 0.429374 -0.106960
v -1.546624 0.177667 -0.106960
v -1.714429 0.177667 -0.106960
v -1.714429 0.093764 -0.106960
v -1.883210 0.093764 -0.106960
v -1.883210 0.011813 -0.106960
v -1.966137 0.011813 -0.106960
v -1.966137 -0.111114 -0.106960
v -1.759307 -0.111114 -0.106960
v -1.759307 -0.028187 -0.106960
v -1.591503 -0.028187 -0.106960
v -1.591503 0.053764 -0.106960
v -1.546624 0.053764 -0.106960
v -1.380771 -0.028187 -0.106960
v -0.921259 -0.028187 -0.106960
v -0.921259 0.093764 -0.106960
v -1.380771 0.093764 -0.106960
v -0.625649 -0.279894 -0.106960
v -0.418820 -0.279894 -0.106960
v -0.418820 -0.155992 -0.106960
v -0.502722 -0.155992 -0.106960
v -0.502722 -0.071114 -0.106960
v -0.586625 -0.071114 -0.106960
v -0.586625 0.011813 -0.106960
v -0.670527 0.011813 -0.106960
v -0.670527 0.177667 -0.106960
v -0.754429 0.177667 -0.106960
v -0.754429 0.429374 -0.106960
v -0.878332 0.429374 -0.106960
v -0.878332 0.053764 -0.106960
v -0.794429 0.053764 -0.106960
v -0.794429 -0.111114 -0.106960
v -0.709551 -0.111114 -0.106960
v -0.709551 -0.195992 -0.106960
v -0.625649 -0.195992 -0.106960
v 0.248497 -0.111114 -0.106960
v 0.332400 -0.111114 -0.106960
v 0.332400 0.344467 -0.106960
v -0.375893 0.345501 -0.106960
v -0.375893 -0.030138 -0.106960
v -0.291990 -0.030138 -0.106960
v -0.291990 -0.279894 -0.106960
v 0.248497 -0.279894 -0.106960
v 0.125571 -0.155992 -0.106960
v -0.169063 -0.155992 -0.106960
v -0.169063 0.093764 -0.106960
v -0.252966 0.093764 -0.106960
v -0.252966 0.221569 -0.106960
v 0.209473 0.221569 -0.106960
v 0.209473 0.011813 -0.106960
v 0.125571 0.011813 -0.106960
v 0.915815 0.137667 -0.106960
v 1.083619 0.137667 -0.106960
v 1.083619 0.261569 -0.106960
v 0.915815 0.261569 -0.106960
v 0.915815 0.429374 -0.106960
v 0.792888 0.429374 -0.106960
v 0.792888 0.261569 -0.106960
v 0.375327 0.261569 -0.106960
v 0.375327 0.053764 -0.106960
v 0.459229 0.053764 -0.106960
v 0.459229 -0.030138 -0.106960
v 0.664107 -0.030138 -0.106960
v 0.664107 0.093764 -0.106960
v 0.582156 0.093764 -0.106960
v 0.582156 0.137667 -0.106960
v 0.792888 0.137667 -0.106960
v 0.792888 -0.071114 -0.106960
v 0.708010 -0.071114 -0.106960
v 0.708010 -0.155992 -0.106960
v 0.541180 -0.155992 -0.106960
v 0.541180 -0.279894 -0.106960
v 0.831912 -0.279894 -0.106960
v 0.831912 -0.195992 -0.106960
v 0.915815 -0.195992 -0.106960
v 1.499229 0.137667 -0.106960
v 1.834839 0.137667 -0.106960
v 1.834839 0.262591 -0.106960
v 1.415327 0.261616 -0.106960
v 1.415327 0.429374 -0.106960
v 1.292400 0.429374 -0.106960
v 1.292400 0.261569 -0.106960
v 1.126546 0.261569 -0.106960
v 1.126546 0.137667 -0.106960
v 1.292400 0.137667 -0.106960
v 1.292400 -0.279894 -0.106960
v 1.415327 -0.279894 -0.106960
v 1.415327 -0.028187 -0.106960
v 1.459229 -0.028187 -0.106960
v 1.459229 -0.111114 -0.106960
v 1.544107 -0.111114 -0.106960
v 1.544107 -0.195992 -0.106960
v 1.750937 -0.195992 -0.106960
v 1.750937 -0.071114 -0.106960
v 1.667034 -0.071114 -0.106960
v 1.667034 0.011813 -0.106960
v 1.583132 0.011813 -0.106960
v 1.583132 0.093764 -0.106960
v 1.499229 0.093764 -0.106960
v 1.499229 0.137667 -0.106960
v 1.505410 0.131487 -0.107939
v 1.510985 0.125911 -0.110780
v 1.515410 0.121487 -0.115204
v 1.518250 0.118646 -0.120780
v 1.519229 0.117667 -0.126960
v 1.519229 0.117667 -0.466960
v 1.518250 0.118646 -0.473140
v 1.515410 0.121487 -0.478716
v 1.510985 0.125911 -0.483140
v 1.505410 0.131487 -0.485981
v 1.499229 0.137667 -0.486960
v 1.834839 0.137667 -0.106960
v 1.841019 0.131487 -0.107939
v 1.846595 0.125911 -0.110780
v 1.851019 0.121487 -0.115204
v 1.853860 0.118646 -0.120780
v 1.854839 0.117667 -0.126960
v 1.854839 0.117667 -0.466960
v 1.853860 0.118646 -0.473140
v 1.851019 0.121487 -0.478716
v 1.846595 0.125911 -0.483140
v 1.841019 0.131487 -0.485981
v 1.834839 0.137667 -0.486960
v 1.834839 0.262591 -0.106960
v 1.841019 0.268786 -0.107939
v 1.846595 0.274375 -0.110780
v 1.851019 0.278809 -0.115204
v 1.853860 0.281657 -0.120780
v 1.854839 0.282638 -0.126960
v 1.854839 0.282638 -0.466960
v 1.853860 0.281657 -0.473140
v 1.851019 0.278809 -0.478716
v 1.846595 0.274375 -0.483140
v 1.841019 0.268786 -0.485981
v 1.834839 0.262591 -0.486960
v 1.415327 0.261616 -0.106960
v 1.421507 0.267811 -0.107939
v 1.427083 0.273399 -0.110780
v 1.431507 0.277834 -0.115204
v 1.434348 0.280681 -0.120780
v 1.435327 0.281662 -0.126960
v 1.435327 0.281662 -0.466960
v 1.434348 0.280681 -0.473140
v 1.431507 0.277834 -0.478716
v 1.427083 0.273399 -0.483140
v 1.421507 0.267811 -0.485981
v 1.415327 0.261616 -0.486960
v 1.415327 0.429374 -0.106960
v 1.421507 0.435555 -0.107939
v 1.427083 0.441130 -0.110780
v 1.431507 0.445555 -0.115204
v 1.434348 0.448395 -0.120780
v 1.435327 0.449374 -0.126960
v 1.435327 0.449374 -0.466960
v 1.434348 0.448395 -0.473140
v 1.431507 0.445555 -0.478716
v 1.427083 0.441130 -0.483140
v 1.421507 0.435555 -0.485981
v 1.415327 0.429374 -0.486960
v 1.292400 0.429374 -0.106960
v 1.286220 0.435555 -0.107939
v 1.280644 0.441130 -0.110780
v 1.276220 0.445555 -0.115204
v 1.273379 0.448395 -0.120780
v 1.272400 0.449374 -0.126960
v 1.272400 0.449374 -0.466960
v 1.273379 0.448395 -0.473140
v 1.276220 0.445555 -0.478716
v 1.280644 0.441130 -0.483140
v 1.286220 0.435555 -0.485981
v 1.292400 0.429374 -0.486960
v 1.292400 0.261569 -0.106960
v 1.286220 0.267750 -0.107939
v 1.280644 0.273325 -0.110780
v 1.276220 0.277750 -0.115204
v 1.273379 0.280590 -0.120780
v 1.272400 0.281569 -0.126960
v 1.272400 0.281569 -0.466960
v 1.273379 0.280590 -0.473140
v 1.276220 0.277750 -0.478716
v 1.280644 0.273325 -0.483140
v 1.286220 0.267750 -0.485981
v 1.292400 0.261569 -0.486960
v 1.126546 0.261569 -0.106960
v 1.120366 0.267750 -0.107939
v 1.114791 0.273325 -0.110780
v 1.110366 0.277750 -0.115204
v 1.107525 0.280590 -0.120780
v 1.106546 0.281569 -0.126960
v 1.106546 0.281569 -0.466960
v 1.107525 0.280590 -0.473140
v 1.110366 0.277750 -0.478716
v 1.114791 0.273325 -0.483140
v 1.120366 0.267750 -0.485981
v 1.126546 0.261569 -0.486960
v 1.126546 0.137667 -0.106960
v 1.120366 0.131487 -0.107939
v 1.114791 0.125911 -0.110780
v 1.110366 0.121487 -0.115204
v 1.107525 0.118646 -0.120780
v 1.106546 0.117667 -0.126960
v 1.106546 0.117667 -0.466960
v 1.107525 0.118646 -0.473140
v 1.110366 0.121487 -0.478716
v 1.114791 0.125911 -0.483140
v 1.120366 0.131487 -0.485981
v 1.126546 0.137667 -0.486960
v 1.292400 0.137667 -0.106960
v 1.286220 0.131487 -0.107939
v 1.280644 0.125911 -0.110780
v 1.276220 0.121487 -0.115204
v 1.273379 0.118646 -0.120780
v 1.272400 0.117667 -0.126960
v 1.272400 0.117667 -0.466960
v 1.273379 0.118646 -0.473140
v 1.276220 0.121487 -0.478716
v 1.280644 0.125911 -0.483140
v 1.286220 0.131487 -0.485981
v 1.292400 0.137667 -0.486960
v 1.292400 -0.279894 -0.106960
v 1.286220 -0.286074 -0.107939
v 1.280644 -0.291650 -0.110780
v 1.276220 -0.296074 -0.115204
v 1.273379 -0.298915 -0.120780
v 1.272400 -0.299894 -0.126960
v 1.272400 -0.299894 -0.466960
v 1.273379 -0.298915 -0.473140
v 1.276220 -0.296074 -0.478716
v 1.280644 -0.291650 -0.483140
v 1.286220 -0.286074 -0.485981
v 1.292400 -0.279894 -0.486960
v 1.415327 -0.279894 -0.106960
v 1.421507 -0.286074 -0.107939
v 1.427083 -0.291650 -0.110780
v 1.431507 -0.296074 -0.115204
v 1.434348 -0.298915 -0.120780
v 1.435327 -0.299894 -0.126960
v 1.435327 -0.299894 -0.466960
v 1.434348 -0.298915 -0.473140
v 1.431507 -0.296074 -0.478716
v 1.427083 -0.291650 -0.483140
v 1.421507 -0.286074 -0.485981
v 1.415327 -0.279894 -0.486960
v 1.415327 -0.028187 -0.106960
v 1.421507 -0.034367 -0.107939
v 1.427083 -0.039942 -0.110780
v 1.431507 -0.044367 -0.115204
v 1.434348 -0.047208 -0.120780
v 1.435327 -0.048187 -0.126960
v 1.435327 -0.048187 -0.466960
v 1.434348 -0.047208 -0.473140
v 1.431507 -0.044367 -0.478716
v 1.427083 -0.039942 -0.483140
v 1.421507 -0.034367 -0.485981
v 1.415327 -0.028187 -0.486960
v 1.459229 -0.028187 -0.106960
v 1.453049 -0.034367 -0.107939
v 1.447474 -0.039942 -0.110780
v 1.443049 -0.044367 -0.115204
v 1.440208 -0.047208 -0.120780
v 1.439229 -0.048187 -0.126960
v 1.439229 -0.048187 -0.466960
v 1.440208 -0.047208 -0.473140
v 1.443049 -0.044367 -0.478716
v 1.447474 -0.039942 -0.483140
v 1.453049 -0.034367 -0.485981
v 1.459229 -0.028187 -0.486960
v 1.459229 -0.111114 -0.106960
v 1.453049 -0.117294 -0.107939
v 1.447474 -0.122869 -0.110780
v 1.443049 -0.127294 -0.115204
v 1.440208 -0.130135 -0.120780
v 1.439229 -0.131114 -0.126960
v 1.439229 -0.131114 -0.466960
v 1.440208 -0.130135 -0.473140
v 1.443049 -0.127294 -0.478716
v 1.447474 -0.122869 -0.483140
v 1.453049 -0.117294 -0.485981
v 1.459229 -0.111114 -0.486960
v 1.544107 -0.111114 -0.106960
v 1.537927 -0.117294 -0.107939
v 1.532352 -0.122869 -0.110780
v 1.527927 -0.127294 -0.115204
v 1.525086 -0.130135 -0.120780
v 1.524107 -0.131114 -0.126960
v 1.524107 -0.131114 -0.466960
v 1.525086 -0.130135 -0.473140
v 1.527927 -0.127294 -0.478716
v 1.532352 -0.122869 -0.483140
v 1.537927 -0.117294 -0.485981
v 1.544107 -0.111114 -0.486960
v 1.544107 -0.195992 -0.106960
v 1.537927 -0.202172 -0.107939
v 1.532352 -0.207747 -0.110780
v 1.527927 -0.212172 -0.115204
v 1.525086 -0.215013 -0.120780
v 1.524107 -0.215992 -0.126960
v 1.524107 -0.215992 -0.466960
v 1.525086 -0.215013 -0.473140
v 1.527927 -0.212172 -0.478716
v 1.532352 -0.207747 -0.483140
v 1.537927 -0.202172 -0.485981
v 1.544107 -0.195992 -0.486960
v 1.750937 -0.195992 -0.106960
v 1.757117 -0.202172 -0.107939
v 1.762692 -0.207747 -0.110780
v 1.767117 -0.212172 -0.115204
v 1.769958 -0.215013 -0.120780
v 1.770936 -0.215992 -0.126960
v 1.770936 -0.215992 -0.466960
v 1.769958 -0.215013 -0.473140
v 1.767117 -0.212172 -0.478716
v 1.762692 -0.207747 -0.483140
v 1.757117 -0.202172 -0.485981
v 1.750937 -0.195992 -0.486960
v 1.750937 -0.071114 -0.106960
v 1.757117 -0.064933 -0.107939
v 1.762692 -0.059358 -0.110780
v 1.767117 -0.054933 -0.115204
v 1.769958 -0.052092 -0.120780
v 1.770936 -0.051114 -0.126960
v 1.770936 -0.051114 -0.466960
v 1.769958 -0.052092 -0.473140
v 1.767117 -0.054933 -0.478716
v 1.762692 -0.059358 -0.483140
v 1.757117 -0.064933 -0.485981
v 1.750937 -0.071114 -0.486960
v 1.667034 -0.071114 -0.106960
v 1.673214 -0.064933 -0.107939
v 1.678790 -0.059358 -0.110780
v 1.683214 -0.054933 -0.115204
v 1.686055 -0.052092 -0.120780
v 1.687034 -0.051114 -0.126960
v 1.687034 -0.051114 -0.466960
v 1.686055 -0.052092 -0.473140
v 1.683214 -0.054933 -0.478716
v 1.678790 -0.059358 -0.483140
v 1.673214 -0.064933 -0.485981
v 1.667034 -0.071114 -0.486960
v 1.667034 0.011813 -0.106960
v 1.673214 0.017994 -0.107939
v 1.678790 0.023569 -0.110780
v 1.683214 0.027994 -0.115204
v 1.686055 0.030834 -0.120780
v 1.687034 0.031813 -0.126960
v 1.687034 0.031813 -0.466960
v 1.686055 0.030834 -0.473140
v 1.683214 0.027994 -0.478716
v 1.678790 0.023569 -0.483140
v 1.673214 0.017994 -0.485981
v 1.667034 0.011813 -0.486960
v 1.583132 0.011813 -0.106960
v 1.589312 0.017994 -0.107939
v 1.594887 0.023569 -0.110780
v 1.599312 0.027994 -0.115204
v 1.602153 0.030834 -0.120780
v 1.603132 0.031813 -0.126960
v 1.603132 0.031813 -0.466960
v 1.602153 0.030834 -0.473140
v 1.599312 0.027994 -0.478716
v 1.594887 0.023569 -0.483140
v 1.589312 0.017994 -0.485981
v 1.583132 0.011813 -0.486960
v 1.583132 0.093764 -0.106960
v 1.589312 0.099945 -0.107939
v 1.594887 0.105520 -0.110780
v 1.599312 0.109945 -0.115204
v 1.602153 0.112786 -0.120780
v 1.603132 0.113764 -0.126960
v 1.603132 0.113764 -0.466960
v 1.602153 0.112786 -0.473140
v 1.599312 0.109945 -0.478716
v 1.594887 0.105520 -0.483140
v 1.589312 0.099945 -0.485981
v 1.583132 0.093764 -0.486960
v 1.499229 0.093764 -0.106960
v 1.505410 0.099945 -0.107939
v 1.510985 0.105520 -0.110780
v 1.515410 0.109945 -0.115204
v 1.518250 0.112786 -0.120780
v 1.519229 0.113764 -0.126960
v 1.519229 0.113764 -0.466960
v 1.518250 0.112786 -0.473140
v 1.515410 0.109945 -0.478716
v 1.510985 0.105520 -0.483140
v 1.505410 0.099945 -0.485981
v 1.499229 0.093764 -0.486960
v 0.915815 0.137667 -0.106960
v 0.921995 0.131487 -0.107939
v 0.927570 0.125911 -0.110780
v 0.931995 0.121487 -0.115204
v 0.934836 0.118646 -0.120780
v 0.935815 0.117667 -0.126960
v 0.935815 0.117667 -0.466960
v 0.934836 0.118646 -0.473140
v 0.931995 0.121487 -0.478716
v 0.927570 0.125911 -0.483140
v 0.921995 0.131487 -0.485981
v 0.915815 0.137667 -0.486960
v 1.083619 0.137667 -0.106960
v 1.089800 0.131487 -0.107939
v 1.095375 0.125911 -0.110780
v 1.099800 0.121487 -0.115204
v 1.102641 0.118646 -0.120780
v 1.103619 0.117667 -0.126960
v 1.103619 0.117667 -0.466960
v 1.102641 0.118646 -0.473140
v 1.099800 0.121487 -0.478716
v 1.095375 0.125911 -0.483140
v 1.089800 0.131487 -0.485981
v 1.083619 0.137667 -0.486960
v 1.083619 0.261569 -0.106960
v 1.089800 0.267750 -0.107939
v 1.095375 0.273325 -0.110780
v 1.099800 0.277750 -0.115204
v 1.102641 0.280590 -0.120780
v 1.103619 0.281569 -0.126960
v 1.103619 0.281569 -0.466960
v 1.102641 0.280590 -0.473140
v 1.099800 0.277750 -0.478716
v 1.095375 0.273325 -0.483140
v 1.089800 0.267750 -0.485981
v 1.083619 0.261569 -0.486960
v 0.915815 0.261569 -0.106960
v 0.921995 0.267750 -0.107939
v 0.927570 0.273325 -0.110780
v 0.931995 0.277750 -0.115204
v 0.934836 0.280590 -0.120780
v 0.935815 0.281569 -0.126960
v 0.935815 0.281569 -0.466960
v 0.934836 0.280590 -0.473140
v 0.931995 0.277750 -0.478716
v 0.927570 0.273325 -0.483140
v 0.921995 0.267750 -0.485981
v 0.915815 0.261569 -0.486960
v 0.915815 0.429374 -0.106960
v 0.921995 0.435555 -0.107939
v 0.927570 0.441130 -0.110780
v 0.931995 0.445555 -0.115204
v 0.934836 0.448395 -0.120780
v 0.935815 0.449374 -0.126960
v 0.935815 0.449374 -0.466960
v 0.934836 0.448395 -0.473140
v 0.931995 0.445555 -0.478716
v 0.927570 0.441130 -0.483140
v 0.921995 0.435555 -0.485981
v 0.915815 0.429374 -0.486960
v 0.792888 0.429374 -0.106960
v 0.786708 0.435555 -0.107939
v 0.781132 0.441130 -0.110780
v 0.776707 0.445555 -0.115204
v 0.773867 0.448395 -0.120780
v 0.772888 0.449374 -0.126960
v 0.772888 0.449374 -0.466960
v 0.773867 0.448395 -0.473140
v 0.776707 0.445555 -0.478716
v 0.781132 0.441130 -0.483140
v 0.786708 0.435555 -0.485981
v 0.792888 0.429374 -0.486960
v 0.792888 0.261569 -0.106960
v 0.786708 0.267750 -0.107939
v 0.781132 0.273325 -0.110780
v 0.776707 0.277750 -0.115204
v 0.773867 0.280590 -0.120780
v 0.772888 0.281569 -0.126960
v 0.772888 0.281569 -0.466960
v 0.773867 0.280590 -0.473140
v 0.776707 0.277750 -0.478716
v 0.781132 0.273325 -0.483140
v 0.786708 0.267750 -0.485981
v 0.792888 0.261569 -0.486960
v 0.375327 0.261569 -0.106960
v 0.369146 0.267750 -0.107939
v 0.363571 0.273325 -0.110780
v 0.359146 0.277750 -0.115204
v 0.356306 0.280590 -0.120780
v 0.355327 0.281569 -0.126960
v 0.355327 0.281569 -0.466960
v 0.356306 0.280590 -0.473140
v 0.359146 0.277750 -0.478716
v 0.363571 0.273325 -0.483140
v 0.369146 0.267750 -0.485981
v 0.375327 0.261569 -0.486960
v 0.375327 0.053764 -0.106960
v 0.369146 0.047584 -0.107939
v 0.363571 0.042009 -0.110780
v 0.359146 0.037584 -0.115204
v 0.356306 0.034743 -0.120780
v 0.355327 0.033764 -0.126960
v 0.355327 0.033764 -0.466960
v 0.356306 0.034743 -0.473140
v 0.359146 0.037584 -0.478716
v 0.363571 0.042009 -0.483140
v 0.369146 0.047584 -0.485981
v 0.375327 0.053764 -0.486960
v 0.459229 0.053764 -0.106960
v 0.453049 0.047584 -0.107939
v 0.447474 0.042009 -0.110780
v 0.443049 0.037584 -0.115204
v 0.440208 0.034743 -0.120780
v 0.439229 0.033764 -0.126960
v 0.439229 0.033764 -0.466960
v 0.440208 0.034743 -0.473140
v 0.443049 0.037584 -0.478716
v 0.447474 0.042009 -0.483140
v 0.453049 0.047584 -0.485981
v 0.459229 0.053764 -0.486960
v 0.459229 -0.030138 -0.106960
v 0.453049 -0.036318 -0.107939
v 0.447474 -0.041894 -0.110780
v 0.443049 -0.046318 -0.115204
v 0.440208 -0.049159 -0.120780
v 0.439229 -0.050138 -0.126960
v 0.439229 -0.050138 -0.466960
v 0.440208 -0.049159 -0.473140
v 0.443049 -0.046318 -0.478716
v 0.447474 -0.041894 -0.483140
v 0.453049 -0.036318 -0.485981
v 0.459229 -0.030138 -0.486960
v 0.664107 -0.030138 -0.106960
v 0.670288 -0.036318 -0.107939
v 0.675863 -0.041894 -0.110780
v 0.680288 -0.046318 -0.115204
v 0.683128 -0.049159 -0.120780
v 0.684107 -0.050138 -0.126960
v 0.684107 -0.050138 -0.466960
v 0.683128 -0.049159 -0.473140
v 0.680288 -0.046318 -0.478716
v 0.675863 -0.041894 -0.483140
v 0.670288 -0.036318 -0.485981
v 0.664107 -0.030138 -0.486960
v 0.664107 0.093764 -0.106960
v 0.670288 0.099945 -0.107939
v 0.675863 0.105520 -0.110780
v 0.680288 0.109945 -0.115204
v 0.683128 0.112786 -0.120780
v 0.684107 0.113764 -0.126960
v 0.684107 0.113764 -0.466960
v 0.683128 0.112786 -0.473140
v 0.680288 0.109945 -0.478716
v 0.675863 0.105520 -0.483140
v 0.670288 0.099945 -0.485981
v 0.664107 0.093764 -0.486960
v 0.582156 0.093764 -0.106960
v 0.588336 0.099945 -0.107939
v 0.593912 0.105520 -0.110780
v 0.598336 0.109945 -0.115204
v 0.601177 0.112786 -0.120780
v 0.602156 0.113764 -0.126960
v 0.602156 0.113764 -0.466960
v 0.601177 0.112786 -0.473140
v 0.598336 0.109945 -0.478716
v 0.593912 0.105520 -0.483140
v 0.588336 0.099945 -0.485981
v 0.582156 0.093764 -0.486960
v 0.582156 0.137667 -0.106960
v 0.588336 0.131487 -0.107939
v 0.593912 0.125911 -0.110780
v 0.598336 0.121487 -0.115204
v 0.601177 0.118646 -0.120780
v 0.602156 0.117667 -0.126960
v 0.602156 0.117667 -0.466960
v 0.601177 0.118646 -0.473140
v 0.598336 0.121487 -0.478716
v 0.593912 0.125911 -0.483140
v 0.588336 0.131487 -0.485981
v 0.582156 0.137667 -0.486960
v 0.792888 0.137667 -0.106960
v 0.786708 0.131487 -0.107939
v 0.781132 0.125911 -0.110780
v 0.776707 0.121487 -0.115204
v 0.773867 0.118646 -0.120780
v 0.772888 0.117667 -0.126960
v 0.772888 0.117667 -0.466960
v 0.773867 0.118646 -0.473140
v 0.776707 0.121487 -0.478716
v 0.781132 0.125911 -0.483140
v 0.786708 0.131487 -0.485981
v 0.792888 0.137667 -0.486960
v 0.792888 -0.071114 -0.106960
v 0.786708 -0.064933 -0.107939
v 0.781132 -0.059358 -0.110780
v 0.776707 -0.054933 -0.115204
v 0.773867 -0.052092 -0.120780
v 0.772888 -0.051114 -0.126960
v 0.772888 -0.051114 -0.466960
v 0.773867 -0.052092 -0.473140
v 0.776707 -0.054933 -0.478716
v 0.781132 -0.059358 -0.483140
v 0.786708 -0.064933 -0.485981
v 0.792888 -0.071114 -0.486960
v 0.708010 -0.071114 -0.106960
v 0.701829 -0.064933 -0.107939
v 0.696254 -0.059358 -0.110780
v 0.691829 -0.054933 -0.115204
v 0.688989 -0.052092 -0.120780
v 0.688010 -0.051114 -0.126960
v 0.688010 -0.051114 -0.466960
v 0.688989 -0.052092 -0.473140
v 0.691829 -0.054933 -0.478716
v 0.696254 -0.059358 -0.483140
v 0.701829 -0.064933 -0.485981
v 0.708010 -0.071114 -0.486960
v 0.708010 -0.155992 -0.106960
v 0.701829 -0.149811 -0.107939
v 0.696254 -0.144236 -0.110780
v 0.691829 -0.139811 -0.115204
v 0.688989 -0.136971 -0.120780
v 0.688010 -0.135992 -0.126960
v 0.688010 -0.135992 -0.466960
v 0.688989 -0.136971 -0.473140
v 0.691829 -0.139811 -0.478716
v 0.696254 -0.144236 -0.483140
v 0.701829 -0.149811 -0.485981
v 0.708010 -0.155992 -0.486960
v 0.541180 -0.155992 -0.106960
v 0.535000 -0.149811 -0.107939
v 0.529425 -0.144236 -0.110780
v 0.525000 -0.139811 -0.115204
v 0.522159 -0.136971 -0.120780
v 0.521181 -0.135992 -0.126960
v 0.521181 -0.135992 -0.466960
v 0.522159 -0.136971 -0.473140
v 0.525000 -0.139811 -0.478716
v 0.529425 -0.144236 -0.483140
v 0.535000 -0.149811 -0.485981
v 0.541180 -0.155992 -0.486960
v 0.541180 -0.279894 -0.106960
v 0.535000 -0.286074 -0.107939
v 0.529425 -0.291650 -0.110780
v 0.525000 -0.296074 -0.115204
v 0.522159 -0.298915 -0.120780
v 0.521181 -0.299894 -0.126960
v 0.521181 -0.299894 -0.466960
v 0.522159 -0.298915 -0.473140
v 0.525000 -0.296074 -0.478716
v 0.529425 -0.291650 -0.483140
v 0.535000 -0.286074 -0.485981
v 0.541180 -0.279894 -0.486960
v 0.831912 -0.279894 -0.106960
v 0.838093 -0.286074 -0.107939
v 0.843668 -0.291650 -0.110780
v 0.848092 -0.296074 -0.115204
v 0.850933 -0.298915 -0.120780
v 0.851912 -0.299894 -0.126960
v 0.851912 -0.299894 -0.466960
v 0.850933 -0.298915 -0.473140
v 0.848092 -0.296074 -0.478716
v 0.843668 -0.291650 -0.483140
v 0.838093 -0.286074 -0.485981
v 0.831912 -0.279894 -0.486960
v 0.831912 -0.195992 -0.106960
v 0.838093 -0.202172 -0.107939
v 0.843668 -0.207747 -0.110780
v 0.848092 -0.212172 -0.115204
v 0.850933 -0.215013 -0.120780
v 0.851912 -0.215992 -0.126960
v 0.851912 -0.215992 -0.466960
v 0.850933 -0.215013 -0.473140
v 0.848092 -0.212172 -0.478716
v 0.843668 -0.207747 -0.483140
v 0.838093 -0.202172 -0.485981
v 0.831912 -0.195992 -0.486960
v 0.915815 -0.195992 -0.106960
v 0.921995 -0.202172 -0.107939
v 0.927570 -0.207747 -0.110780
v 0.931995 -0.212172 -0.115204
v 0.934836 -0.215013 -0.120780
v 0.935815 -0.215992 -0.126960
v 0.935815 -0.215992 -0.466960
v 0.934836 -0.215013 -0.473140
v 0.931995 -0.212172 -0.478716
v 0.927570 -0.207747 -0.483140
v 0.921995 -0.202172 -0.485981
v 0.915815 -0.195992 -0.486960
v 0.248497 -0.111114 -0.106960
v 0.254678 -0.117294 -0.107939
v 0.260253 -0.122869 -0.110780
v 0.264678 -0.127294 -0.115204
v 0.267519 -0.130135 -0.120780
v 0.268497 -0.131114 -0.126960
v 0.268497 -0.131114 -0.466960
v 0.267519 -0.130135 -0.473140
v 0.264678 -0.127294 -0.478716
v 0.260253 -0.122869 -0.483140
v 0.254678 -0.117294 -0.485981
v 0.248497 -0.111114 -0.486960
v 0.332400 -0.111114 -0.106960
v 0.338580 -0.117294 -0.107939
v 0.344156 -0.122869 -0.110780
v 0.348580 -0.127294 -0.115204
v 0.351421 -0.130135 -0.120780
v 0.352400 -0.131114 -0.126960
v 0.352400 -0.131114 -0.466960
v 0.351421 -0.130135 -0.473140
v 0.348580 -0.127294 -0.478716
v 0.344156 -0.122869 -0.483140
v 0.338580 -0.117294 -0.485981
v 0.332400 -0.111114 -0.486960
v 0.332400 0.344467 -0.106960
v 0.338580 0.350638 -0.107939
v 0.344156 0.356206 -0.110780
v 0.348580 0.360624 -0.115204
v 0.351421 0.363460 -0.120780
v 0.352400 0.364438 -0.126960
v 0.352400 0.364438 -0.466960
v 0.351421 0.363460 -0.473140
v 0.348580 0.360624 -0.478716
v 0.344156 0.356206 -0.483140
v 0.338580 0.350638 -0.485981
v 0.332400 0.344467 -0.486960
v -0.375893 0.345501 -0.106960
v -0.382073 0.351690 -0.107939
v -0.387648 0.357274 -0.110780
v -0.392073 0.361705 -0.115204
v -0.394914 0.364550 -0.120780
v -0.395893 0.365530 -0.126960
v -0.395893 0.365530 -0.466960
v -0.394914 0.364550 -0.473140
v -0.392073 0.361705 -0.478716
v -0.387648 0.357274 -0.483140
v -0.382073 0.351690 -0.485981
v -0.375893 0.345501 -0.486960
v -0.375893 -0.030138 -0.106960
v -0.382073 -0.036318 -0.107939
v -0.387648 -0.041894 -0.110780
v -0.392073 -0.046318 -0.115204
v -0.394914 -0.049159 -0.120780
v -0.395893 -0.050138 -0.126960
v -0.395893 -0.050138 -0.466960
v -0.394914 -0.049159 -0.473140
v -0.392073 -0.046318 -0.478716
v -0.387648 -0.041894 -0.483140
v -0.382073 -0.036318 -0.485981
v -0.375893 -0.030138 -0.486960
v -0.291990 -0.030138 -0.106960
v -0.298170 -0.036318 -0.107939
v -0.303746 -0.041894 -0.110780
v -0.308170 -0.046318 -0.115204
v -0.311011 -0.049159 -0.120780
v -0.311990 -0.050138 -0.126960
v -0.311990 -0.050138 -0.466960
v -0.311011 -0.049159 -0.473140
v -0.308170 -0.046318 -0.478716
v -0.303746 -0.041894 -0.483140
v -0.298170 -0.036318 -0.485981
v -0.291990 -0.030138 -0.486960
v -0.291990 -0.279894 -0.106960
v -0.298170 -0.286074 -0.107939
v -0.303746 -0.291650 -0.110780
v -0.308170 -0.296074 -0.115204
v -0.311011 -0.298915 -0.120780
v -0.311990 -0.299894 -0.126960
v -0.311990 -0.299894 -0.466960
v -0.311011 -0.298915 -0.473140
v -0.308170 -0.296074 -0.478716
v -0.303746 -0.291650 -0.483140
v -0.298170 -0.286074 -0.485981
v -0.291990 -0.279894 -0.486960
v 0.248497 -0.279894 -0.106960
v 0.254678 -0.286074 -0.107939
v 0.260253 -0.291650 -0.110780
v 0.264678 -0.296074 -0.115204
v 0.267519 -0.298915 -0.120780
v 0.268497 -0.299894 -0.126960
v 0.268497 -0.299894 -0.466960
v 0.267519 -0.298915 -0.473140
v 0.264678 -0.296074 -0.478716
v 0.260253 -0.291650 -0.483140
v 0.254678 -0.286074 -0.485981
v 0.248497 -0.279894 -0.486960
v 0.125571 -0.155992 -0.106960
v 0.119390 -0.149811 -0.107939
v 0.113815 -0.144236 -0.110780
v 0.109390 -0.139811 -0.115204
v 0.106550 -0.136971 -0.120780
v 0.105571 -0.135992 -0.126960
v 0.105571 -0.135992 -0.466960
v 0.106550 -0.136971 -0.473140
v 0.109390 -0.139811 -0.478716
v 0.113815 -0.144236 -0.483140
v 0.119390 -0.149811 -0.485981
v 0.125571 -0.155992 -0.486960
v -0.169063 -0.155992 -0.106960
v -0.162883 -0.149811 -0.107939
v -0.157308 -0.144236 -0.110780
v -0.152883 -0.139811 -0.115204
v -0.150042 -0.136971 -0.120780
v -0.149063 -0.135992 -0.126960
v -0.149063 -0.135992 -0.466960
v -0.150042 -0.136971 -0.473140
v -0.152883 -0.139811 -0.478716
v -0.157308 -0.144236 -0.483140
v -0.162883 -0.149811 -0.485981
v -0.169063 -0.155992 -0.486960
v -0.169063 0.093764 -0.106960
v -0.162883 0.099945 -0.107939
v -0.157308 0.105520 -0.110780
v -0.152883 0.109945 -0.115204
v -0.150042 0.112786 -0.120780
v -0.149063 0.113764 -0.126960
v -0.149063 0.113764 -0.466960
v -0.150042 0.112786 -0.473140
v -0.152883 0.109945 -0.478716
v -0.157308 0.105520 -0.483140
v -0.162883 0.099945 -0.485981
v -0.169063 0.093764 -0.486960
v -0.252966 0.093764 -0.106960
v -0.246786 0.099945 -0.107939
v -0.241210 0.105520 -0.110780
v -0.236786 0.109945 -0.115204
v -0.233945 0.112786 -0.120780
v -0.232966 0.113764 -0.126960
v -0.232966 0.113764 -0.466960
v -0.233945 0.112786 -0.473140
v -0.236786 0.109945 -0.478716
v -0.241210 0.105520 -0.483140
v -0.246786 0.099945 -0.485981
v -0.252966 0.093764 -0.486960
v -0.252966 0.221569 -0.106960
v -0.246786 0.215389 -0.107939
v -0.241210 0.209814 -0.110780
v -0.236786 0.205389 -0.115204
v -0.233945 0.202548 -0.120780
v -0.232966 0.201569 -0.126960
v -0.232966 0.201569 -0.466960
v -0.233945 0.202548 -0.473140
v -0.236786 0.205389 -0.478716
v -0.241210 0.209814 -0.483140
v -0.246786 0.215389 -0.485981
v -0.252966 0.221569 -0.486960
v 0.209473 0.221569 -0.106960
v 0.203293 0.215389 -0.107939
v 0.197717 0.209814 -0.110780
v 0.193293 0.205389 -0.115204
v 0.190452 0.202548 -0.120780
v 0.189473 0.201569 -0.126960
v 0.189473 0.201569 -0.466960
v 0.190452 0.202548 -0.473140
v 0.193293 0.205389 -0.478716
v 0.197717 0.209814 -0.483140
v 0.203293 0.215389 -0.485981
v 0.209473 0.221569 -0.486960
v 0.209473 0.011813 -0.106960
v 0.203293 0.017994 -0.107939
v 0.197717 0.023569 -0.110780
v 0.193293 0.027994 -0.115204
v 0.190452 0.030834 -0.120780
v 0.189473 0.031813 -0.126960
v 0.189473 0.031813 -0.466960
v 0.190452 0.030834 -0.473140
v 0.193293 0.027994 -0.478716
v 0.197717 0.023569 -0.483140
v 0.203293 0.017994 -0.485981
v 0.209473 0.011813 -0.486960
v 0.125571 0.011813 -0.106960
v 0.119390 0.017994 -0.107939
v 0.113815 0.023569 -0.110780
v 0.109390 0.027994 -0.115204
v 0.106550 0.030834 -0.120780
v 0.105571 0.031813 -0.126960
v 0.105571 0.031813 -0.466960
v 0.106550 0.030834 -0.473140
v 0.109390 0.027994 -0.478716
v 0.113815 0.023569 -0.483140
v 0.119390 0.017994 -0.485981
v 0.125571 0.011813 -0.486960
v -0.625649 -0.279894 -0.106960
v -0.631829 -0.286074 -0.107939
v -0.637405 -0.291650 -0.110780
v -0.641829 -0.296074 -0.115204
v -0.644670 -0.298915 -0.120780
v -0.645649 -0.299894 -0.126960
v -0.645649 -0.299894 -0.466960
v -0.644670 -0.298915 -0.473140
v -0.641829 -0.296074 -0.478716
v -0.637405 -0.291650 -0.483140
v -0.631829 -0.286074 -0.485981
v -0.625649 -0.279894 -0.486960
v -0.418820 -0.279894 -0.106960
v -0.412639 -0.286074 -0.107939
v -0.407064 -0.291650 -0.110780
v -0.402639 -0.296074 -0.115204
v -0.399799 -0.298915 -0.120780
v -0.398820 -0.299894 -0.126960
v -0.398820 -0.299894 -0.466960
v -0.399799 -0.298915 -0.473140
v -0.402639 -0.296074 -0.478716
v -0.407064 -0.291650 -0.483140
v -0.412639 -0.286074 -0.485981
v -0.418820 -0.279894 -0.486960
v -0.418820 -0.155992 -0.106960
v -0.412639 -0.149811 -0.107939
v -0.407064 -0.144236 -0.110780
v -0.402639 -0.139811 -0.115204
v -0.399799 -0.136971 -0.120780
v -0.398820 -0.135992 -0.126960
v -0.398820 -0.135992 -0.466960
v -0.399799 -0.136971 -0.473140
v -0.402639 -0.139811 -0.478716
v -0.407064 -0.144236 -0.483140
v -0.412639 -0.149811 -0.485981
v -0.418820 -0.155992 -0.486960
v -0.502722 -0.155992 -0.106960
v -0.496542 -0.149811 -0.107939
v -0.490966 -0.144236 -0.110780
v -0.486542 -0.139811 -0.115204
v -0.483701 -0.136971 -0.120780
v -0.482722 -0.135992 -0.126960
v -0.482722 -0.135992 -0.466960
v -0.483701 -0.136971 -0.473140
v -0.486542 -0.139811 -0.478716
v -0.490966 -0.144236 -0.483140
v -0.496542 -0.149811 -0.485981
v -0.502722 -0.155992 -0.486960
v -0.502722 -0.071114 -0.106960
v -0.496542 -0.064933 -0.107939
v -0.490966 -0.059358 -0.110780
v -0.486542 -0.054933 -0.115204
v -0.483701 -0.052092 -0.120780
v -0.482722 -0.051114 -0.126960
v -0.482722 -0.051114 -0.466960
v -0.483701 -0.052092 -0.473140
v -0.486542 -0.054933 -0.478716
v -0.490966 -0.059358 -0.483140
v -0.496542 -0.064933 -0.485981
v -0.502722 -0.071114 -0.486960
v -0.586625 -0.071114 -0.106960
v -0.580444 -0.064933 -0.107939
v -0.574869 -0.059358 -0.110780
v -0.570444 -0.054933 -0.115204
v -0.567603 -0.052092 -0.120780
v -0.566625 -0.051114 -0.126960
v -0.566625 -0.051114 -0.466960
v -0.567603 -0.052092 -0.473140
v -0.570444 -0.054933 -0.478716
v -0.574869 -0.059358 -0.483140
v -0.580444 -0.064933 -0.485981
v -0.586625 -0.071114 -0.486960
v -0.586625 0.011813 -0.106960
v -0.580444 0.017994 -0.107939
v -0.574869 0.023569 -0.110780
v -0.570444 0.027994 -0.115204
v -0.567603 0.030834 -0.120780
v -0.566625 0.031813 -0.126960
v -0.566625 0.031813 -0.466960
v -0.567603 0.030834 -0.473140
v -0.570444 0.027994 -0.478716
v -0.574869 0.023569 -0.483140
v -0.580444 0.017994 -0.485981
v -0.586625 0.011813 -0.486960
v -0.670527 0.011813 -0.106960
v -0.664347 0.017994 -0.107939
v -0.658771 0.023569 -0.110780
v -0.654347 0.027994 -0.115204
v -0.651506 0.030834 -0.120780
v -0.650527 0.031813 -0.126960
v -0.650527 0.031813 -0.466960
v -0.651506 0.030834 -0.473140
v -0.654347 0.027994 -0.478716
v -0.658771 0.023569 -0.483140
v -0.664347 0.017994 -0.485981
v -0.670527 0.011813 -0.486960
v -0.670527 0.177667 -0.106960
v -0.664347 0.183847 -0.107939
v -0.658771 0.189423 -0.110780
v -0.654347 0.193847 -0.115204
v -0.651506 0.196688 -0.120780
v -0.650527 0.197667 -0.126960
v -0.650527 0.197667 -0.466960
v -0.651506 0.196688 -0.473140
v -0.654347 0.193847 -0.478716
v -0.658771 0.189423 -0.483140
v -0.664347 0.183847 -0.485981
v -0.670527 0.177667 -0.486960
v -0.754429 0.177667 -0.106960
v -0.748249 0.183847 -0.107939
v -0.742674 0.189423 -0.110780
v -0.738249 0.193847 -0.115204
v -0.735408 0.196688 -0.120780
v -0.734429 0.197667 -0.126960
v -0.734429 0.197667 -0.466960
v -0.735408 0.196688 -0.473140
v -0.738249 0.193847 -0.478716
v -0.742674 0.189423 -0.483140
v -0.748249 0.183847 -0.485981
v -0.754429 0.177667 -0.486960
v -0.754429 0.429374 -0.106960
v -0.748249 0.435555 -0.107939
v -0.742674 0.441130 -0.110780
v -0.738249 0.445555 -0.115204
v -0.735408 0.448395 -0.120780
v -0.734429 0.449374 -0.126960
v -0.734429 0.449374 -0.466960
v -0.735408 0.448395 -0.473140
v -0.738249 0.445555 -0.478716
v -0.742674 0.441130 -0.483140
v -0.748249 0.435555 -0.485981
v -0.754429 0.429374 -0.486960
v -0.878332 0.429374 -0.106960
v -0.884512 0.435555 -0.107939
v -0.890087 0.441130 -0.110780
v -0.894512 0.445555 -0.115204
v -0.897353 0.448395 -0.120780
v -0.898332 0.449374 -0.126960
v -0.898332 0.449374 -0.466960
v -0.897353 0.448395 -0.473140
v -0.894512 0.445555 -0.478716
v -0.890087 0.441130 -0.483140
v -0.884512 0.435555 -0.485981
v -0.878332 0.429374 -0.486960
v -0.878332 0.053764 -0.106960
v -0.884512 0.047584 -0.107939
v -0.890087 0.042009 -0.110780
v -0.894512 0.037584 -0.115204
v -0.897353 0.034743 -0.120780
v -0.898332 0.033764 -0.126960
v -0.898332 0.033764 -0.466960
v -0.897353 0.034743 -0.473140
v -0.894512 0.037584 -0.478716
v -0.890087 0.042009 -0.483140
v -0.884512 0.047584 -0.485981
v -0.878332 0.053764 -0.486960
v -0.794429 0.053764 -0.106960
v -0.800609 0.047584 -0.107939
v -0.806185 0.042009 -0.110780
v -0.810609 0.037584 -0.115204
v -0.813450 0.034743 -0.120780
v -0.814429 0.033764 -0.126960
v -0.814429 0.033764 -0.466960
v -0.813450 0.034743 -0.473140
v -0.810609 0.037584 -0.478716
v -0.806185 0.042009 -0.483140
v -0.800609 0.047584 -0.485981
v -0.794429 0.053764 -0.486960
v -0.794429 -0.111114 -0.106960
v -0.800609 -0.117294 -0.107939
v -0.806185 -0.122869 -0.110780
v -0.810609 -0.127294 -0.115204
v -0.813450 -0.130135 -0.120780
v -0.814429 -0.131114 -0.126960
v -0.814429 -0.131114 -0.466960
v -0.813450 -0.130135 -0.473140
v -0.810609 -0.127294 -0.478716
v -0.806185 -0.122869 -0.483140
v -0.800609 -0.117294 -0.485981
v -0.794429 -0.111114 -0.486960
v -0.709551 -0.111114 -0.106960
v -0.715732 -0.117294 -0.107939
v -0.721307 -0.122869 -0.110780
v -0.725731 -0.127294 -0.115204
v -0.728572 -0.130135 -0.120780
v -0.729551 -0.131114 -0.126960
v -0.729551 -0.131114 -0.466960
v -0.728572 -0.130135 -0.473140
v -0.725731 -0.127294 -0.478716
v -0.721307 -0.122869 -0.483140
v -0.715732 -0.117294 -0.485981
v -0.709551 -0.111114 -0.486960
v -0.709551 -0.195992 -0.106960
v -0.715732 -0.202172 -0.107939
v -0.721307 -0.207747 -0.110780
v -0.725731 -0.212172 -0.115204
v -0.728572 -0.215013 -0.120780
v -0.729551 -0.215992 -0.126960
v -0.729551 -0.215992 -0.466960
v -0.728572 -0.215013 -0.473140
v -0.725731 -0.212172 -0.478716
v -0.721307 -0.207747 -0.483140
v -0.715732 -0.202172 -0.485981
v -0.709551 -0.195992 -0.486960
v -0.625649 -0.195992 -0.106960
v -0.631829 -0.202172 -0.107939
v -0.637405 -0.207747 -0.110780
v -0.641829 -0.212172 -0.115204
v -0.644670 -0.215013 -0.120780
v -0.645649 -0.215992 -0.126960
v -0.645649 -0.215992 -0.466960
v -0.644670 -0.215013 -0.473140
v -0.641829 -0.212172 -0.478716
v -0.637405 -0.207747 -0.483140
v -0.631829 -0.202172 -0.485981
v -0.625649 -0.195992 -0.486960
v -1.380771 -0.028187 -0.106960
v -1.386951 -0.034367 -0.107939
v -1.392527 -0.039942 -0.110780
v -1.396951 -0.044367 -0.115204
v -1.399792 -0.047208 -0.120780
v -1.400771 -0.048187 -0.126960
v -1.400771 -0.048187 -0.466960
v -1.399792 -0.047208 -0.473140
v -1.396951 -0.044367 -0.478716
v -1.392527 -0.039942 -0.483140
v -1.386951 -0.034367 -0.485981
v -1.380771 -0.028187 -0.486960
v -0.921259 -0.028187 -0.106960
v -0.915078 -0.034367 -0.107939
v -0.909503 -0.039942 -0.110780
v -0.905078 -0.044367 -0.115204
v -0.902238 -0.047208 -0.120780
v -0.901259 -0.048187 -0.126960
v -0.901259 -0.048187 -0.466960
v -0.902238 -0.047208 -0.473140
v -0.905078 -0.044367 -0.478716
v -0.909503 -0.039942 -0.483140
v -0.915078 -0.034367 -0.485981
v -0.921259 -0.028187 -0.486960
v -0.921259 0.093764 -0.106960
v -0.915078 0.099945 -0.107939
v -0.909503 0.105520 -0.110780
v -0.905078 0.109945 -0.115204
v -0.902238 0.112786 -0.120780
v -0.901259 0.113764 -0.126960
v -0.901259 0.113764 -0.466960
v -0.902238 0.112786 -0.473140
v -0.905078 0.109945 -0.478716
v -0.909503 0.105520 -0.483140
v -0.915078 0.099945 -0.485981
v -0.921259 0.093764 -0.486960
v -1.380771 0.093764 -0.106960
v -1.386951 0.099945 -0.107939
v -1.392527 0.105520 -0.110780
v -1.396951 0.109945 -0.115204
v -1.399792 0.112786 -0.120780
v -1.400771 0.113764 -0.126960
v -1.400771 0.113764 -0.466960
v -1.399792 0.112786 -0.473140
v -1.396951 0.109945 -0.478716
v -1.392527 0.105520 -0.483140
v -1.386951 0.099945 -0.485981
v -1.380771 0.093764 -0.486960
v -1.546624 -0.279894 -0.106960
v -1.552805 -0.286074 -0.107939
v -1.558380 -0.291650 -0.110780
v -1.562805 -0.296074 -0.115204
v -1.565645 -0.298915 -0.120780
v -1.566624 -0.299894 -0.126960
v -1.566624 -0.299894 -0.466960
v -1.565645 -0.298915 -0.473140
v -1.562805 -0.296074 -0.478716
v -1.558380 -0.291650 -0.483140
v -1.552805 -0.286074 -0.485981
v -1.546624 -0.279894 -0.486960
v -1.423698 -0.279894 -0.106960
v -1.417517 -0.286074 -0.107939
v -1.411942 -0.291650 -0.110780
v -1.407517 -0.296074 -0.115204
v -1.404677 -0.298915 -0.120780
v -1.403698 -0.299894 -0.126960
v -1.403698 -0.299894 -0.466960
v -1.404677 -0.298915 -0.473140
v -1.407517 -0.296074 -0.478716
v -1.411942 -0.291650 -0.483140
v -1.417517 -0.286074 -0.485981
v -1.423698 -0.279894 -0.486960
v -1.423698 0.429374 -0.106960
v -1.417517 0.435555 -0.107939
v -1.411942 0.441130 -0.110780
v -1.407517 0.445555 -0.115204
v -1.404677 0.448395 -0.120780
v -1.403698 0.449374 -0.126960
v -1.403698 0.449374 -0.466960
v -1.404677 0.448395 -0.473140
v -1.407517 0.445555 -0.478716
v -1.411942 0.441130 -0.483140
v -1.417517 0.435555 -0.485981
v -1.423698 0.429374 -0.486960
v -1.546624 0.429374 -0.106960
v -1.552805 0.435555 -0.107939
v -1.558380 0.441130 -0.110780
v -1.562805 0.445555 -0.115204
v -1.565645 0.448395 -0.120780
v -1.566624 0.449374 -0.126960
v -1.566624 0.449374 -0.466960
v -1.565645 0.448395 -0.473140
v -1.562805 0.445555 -0.478716
v -1.558380 0.441130 -0.483140
v -1.552805 0.435555 -0.485981
v -1.546624 0.429374 -0.486960
v -1.546624 0.177667 -0.106960
v -1.552805 0.183847 -0.107939
v -1.558380 0.189423 -0.110780
v -1.562805 0.193847 -0.115204
v -1.565645 0.196688 -0.120780
v -1.566624 0.197667 -0.126960
v -1.566624 0.197667 -0.466960
v -1.565645 0.196688 -0.473140
v -1.562805 0.193847 -0.478716
v -1.558380 0.189423 -0.483140
v -1.552805 0.183847 -0.485981
v -1.546624 0.177667 -0.486960
v -1.714429 0.177667 -0.106960
v -1.720610 0.183847 -0.107939
v -1.726185 0.189423 -0.110780
v -1.730610 0.193847 -0.115204
v -1.733450 0.196688 -0.120780
v -1.734429 0.197667 -0.126960
v -1.734429 0.197667 -0.466960
v -1.733450 0.196688 -0.473140
v -1.730610 0.193847 -0.478716
v -1.726185 0.189423 -0.483140
v -1.720610 0.183847 -0.485981
v -1.714429 0.177667 -0.486960
v -1.714429 0.093764 -0.106960
v -1.720610 0.099945 -0.107939
v -1.726185 0.105520 -0.110780
v -1.730610 0.109945 -0.115204
v -1.733450 0.112786 -0.120780
v -1.734429 0.113764 -0.126960
v -1.734429 0.113764 -0.466960
v -1.733450 0.112786 -0.473140
v -1.730610 0.109945 -0.478716
v -1.726185 0.105520 -0.483140
v -1.720610 0.099945 -0.485981
v -1.714429 0.093764 -0.486960
v -1.883210 0.093764 -0.106960
v -1.889390 0.099945 -0.107939
v -1.894966 0.105520 -0.110780
v -1.899390 0.109945 -0.115204
v -1.902231 0.112786 -0.120780
v -1.903210 0.113764 -0.126960
v -1.903210 0.113764 -0.466960
v -1.902231 0.112786 -0.473140
v -1.899390 0.109945 -0.478716
v -1.894966 0.105520 -0.483140
v -1.889390 0.099945 -0.485981
v -1.883210 0.093764 -0.486960
v -1.883210 0.011813 -0.106960
v -1.889390 0.017994 -0.107939
v -1.894966 0.023569 -0.110780
v -1.899390 0.027994 -0.115204
v -1.902231 0.030834 -0.120780
v -1.903210 0.031813 -0.126960
v -1.903210 0.031813 -0.466960
v -1.902231 0.030834 -0.473140
v -1.899390 0.027994 -0.478716
v -1.894966 0.023569 -0.483140
v -1.889390 0.017994 -0.485981
v -1.883210 0.011813 -0.486960
v -1.966137 0.011813 -0.106960
v -1.972317 0.017994 -0.107939
v -1.977892 0.023569 -0.110780
v -1.982317 0.027994 -0.115204
v -1.985158 0.030834 -0.120780
v -1.986137 0.031813 -0.126960
v -1.986137 0.031813 -0.466960
v -1.985158 0.030834 -0.473140
v -1.982317 0.027994 -0.478716
v -1.977892 0.023569 -0.483140
v -1.972317 0.017994 -0.485981
v -1.966137 0.011813 -0.486960
v -1.966137 -0.111114 -0.106960
v -1.972317 -0.117294 -0.107939
v -1.977892 -0.122869 -0.110780
v -1.982317 -0.127294 -0.115204
v -1.985158 -0.130135 -0.120780
v -1.986137 -0.131114 -0.126960
v -1.986137 -0.131114 -0.466960
v -1.985158 -0.130135 -0.473140
v -1.982317 -0.127294 -0.478716
v -1.977892 -0.122869 -0.483140
v -1.972317 -0.117294 -0.485981
v -1.966137 -0.111114 -0.486960
v -1.759307 -0.111114 -0.106960
v -1.753127 -0.117294 -0.107939
v -1.747552 -0.122869 -0.110780
v -1.743127 -0.127294 -0.115204
v -1.740286 -0.130135 -0.120780
v -1.739307 -0.131114 -0.126960
v -1.739307 -0.131114 -0.466960
v -1.740286 -0.130135 -0.473140
v -1.743127 -0.127294 -0.478716
v -1.747552 -0.122869 -0.483140
v -1.753127 -0.117294 -0.485981
v -1.759307 -0.111114 -0.486960
v -1.759307 -0.028187 -0.106960
v -1.753127 -0.034367 -0.107939
v -1.747552 -0.039942 -0.110780
v -1.743127 -0.044367 -0.115204
v -1.740286 -0.047208 -0.120780
v -1.739307 -0.048187 -0.126960
v -1.739307 -0.048187 -0.466960
v -1.740286 -0.047208 -0.473140
v -1.743127 -0.044367 -0.478716
v -1.747552 -0.039942 -0.483140
v -1.753127 -0.034367 -0.485981
v -1.759307 -0.028187 -0.486960
v -1.591503 -0.028187 -0.106960
v -1.585322 -0.034367 -0.107939
v -1.579747 -0.039942 -0.110780
v -1.575322 -0.044367 -0.115204
v -1.572482 -0.047208 -0.120780
v -1.571503 -0.048187 -0.126960
v -1.571503 -0.048187 -0.466960
v -1.572482 -0.047208 -0.473140
v -1.575322 -0.044367 -0.478716
v -1.579747 -0.039942 -0.483140
v -1.585322 -0.034367 -0.485981
v -1.591503 -0.028187 -0.486960
v -1.591503 0.053764 -0.106960
v -1.585322 0.047584 -0.107939
v -1.579747 0.042009 -0.110780
v -1.575322 0.037584 -0.115204
v -1.572482 0.034743 -0.120780
v -1.571503 0.033764 -0.126960
v -1.571503 0.033764 -0.466960
v -1.572482 0.034743 -0.473140
v -1.575322 0.037584 -0.478716
v -1.579747 0.042009 -0.483140
v -1.585322 0.047584 -0.485981
v -1.591503 0.053764 -0.486960
v -1.546624 0.053764 -0.106960
v -1.552805 0.047584 -0.107939
v -1.558380 0.042009 -0.110780
v -1.562805 0.037584 -0.115204
v -1.565645 0.034743 -0.120780
v -1.566624 0.033764 -0.126960
v -1.566624 0.033764 -0.466960
v -1.565645 0.034743 -0.473140
v -1.562805 0.037584 -0.478716
v -1.558380 0.042009 -0.483140
v -1.552805 0.047584 -0.485981
v -1.546624 0.053764 -0.486960
vn -0.0000 -0.0000 -1.0000
vn -0.0000 1.0000 -0.0000
vn -0.0000 -1.0000 -0.0000
vn -0.0000 -0.0000 1.0000
vn 0.1203 -0.1203 0.9854
vn 0.0787 -0.0787 0.9938
vn 0.2882 -0.2882 0.9132
vn 0.1980 -0.1980 0.9600
vn 0.4666 -0.4666 0.7513
vn 0.3610 -0.3610 0.8599
vn 0.6319 -0.6319 0.4487
vn 0.5226 -0.5226 0.6736
vn 0.7024 -0.7023 0.1158
vn 0.6543 -0.6543 0.3792
vn 0.7032 -0.7032 -0.1049
vn 0.7024 -0.7023 -0.1158
vn 0.6543 -0.6543 -0.3792
vn 0.6319 -0.6319 -0.4487
vn 0.5226 -0.5226 -0.6736
vn 0.4666 -0.4666 -0.7513
vn 0.3610 -0.3610 -0.8599
vn 0.2882 -0.2882 -0.9132
vn 0.1980 -0.1980 -0.9600
vn 0.1203 -0.1203 -0.9854
vn 0.0787 -0.0787 -0.9938
vn 0.0785 0.0787 0.9938
vn 0.1976 0.1981 0.9601
vn 0.3603 0.3612 0.8601
vn 0.5218 0.5230 0.6740
vn 0.7032 -0.7032 0.1049
vn 0.6534 0.6550 0.3795
vn 0.7024 0.7040 -0.1050
vn 0.6534 0.6550 -0.3795
vn 0.5218 0.5230 -0.6740
vn 0.3603 0.3612 -0.8601
vn 0.1976 0.1981 -0.9601
vn 0.0785 0.0787 -0.9938
vn 0.1200 0.1203 0.9855
vn 0.2875 0.2882 0.9134
vn 0.4657 0.4668 0.7518
vn 0.6310 0.6325 0.4492
vn 0.7015 0.7032 0.1159
vn 0.7024 0.7040 0.1050
vn 0.7015 0.7032 -0.1159
vn 0.6310 0.6325 -0.4492
vn 0.4657 0.4668 -0.7518
vn 0.2875 0.2882 -0.9134
vn 0.1200 0.1203 -0.9855
vn 0.0787 0.0787 0.9938
vn 0.1980 0.1980 0.9600
vn 0.3610 0.3610 0.8599
vn 0.5226 0.5226 0.6736
vn 0.6543 0.6543 0.3793
vn 0.7032 0.7032 -0.1049
vn 0.6543 0.6543 -0.3793
vn 0.5226 0.5226 -0.6736
vn 0.3610 0.3610 -0.8599
vn 0.1980 0.1980 -0.9600
vn 0.0787 0.0787 -0.9938
vn -0.1980 0.1980 0.9600
vn -0.3610 0.3610 0.8599
vn -0.5226 0.5226 0.6736
vn -0.7032 0.7032 0.1049
vn 0.7032 0.7032 0.1049
vn -0.7032 0.7032 -0.1049
vn -0.5226 0.5226 -0.6736
vn -0.3610 0.3610 -0.8599
vn -0.1980 0.1980 -0.9600
vn -0.0787 0.0787 -0.9938
vn -0.1203 0.1203 0.9854
vn -0.0787 0.0787 0.9938
vn -0.2882 0.2882 0.9132
vn -0.4666 0.4666 0.7513
vn -0.6319 0.6319 0.4487
vn -0.6543 0.6543 0.3792
vn -0.7024 0.7023 0.1158
vn -0.7023 0.7024 -0.1158
vn -0.6543 0.6543 -0.3792
vn -0.6319 0.6319 -0.4487
vn -0.4666 0.4666 -0.7513
vn -0.2882 0.2882 -0.9132
vn -0.1203 0.1203 -0.9854
vn -0.6543 0.6543 0.3793
vn -0.6543 0.6543 -0.3793
vn -0.1980 -0.1980 0.9600
vn -0.3610 -0.3610 0.8599
vn -0.5226 -0.5226 0.6736
vn -0.6543 -0.6543 0.3792
vn -0.7032 -0.7032 -0.1049
vn -0.6543 -0.6543 -0.3792
vn -0.3610 -0.3610 -0.8599
vn -0.1980 -0.1980 -0.9600
vn -0.0787 -0.0787 -0.9938
vn -0.1203 -0.1203 0.9854
vn -0.0787 -0.0787 0.9938
vn -0.2882 -0.2882 0.9132
vn -0.4666 -0.4666 0.7513
vn -0.6319 -0.6319 0.4487
vn -0.7024 -0.7023 0.1158
vn -0.7032 -0.7032 0.1049
vn -0.7024 -0.7023 -0.1158
vn -0.5226 -0.5226 -0.6736
vn -0.6319 -0.6319 -0.4487
vn -0.4666 -0.4666 -0.7513
vn -0.2882 -0.2882 -0.9132
vn -0.1203 -0.1203 -0.9854
vn 0.6543 -0.6543 0.3793
vn 0.7023 -0.7024 0.1158
vn 0.7023 -0.7024 -0.1158
vn 0.4667 -0.4666 -0.7513
vn -0.7023 -0.7024 0.1158
vn -0.7023 -0.7024 -0.1158
vn -0.6543 -0.6543 0.3793
vn -0.6543 -0.6543 -0.3793
vn 0.6543 -0.6543 -0.3793
vn 0.1203 0.1203 0.9854
vn 0.2882 0.2882 0.9132
vn 0.4666 0.4666 0.7513
vn 0.6319 0.6319 0.4487
vn 0.7023 0.7024 0.1158
vn 0.7024 0.7023 -0.1158
vn 0.6543 0.6543 -0.3792
vn 0.6319 0.6319 -0.4487
vn 0.4666 0.4666 -0.7513
vn 0.2882 0.2882 -0.9132
vn 0.1203 0.1203 -0.9854
vn 0.6543 0.6543 0.3792
vn 0.7024 0.7023 0.1158
vn -0.7023 0.7024 0.1158
vn -0.7024 0.7024 -0.1158
vn 0.1982 0.1980 0.9600
vn 0.3614 0.3609 0.8597
vn 0.5231 0.5224 0.6734
vn 0.6548 0.6539 0.3791
vn 0.7037 0.7027 0.1048
vn 0.7037 0.7027 -0.1048
vn 0.6548 0.6539 -0.3791
vn 0.5231 0.5224 -0.6734
vn 0.3614 0.3609 -0.8597
vn 0.1982 0.1980 -0.9600
vn -0.0786 0.0787 0.9938
vn 0.0788 0.0787 0.9938
vn -0.1978 0.1981 0.9600
vn -0.3606 0.3611 0.8600
vn -0.5221 0.5228 0.6738
vn -0.6538 0.6547 0.3794
vn -0.7027 0.7037 -0.1050
vn -0.6538 0.6547 -0.3794
vn -0.5221 0.5228 -0.6738
vn -0.3606 0.3611 -0.8600
vn -0.1978 0.1981 -0.9600
vn -0.0786 0.0787 -0.9938
vn 0.0788 0.0787 -0.9938
vn -0.7027 0.7037 0.1050
vn 0.7023 0.7024 -0.1158
vn -0.7024 0.7023 -0.1158
vt 0.494709 0.990844
vt 0.467499 0.833848
vt 0.494709 0.833848
vt 0.467499 0.889563
vt 0.467499 0.916989
vt 0.430355 0.889563
vt 0.430355 0.908135
vt 0.392996 0.908135
vt 0.457565 0.916989
vt 0.392996 0.926275
vt 0.467499 0.990844
vt 0.457565 0.935129
vt 0.374640 0.926275
vt 0.420422 0.935129
vt 0.374640 0.953484
vt 0.420422 0.953484
vt 0.182906 0.712396
vt 0.209900 0.610684
vt 0.209900 0.712396
vt 0.182906 0.610684
vt 0.154474 0.757736
vt 0.158393 0.695760
vt 0.182186 0.709401
vt 0.117040 0.767887
vt 0.152326 0.798822
vt 0.170585 0.766973
vt 0.133152 0.777125
vt 0.114999 0.808786
vt 0.159307 0.823983
vt 0.168437 0.808059
vt 0.166074 0.849519
vt 0.175419 0.833220
vt 0.131298 0.818130
vt 0.121954 0.834429
vt 0.168545 0.882549
vt 0.182186 0.858756
vt 0.138065 0.843666
vt 0.128828 0.859778
vt 0.842474 0.579400
vt 0.869677 0.708970
vt 0.842245 0.736180
vt 0.925392 0.736180
vt 0.943316 0.579400
vt 0.869677 0.606610
vt 0.916106 0.606610
vt 0.897966 0.708970
vt 0.953250 0.690398
vt 0.897966 0.690398
vt 0.925392 0.717608
vt 0.916106 0.625181
vt 0.943316 0.597972
vt 0.953250 0.625181
vt 0.980675 0.717608
vt 0.980675 0.597972
vt 0.774876 0.773975
vt 0.730284 0.785368
vt 0.740426 0.760131
vt 0.764734 0.799212
vt 0.814158 0.749747
vt 0.788721 0.739525
vt 0.730284 0.884938
vt 0.790172 0.809435
vt 0.772785 0.852698
vt 0.772946 0.902082
vt 0.800568 0.784300
vt 0.868791 0.812518
vt 0.832861 0.827092
vt 0.781799 0.856320
vt 0.813997 0.849718
vt 0.788560 0.839495
vt 0.779869 0.884857
vt 0.797094 0.891779
vt 0.825683 0.844447
vt 0.843037 0.851625
vt 0.828928 0.885736
vt 0.861695 0.829674
vt 0.854263 0.896215
vt 0.878851 0.836769
vt 0.310197 0.954016
vt 0.337322 0.991034
vt 0.310197 0.991034
vt 0.337322 0.954005
vt 0.217626 0.926665
vt 0.217626 0.954231
vt 0.373920 0.954005
vt 0.373920 0.926665
vt 0.291682 0.925985
vt 0.291687 0.916296
vt 0.337324 0.926008
vt 0.310216 0.889394
vt 0.337371 0.833862
vt 0.273181 0.898202
vt 0.273172 0.916287
vt 0.254675 0.879893
vt 0.254665 0.898193
vt 0.300527 0.889389
vt 0.300537 0.871089
vt 0.310244 0.833848
vt 0.236173 0.852326
vt 0.236159 0.879884
vt 0.281806 0.871080
vt 0.281815 0.852349
vt 0.879571 0.896521
vt 0.879571 0.739525
vt 0.906781 0.739525
vt 0.906781 0.795240
vt 0.906781 0.822666
vt 0.943924 0.795240
vt 0.943924 0.813812
vt 0.981284 0.813812
vt 0.916715 0.822666
vt 0.981284 0.831952
vt 0.906781 0.896521
vt 0.916715 0.840806
vt 0.999640 0.831952
vt 0.953858 0.840806
vt 0.999640 0.859162
vt 0.953858 0.859162
vt 0.182906 0.508250
vt 0.209900 0.508250
vt 0.209900 0.609963
vt 0.182906 0.609963
vt 0.154474 0.633064
vt 0.182186 0.681398
vt 0.158393 0.695039
vt 0.117040 0.622912
vt 0.152326 0.591978
vt 0.170585 0.623826
vt 0.133152 0.613675
vt 0.114999 0.582014
vt 0.159307 0.566816
vt 0.168437 0.582741
vt 0.166074 0.541280
vt 0.175419 0.557579
vt 0.131298 0.572669
vt 0.121954 0.556370
vt 0.168545 0.508250
vt 0.182186 0.532043
vt 0.138065 0.547133
vt 0.128828 0.531021
vt 0.842245 0.578606
vt 0.842555 0.423241
vt 0.869927 0.450233
vt 0.925577 0.421942
vt 0.943946 0.578679
vt 0.869454 0.551349
vt 0.915882 0.551033
vt 0.898013 0.450084
vt 0.955378 0.464620
vt 0.905630 0.468151
vt 0.926046 0.439785
vt 0.915635 0.532139
vt 0.943878 0.560122
vt 0.954495 0.532104
vt 0.982705 0.436396
vt 0.982705 0.560502
vt 0.684971 0.773976
vt 0.719421 0.760131
vt 0.729563 0.785368
vt 0.695113 0.799213
vt 0.645689 0.749748
vt 0.671126 0.739525
vt 0.729563 0.884938
vt 0.669675 0.809435
vt 0.687062 0.852699
vt 0.686901 0.902083
vt 0.659279 0.784301
vt 0.591057 0.812519
vt 0.626987 0.827092
vt 0.678048 0.856321
vt 0.645850 0.849719
vt 0.671287 0.839496
vt 0.679978 0.884858
vt 0.662753 0.891780
vt 0.634165 0.844447
vt 0.616810 0.851625
vt 0.630919 0.885736
vt 0.598153 0.829674
vt 0.605585 0.896215
vt 0.580998 0.836770
vt 0.842330 0.370556
vt 0.842330 0.407574
vt 0.815205 0.407574
vt 0.815205 0.370546
vt 0.934900 0.343205
vt 0.934900 0.370771
vt 0.778607 0.370546
vt 0.778607 0.343205
vt 0.860844 0.342525
vt 0.860839 0.332837
vt 0.815201 0.342548
vt 0.842310 0.305934
vt 0.815155 0.250402
vt 0.879345 0.314743
vt 0.879354 0.332827
vt 0.897852 0.296433
vt 0.897861 0.314733
vt 0.851998 0.305929
vt 0.851989 0.287629
vt 0.842282 0.250388
vt 0.916353 0.268866
vt 0.916367 0.296424
vt 0.870720 0.287620
vt 0.870710 0.268889
vt 0.306348 0.830329
vt 0.406334 0.770891
vt 0.306501 0.833127
vt 0.306279 0.827315
vt 0.405508 0.769296
vt 0.306383 0.824112
vt 0.404762 0.767798
vt 0.306847 0.820739
vt 0.404081 0.766369
vt 0.307841 0.817334
vt 0.403448 0.764970
vt 0.402501 0.718397
vt 0.402500 0.654717
vt 0.403438 0.717163
vt 0.403918 0.653044
vt 0.404338 0.715998
vt 0.405448 0.652109
vt 0.405255 0.714868
vt 0.406978 0.651684
vt 0.406199 0.713756
vt 0.408459 0.651520
vt 0.407180 0.712650
vt 0.409863 0.651499
vt 0.437728 0.760517
vt 0.437324 0.758812
vt 0.436941 0.757220
vt 0.436574 0.755714
vt 0.402825 0.763542
vt 0.436211 0.754263
vt 0.426468 0.721752
vt 0.425698 0.720380
vt 0.424941 0.719028
vt 0.424172 0.717705
vt 0.423384 0.716395
vt 0.422570 0.715089
vt 0.558940 0.740163
vt 0.556308 0.738498
vt 0.553641 0.736850
vt 0.550970 0.735229
vt 0.548337 0.733636
vt 0.435856 0.752859
vt 0.453945 0.652067
vt 0.453116 0.650762
vt 0.452302 0.649448
vt 0.451504 0.648133
vt 0.450723 0.646827
vt 0.550103 0.676708
vt 0.561511 0.741828
vt 0.547810 0.676833
vt 0.545690 0.676936
vt 0.543698 0.677016
vt 0.541827 0.677082
vt 0.483671 0.653690
vt 0.482801 0.652686
vt 0.481938 0.651710
vt 0.481100 0.650728
vt 0.480272 0.649720
vt 0.479449 0.648671
vt 0.449962 0.645537
vt 0.551264 0.634468
vt 0.549373 0.633875
vt 0.547585 0.633341
vt 0.544059 0.632372
vt 0.539975 0.677136
vt 0.490616 0.634180
vt 0.488302 0.634548
vt 0.487177 0.634738
vt 0.486045 0.634938
vt 0.484892 0.635152
vt 0.577130 0.583225
vt 0.553298 0.635126
vt 0.573981 0.584442
vt 0.570881 0.585648
vt 0.567869 0.586828
vt 0.545815 0.632852
vt 0.564975 0.587967
vt 0.472534 0.618737
vt 0.489438 0.634368
vt 0.471443 0.618673
vt 0.470338 0.618609
vt 0.469228 0.618541
vt 0.468124 0.618467
vt 0.522319 0.558811
vt 0.580277 0.582012
vt 0.521286 0.560512
vt 0.520307 0.562073
vt 0.519362 0.563526
vt 0.518430 0.564908
vt 0.480235 0.596740
vt 0.479476 0.597057
vt 0.478749 0.597345
vt 0.478029 0.597602
vt 0.477279 0.597846
vt 0.476509 0.598066
vt 0.467039 0.618384
vt 0.495746 0.538152
vt 0.494461 0.538988
vt 0.493252 0.539794
vt 0.492089 0.540593
vt 0.517487 0.566268
vt 0.466082 0.583362
vt 0.466185 0.584331
vt 0.466382 0.586226
vt 0.466501 0.587182
vt 0.466618 0.588174
vt 0.481574 0.499207
vt 0.497127 0.537267
vt 0.480615 0.501156
vt 0.479644 0.503106
vt 0.478678 0.505044
vt 0.477737 0.506955
vt 0.490930 0.541386
vt 0.444182 0.592476
vt 0.466278 0.585274
vt 0.443973 0.593833
vt 0.443761 0.595210
vt 0.443542 0.596597
vt 0.443314 0.597990
vt 0.392667 0.531497
vt 0.482509 0.497280
vt 0.392821 0.532366
vt 0.392936 0.533190
vt 0.393018 0.533976
vt 0.393073 0.534737
vt 0.395316 0.557315
vt 0.395972 0.556565
vt 0.396653 0.555813
vt 0.397355 0.555086
vt 0.398085 0.554398
vt 0.398850 0.553717
vt 0.443076 0.599381
vt 0.384062 0.533499
vt 0.383193 0.535232
vt 0.382475 0.536955
vt 0.381884 0.538700
vt 0.393107 0.535491
vt 0.383143 0.558936
vt 0.383568 0.558505
vt 0.384308 0.557798
vt 0.384641 0.557493
vt 0.384957 0.557241
vt 0.278798 0.426537
vt 0.385102 0.531736
vt 0.277768 0.431435
vt 0.276971 0.436617
vt 0.276668 0.441943
vt 0.276916 0.446763
vt 0.381372 0.540496
vt 0.382947 0.577277
vt 0.383952 0.558135
vt 0.383682 0.581691
vt 0.384337 0.585261
vt 0.384723 0.588377
vt 0.384834 0.591192
vt 0.258976 0.435061
vt 0.279888 0.421942
vt 0.263436 0.438064
vt 0.267896 0.441208
vt 0.272058 0.444513
vt 0.275602 0.447992
vt 0.380356 0.578295
vt 0.379886 0.582294
vt 0.379105 0.586186
vt 0.378461 0.589760
vt 0.378037 0.592955
vt 0.377849 0.595784
vt 0.384659 0.593776
vt 0.254949 0.486251
vt 0.254728 0.432226
vt 0.258594 0.488053
vt 0.261806 0.489706
vt 0.264648 0.491226
vt 0.267241 0.492663
vt 0.354817 0.573315
vt 0.355367 0.575244
vt 0.355817 0.577177
vt 0.356226 0.579273
vt 0.356610 0.581563
vt 0.356968 0.584044
vt 0.222309 0.514735
vt 0.227001 0.515606
vt 0.231541 0.516488
vt 0.235809 0.517359
vt 0.239735 0.518206
vt 0.269879 0.494161
vt 0.341691 0.589640
vt 0.342273 0.591412
vt 0.342839 0.593265
vt 0.343378 0.595162
vt 0.343879 0.597050
vt 0.243434 0.553148
vt 0.217626 0.513902
vt 0.245818 0.552285
vt 0.247989 0.551539
vt 0.250109 0.550920
vt 0.252161 0.550391
vt 0.324640 0.587102
vt 0.325179 0.588201
vt 0.325688 0.589263
vt 0.326164 0.590350
vt 0.326614 0.591485
vt 0.327038 0.592684
vt 0.344334 0.598870
vt 0.252524 0.620204
vt 0.254507 0.620261
vt 0.258207 0.620373
vt 0.260036 0.620425
vt 0.254148 0.549915
vt 0.304791 0.613028
vt 0.306750 0.612931
vt 0.307710 0.612888
vt 0.308665 0.612847
vt 0.309631 0.612811
vt 0.246283 0.660856
vt 0.250491 0.620103
vt 0.250045 0.662474
vt 0.256343 0.620307
vt 0.253568 0.663755
vt 0.312830 0.631499
vt 0.305765 0.612976
vt 0.313973 0.629755
vt 0.314527 0.628871
vt 0.315082 0.627943
vt 0.221971 0.691166
vt 0.244223 0.659825
vt 0.226316 0.690806
vt 0.248187 0.661731
vt 0.230507 0.690408
vt 0.234434 0.689979
vt 0.251791 0.663130
vt 0.238031 0.689525
vt 0.326748 0.632791
vt 0.313411 0.630616
vt 0.327746 0.631477
vt 0.328750 0.630096
vt 0.329746 0.628675
vt 0.315644 0.626952
vt 0.330714 0.627250
vt 0.248877 0.719807
vt 0.217626 0.691480
vt 0.252302 0.718528
vt 0.255347 0.717363
vt 0.258072 0.716300
vt 0.260581 0.715303
vt 0.335308 0.647173
vt 0.335944 0.645813
vt 0.336563 0.644523
vt 0.337216 0.643166
vt 0.337914 0.641698
vt 0.338652 0.640095
vt 0.331633 0.625866
vt 0.247868 0.764997
vt 0.251905 0.762561
vt 0.255901 0.760153
vt 0.259739 0.757842
vt 0.263342 0.755667
vt 0.263141 0.714272
vt 0.356463 0.644921
vt 0.357620 0.642818
vt 0.358775 0.640611
vt 0.359917 0.638342
vt 0.361035 0.636072
vt 0.286883 0.784220
vt 0.243932 0.767377
vt 0.289948 0.781899
vt 0.292746 0.779803
vt 0.295305 0.777895
vt 0.297712 0.776101
vt 0.373527 0.662837
vt 0.374008 0.660703
vt 0.374466 0.658710
vt 0.374942 0.656640
vt 0.375452 0.654421
vt 0.375995 0.652029
vt 0.362112 0.633871
vt 0.293551 0.824902
vt 0.296766 0.822992
vt 0.300167 0.820978
vt 0.303489 0.818831
vt 0.306304 0.816399
vt 0.300241 0.774219
vt 0.401549 0.654053
vt 0.401893 0.652057
vt 0.402111 0.649769
vt 0.402412 0.647319
vt 0.402819 0.644849
vt 0.290659 0.826699
vt 0.403299 0.642449
vt 0.372740 0.299868
vt 0.368663 0.331480
vt 0.371466 0.298590
vt 0.374013 0.301156
vt 0.369578 0.332034
vt 0.375277 0.302449
vt 0.370461 0.332579
vt 0.376522 0.303744
vt 0.371327 0.333124
vt 0.377737 0.305037
vt 0.372182 0.333673
vt 0.394180 0.383453
vt 0.436823 0.402945
vt 0.393902 0.384981
vt 0.437627 0.405571
vt 0.393619 0.386515
vt 0.438413 0.408254
vt 0.393297 0.388084
vt 0.439183 0.410966
vt 0.392927 0.389730
vt 0.439938 0.413675
vt 0.392506 0.391486
vt 0.440677 0.416346
vt 0.353912 0.336289
vt 0.353705 0.337076
vt 0.353519 0.337851
vt 0.353187 0.339479
vt 0.373067 0.334225
vt 0.357337 0.386143
vt 0.358176 0.389197
vt 0.358639 0.390775
vt 0.359148 0.392439
vt 0.359710 0.394218
vt 0.340086 0.317796
vt 0.354141 0.335479
vt 0.339700 0.318883
vt 0.339316 0.319969
vt 0.338938 0.321044
vt 0.353352 0.338647
vt 0.338567 0.322101
vt 0.316949 0.407888
vt 0.357749 0.387669
vt 0.316267 0.410437
vt 0.315547 0.413076
vt 0.314795 0.415778
vt 0.314022 0.418507
vt 0.318114 0.325254
vt 0.340473 0.316719
vt 0.317954 0.326143
vt 0.317797 0.326998
vt 0.317629 0.327839
vt 0.317443 0.328692
vt 0.296589 0.371083
vt 0.295500 0.372025
vt 0.294382 0.372997
vt 0.293226 0.373952
vt 0.291985 0.374942
vt 0.290632 0.376060
vt 0.313243 0.421221
vt 0.308617 0.315412
vt 0.307754 0.315536
vt 0.306054 0.315822
vt 0.305155 0.315986
vt 0.317262 0.329561
vt 0.268856 0.350243
vt 0.268193 0.351566
vt 0.266895 0.354259
vt 0.266209 0.355731
vt 0.320343 0.294600
vt 0.309493 0.315308
vt 0.319297 0.294708
vt 0.318239 0.294817
vt 0.306901 0.315671
vt 0.317174 0.294931
vt 0.316112 0.295051
vt 0.227130 0.339454
vt 0.267558 0.352873
vt 0.225249 0.340809
vt 0.223345 0.342181
vt 0.221430 0.343544
vt 0.265550 0.357291
vt 0.219517 0.344879
vt 0.285263 0.248940
vt 0.321369 0.294495
vt 0.284218 0.249283
vt 0.283189 0.249614
vt 0.282168 0.249934
vt 0.281144 0.250241
vt 0.245925 0.252509
vt 0.244628 0.252462
vt 0.243358 0.252410
vt 0.242065 0.252342
vt 0.240729 0.252261
vt 0.239339 0.252169
vt 0.217626 0.346175
vt 0.291602 0.223183
vt 0.290778 0.222518
vt 0.289965 0.221896
vt 0.289150 0.221301
vt 0.280097 0.250548
vt 0.239941 0.205013
vt 0.238680 0.205357
vt 0.236012 0.206155
vt 0.234571 0.206645
vt 0.233030 0.207214
vt 0.306771 0.218775
vt 0.292445 0.223904
vt 0.305146 0.217877
vt 0.303564 0.217036
vt 0.302052 0.216262
vt 0.300626 0.215563
vt 0.288333 0.220696
vt 0.231332 0.186961
vt 0.237372 0.205730
vt 0.229010 0.186239
vt 0.226441 0.185445
vt 0.223650 0.184588
vt 0.220687 0.183685
vt 0.304657 0.202984
vt 0.308408 0.219711
vt 0.303280 0.202694
vt 0.301984 0.202405
vt 0.300754 0.202112
vt 0.299565 0.201808
vt 0.248926 0.177622
vt 0.247916 0.176479
vt 0.246919 0.175325
vt 0.245864 0.174068
vt 0.244798 0.172709
vt 0.243670 0.171207
vt 0.217626 0.182758
vt 0.328204 0.173334
vt 0.327357 0.172264
vt 0.326519 0.171223
vt 0.325675 0.170190
vt 0.324827 0.169178
vt 0.298395 0.201521
vt 0.285787 0.131120
vt 0.284164 0.130315
vt 0.282523 0.129487
vt 0.280908 0.128685
vt 0.279233 0.127827
vt 0.277488 0.126939
vt 0.355813 0.158137
vt 0.329072 0.174454
vt 0.355349 0.156865
vt 0.354955 0.155714
vt 0.354580 0.154592
vt 0.300742 0.082441
vt 0.298432 0.082407
vt 0.296067 0.082409
vt 0.293609 0.082503
vt 0.290980 0.082712
vt 0.288118 0.083059
vt 0.365468 0.153689
vt 0.356390 0.159536
vt 0.365625 0.153344
vt 0.366025 0.152522
vt 0.367084 0.151032
vt 0.368124 0.149199
vt 0.354199 0.153418
vt 0.290055 0.039867
vt 0.285606 0.038874
vt 0.280541 0.038436
vt 0.275368 0.038266
vt 0.270411 0.038202
vt 0.366228 0.153988
vt 0.365379 0.153854
vt 0.366763 0.153772
vt 0.367676 0.153151
vt 0.368836 0.151864
vt 0.370225 0.149727
vt 0.291052 0.038280
vt 0.288045 0.034452
vt 0.284904 0.029890
vt 0.282074 0.025213
vt 0.279544 0.020783
vt 0.277241 0.016721
vt 0.265865 0.038170
vt 0.360831 0.192029
vt 0.365407 0.153877
vt 0.362713 0.191337
vt 0.364563 0.190575
vt 0.366338 0.189799
vt 0.368070 0.188990
vt 0.422077 0.022865
vt 0.423428 0.018355
vt 0.424856 0.013894
vt 0.426408 0.009334
vt 0.427925 0.004844
vt 0.429531 0.000360
vt 0.407376 0.243797
vt 0.358017 0.192764
vt 0.408976 0.239190
vt 0.409786 0.236708
vt 0.410617 0.234245
vt 0.500945 0.101893
vt 0.504968 0.100485
vt 0.513383 0.097878
vt 0.521803 0.095467
vt 0.408140 0.241676
vt 0.435586 0.237681
vt 0.436365 0.235594
vt 0.437122 0.233702
vt 0.437842 0.231975
vt 0.411461 0.231850
vt 0.438526 0.230352
vt 0.497055 0.144160
vt 0.499559 0.143278
vt 0.502013 0.142433
vt 0.509139 0.099140
vt 0.504666 0.141551
vt 0.507610 0.140614
vt 0.517672 0.096611
vt 0.510896 0.139626
vt 0.452369 0.247781
vt 0.453398 0.246311
vt 0.454532 0.244811
vt 0.455771 0.243307
vt 0.457102 0.241821
vt 0.439200 0.228668
vt 0.521063 0.166541
vt 0.524545 0.166256
vt 0.528202 0.165905
vt 0.531979 0.165509
vt 0.535793 0.165102
vt 0.466334 0.239490
vt 0.451480 0.249090
vt 0.466317 0.239248
vt 0.466271 0.239020
vt 0.466192 0.238800
vt 0.466079 0.238585
vt 0.487309 0.222486
vt 0.488794 0.222727
vt 0.490225 0.223032
vt 0.491664 0.223437
vt 0.493143 0.223960
vt 0.494681 0.224616
vt 0.539546 0.164718
vt 0.471103 0.246557
vt 0.471136 0.246529
vt 0.471181 0.246514
vt 0.471241 0.246507
vt 0.471320 0.246495
vt 0.465915 0.238372
vt 0.489833 0.237848
vt 0.491465 0.237781
vt 0.492296 0.237735
vt 0.493150 0.237676
vt 0.494037 0.237601
vt 0.454724 0.269825
vt 0.471076 0.246605
vt 0.455398 0.271491
vt 0.455761 0.272235
vt 0.456593 0.273672
vt 0.500185 0.289083
vt 0.501311 0.288759
vt 0.490639 0.237819
vt 0.502477 0.288391
vt 0.503680 0.287962
vt 0.506266 0.286871
vt 0.440296 0.269798
vt 0.455057 0.270692
vt 0.440940 0.271336
vt 0.441555 0.272798
vt 0.442119 0.274169
vt 0.456161 0.272955
vt 0.442620 0.275443
vt 0.508789 0.307068
vt 0.511140 0.307735
vt 0.513740 0.308449
vt 0.504939 0.287459
vt 0.516564 0.309197
vt 0.519553 0.309963
vt 0.435043 0.285599
vt 0.439643 0.268203
vt 0.435659 0.286309
vt 0.436200 0.286980
vt 0.436677 0.287617
vt 0.437111 0.288231
vt 0.491060 0.317952
vt 0.492183 0.319107
vt 0.493301 0.320260
vt 0.494508 0.321520
vt 0.495829 0.322921
vt 0.497274 0.324481
vt 0.522631 0.310725
vt 0.437578 0.288885
vt 0.028583 0.499027
vt 0.082748 0.462638
vt 0.025742 0.507530
vt 0.031294 0.491105
vt 0.080918 0.460312
vt 0.033872 0.483862
vt 0.079230 0.458057
vt 0.036334 0.477368
vt 0.077672 0.455867
vt 0.038688 0.471649
vt 0.076220 0.453727
vt 0.106925 0.319643
vt 0.102890 0.307570
vt 0.107449 0.318809
vt 0.103789 0.306608
vt 0.107955 0.317979
vt 0.104740 0.305647
vt 0.108481 0.317163
vt 0.105729 0.304695
vt 0.109040 0.316351
vt 0.106740 0.303759
vt 0.109638 0.315534
vt 0.107754 0.302848
vt 0.213122 0.345236
vt 0.211314 0.344291
vt 0.209523 0.343330
vt 0.207732 0.342328
vt 0.205929 0.341273
vt 0.074884 0.451662
vt 0.159865 0.309892
vt 0.159018 0.309258
vt 0.158212 0.308648
vt 0.157440 0.308052
vt 0.156689 0.307465
vt 0.216905 0.159351
vt 0.214958 0.346180
vt 0.214941 0.160305
vt 0.213008 0.161265
vt 0.211095 0.162254
vt 0.209190 0.163296
vt 0.164075 0.206887
vt 0.163169 0.207500
vt 0.162237 0.208130
vt 0.161336 0.208740
vt 0.160458 0.209338
vt 0.159594 0.209929
vt 0.155951 0.306885
vt 0.099739 0.051385
vt 0.097780 0.053589
vt 0.095987 0.055720
vt 0.094326 0.057795
vt 0.092722 0.059869
vt 0.207401 0.164304
vt 0.112209 0.190500
vt 0.112591 0.191526
vt 0.112953 0.192494
vt 0.113336 0.193442
vt 0.113746 0.194389
vt 0.052010 0.008860
vt 0.101877 0.049099
vt 0.053999 0.016881
vt 0.055973 0.024298
vt 0.057961 0.031015
vt 0.059985 0.036998
vt 0.106769 0.201542
vt 0.107518 0.202393
vt 0.108276 0.203236
vt 0.109033 0.204063
vt 0.114186 0.195347
vt 0.109775 0.204866
vt 0.000360 0.167013
vt 0.049987 0.000360
vt 0.003368 0.167524
vt 0.006269 0.168033
vt 0.009018 0.168518
vt 0.011774 0.169044
vt 0.071695 0.211286
vt 0.072651 0.211935
vt 0.073598 0.212565
vt 0.074526 0.213208
vt 0.075451 0.213868
vt 0.076379 0.214543
vt 0.110487 0.205633
vt 0.003327 0.386051
vt 0.006167 0.385692
vt 0.011630 0.384875
vt 0.014318 0.384418
vt 0.014441 0.169599
vt 0.074247 0.299171
vt 0.076230 0.297662
vt 0.077192 0.296910
vt 0.078151 0.296140
vt 0.079113 0.295348
vt 0.000360 0.386394
vt 0.008965 0.385285
vt 0.075251 0.298402
vt 0.868497 0.135610
vt 0.872370 0.116702
vt 0.872763 0.116711
vt 0.868866 0.135820
vt 0.873190 0.116720
vt 0.869255 0.136043
vt 0.873647 0.116723
vt 0.869658 0.136280
vt 0.874129 0.116717
vt 0.870072 0.136530
vt 0.874644 0.116704
vt 0.960253 0.192509
vt 0.961003 0.063773
vt 0.963268 0.195153
vt 0.964030 0.061225
vt 0.966259 0.197820
vt 0.967183 0.058607
vt 0.969303 0.200521
vt 0.970421 0.055942
vt 0.972370 0.203238
vt 0.973696 0.053260
vt 0.975434 0.205944
vt 0.976971 0.050600
vt 0.857914 0.144375
vt 0.868044 0.135396
vt 0.857770 0.144996
vt 0.857636 0.145604
vt 0.857506 0.146204
vt 0.857371 0.146812
vt 0.856465 0.203480
vt 0.857562 0.205821
vt 0.858656 0.208093
vt 0.859861 0.210495
vt 0.861218 0.213086
vt 0.862746 0.215893
vt 0.854046 0.138607
vt 0.853672 0.138964
vt 0.853270 0.139305
vt 0.852847 0.139656
vt 0.852416 0.140011
vt 0.857207 0.147488
vt 0.829638 0.231222
vt 0.830858 0.234649
vt 0.832106 0.238310
vt 0.833355 0.242106
vt 0.834570 0.245926
vt 0.848671 0.134969
vt 0.854386 0.138298
vt 0.848367 0.135116
vt 0.848028 0.135270
vt 0.847680 0.135433
vt 0.847321 0.135606
vt 0.792281 0.219491
vt 0.789687 0.221515
vt 0.787013 0.223549
vt 0.784281 0.225603
vt 0.781454 0.227660
vt 0.778607 0.229695
vt 0.835713 0.249667
vt 0.852293 0.116224
vt 0.848989 0.134824
vt 0.852031 0.115990
vt 0.851760 0.115750
vt 0.851484 0.115509
vt 0.792240 0.037842
vt 0.789590 0.035705
vt 0.786962 0.033582
vt 0.781422 0.029169
vt 0.778607 0.026940
vt 0.863652 0.110867
vt 0.852722 0.116521
vt 0.863418 0.110401
vt 0.863169 0.109912
vt 0.862909 0.109413
vt 0.862639 0.108915
vt 0.851196 0.115257
vt 0.867173 0.017829
vt 0.868633 0.014541
vt 0.870176 0.011084
vt 0.871766 0.007515
vt 0.784204 0.031386
vt 0.873357 0.003915
vt 0.874890 0.000360
vt 0.870207 0.107478
vt 0.863971 0.111537
vt 0.870442 0.106793
vt 0.870680 0.106119
vt 0.870921 0.105443
vt 0.871166 0.104741
vt 0.886947 0.047963
vt 0.888420 0.045729
vt 0.889866 0.043558
vt 0.891431 0.041254
vt 0.893161 0.038755
vt 0.895078 0.036031
vt 0.871432 0.103931
vt 0.602717 0.580483
vt 0.596871 0.515159
vt 0.599179 0.514669
vt 0.604657 0.580490
vt 0.601319 0.514272
vt 0.606524 0.580480
vt 0.603325 0.513954
vt 0.608362 0.580455
vt 0.605241 0.513701
vt 0.610154 0.580418
vt 0.607076 0.513489
vt 0.647562 0.570306
vt 0.661264 0.550102
vt 0.648320 0.570293
vt 0.661597 0.550784
vt 0.649060 0.570298
vt 0.661910 0.551442
vt 0.649773 0.570303
vt 0.662204 0.552117
vt 0.650474 0.570310
vt 0.662487 0.552826
vt 0.651175 0.570318
vt 0.662761 0.553579
vt 0.601535 0.623449
vt 0.600666 0.580462
vt 0.603696 0.623923
vt 0.605698 0.624283
vt 0.607609 0.624551
vt 0.656528 0.582452
vt 0.656763 0.581790
vt 0.656997 0.581134
vt 0.657210 0.580469
vt 0.657408 0.579778
vt 0.657593 0.579052
vt 0.585597 0.663330
vt 0.599161 0.622837
vt 0.590126 0.661265
vt 0.594423 0.659249
vt 0.598378 0.657329
vt 0.601938 0.655533
vt 0.609528 0.624769
vt 0.665188 0.579828
vt 0.665399 0.578885
vt 0.665597 0.577900
vt 0.665777 0.576888
vt 0.665936 0.575874
vt 0.625821 0.681044
vt 0.580998 0.665376
vt 0.628441 0.678149
vt 0.630723 0.675584
vt 0.632720 0.673301
vt 0.634520 0.671213
vt 0.673778 0.587025
vt 0.673877 0.586094
vt 0.673966 0.585212
vt 0.674049 0.584290
vt 0.674126 0.583298
vt 0.674192 0.582225
vt 0.666073 0.574885
vt 0.650476 0.723553
vt 0.652557 0.718580
vt 0.654575 0.713726
vt 0.656470 0.709133
vt 0.658207 0.704883
vt 0.636317 0.669100
vt 0.685889 0.581430
vt 0.685893 0.580125
vt 0.685884 0.578768
vt 0.685866 0.577385
vt 0.685838 0.576011
vt 0.697611 0.711600
vt 0.648415 0.728461
vt 0.698081 0.707403
vt 0.698505 0.703668
vt 0.698887 0.700329
vt 0.699238 0.697262
vt 0.698765 0.587466
vt 0.698590 0.586324
vt 0.698424 0.585250
vt 0.698249 0.584134
vt 0.698061 0.582941
vt 0.697857 0.581658
vt 0.685804 0.574686
vt 0.740965 0.733914
vt 0.740279 0.728917
vt 0.739613 0.723958
vt 0.738955 0.719163
vt 0.738285 0.714620
vt 0.699591 0.694147
vt 0.709853 0.577272
vt 0.709397 0.576009
vt 0.708932 0.574722
vt 0.708470 0.573430
vt 0.708024 0.572160
vt 0.800989 0.667031
vt 0.741677 0.738804
vt 0.799205 0.664093
vt 0.797596 0.661432
vt 0.796133 0.659018
vt 0.794771 0.656786
vt 0.736422 0.581038
vt 0.736009 0.580087
vt 0.735619 0.579185
vt 0.735213 0.578254
vt 0.734782 0.577274
vt 0.734326 0.576235
vt 0.707604 0.570938
vt 0.838445 0.656494
vt 0.835349 0.654257
vt 0.832309 0.651971
vt 0.829380 0.649716
vt 0.826597 0.647573
vt 0.793386 0.654527
vt 0.742832 0.570518
vt 0.742296 0.569578
vt 0.741756 0.568617
vt 0.741227 0.567645
vt 0.740720 0.566674
vt 0.816149 0.577127
vt 0.841524 0.658612
vt 0.814516 0.577657
vt 0.813103 0.578154
vt 0.811716 0.578573
vt 0.810396 0.578953
vt 0.770359 0.574907
vt 0.769888 0.574217
vt 0.769455 0.573566
vt 0.769044 0.572917
vt 0.768646 0.572261
vt 0.768255 0.571593
vt 0.740244 0.565719
vt 0.804629 0.549570
vt 0.803300 0.550124
vt 0.802052 0.550622
vt 0.800833 0.551136
vt 0.799632 0.551664
vt 0.809132 0.579296
vt 0.773810 0.560301
vt 0.773102 0.560697
vt 0.772404 0.561080
vt 0.771744 0.561438
vt 0.771102 0.561784
vt 0.770468 0.562126
vt 0.766598 0.470304
vt 0.806001 0.549067
vt 0.765007 0.470749
vt 0.763509 0.471220
vt 0.762080 0.471721
vt 0.734366 0.541828
vt 0.734443 0.542664
vt 0.734611 0.544331
vt 0.734735 0.545194
vt 0.734890 0.546088
vt 0.763313 0.435625
vt 0.768298 0.469887
vt 0.760826 0.438985
vt 0.758531 0.442259
vt 0.756493 0.445404
vt 0.754743 0.448389
vt 0.760693 0.472238
vt 0.723461 0.548615
vt 0.734516 0.543488
vt 0.723553 0.549895
vt 0.723667 0.551221
vt 0.723795 0.552573
vt 0.723930 0.553930
vt 0.689096 0.445748
vt 0.765912 0.432241
vt 0.688489 0.449012
vt 0.687986 0.451965
vt 0.687568 0.454645
vt 0.687213 0.457128
vt 0.700905 0.536793
vt 0.701012 0.537847
vt 0.701114 0.538851
vt 0.701228 0.539896
vt 0.701359 0.541006
vt 0.701508 0.542190
vt 0.724065 0.555267
vt 0.649474 0.426656
vt 0.650646 0.431374
vt 0.651780 0.435933
vt 0.652842 0.440208
vt 0.653814 0.444130
vt 0.686872 0.459646
vt 0.690441 0.545487
vt 0.690738 0.546687
vt 0.691035 0.547940
vt 0.691328 0.549224
vt 0.691612 0.550504
vt 0.623495 0.461869
vt 0.648309 0.421942
vt 0.625628 0.464691
vt 0.627483 0.467166
vt 0.629105 0.469348
vt 0.630563 0.471325
vt 0.678236 0.542471
vt 0.678514 0.543350
vt 0.678776 0.544185
vt 0.679045 0.545065
vt 0.679329 0.546014
vt 0.679627 0.547046
vt 0.691880 0.551745
vt 0.585307 0.476088
vt 0.589532 0.478237
vt 0.593534 0.480309
vt 0.597216 0.482252
vt 0.600530 0.484042
vt 0.632015 0.473307
vt 0.671067 0.551246
vt 0.671469 0.552191
vt 0.671874 0.553185
vt 0.672275 0.554210
vt 0.672664 0.555241
vt 0.580998 0.473935
vt 0.673031 0.556248
vt 0.058805 0.635900
vt 0.057610 0.632703
vt 0.057654 0.632479
vt 0.058822 0.635716
vt 0.057695 0.632252
vt 0.058845 0.635528
vt 0.057732 0.632020
vt 0.058876 0.635338
vt 0.057765 0.631780
vt 0.058913 0.635141
vt 0.057793 0.631534
vt 0.098211 0.741187
vt 0.096605 0.528598
vt 0.101052 0.744568
vt 0.099701 0.525289
vt 0.104118 0.748187
vt 0.102963 0.521586
vt 0.107310 0.752081
vt 0.106430 0.517579
vt 0.110680 0.756355
vt 0.110182 0.513170
vt 0.114279 0.761118
vt 0.114279 0.508250
vt 0.057902 0.637107
vt 0.058795 0.636081
vt 0.057865 0.637393
vt 0.057832 0.637685
vt 0.057805 0.637985
vt 0.018143 0.742827
vt 0.015034 0.746168
vt 0.011756 0.749908
vt 0.008268 0.753955
vt 0.004489 0.758409
vt 0.000360 0.763381
vt 0.056755 0.633466
vt 0.057945 0.636825
vt 0.056744 0.633592
vt 0.056728 0.633720
vt 0.056704 0.633851
vt 0.056677 0.633986
vt 0.057784 0.638295
vt 0.017892 0.529450
vt 0.015081 0.526074
vt 0.012050 0.522458
vt 0.008896 0.518566
vt 0.005570 0.514292
vt 0.002023 0.509526
vt 0.056760 0.633342
vt 0.541898 0.171591
vt 0.551996 0.126546
vt 0.554211 0.127519
vt 0.543463 0.171764
vt 0.556214 0.128409
vt 0.544983 0.171933
vt 0.558055 0.129236
vt 0.546481 0.172096
vt 0.559791 0.130026
vt 0.547930 0.172264
vt 0.561426 0.130787
vt 0.575772 0.185759
vt 0.596042 0.179519
vt 0.576706 0.186827
vt 0.595474 0.181182
vt 0.577628 0.187891
vt 0.594922 0.182763
vt 0.578529 0.188931
vt 0.594349 0.184309
vt 0.579420 0.189940
vt 0.593743 0.185840
vt 0.580327 0.190954
vt 0.593105 0.187366
vt 0.571553 0.299461
vt 0.540267 0.171423
vt 0.571985 0.299011
vt 0.572399 0.298613
vt 0.572798 0.298256
vt 0.573177 0.297950
vt 0.583959 0.282247
vt 0.582054 0.282767
vt 0.580146 0.283224
vt 0.578218 0.283599
vt 0.576274 0.283886
vt 0.574316 0.284071
vt 0.585029 0.290815
vt 0.571100 0.299973
vt 0.586059 0.290538
vt 0.587053 0.290169
vt 0.588028 0.289712
vt 0.589025 0.289162
vt 0.577326 0.295084
vt 0.578395 0.294208
vt 0.579446 0.293333
vt 0.580473 0.292446
vt 0.581483 0.291530
vt 0.582480 0.290568
vt 0.569323 0.394642
vt 0.583952 0.290990
vt 0.572493 0.391522
vt 0.575608 0.388408
vt 0.578637 0.385344
vt 0.581554 0.382374
vt 0.606300 0.277469
vt 0.606900 0.275375
vt 0.607491 0.273305
vt 0.608073 0.271269
vt 0.608643 0.269276
vt 0.645982 0.390233
vt 0.566138 0.397720
vt 0.646797 0.386945
vt 0.647481 0.383968
vt 0.648053 0.381268
vt 0.648538 0.378773
vt 0.630257 0.284308
vt 0.630267 0.283032
vt 0.630310 0.281783
vt 0.630355 0.280475
vt 0.630395 0.279087
vt 0.630427 0.277615
vt 0.609202 0.267336
vt 0.685671 0.411733
vt 0.684776 0.406953
vt 0.683885 0.402269
vt 0.682986 0.397796
vt 0.682065 0.393618
vt 0.648999 0.376264
vt 0.641085 0.273336
vt 0.640741 0.271912
vt 0.640357 0.270461
vt 0.639944 0.269004
vt 0.639512 0.267568
vt 0.735386 0.342940
vt 0.686572 0.416470
vt 0.733290 0.340203
vt 0.731399 0.337777
vt 0.729684 0.335625
vt 0.728100 0.333672
vt 0.669026 0.278745
vt 0.668713 0.277666
vt 0.668426 0.276646
vt 0.668123 0.275596
vt 0.667794 0.274492
vt 0.667439 0.273326
vt 0.639071 0.266180
vt 0.773228 0.326924
vt 0.768680 0.324971
vt 0.764392 0.323096
vt 0.760462 0.321342
vt 0.756942 0.319727
vt 0.726502 0.331725
vt 0.676272 0.267641
vt 0.675673 0.266673
vt 0.675064 0.265661
vt 0.674454 0.264625
vt 0.673858 0.263594
vt 0.758374 0.288854
vt 0.777887 0.328895
vt 0.755787 0.289606
vt 0.753547 0.290273
vt 0.751406 0.290798
vt 0.749440 0.291250
vt 0.687659 0.266327
vt 0.687157 0.265674
vt 0.686665 0.265038
vt 0.686194 0.264381
vt 0.685729 0.263684
vt 0.685252 0.262932
vt 0.673289 0.262599
vt 0.750623 0.242877
vt 0.746068 0.243098
vt 0.741727 0.243393
vt 0.747521 0.291659
vt 0.693764 0.249341
vt 0.691922 0.249843
vt 0.691050 0.250079
vt 0.690188 0.250310
vt 0.751035 0.158756
vt 0.753036 0.242839
vt 0.748317 0.158183
vt 0.748271 0.243007
vt 0.745751 0.157740
vt 0.743275 0.157407
vt 0.743851 0.243239
vt 0.740776 0.157137
vt 0.671042 0.229489
vt 0.670924 0.230569
vt 0.692821 0.249596
vt 0.670797 0.231638
vt 0.670696 0.232713
vt 0.670621 0.233815
vt 0.670577 0.234960
vt 0.689335 0.250547
vt 0.772255 0.109198
vt 0.753950 0.159478
vt 0.766655 0.111238
vt 0.761244 0.113295
vt 0.756152 0.115370
vt 0.751464 0.117462
vt 0.657656 0.236059
vt 0.657581 0.237569
vt 0.657547 0.239120
vt 0.657545 0.240687
vt 0.657565 0.242238
vt 0.676526 0.058459
vt 0.777887 0.107191
vt 0.672995 0.061488
vt 0.669827 0.064285
vt 0.666978 0.066887
vt 0.664347 0.069367
vt 0.624997 0.219426
vt 0.625306 0.221098
vt 0.625617 0.222672
vt 0.625963 0.224293
vt 0.626354 0.226002
vt 0.626795 0.227811
vt 0.657596 0.243742
vt 0.655944 0.005895
vt 0.652240 0.009794
vt 0.648429 0.013813
vt 0.644861 0.017919
vt 0.642008 0.022113
vt 0.661643 0.071961
vt 0.608616 0.234047
vt 0.609321 0.235818
vt 0.610117 0.237649
vt 0.610886 0.239535
vt 0.611691 0.241269
vt 0.635213 0.003917
vt 0.659343 0.002180
vt 0.636715 0.007758
vt 0.638039 0.011904
vt 0.638959 0.016416
vt 0.639302 0.020948
vt 0.607621 0.234301
vt 0.607117 0.236028
vt 0.606417 0.237421
vt 0.605601 0.238467
vt 0.604761 0.239469
vt 0.603917 0.240226
vt 0.612316 0.242987
vt 0.633659 0.000360
s 0
usemtl マテリアル
f 2/1/1 4/2/1 3/3/1
f 2/1/1 5/4/1 4/2/1
f 2/1/1 16/5/1 5/4/1
f 16/5/1 6/6/1 5/4/1
f 16/5/1 7/7/1 6/6/1
f 16/5/1 8/8/1 7/7/1
f 16/5/1 15/9/1 8/8/1
f 15/9/1 9/10/1 8/8/1
f 2/1/1 1/11/1 16/5/1
f 14/12/1 9/10/1 15/9/1
f 14/12/1 10/13/1 9/10/1
f 14/12/1 13/14/1 10/13/1
f 13/14/1 11/15/1 10/13/1
f 12/16/1 11/15/1 13/14/1
f 18/17/1 20/18/1 19/19/1
f 18/17/1 17/20/1 20/18/1
f 30/21/1 32/22/1 31/23/1
f 30/21/1 33/24/1 32/22/1
f 28/25/1 30/21/1 29/26/1
f 28/25/1 34/27/1 30/21/1
f 34/27/1 33/24/1 30/21/1
f 28/25/1 35/28/1 34/27/1
f 26/29/1 28/25/1 27/30/1
f 26/29/1 35/28/1 28/25/1
f 24/31/1 26/29/1 25/32/1
f 24/31/1 36/33/1 26/29/1
f 36/33/1 35/28/1 26/29/1
f 24/31/1 37/34/1 36/33/1
f 22/35/1 24/31/1 23/36/1
f 22/35/1 38/37/1 24/31/1
f 38/37/1 37/34/1 24/31/1
f 22/35/1 21/38/1 38/37/1
f 41/39/1 51/40/1 42/41/1
f 51/40/1 43/42/1 42/41/1
f 40/43/1 52/44/1 41/39/1
f 52/44/1 51/40/1 41/39/1
f 40/43/1 53/45/1 52/44/1
f 50/46/1 43/42/1 51/40/1
f 48/47/1 50/46/1 49/48/1
f 48/47/1 44/49/1 50/46/1
f 44/49/1 43/42/1 50/46/1
f 40/43/1 54/50/1 53/45/1
f 40/43/1 39/51/1 54/50/1
f 39/51/1 47/52/1 54/50/1
f 48/47/1 45/53/1 44/49/1
f 46/54/1 47/52/1 39/51/1
f 46/54/1 48/47/1 47/52/1
f 46/54/1 45/53/1 48/47/1
f 58/55/1 60/56/1 59/57/1
f 58/55/1 61/58/1 60/56/1
f 56/59/1 58/55/1 57/60/1
f 56/59/1 61/58/1 58/55/1
f 56/59/1 62/61/1 61/58/1
f 56/59/1 70/62/1 62/61/1
f 70/62/1 69/63/1 62/61/1
f 69/63/1 63/64/1 62/61/1
f 55/65/2 70/62/2 56/59/2
f 78/66/1 70/62/1 55/65/1
f 78/66/1 71/67/1 70/62/1
f 68/68/1 63/64/1 69/63/1
f 66/69/1 68/68/1 67/70/1
f 66/69/1 64/71/1 68/68/1
f 64/71/1 63/64/1 68/68/1
f 66/69/1 65/72/1 64/71/1
f 78/66/1 72/73/1 71/67/1
f 78/66/1 73/74/1 72/73/1
f 78/66/1 74/75/1 73/74/1
f 78/66/1 77/76/1 74/75/1
f 77/76/1 75/77/1 74/75/1
f 76/78/1 75/77/1 77/76/1
f 82/79/1 84/80/1 83/81/1
f 82/79/1 85/82/1 84/80/1
f 80/83/1 82/79/1 81/84/1
f 80/83/1 85/82/1 82/79/1
f 80/83/1 86/85/1 85/82/1
f 80/83/1 87/86/1 86/85/1
f 79/87/3 87/86/3 80/83/3
f 102/88/1 88/89/1 79/87/1
f 88/89/2 87/86/2 79/87/2
f 102/88/1 91/90/1 88/89/1
f 91/90/1 89/91/1 88/89/1
f 100/92/1 102/88/1 101/93/1
f 100/92/1 91/90/1 102/88/1
f 98/94/1 100/92/1 99/95/1
f 98/94/1 92/96/1 100/92/1
f 92/96/1 91/90/1 100/92/1
f 98/94/1 93/97/1 92/96/1
f 90/98/1 89/91/1 91/90/1
f 96/99/1 98/94/1 97/100/1
f 96/99/1 94/101/1 98/94/1
f 94/101/1 93/97/1 98/94/1
f 96/99/1 95/102/1 94/101/1
f 104/103/4 105/104/4 106/105/4
f 104/103/4 106/105/4 107/106/4
f 104/103/4 107/106/4 118/107/4
f 118/107/4 107/106/4 108/108/4
f 118/107/4 108/108/4 109/109/4
f 118/107/4 109/109/4 110/110/4
f 118/107/4 110/110/4 117/111/4
f 117/111/4 110/110/4 111/112/4
f 104/103/4 118/107/4 103/113/4
f 116/114/4 117/111/4 111/112/4
f 116/114/4 111/112/4 112/115/4
f 116/114/4 112/115/4 115/116/4
f 115/116/4 112/115/4 113/117/4
f 114/118/4 115/116/4 113/117/4
f 120/119/4 121/120/4 122/121/4
f 120/119/4 122/121/4 119/122/4
f 132/123/4 133/124/4 134/125/4
f 132/123/4 134/125/4 135/126/4
f 130/127/4 131/128/4 132/123/4
f 130/127/4 132/123/4 136/129/4
f 136/129/4 132/123/4 135/126/4
f 130/127/4 136/129/4 137/130/4
f 128/131/4 129/132/4 130/127/4
f 128/131/4 130/127/4 137/130/4
f 126/133/4 127/134/4 128/131/4
f 126/133/4 128/131/4 138/135/4
f 138/135/4 128/131/4 137/130/4
f 126/133/4 138/135/4 139/136/4
f 124/137/4 125/138/4 126/133/4
f 124/137/4 126/133/4 140/139/4
f 140/139/4 126/133/4 139/136/4
f 124/137/4 140/139/4 123/140/4
f 143/141/4 144/142/4 153/143/4
f 153/143/4 144/142/4 145/144/4
f 142/145/4 143/141/4 154/146/4
f 154/146/4 143/141/4 153/143/4
f 142/145/4 154/146/4 155/147/4
f 152/148/4 153/143/4 145/144/4
f 150/149/4 151/150/4 152/148/4
f 150/149/4 152/148/4 146/151/4
f 146/151/4 152/148/4 145/144/4
f 142/145/4 155/147/4 156/152/4
f 142/145/4 156/152/4 141/153/4
f 141/153/4 156/152/4 149/154/4
f 150/149/4 146/151/4 147/155/4
f 148/156/4 141/153/4 149/154/4
f 148/156/4 149/154/4 150/149/4
f 148/156/4 150/149/4 147/155/4
f 160/157/4 161/158/4 162/159/4
f 160/157/4 162/159/4 163/160/4
f 158/161/4 159/162/4 160/157/4
f 158/161/4 160/157/4 163/160/4
f 158/161/4 163/160/4 164/163/4
f 158/161/4 164/163/4 172/164/4
f 172/164/4 164/163/4 171/165/4
f 171/165/4 164/163/4 165/166/4
f 157/167/2 158/161/2 172/164/2
f 180/168/4 157/167/4 172/164/4
f 180/168/4 172/164/4 173/169/4
f 170/170/4 171/165/4 165/166/4
f 168/171/4 169/172/4 170/170/4
f 168/171/4 170/170/4 166/173/4
f 166/173/4 170/170/4 165/166/4
f 168/171/4 166/173/4 167/174/4
f 180/168/4 173/169/4 174/175/4
f 180/168/4 174/175/4 175/176/4
f 180/168/4 175/176/4 176/177/4
f 180/168/4 176/177/4 179/178/4
f 179/178/4 176/177/4 177/179/4
f 178/180/4 179/178/4 177/179/4
f 184/181/4 185/182/4 186/183/4
f 184/181/4 186/183/4 187/184/4
f 182/185/4 183/186/4 184/181/4
f 182/185/4 184/181/4 187/184/4
f 182/185/4 187/184/4 188/187/4
f 182/185/4 188/187/4 189/188/4
f 181/189/2 182/185/2 189/188/2
f 204/190/4 181/189/4 190/191/4
f 190/191/2 181/189/2 189/188/2
f 204/190/4 190/191/4 193/192/4
f 193/192/4 190/191/4 191/193/4
f 202/194/4 203/195/4 204/190/4
f 202/194/4 204/190/4 193/192/4
f 200/196/4 201/197/4 202/194/4
f 200/196/4 202/194/4 194/198/4
f 194/198/4 202/194/4 193/192/4
f 200/196/4 194/198/4 195/199/4
f 192/200/4 193/192/4 191/193/4
f 198/201/4 199/202/4 200/196/4
f 198/201/4 200/196/4 196/203/4
f 196/203/4 200/196/4 195/199/4
f 198/201/4 196/203/4 197/204/4
s 1
f 206/205/5 217/206/6 205/207/6
f 207/208/7 218/209/8 206/205/5
f 208/210/9 219/211/10 207/208/7
f 209/212/11 220/213/12 208/210/9
f 210/214/13 221/215/14 209/212/11
f 223/216/15 210/214/13 211/217/16
f 224/218/17 211/217/16 212/219/18
f 225/220/19 212/219/18 213/221/20
f 226/222/21 213/221/20 214/223/22
f 227/224/23 214/223/22 215/225/24
f 228/226/25 215/225/24 216/227/25
f 218/209/8 229/228/26 217/206/6
f 219/211/10 230/229/27 218/209/8
f 220/213/12 231/230/28 219/211/10
f 221/215/14 232/231/29 220/213/12
f 222/232/30 233/233/31 221/215/14
f 235/234/32 222/232/30 223/216/15
f 236/235/33 223/216/15 224/218/17
f 237/236/34 224/218/17 225/220/19
f 238/237/35 225/220/19 226/222/21
f 239/238/36 226/222/21 227/224/23
f 240/239/37 227/224/23 228/226/25
f 242/240/38 229/228/26 230/229/27
f 243/241/39 230/229/27 231/230/28
f 244/242/40 231/230/28 232/231/29
f 245/243/41 232/231/29 233/233/31
f 246/244/42 233/233/31 234/245/43
f 247/246/44 234/245/43 235/234/32
f 236/235/33 247/246/44 235/234/32
f 237/236/34 248/247/45 236/235/33
f 238/237/35 249/248/46 237/236/34
f 239/238/36 250/249/47 238/237/35
f 240/239/37 251/250/48 239/238/36
f 242/240/38 253/251/49 241/252/26
f 243/241/39 254/253/50 242/240/38
f 244/242/40 255/254/51 243/241/39
f 245/243/41 256/255/52 244/242/40
f 246/244/42 257/256/53 245/243/41
f 259/257/54 246/244/42 247/246/44
f 260/258/55 247/246/44 248/247/45
f 261/259/56 248/247/45 249/248/46
f 262/260/57 249/248/46 250/249/47
f 263/261/58 250/249/47 251/250/48
f 264/262/59 251/250/48 252/263/37
f 266/264/60 253/251/49 254/253/50
f 267/265/61 254/253/50 255/254/51
f 268/266/62 255/254/51 256/255/52
f 257/256/53 268/266/62 256/255/52
f 270/267/63 257/256/53 258/268/64
f 271/269/65 258/268/64 259/257/54
f 260/258/55 271/269/65 259/257/54
f 273/270/66 260/258/55 261/259/56
f 274/271/67 261/259/56 262/260/57
f 275/272/68 262/260/57 263/261/58
f 276/273/69 263/261/58 264/262/59
f 278/274/70 265/275/71 266/264/60
f 279/276/72 266/264/60 267/265/61
f 280/277/73 267/265/61 268/266/62
f 281/278/74 268/266/62 269/279/75
f 282/280/76 269/279/75 270/267/63
f 283/281/77 270/267/63 271/269/65
f 272/282/78 283/281/77 271/269/65
f 273/270/66 284/283/79 272/282/78
f 274/271/67 285/284/80 273/270/66
f 275/272/68 286/285/81 274/271/67
f 276/273/69 287/286/82 275/272/68
f 278/274/70 289/287/71 277/288/71
f 279/276/72 290/289/60 278/274/70
f 280/277/73 291/290/61 279/276/72
f 281/278/74 292/291/62 280/277/73
f 282/280/76 293/292/83 281/278/74
f 295/293/65 282/280/76 283/281/77
f 296/294/84 283/281/77 284/283/79
f 297/295/66 284/283/79 285/284/80
f 298/296/67 285/284/80 286/285/81
f 299/297/68 286/285/81 287/286/82
f 300/298/69 287/286/82 288/299/69
f 302/300/85 289/287/71 290/289/60
f 303/301/86 290/289/60 291/290/61
f 304/302/87 291/290/61 292/291/62
f 305/303/88 292/291/62 293/292/83
f 294/304/63 305/303/88 293/292/83
f 307/305/89 294/304/63 295/293/65
f 308/306/90 295/293/65 296/294/84
f 297/295/66 308/306/90 296/294/84
f 310/307/91 297/295/66 298/296/67
f 311/308/92 298/296/67 299/297/68
f 312/309/93 299/297/68 300/298/69
f 314/310/94 301/311/95 302/300/85
f 315/312/96 302/300/85 303/301/86
f 316/313/97 303/301/86 304/302/87
f 317/314/98 304/302/87 305/303/88
f 318/315/99 305/303/88 306/316/100
f 319/317/101 306/316/100 307/305/89
f 308/306/90 319/317/101 307/305/89
f 309/318/102 320/319/103 308/306/90
f 310/307/91 321/320/104 309/318/102
f 311/308/92 322/321/105 310/307/91
f 312/309/93 323/322/106 311/308/92
f 314/310/94 325/323/95 313/324/95
f 315/312/96 326/325/85 314/310/94
f 316/313/97 327/326/86 315/312/96
f 317/314/98 328/327/87 316/313/97
f 318/315/99 329/328/88 317/314/98
f 331/329/89 318/315/99 319/317/101
f 332/330/90 319/317/101 320/319/103
f 333/331/102 320/319/103 321/320/104
f 334/332/91 321/320/104 322/321/105
f 335/333/92 322/321/105 323/322/106
f 336/334/93 323/322/106 324/335/93
f 338/336/8 325/323/95 326/325/85
f 339/337/10 326/325/85 327/326/86
f 340/338/12 327/326/86 328/327/87
f 341/339/107 328/327/87 329/328/88
f 330/340/100 341/339/107 329/328/88
f 343/341/15 330/340/100 331/329/89
f 344/342/17 331/329/89 332/330/90
f 333/331/102 344/342/17 332/330/90
f 346/343/21 333/331/102 334/332/91
f 347/344/23 334/332/91 335/333/92
f 348/345/25 335/333/92 336/334/93
f 350/346/5 337/347/6 338/336/8
f 351/348/7 338/336/8 339/337/10
f 352/349/9 339/337/10 340/338/12
f 353/350/11 340/338/12 341/339/107
f 354/351/108 341/339/107 342/352/30
f 355/353/109 342/352/30 343/341/15
f 344/342/17 355/353/109 343/341/15
f 345/354/19 356/355/18 344/342/17
f 346/343/21 357/356/110 345/354/19
f 347/344/23 358/357/22 346/343/21
f 348/345/25 359/358/24 347/344/23
f 362/359/94 349/360/6 350/346/5
f 363/361/96 350/346/5 351/348/7
f 364/362/97 351/348/7 352/349/9
f 365/363/98 352/349/9 353/350/11
f 366/364/111 353/350/11 354/351/108
f 367/365/112 354/351/108 355/353/109
f 368/366/103 355/353/109 356/355/18
f 369/367/104 356/355/18 357/356/110
f 370/368/105 357/356/110 358/357/22
f 371/369/106 358/357/22 359/358/24
f 372/370/93 359/358/24 360/371/25
f 362/359/94 373/372/95 361/373/95
f 363/361/96 374/374/85 362/359/94
f 364/362/97 375/375/86 363/361/96
f 365/363/98 376/376/87 364/362/97
f 366/364/111 377/377/113 365/363/98
f 379/378/89 366/364/111 367/365/112
f 380/379/114 367/365/112 368/366/103
f 381/380/102 368/366/103 369/367/104
f 382/381/91 369/367/104 370/368/105
f 383/382/92 370/368/105 371/369/106
f 384/383/93 371/369/106 372/370/93
f 386/384/94 373/372/95 374/374/85
f 387/385/96 374/374/85 375/375/86
f 388/386/97 375/375/86 376/376/87
f 389/387/98 376/376/87 377/377/113
f 390/388/111 377/377/113 378/389/100
f 391/390/101 378/389/100 379/378/89
f 380/379/114 391/390/101 379/378/89
f 381/380/102 392/391/103 380/379/114
f 382/381/91 393/392/104 381/380/102
f 383/382/92 394/393/105 382/381/91
f 384/383/93 395/394/106 383/382/92
f 386/384/94 397/395/95 385/396/95
f 387/385/96 398/397/85 386/384/94
f 388/386/97 399/398/86 387/385/96
f 389/387/98 400/399/87 388/386/97
f 390/388/111 401/400/88 389/387/98
f 403/401/89 390/388/111 391/390/101
f 404/402/114 391/390/101 392/391/103
f 405/403/102 392/391/103 393/392/104
f 406/404/91 393/392/104 394/393/105
f 407/405/92 394/393/105 395/394/106
f 408/406/93 395/394/106 396/407/93
f 410/408/8 397/395/95 398/397/85
f 411/409/10 398/397/85 399/398/86
f 400/399/87 411/409/10 399/398/86
f 413/410/107 400/399/87 401/400/88
f 414/411/30 401/400/88 402/412/100
f 415/413/15 402/412/100 403/401/89
f 404/402/114 415/413/15 403/401/89
f 417/414/19 404/402/114 405/403/102
f 418/415/21 405/403/102 406/404/91
f 419/416/23 406/404/91 407/405/92
f 420/417/25 407/405/92 408/406/93
f 422/418/50 409/419/6 410/408/8
f 411/409/10 422/418/50 410/408/8
f 424/420/52 411/409/10 412/421/12
f 413/410/107 424/420/52 412/421/12
f 426/422/64 413/410/107 414/411/30
f 427/423/54 414/411/30 415/413/15
f 416/424/115 427/423/54 415/413/15
f 429/425/56 416/424/115 417/414/19
f 430/426/57 417/414/19 418/415/21
f 431/427/58 418/415/21 419/416/23
f 420/417/25 431/427/58 419/416/23
f 434/428/116 421/429/49 422/418/50
f 435/430/117 422/418/50 423/431/51
f 436/432/118 423/431/51 424/420/52
f 437/433/119 424/420/52 425/434/53
f 438/435/120 425/434/53 426/422/64
f 439/436/121 426/422/64 427/423/54
f 428/437/122 439/436/121 427/423/54
f 429/425/56 440/438/123 428/437/122
f 430/426/57 441/439/124 429/425/56
f 431/427/58 442/440/125 430/426/57
f 432/441/59 443/442/126 431/427/58
f 434/428/116 445/443/49 433/444/49
f 435/430/117 446/445/50 434/428/116
f 436/432/118 447/446/51 435/430/117
f 437/433/119 448/447/52 436/432/118
f 438/435/120 449/448/53 437/433/119
f 451/449/54 438/435/120 439/436/121
f 452/450/55 439/436/121 440/438/123
f 453/451/56 440/438/123 441/439/124
f 454/452/57 441/439/124 442/440/125
f 455/453/58 442/440/125 443/442/126
f 456/454/59 443/442/126 444/455/59
f 458/456/116 445/443/49 446/445/50
f 459/457/117 446/445/50 447/446/51
f 460/458/118 447/446/51 448/447/52
f 461/459/119 448/447/52 449/448/53
f 462/460/120 449/448/53 450/461/64
f 463/462/121 450/461/64 451/449/54
f 452/450/55 463/462/121 451/449/54
f 453/451/56 464/463/123 452/450/55
f 454/452/57 465/464/124 453/451/56
f 455/453/58 466/465/125 454/452/57
f 456/454/59 467/466/126 455/453/58
f 458/456/116 469/467/49 457/468/49
f 459/457/117 470/469/50 458/456/116
f 460/458/118 471/470/51 459/457/117
f 461/459/119 472/471/52 460/458/118
f 462/460/120 473/472/127 461/459/119
f 475/473/54 462/460/120 463/462/121
f 476/474/122 463/462/121 464/463/123
f 477/475/56 464/463/123 465/464/124
f 478/476/57 465/464/124 466/465/125
f 479/477/58 466/465/125 467/466/126
f 480/478/59 467/466/126 468/479/59
f 482/480/116 469/467/49 470/469/50
f 483/481/117 470/469/50 471/470/51
f 484/482/118 471/470/51 472/471/52
f 485/483/119 472/471/52 473/472/127
f 486/484/128 473/472/127 474/485/64
f 487/486/121 474/485/64 475/473/54
f 476/474/122 487/486/121 475/473/54
f 477/475/56 488/487/123 476/474/122
f 478/476/57 489/488/124 477/475/56
f 479/477/58 490/489/125 478/476/57
f 480/478/59 491/490/126 479/477/58
f 206/205/5 481/491/49 482/480/116
f 207/208/7 482/480/116 483/481/117
f 208/210/9 483/481/117 484/482/118
f 209/212/11 484/482/118 485/483/119
f 210/214/13 485/483/119 486/484/128
f 211/217/16 486/484/128 487/486/121
f 212/219/18 487/486/121 488/487/123
f 213/221/20 488/487/123 489/488/124
f 214/223/22 489/488/124 490/489/125
f 215/225/24 490/489/125 491/490/126
f 216/227/25 491/490/126 492/492/59
f 494/493/5 505/494/6 493/495/6
f 495/496/7 506/497/8 494/493/5
f 496/498/9 507/499/10 495/496/7
f 497/500/11 508/501/12 496/498/9
f 498/502/13 509/503/14 497/500/11
f 511/504/15 498/502/13 499/505/16
f 512/506/17 499/505/16 500/507/18
f 513/508/19 500/507/18 501/509/20
f 514/510/21 501/509/20 502/511/22
f 515/512/23 502/511/22 503/513/24
f 516/514/25 503/513/24 504/515/25
f 518/516/50 505/494/6 506/497/8
f 519/517/51 506/497/8 507/499/10
f 520/518/52 507/499/10 508/501/12
f 509/503/14 520/518/52 508/501/12
f 522/519/64 509/503/14 510/520/30
f 523/521/54 510/520/30 511/504/15
f 512/506/17 523/521/54 511/504/15
f 525/522/56 512/506/17 513/508/19
f 526/523/57 513/508/19 514/510/21
f 527/524/58 514/510/21 515/512/23
f 528/525/59 515/512/23 516/514/25
f 530/526/116 517/527/49 518/516/50
f 531/528/117 518/516/50 519/517/51
f 532/529/118 519/517/51 520/518/52
f 533/530/119 520/518/52 521/531/53
f 534/532/120 521/531/53 522/519/64
f 535/533/121 522/519/64 523/521/54
f 524/534/55 535/533/121 523/521/54
f 525/522/56 536/535/123 524/534/55
f 526/523/57 537/536/124 525/522/56
f 527/524/58 538/537/125 526/523/57
f 528/525/59 539/538/126 527/524/58
f 530/526/116 541/539/49 529/540/49
f 531/528/117 542/541/50 530/526/116
f 532/529/118 543/542/51 531/528/117
f 533/530/119 544/543/52 532/529/118
f 534/532/120 545/544/127 533/530/119
f 547/545/54 534/532/120 535/533/121
f 548/546/122 535/533/121 536/535/123
f 549/547/56 536/535/123 537/536/124
f 550/548/57 537/536/124 538/537/125
f 551/549/58 538/537/125 539/538/126
f 552/550/59 539/538/126 540/551/59
f 554/552/60 541/539/49 542/541/50
f 543/542/51 554/552/60 542/541/50
f 544/543/52 555/553/61 543/542/51
f 557/554/75 544/543/52 545/544/127
f 558/555/63 545/544/127 546/556/64
f 559/557/65 546/556/64 547/545/54
f 560/558/84 547/545/54 548/546/122
f 549/547/56 560/558/84 548/546/122
f 562/559/67 549/547/56 550/548/57
f 563/560/68 550/548/57 551/549/58
f 552/550/59 563/560/68 551/549/58
f 566/561/70 553/562/71 554/552/60
f 567/563/72 554/552/60 555/553/61
f 568/564/73 555/553/61 556/565/62
f 569/566/74 556/565/62 557/554/75
f 570/567/129 557/554/75 558/555/63
f 571/568/77 558/555/63 559/557/65
f 560/558/84 571/568/77 559/557/65
f 561/569/66 572/570/79 560/558/84
f 562/559/67 573/571/80 561/569/66
f 563/560/68 574/572/81 562/559/67
f 564/573/69 575/574/82 563/560/68
f 566/561/70 577/575/71 565/576/71
f 567/563/72 578/577/60 566/561/70
f 568/564/73 579/578/61 567/563/72
f 569/566/74 580/579/62 568/564/73
f 570/567/129 581/580/75 569/566/74
f 583/581/65 570/567/129 571/568/77
f 584/582/78 571/568/77 572/570/79
f 585/583/66 572/570/79 573/571/80
f 586/584/67 573/571/80 574/572/81
f 587/585/68 574/572/81 575/574/82
f 588/586/69 575/574/82 576/587/69
f 590/588/85 577/575/71 578/577/60
f 591/589/86 578/577/60 579/578/61
f 592/590/87 579/578/61 580/579/62
f 593/591/113 580/579/62 581/580/75
f 582/592/63 593/591/113 581/580/75
f 595/593/89 582/592/63 583/581/65
f 596/594/114 583/581/65 584/582/78
f 585/583/66 596/594/114 584/582/78
f 598/595/91 585/583/66 586/584/67
f 599/596/92 586/584/67 587/585/68
f 600/597/93 587/585/68 588/586/69
f 602/598/94 589/599/95 590/588/85
f 603/600/96 590/588/85 591/589/86
f 604/601/97 591/589/86 592/590/87
f 605/602/98 592/590/87 593/591/113
f 606/603/111 593/591/113 594/604/100
f 607/605/101 594/604/100 595/593/89
f 596/594/114 607/605/101 595/593/89
f 597/606/102 608/607/103 596/594/114
f 598/595/91 609/608/104 597/606/102
f 599/596/92 610/609/105 598/595/91
f 600/597/93 611/610/106 599/596/92
f 602/598/94 613/611/95 601/612/95
f 603/600/96 614/613/85 602/598/94
f 604/601/97 615/614/86 603/600/96
f 605/602/98 616/615/87 604/601/97
f 606/603/111 617/616/88 605/602/98
f 619/617/89 606/603/111 607/605/101
f 620/618/114 607/605/101 608/607/103
f 621/619/102 608/607/103 609/608/104
f 622/620/91 609/608/104 610/609/105
f 623/621/92 610/609/105 611/610/106
f 624/622/93 611/610/106 612/623/93
f 626/624/8 613/611/95 614/613/85
f 627/625/10 614/613/85 615/614/86
f 628/626/12 615/614/86 616/615/87
f 629/627/107 616/615/87 617/616/88
f 630/628/30 617/616/88 618/629/100
f 631/630/15 618/629/100 619/617/89
f 632/631/115 619/617/89 620/618/114
f 633/632/19 620/618/114 621/619/102
f 634/633/21 621/619/102 622/620/91
f 635/634/23 622/620/91 623/621/92
f 636/635/25 623/621/92 624/622/93
f 638/636/50 625/637/6 626/624/8
f 639/638/51 626/624/8 627/625/10
f 640/639/52 627/625/10 628/626/12
f 641/640/53 628/626/12 629/627/107
f 630/628/30 641/640/53 629/627/107
f 643/641/54 630/628/30 631/630/15
f 644/642/55 631/630/15 632/631/115
f 645/643/56 632/631/115 633/632/19
f 646/644/57 633/632/19 634/633/21
f 647/645/58 634/633/21 635/634/23
f 648/646/59 635/634/23 636/635/25
f 650/647/116 637/648/49 638/636/50
f 651/649/117 638/636/50 639/638/51
f 652/650/118 639/638/51 640/639/52
f 653/651/119 640/639/52 641/640/53
f 654/652/128 641/640/53 642/653/64
f 655/654/121 642/653/64 643/641/54
f 644/642/55 655/654/121 643/641/54
f 645/643/56 656/655/123 644/642/55
f 646/644/57 657/656/124 645/643/56
f 647/645/58 658/657/125 646/644/57
f 648/646/59 659/658/126 647/645/58
f 662/659/5 649/660/49 650/647/116
f 663/661/7 650/647/116 651/649/117
f 664/662/9 651/649/117 652/650/118
f 665/663/11 652/650/118 653/651/119
f 666/664/13 653/651/119 654/652/128
f 667/665/16 654/652/128 655/654/121
f 668/666/18 655/654/121 656/655/123
f 669/667/20 656/655/123 657/656/124
f 670/668/22 657/656/124 658/657/125
f 671/669/24 658/657/125 659/658/126
f 672/670/25 659/658/126 660/671/59
f 674/672/94 661/673/6 662/659/5
f 675/674/96 662/659/5 663/661/7
f 676/675/97 663/661/7 664/662/9
f 677/676/98 664/662/9 665/663/11
f 678/677/111 665/663/11 666/664/13
f 679/678/101 666/664/13 667/665/16
f 680/679/103 667/665/16 668/666/18
f 681/680/104 668/666/18 669/667/20
f 682/681/105 669/667/20 670/668/22
f 683/682/106 670/668/22 671/669/24
f 684/683/93 671/669/24 672/670/25
f 674/672/94 685/684/71 673/685/95
f 687/686/72 674/672/94 675/674/96
f 688/687/73 675/674/96 676/675/97
f 689/688/74 676/675/97 677/676/98
f 678/677/111 689/688/74 677/676/98
f 691/689/130 678/677/111 679/678/101
f 692/690/79 679/678/101 680/679/103
f 681/680/104 692/690/79 680/679/103
f 694/691/81 681/680/104 682/681/105
f 683/682/106 694/691/81 682/681/105
f 696/692/69 683/682/106 684/683/93
f 686/693/70 697/694/71 685/684/71
f 687/686/72 698/695/60 686/693/70
f 688/687/73 699/696/61 687/686/72
f 689/688/74 700/697/62 688/687/73
f 690/698/76 701/699/83 689/688/74
f 703/700/65 690/698/76 691/689/130
f 704/701/78 691/689/130 692/690/79
f 705/702/66 692/690/79 693/703/80
f 706/704/67 693/703/80 694/691/81
f 707/705/68 694/691/81 695/706/82
f 708/707/69 695/706/82 696/692/69
f 710/708/70 697/694/71 698/695/60
f 711/709/72 698/695/60 699/696/61
f 712/710/73 699/696/61 700/697/62
f 713/711/74 700/697/62 701/699/83
f 714/712/76 701/699/83 702/713/63
f 715/714/77 702/713/63 703/700/65
f 704/701/78 715/714/77 703/700/65
f 705/702/66 716/715/79 704/701/78
f 706/704/67 717/716/80 705/702/66
f 707/705/68 718/717/81 706/704/67
f 708/707/69 719/718/82 707/705/68
f 710/708/70 721/719/71 709/720/71
f 711/709/72 722/721/60 710/708/70
f 712/710/73 723/722/61 711/709/72
f 713/711/74 724/723/62 712/710/73
f 714/712/76 725/724/75 713/711/74
f 727/725/65 714/712/76 715/714/77
f 728/726/78 715/714/77 716/715/79
f 729/727/66 716/715/79 717/716/80
f 730/728/67 717/716/80 718/717/81
f 731/729/68 718/717/81 719/718/82
f 732/730/69 719/718/82 720/731/69
f 734/732/85 721/719/71 722/721/60
f 735/733/86 722/721/60 723/722/61
f 736/734/87 723/722/61 724/723/62
f 737/735/113 724/723/62 725/724/75
f 738/736/100 725/724/75 726/737/63
f 739/738/89 726/737/63 727/725/65
f 728/726/78 739/738/89 727/725/65
f 741/739/102 728/726/78 729/727/66
f 742/740/91 729/727/66 730/728/67
f 743/741/92 730/728/67 731/729/68
f 744/742/93 731/729/68 732/730/69
f 734/732/85 745/743/6 733/744/95
f 747/745/10 734/732/85 735/733/86
f 748/746/12 735/733/86 736/734/87
f 737/735/113 748/746/12 736/734/87
f 750/747/30 737/735/113 738/736/100
f 751/748/15 738/736/100 739/738/89
f 752/749/115 739/738/89 740/750/90
f 753/751/19 740/750/90 741/739/102
f 742/740/91 753/751/19 741/739/102
f 743/741/92 754/752/21 742/740/91
f 756/753/25 743/741/92 744/742/93
f 758/754/5 745/743/6 746/755/8
f 759/756/7 746/755/8 747/745/10
f 760/757/9 747/745/10 748/746/12
f 761/758/11 748/746/12 749/759/14
f 762/760/13 749/759/14 750/747/30
f 763/761/109 750/747/30 751/748/15
f 752/749/115 763/761/109 751/748/15
f 753/751/19 764/762/18 752/749/115
f 754/752/21 765/763/20 753/751/19
f 755/764/23 766/765/22 754/752/21
f 756/753/25 767/766/24 755/764/23
f 758/754/5 769/767/6 757/768/6
f 759/756/7 770/769/8 758/754/5
f 760/757/9 771/770/10 759/756/7
f 761/758/11 772/771/12 760/757/9
f 762/760/13 773/772/107 761/758/11
f 775/773/15 762/760/13 763/761/109
f 776/774/17 763/761/109 764/762/18
f 777/775/19 764/762/18 765/763/20
f 778/776/21 765/763/20 766/765/22
f 779/777/23 766/765/22 767/766/24
f 780/778/25 767/766/24 768/779/25
f 494/493/5 769/767/6 770/769/8
f 495/496/7 770/769/8 771/770/10
f 496/498/9 771/770/10 772/771/12
f 497/500/11 772/771/12 773/772/107
f 498/502/13 773/772/107 774/780/30
f 499/505/16 774/780/30 775/773/15
f 776/774/17 499/505/16 775/773/15
f 777/775/19 500/507/18 776/774/17
f 778/776/21 501/509/20 777/775/19
f 779/777/23 502/511/22 778/776/21
f 780/778/25 503/513/24 779/777/23
f 782/781/5 793/782/6 781/783/6
f 783/784/7 794/785/8 782/781/5
f 784/786/9 795/787/10 783/784/7
f 785/788/11 796/789/12 784/786/9
f 786/790/13 797/791/14 785/788/11
f 799/792/15 786/790/13 787/793/109
f 800/794/17 787/793/109 788/795/18
f 801/796/19 788/795/18 789/797/20
f 802/798/21 789/797/20 790/799/22
f 803/800/23 790/799/22 791/801/24
f 804/802/25 791/801/24 792/803/25
f 806/804/131 793/782/6 794/785/8
f 807/805/132 794/785/8 795/787/10
f 808/806/133 795/787/10 796/789/12
f 809/807/134 796/789/12 797/791/14
f 810/808/135 797/791/14 798/809/30
f 811/810/136 798/809/30 799/792/15
f 800/794/17 811/810/136 799/792/15
f 801/796/19 812/811/137 800/794/17
f 802/798/21 813/812/138 801/796/19
f 803/800/23 814/813/139 802/798/21
f 804/802/25 815/814/140 803/800/23
f 806/804/131 817/815/141 805/816/142
f 807/805/132 818/817/143 806/804/131
f 808/806/133 819/818/144 807/805/132
f 809/807/134 820/819/145 808/806/133
f 810/808/135 821/820/146 809/807/134
f 823/821/147 810/808/135 811/810/136
f 824/822/148 811/810/136 812/811/137
f 825/823/149 812/811/137 813/812/138
f 826/824/150 813/812/138 814/813/139
f 827/825/151 814/813/139 815/814/140
f 828/826/152 815/814/140 816/827/153
f 830/828/85 817/815/141 818/817/143
f 831/829/86 818/817/143 819/818/144
f 832/830/87 819/818/144 820/819/145
f 833/831/113 820/819/145 821/820/146
f 834/832/100 821/820/146 822/833/154
f 835/834/89 822/833/154 823/821/147
f 824/822/148 835/834/89 823/821/147
f 825/823/149 836/835/114 824/822/148
f 826/824/150 837/836/102 825/823/149
f 827/825/151 838/837/91 826/824/150
f 828/826/152 839/838/92 827/825/151
f 842/839/94 829/840/95 830/828/85
f 843/841/96 830/828/85 831/829/86
f 844/842/97 831/829/86 832/830/87
f 845/843/98 832/830/87 833/831/113
f 846/844/99 833/831/113 834/832/100
f 847/845/101 834/832/100 835/834/89
f 836/835/114 847/845/101 835/834/89
f 837/836/102 848/846/103 836/835/114
f 838/837/91 849/847/104 837/836/102
f 839/838/92 850/848/105 838/837/91
f 840/849/93 851/850/106 839/838/92
f 842/839/94 853/851/95 841/852/95
f 843/841/96 854/853/85 842/839/94
f 844/842/97 855/854/86 843/841/96
f 845/843/98 856/855/87 844/842/97
f 846/844/99 857/856/113 845/843/98
f 859/857/89 846/844/99 847/845/101
f 860/858/114 847/845/101 848/846/103
f 861/859/102 848/846/103 849/847/104
f 862/860/91 849/847/104 850/848/105
f 863/861/92 850/848/105 851/850/106
f 864/862/93 851/850/106 852/863/93
f 866/864/8 853/851/95 854/853/85
f 867/865/10 854/853/85 855/854/86
f 856/855/87 867/865/10 855/854/86
f 869/866/14 856/855/87 857/856/113
f 870/867/30 857/856/113 858/868/100
f 871/869/15 858/868/100 859/857/89
f 860/858/114 871/869/15 859/857/89
f 873/870/19 860/858/114 861/859/102
f 874/871/21 861/859/102 862/860/91
f 875/872/23 862/860/91 863/861/92
f 876/873/25 863/861/92 864/862/93
f 782/781/5 865/874/6 866/864/8
f 783/784/7 866/864/8 867/865/10
f 784/786/9 867/865/10 868/875/12
f 785/788/11 868/875/12 869/866/14
f 786/790/13 869/866/14 870/867/30
f 787/793/109 870/867/30 871/869/15
f 872/876/17 787/793/109 871/869/15
f 873/870/19 788/795/18 872/876/17
f 874/871/21 789/797/20 873/870/19
f 875/872/23 790/799/22 874/871/21
f 876/873/25 791/801/24 875/872/23
f 890/877/116 877/878/71 878/879/70
f 891/880/117 878/879/70 879/881/72
f 892/882/118 879/881/72 880/883/73
f 893/884/119 880/883/73 881/885/74
f 894/886/128 881/885/74 882/887/129
f 895/888/155 882/887/129 883/889/77
f 896/890/123 883/889/77 884/891/79
f 897/892/124 884/891/79 885/893/80
f 898/894/125 885/893/80 886/895/81
f 899/896/126 886/895/81 887/897/82
f 900/898/59 887/897/82 888/899/69
f 890/877/116 901/900/49 889/901/49
f 891/880/117 902/902/50 890/877/116
f 892/882/118 903/903/51 891/880/117
f 893/884/119 904/904/52 892/882/118
f 894/886/128 905/905/127 893/884/119
f 907/906/54 894/886/128 895/888/155
f 908/907/122 895/888/155 896/890/123
f 909/908/56 896/890/123 897/892/124
f 910/909/57 897/892/124 898/894/125
f 911/910/58 898/894/125 899/896/126
f 912/911/59 899/896/126 900/898/59
f 914/912/116 901/900/49 902/902/50
f 915/913/117 902/902/50 903/903/51
f 916/914/118 903/903/51 904/904/52
f 917/915/119 904/904/52 905/905/127
f 918/916/120 905/905/127 906/917/64
f 919/918/121 906/917/64 907/906/54
f 908/907/122 919/918/121 907/906/54
f 909/908/56 920/919/123 908/907/122
f 910/909/57 921/920/124 909/908/56
f 911/910/58 922/921/125 910/909/57
f 912/911/59 923/922/126 911/910/58
f 926/923/5 913/924/49 914/912/116
f 927/925/7 914/912/116 915/913/117
f 928/926/9 915/913/117 916/914/118
f 929/927/11 916/914/118 917/915/119
f 930/928/108 917/915/119 918/916/120
f 931/929/109 918/916/120 919/918/121
f 932/930/18 919/918/121 920/919/123
f 933/931/20 920/919/123 921/920/124
f 934/932/22 921/920/124 922/921/125
f 935/933/24 922/921/125 923/922/126
f 936/934/25 923/922/126 924/935/59
f 938/936/94 925/937/6 926/923/5
f 939/938/96 926/923/5 927/925/7
f 940/939/97 927/925/7 928/926/9
f 941/940/98 928/926/9 929/927/11
f 930/928/108 941/940/98 929/927/11
f 943/941/112 930/928/108 931/929/109
f 944/942/103 931/929/109 932/930/18
f 945/943/104 932/930/18 933/931/20
f 934/932/22 945/943/104 933/931/20
f 947/944/106 934/932/22 935/933/24
f 948/945/93 935/933/24 936/934/25
f 950/946/70 937/947/95 938/936/94
f 951/948/72 938/936/94 939/938/96
f 952/949/73 939/938/96 940/939/97
f 953/950/74 940/939/97 941/940/98
f 954/951/76 941/940/98 942/952/111
f 955/953/130 942/952/111 943/941/112
f 956/954/79 943/941/112 944/942/103
f 957/955/80 944/942/103 945/943/104
f 958/956/81 945/943/104 946/957/105
f 959/958/82 946/957/105 947/944/106
f 960/959/69 947/944/106 948/945/93
f 950/946/70 961/960/71 949/961/71
f 951/948/72 962/962/60 950/946/70
f 952/949/73 963/963/61 951/948/72
f 953/950/74 964/964/62 952/949/73
f 954/951/76 965/965/83 953/950/74
f 967/966/65 954/951/76 955/953/130
f 968/967/78 955/953/130 956/954/79
f 969/968/66 956/954/79 957/955/80
f 970/969/67 957/955/80 958/956/81
f 971/970/68 958/956/81 959/958/82
f 972/971/69 959/958/82 960/959/69
f 878/879/70 961/960/71 962/962/60
f 879/881/72 962/962/60 963/963/61
f 880/883/73 963/963/61 964/964/62
f 881/885/74 964/964/62 965/965/83
f 882/887/129 965/965/83 966/972/63
f 883/889/77 966/972/63 967/966/65
f 968/967/78 883/889/77 967/966/65
f 969/968/66 884/891/79 968/967/78
f 970/969/67 885/893/80 969/968/66
f 971/970/68 886/895/81 970/969/67
f 972/971/69 887/897/82 971/970/68
f 986/973/8 973/974/95 974/975/85
f 987/976/10 974/975/85 975/977/86
f 988/978/12 975/977/86 976/979/87
f 989/980/107 976/979/87 977/981/113
f 990/982/30 977/981/113 978/983/100
f 991/984/15 978/983/100 979/985/89
f 992/986/115 979/985/89 980/987/114
f 993/988/19 980/987/114 981/989/102
f 994/990/21 981/989/102 982/991/91
f 995/992/23 982/991/91 983/993/92
f 996/994/25 983/993/92 984/995/93
f 998/996/50 985/997/6 986/973/8
f 999/998/51 986/973/8 987/976/10
f 1000/999/52 987/976/10 988/978/12
f 1001/1000/53 988/978/12 989/980/107
f 990/982/30 1001/1000/53 989/980/107
f 1003/1001/54 990/982/30 991/984/15
f 1004/1002/55 991/984/15 992/986/115
f 1005/1003/56 992/986/115 993/988/19
f 1006/1004/57 993/988/19 994/990/21
f 1007/1005/58 994/990/21 995/992/23
f 1008/1006/59 995/992/23 996/994/25
f 1010/1007/116 997/1008/49 998/996/50
f 1011/1009/117 998/996/50 999/998/51
f 1012/1010/118 999/998/51 1000/999/52
f 1013/1011/119 1000/999/52 1001/1000/53
f 1014/1012/120 1001/1000/53 1002/1013/64
f 1015/1014/121 1002/1013/64 1003/1001/54
f 1004/1002/55 1015/1014/121 1003/1001/54
f 1005/1003/56 1016/1015/123 1004/1002/55
f 1006/1004/57 1017/1016/124 1005/1003/56
f 1007/1005/58 1018/1017/125 1006/1004/57
f 1008/1006/59 1019/1018/126 1007/1005/58
f 1010/1007/116 1021/1019/49 1009/1020/49
f 1011/1009/117 1022/1021/50 1010/1007/116
f 1012/1010/118 1023/1022/51 1011/1009/117
f 1013/1011/119 1024/1023/52 1012/1010/118
f 1014/1012/120 1025/1024/53 1013/1011/119
f 1027/1025/54 1014/1012/120 1015/1014/121
f 1028/1026/55 1015/1014/121 1016/1015/123
f 1029/1027/56 1016/1015/123 1017/1016/124
f 1030/1028/57 1017/1016/124 1018/1017/125
f 1031/1029/58 1018/1017/125 1019/1018/126
f 1032/1030/59 1019/1018/126 1020/1031/59
f 1034/1032/116 1021/1019/49 1022/1021/50
f 1035/1033/117 1022/1021/50 1023/1022/51
f 1036/1034/118 1023/1022/51 1024/1023/52
f 1037/1035/119 1024/1023/52 1025/1024/53
f 1038/1036/120 1025/1024/53 1026/1037/64
f 1039/1038/121 1026/1037/64 1027/1025/54
f 1028/1026/55 1039/1038/121 1027/1025/54
f 1029/1027/56 1040/1039/123 1028/1026/55
f 1030/1028/57 1041/1040/124 1029/1027/56
f 1031/1029/58 1042/1041/125 1030/1028/57
f 1032/1030/59 1043/1042/126 1031/1029/58
f 1034/1032/116 1045/1043/49 1033/1044/49
f 1035/1033/117 1046/1045/50 1034/1032/116
f 1036/1034/118 1047/1046/51 1035/1033/117
f 1037/1035/119 1048/1047/52 1036/1034/118
f 1038/1036/120 1049/1048/53 1037/1035/119
f 1051/1049/54 1038/1036/120 1039/1038/121
f 1052/1050/55 1039/1038/121 1040/1039/123
f 1053/1051/56 1040/1039/123 1041/1040/124
f 1054/1052/57 1041/1040/124 1042/1041/125
f 1055/1053/58 1042/1041/125 1043/1042/126
f 1056/1054/59 1043/1042/126 1044/1055/59
f 1058/1056/116 1045/1043/49 1046/1045/50
f 1059/1057/117 1046/1045/50 1047/1046/51
f 1060/1058/118 1047/1046/51 1048/1047/52
f 1061/1059/119 1048/1047/52 1049/1048/53
f 1062/1060/120 1049/1048/53 1050/1061/64
f 1063/1062/121 1050/1061/64 1051/1049/54
f 1052/1050/55 1063/1062/121 1051/1049/54
f 1053/1051/56 1064/1063/123 1052/1050/55
f 1054/1052/57 1065/1064/124 1053/1051/56
f 1055/1053/58 1066/1065/125 1054/1052/57
f 1056/1054/59 1067/1066/126 1055/1053/58
f 1058/1056/116 1069/1067/49 1057/1068/49
f 1059/1057/117 1070/1069/50 1058/1056/116
f 1060/1058/118 1071/1070/51 1059/1057/117
f 1061/1059/119 1072/1071/52 1060/1058/118
f 1062/1060/120 1073/1072/53 1061/1059/119
f 1075/1073/54 1062/1060/120 1063/1062/121
f 1076/1074/55 1063/1062/121 1064/1063/123
f 1077/1075/56 1064/1063/123 1065/1064/124
f 1078/1076/57 1065/1064/124 1066/1065/125
f 1079/1077/58 1066/1065/125 1067/1066/126
f 1080/1078/59 1067/1066/126 1068/1079/59
f 1082/1080/116 1069/1067/49 1070/1069/50
f 1083/1081/117 1070/1069/50 1071/1070/51
f 1084/1082/118 1071/1070/51 1072/1071/52
f 1085/1083/119 1072/1071/52 1073/1072/53
f 1086/1084/128 1073/1072/53 1074/1085/64
f 1087/1086/121 1074/1085/64 1075/1073/54
f 1076/1074/55 1087/1086/121 1075/1073/54
f 1077/1075/56 1088/1087/123 1076/1074/55
f 1078/1076/57 1089/1088/124 1077/1075/56
f 1079/1077/58 1090/1089/125 1078/1076/57
f 1080/1078/59 1091/1090/126 1079/1077/58
f 1082/1080/116 1093/1091/49 1081/1092/49
f 1083/1081/117 1094/1093/50 1082/1080/116
f 1084/1082/118 1095/1094/51 1083/1081/117
f 1085/1083/119 1096/1095/52 1084/1082/118
f 1086/1084/128 1097/1096/53 1085/1083/119
f 1099/1097/54 1086/1084/128 1087/1086/121
f 1100/1098/55 1087/1086/121 1088/1087/123
f 1101/1099/56 1088/1087/123 1089/1088/124
f 1102/1100/57 1089/1088/124 1090/1089/125
f 1103/1101/58 1090/1089/125 1091/1090/126
f 1104/1102/59 1091/1090/126 1092/1103/59
f 1106/1104/60 1093/1091/49 1094/1093/50
f 1107/1105/61 1094/1093/50 1095/1094/51
f 1108/1106/62 1095/1094/51 1096/1095/52
f 1109/1107/75 1096/1095/52 1097/1096/53
f 1110/1108/63 1097/1096/53 1098/1109/64
f 1111/1110/65 1098/1109/64 1099/1097/54
f 1112/1111/78 1099/1097/54 1100/1098/55
f 1113/1112/66 1100/1098/55 1101/1099/56
f 1114/1113/67 1101/1099/56 1102/1100/57
f 1115/1114/68 1102/1100/57 1103/1101/58
f 1116/1115/69 1103/1101/58 1104/1102/59
f 1118/1116/85 1105/1117/71 1106/1104/60
f 1119/1118/86 1106/1104/60 1107/1105/61
f 1120/1119/87 1107/1105/61 1108/1106/62
f 1121/1120/113 1108/1106/62 1109/1107/75
f 1110/1108/63 1121/1120/113 1109/1107/75
f 1123/1121/89 1110/1108/63 1111/1110/65
f 1124/1122/114 1111/1110/65 1112/1111/78
f 1113/1112/66 1124/1122/114 1112/1111/78
f 1126/1123/91 1113/1112/66 1114/1113/67
f 1127/1124/92 1114/1113/67 1115/1114/68
f 1128/1125/93 1115/1114/68 1116/1115/69
f 1130/1126/94 1117/1127/95 1118/1116/85
f 1131/1128/96 1118/1116/85 1119/1118/86
f 1132/1129/97 1119/1118/86 1120/1119/87
f 1133/1130/98 1120/1119/87 1121/1120/113
f 1134/1131/111 1121/1120/113 1122/1132/100
f 1135/1133/101 1122/1132/100 1123/1121/89
f 1124/1122/114 1135/1133/101 1123/1121/89
f 1125/1134/102 1136/1135/103 1124/1122/114
f 1126/1123/91 1137/1136/104 1125/1134/102
f 1127/1124/92 1138/1137/105 1126/1123/91
f 1128/1125/93 1139/1138/106 1127/1124/92
f 1130/1126/94 1141/1139/95 1129/1140/95
f 1131/1128/96 1142/1141/85 1130/1126/94
f 1132/1129/97 1143/1142/86 1131/1128/96
f 1133/1130/98 1144/1143/87 1132/1129/97
f 1134/1131/111 1145/1144/113 1133/1130/98
f 1147/1145/89 1134/1131/111 1135/1133/101
f 1148/1146/114 1135/1133/101 1136/1135/103
f 1149/1147/102 1136/1135/103 1137/1136/104
f 1150/1148/91 1137/1136/104 1138/1137/105
f 1151/1149/92 1138/1137/105 1139/1138/106
f 1152/1150/93 1139/1138/106 1140/1151/93
f 1154/1152/94 1141/1139/95 1142/1141/85
f 1155/1153/96 1142/1141/85 1143/1142/86
f 1156/1154/97 1143/1142/86 1144/1143/87
f 1157/1155/98 1144/1143/87 1145/1144/113
f 1158/1156/111 1145/1144/113 1146/1157/100
f 1159/1158/101 1146/1157/100 1147/1145/89
f 1148/1146/114 1159/1158/101 1147/1145/89
f 1149/1147/102 1160/1159/103 1148/1146/114
f 1150/1148/91 1161/1160/104 1149/1147/102
f 1151/1149/92 1162/1161/105 1150/1148/91
f 1152/1150/93 1163/1162/106 1151/1149/92
f 1154/1152/94 1165/1163/95 1153/1164/95
f 1155/1153/96 1166/1165/85 1154/1152/94
f 1156/1154/97 1167/1166/86 1155/1153/96
f 1157/1155/98 1168/1167/87 1156/1154/97
f 1158/1156/111 1169/1168/113 1157/1155/98
f 1171/1169/89 1158/1156/111 1159/1158/101
f 1172/1170/114 1159/1158/101 1160/1159/103
f 1173/1171/102 1160/1159/103 1161/1160/104
f 1174/1172/91 1161/1160/104 1162/1161/105
f 1175/1173/92 1162/1161/105 1163/1162/106
f 1176/1174/93 1163/1162/106 1164/1175/93
f 1178/1176/94 1165/1163/95 1166/1165/85
f 1179/1177/96 1166/1165/85 1167/1166/86
f 1180/1178/97 1167/1166/86 1168/1167/87
f 1181/1179/98 1168/1167/87 1169/1168/113
f 1182/1180/111 1169/1168/113 1170/1181/100
f 1183/1182/101 1170/1181/100 1171/1169/89
f 1172/1170/114 1183/1182/101 1171/1169/89
f 1173/1171/102 1184/1183/103 1172/1170/114
f 1174/1172/91 1185/1184/104 1173/1171/102
f 1175/1173/92 1186/1185/105 1174/1172/91
f 1176/1174/93 1187/1186/106 1175/1173/92
f 1178/1176/94 973/974/95 1177/1187/95
f 1179/1177/96 974/975/85 1178/1176/94
f 1180/1178/97 975/977/86 1179/1177/96
f 1181/1179/98 976/979/87 1180/1178/97
f 1182/1180/111 977/981/113 1181/1179/98
f 979/985/89 1182/1180/111 1183/1182/101
f 980/987/114 1183/1182/101 1184/1183/103
f 981/989/102 1184/1183/103 1185/1184/104
f 982/991/91 1185/1184/104 1186/1185/105
f 983/993/92 1186/1185/105 1187/1186/106
f 984/995/93 1187/1186/106 1188/1188/93
f 1202/1189/8 1189/1190/95 1190/1191/85
f 1203/1192/10 1190/1191/85 1191/1193/86
f 1204/1194/12 1191/1193/86 1192/1195/87
f 1205/1196/107 1192/1195/87 1193/1197/88
f 1206/1198/30 1193/1197/88 1194/1199/100
f 1207/1200/15 1194/1199/100 1195/1201/89
f 1208/1202/17 1195/1201/89 1196/1203/90
f 1209/1204/19 1196/1203/90 1197/1205/102
f 1210/1206/21 1197/1205/102 1198/1207/91
f 1211/1208/23 1198/1207/91 1199/1209/92
f 1212/1210/25 1199/1209/92 1200/1211/93
f 1214/1212/50 1201/1213/6 1202/1189/8
f 1215/1214/51 1202/1189/8 1203/1192/10
f 1216/1215/52 1203/1192/10 1204/1194/12
f 1217/1216/53 1204/1194/12 1205/1196/107
f 1206/1198/30 1217/1216/53 1205/1196/107
f 1219/1217/54 1206/1198/30 1207/1200/15
f 1220/1218/55 1207/1200/15 1208/1202/17
f 1221/1219/56 1208/1202/17 1209/1204/19
f 1222/1220/57 1209/1204/19 1210/1206/21
f 1223/1221/58 1210/1206/21 1211/1208/23
f 1224/1222/59 1211/1208/23 1212/1210/25
f 1226/1223/60 1213/1224/49 1214/1212/50
f 1227/1225/61 1214/1212/50 1215/1214/51
f 1228/1226/62 1215/1214/51 1216/1215/52
f 1229/1227/83 1216/1215/52 1217/1216/53
f 1230/1228/63 1217/1216/53 1218/1229/64
f 1231/1230/65 1218/1229/64 1219/1217/54
f 1232/1231/84 1219/1217/54 1220/1218/55
f 1233/1232/66 1220/1218/55 1221/1219/56
f 1234/1233/67 1221/1219/56 1222/1220/57
f 1235/1234/68 1222/1220/57 1223/1221/58
f 1236/1235/69 1223/1221/58 1224/1222/59
f 1190/1191/85 1225/1236/71 1226/1223/60
f 1191/1193/86 1226/1223/60 1227/1225/61
f 1192/1195/87 1227/1225/61 1228/1226/62
f 1193/1197/88 1228/1226/62 1229/1227/83
f 1194/1199/100 1229/1227/83 1230/1228/63
f 1195/1201/89 1230/1228/63 1231/1230/65
f 1232/1231/84 1195/1201/89 1231/1230/65
f 1197/1205/102 1232/1231/84 1233/1232/66
f 1198/1207/91 1233/1232/66 1234/1233/67
f 1199/1209/92 1234/1233/67 1235/1234/68
f 1200/1211/93 1235/1234/68 1236/1235/69
f 1250/1237/8 1237/1238/95 1238/1239/85
f 1251/1240/10 1238/1239/85 1239/1241/86
f 1252/1242/12 1239/1241/86 1240/1243/87
f 1253/1244/107 1240/1243/87 1241/1245/113
f 1254/1246/30 1241/1245/113 1242/1247/100
f 1255/1248/15 1242/1247/100 1243/1249/89
f 1256/1250/17 1243/1249/89 1244/1251/114
f 1257/1252/19 1244/1251/114 1245/1253/102
f 1258/1254/21 1245/1253/102 1246/1255/91
f 1259/1256/23 1246/1255/91 1247/1257/92
f 1260/1258/25 1247/1257/92 1248/1259/93
f 1262/1260/50 1249/1261/6 1250/1237/8
f 1263/1262/51 1250/1237/8 1251/1240/10
f 1264/1263/52 1251/1240/10 1252/1242/12
f 1265/1264/53 1252/1242/12 1253/1244/107
f 1266/1265/64 1253/1244/107 1254/1246/30
f 1267/1266/54 1254/1246/30 1255/1248/15
f 1268/1267/55 1255/1248/15 1256/1250/17
f 1269/1268/56 1256/1250/17 1257/1252/19
f 1270/1269/57 1257/1252/19 1258/1254/21
f 1271/1270/58 1258/1254/21 1259/1256/23
f 1272/1271/59 1259/1256/23 1260/1258/25
f 1274/1272/60 1261/1273/49 1262/1260/50
f 1275/1274/61 1262/1260/50 1263/1262/51
f 1276/1275/62 1263/1262/51 1264/1263/52
f 1277/1276/83 1264/1263/52 1265/1264/53
f 1278/1277/63 1265/1264/53 1266/1265/64
f 1279/1278/65 1266/1265/64 1267/1266/54
f 1280/1279/84 1267/1266/54 1268/1267/55
f 1281/1280/66 1268/1267/55 1269/1268/56
f 1282/1281/67 1269/1268/56 1270/1269/57
f 1283/1282/68 1270/1269/57 1271/1270/58
f 1284/1283/69 1271/1270/58 1272/1271/59
f 1286/1284/70 1273/1285/71 1274/1272/60
f 1287/1286/72 1274/1272/60 1275/1274/61
f 1288/1287/73 1275/1274/61 1276/1275/62
f 1289/1288/74 1276/1275/62 1277/1276/83
f 1290/1289/76 1277/1276/83 1278/1277/63
f 1291/1290/156 1278/1277/63 1279/1278/65
f 1280/1279/84 1291/1290/156 1279/1278/65
f 1281/1280/66 1292/1291/79 1280/1279/84
f 1282/1281/67 1293/1292/80 1281/1280/66
f 1283/1282/68 1294/1293/81 1282/1281/67
f 1284/1283/69 1295/1294/82 1283/1282/68
f 1286/1284/70 1297/1295/71 1285/1296/71
f 1287/1286/72 1298/1297/60 1286/1284/70
f 1288/1287/73 1299/1298/61 1287/1286/72
f 1289/1288/74 1300/1299/62 1288/1287/73
f 1290/1289/76 1301/1300/83 1289/1288/74
f 1303/1301/65 1290/1289/76 1291/1290/156
f 1304/1302/78 1291/1290/156 1292/1291/79
f 1305/1303/66 1292/1291/79 1293/1292/80
f 1306/1304/67 1293/1292/80 1294/1293/81
f 1307/1305/68 1294/1293/81 1295/1294/82
f 1308/1306/69 1295/1294/82 1296/1307/69
f 1310/1308/70 1297/1295/71 1298/1297/60
f 1311/1309/72 1298/1297/60 1299/1298/61
f 1312/1310/73 1299/1298/61 1300/1299/62
f 1313/1311/74 1300/1299/62 1301/1300/83
f 1314/1312/76 1301/1300/83 1302/1313/63
f 1315/1314/77 1302/1313/63 1303/1301/65
f 1304/1302/78 1315/1314/77 1303/1301/65
f 1305/1303/66 1316/1315/79 1304/1302/78
f 1306/1304/67 1317/1316/80 1305/1303/66
f 1307/1305/68 1318/1317/81 1306/1304/67
f 1308/1306/69 1319/1318/82 1307/1305/68
f 1310/1308/70 1321/1319/71 1309/1320/71
f 1311/1309/72 1322/1321/60 1310/1308/70
f 1312/1310/73 1323/1322/61 1311/1309/72
f 1313/1311/74 1324/1323/62 1312/1310/73
f 1314/1312/76 1325/1324/75 1313/1311/74
f 1327/1325/65 1314/1312/76 1315/1314/77
f 1328/1326/78 1315/1314/77 1316/1315/79
f 1329/1327/66 1316/1315/79 1317/1316/80
f 1330/1328/67 1317/1316/80 1318/1317/81
f 1331/1329/68 1318/1317/81 1319/1318/82
f 1332/1330/69 1319/1318/82 1320/1331/69
f 1334/1332/70 1321/1319/71 1322/1321/60
f 1335/1333/72 1322/1321/60 1323/1322/61
f 1336/1334/73 1323/1322/61 1324/1323/62
f 1337/1335/74 1324/1323/62 1325/1324/75
f 1338/1336/76 1325/1324/75 1326/1337/63
f 1339/1338/77 1326/1337/63 1327/1325/65
f 1328/1326/78 1339/1338/77 1327/1325/65
f 1329/1327/66 1340/1339/79 1328/1326/78
f 1330/1328/67 1341/1340/80 1329/1327/66
f 1331/1329/68 1342/1341/81 1330/1328/67
f 1332/1330/69 1343/1342/82 1331/1329/68
f 1334/1332/70 1345/1343/71 1333/1344/71
f 1335/1333/72 1346/1345/60 1334/1332/70
f 1336/1334/73 1347/1346/61 1335/1333/72
f 1337/1335/74 1348/1347/62 1336/1334/73
f 1338/1336/76 1349/1348/83 1337/1335/74
f 1351/1349/65 1338/1336/76 1339/1338/77
f 1352/1350/84 1339/1338/77 1340/1339/79
f 1353/1351/66 1340/1339/79 1341/1340/80
f 1354/1352/67 1341/1340/80 1342/1341/81
f 1355/1353/68 1342/1341/81 1343/1342/82
f 1356/1354/69 1343/1342/82 1344/1355/69
f 1358/1356/85 1345/1343/71 1346/1345/60
f 1347/1346/61 1358/1356/85 1346/1345/60
f 1360/1357/87 1347/1346/61 1348/1347/62
f 1349/1348/83 1360/1357/87 1348/1347/62
f 1362/1358/100 1349/1348/83 1350/1359/63
f 1363/1360/89 1350/1359/63 1351/1349/65
f 1352/1350/84 1363/1360/89 1351/1349/65
f 1365/1361/102 1352/1350/84 1353/1351/66
f 1366/1362/91 1353/1351/66 1354/1352/67
f 1367/1363/92 1354/1352/67 1355/1353/68
f 1356/1354/69 1367/1363/92 1355/1353/68
f 1370/1364/8 1357/1365/95 1358/1356/85
f 1371/1366/10 1358/1356/85 1359/1367/86
f 1372/1368/12 1359/1367/86 1360/1357/87
f 1373/1369/107 1360/1357/87 1361/1370/88
f 1374/1371/30 1361/1370/88 1362/1358/100
f 1375/1372/15 1362/1358/100 1363/1360/89
f 1376/1373/115 1363/1360/89 1364/1374/90
f 1377/1375/19 1364/1374/90 1365/1361/102
f 1378/1376/21 1365/1361/102 1366/1362/91
f 1379/1377/23 1366/1362/91 1367/1363/92
f 1380/1378/25 1367/1363/92 1368/1379/93
f 1382/1380/5 1369/1381/6 1370/1364/8
f 1383/1382/7 1370/1364/8 1371/1366/10
f 1384/1383/9 1371/1366/10 1372/1368/12
f 1385/1384/11 1372/1368/12 1373/1369/107
f 1386/1385/13 1373/1369/107 1374/1371/30
f 1387/1386/109 1374/1371/30 1375/1372/15
f 1376/1373/115 1387/1386/109 1375/1372/15
f 1377/1375/19 1388/1387/18 1376/1373/115
f 1378/1376/21 1389/1388/20 1377/1375/19
f 1379/1377/23 1390/1389/22 1378/1376/21
f 1380/1378/25 1391/1390/24 1379/1377/23
f 1382/1380/5 1393/1391/6 1381/1392/6
f 1383/1382/7 1394/1393/8 1382/1380/5
f 1384/1383/9 1395/1394/10 1383/1382/7
f 1385/1384/11 1396/1395/12 1384/1383/9
f 1386/1385/13 1397/1396/14 1385/1384/11
f 1399/1397/15 1386/1385/13 1387/1386/109
f 1400/1398/17 1387/1386/109 1388/1387/18
f 1401/1399/19 1388/1387/18 1389/1388/20
f 1402/1400/21 1389/1388/20 1390/1389/22
f 1403/1401/23 1390/1389/22 1391/1390/24
f 1404/1402/25 1391/1390/24 1392/1403/25
f 1406/1404/5 1393/1391/6 1394/1393/8
f 1407/1405/7 1394/1393/8 1395/1394/10
f 1408/1406/9 1395/1394/10 1396/1395/12
f 1409/1407/11 1396/1395/12 1397/1396/14
f 1410/1408/108 1397/1396/14 1398/1409/30
f 1411/1410/109 1398/1409/30 1399/1397/15
f 1400/1398/17 1411/1410/109 1399/1397/15
f 1401/1399/19 1412/1411/18 1400/1398/17
f 1402/1400/21 1413/1412/20 1401/1399/19
f 1403/1401/23 1414/1413/22 1402/1400/21
f 1404/1402/25 1415/1414/24 1403/1401/23
f 1418/1415/94 1405/1416/6 1406/1404/5
f 1419/1417/96 1406/1404/5 1407/1405/7
f 1420/1418/97 1407/1405/7 1408/1406/9
f 1421/1419/98 1408/1406/9 1409/1407/11
f 1422/1420/111 1409/1407/11 1410/1408/108
f 1423/1421/112 1410/1408/108 1411/1410/109
f 1424/1422/103 1411/1410/109 1412/1411/18
f 1425/1423/104 1412/1411/18 1413/1412/20
f 1426/1424/105 1413/1412/20 1414/1413/22
f 1427/1425/106 1414/1413/22 1415/1414/24
f 1428/1426/93 1415/1414/24 1416/1427/25
f 1418/1415/94 1237/1238/95 1417/1428/95
f 1419/1417/96 1238/1239/85 1418/1415/94
f 1420/1418/97 1239/1241/86 1419/1417/96
f 1421/1419/98 1240/1243/87 1420/1418/97
f 1422/1420/111 1241/1245/113 1421/1419/98
f 1243/1249/89 1422/1420/111 1423/1421/112
f 1244/1251/114 1423/1421/112 1424/1422/103
f 1245/1253/102 1424/1422/103 1425/1423/104
f 1246/1255/91 1425/1423/104 1426/1424/105
f 1247/1257/92 1426/1424/105 1427/1425/106
f 1248/1259/93 1427/1425/106 1428/1426/93
f 206/205/5 218/209/8 217/206/6
f 207/208/7 219/211/10 218/209/8
f 208/210/9 220/213/12 219/211/10
f 209/212/11 221/215/14 220/213/12
f 210/214/13 222/232/30 221/215/14
f 223/216/15 222/232/30 210/214/13
f 224/218/17 223/216/15 211/217/16
f 225/220/19 224/218/17 212/219/18
f 226/222/21 225/220/19 213/221/20
f 227/224/23 226/222/21 214/223/22
f 228/226/25 227/224/23 215/225/24
f 218/209/8 230/229/27 229/228/26
f 219/211/10 231/230/28 230/229/27
f 220/213/12 232/231/29 231/230/28
f 221/215/14 233/233/31 232/231/29
f 222/232/30 234/245/43 233/233/31
f 235/234/32 234/245/43 222/232/30
f 236/235/33 235/234/32 223/216/15
f 237/236/34 236/235/33 224/218/17
f 238/237/35 237/236/34 225/220/19
f 239/238/36 238/237/35 226/222/21
f 240/239/37 239/238/36 227/224/23
f 242/240/38 241/252/26 229/228/26
f 243/241/39 242/240/38 230/229/27
f 244/242/40 243/241/39 231/230/28
f 245/243/41 244/242/40 232/231/29
f 246/244/42 245/243/41 233/233/31
f 247/246/44 246/244/42 234/245/43
f 236/235/33 248/247/45 247/246/44
f 237/236/34 249/248/46 248/247/45
f 238/237/35 250/249/47 249/248/46
f 239/238/36 251/250/48 250/249/47
f 240/239/37 252/263/37 251/250/48
f 242/240/38 254/253/50 253/251/49
f 243/241/39 255/254/51 254/253/50
f 244/242/40 256/255/52 255/254/51
f 245/243/41 257/256/53 256/255/52
f 246/244/42 258/268/64 257/256/53
f 259/257/54 258/268/64 246/244/42
f 260/258/55 259/257/54 247/246/44
f 261/259/56 260/258/55 248/247/45
f 262/260/57 261/259/56 249/248/46
f 263/261/58 262/260/57 250/249/47
f 264/262/59 263/261/58 251/250/48
f 266/264/60 265/275/71 253/251/49
f 267/265/61 266/264/60 254/253/50
f 268/266/62 267/265/61 255/254/51
f 257/256/53 269/279/75 268/266/62
f 270/267/63 269/279/75 257/256/53
f 271/269/65 270/267/63 258/268/64
f 260/258/55 272/282/78 271/269/65
f 273/270/66 272/282/78 260/258/55
f 274/271/67 273/270/66 261/259/56
f 275/272/68 274/271/67 262/260/57
f 276/273/69 275/272/68 263/261/58
f 278/274/70 277/288/71 265/275/71
f 279/276/72 278/274/70 266/264/60
f 280/277/73 279/276/72 267/265/61
f 281/278/74 280/277/73 268/266/62
f 282/280/76 281/278/74 269/279/75
f 283/281/77 282/280/76 270/267/63
f 272/282/78 284/283/79 283/281/77
f 273/270/66 285/284/80 284/283/79
f 274/271/67 286/285/81 285/284/80
f 275/272/68 287/286/82 286/285/81
f 276/273/69 288/299/69 287/286/82
f 278/274/70 290/289/60 289/287/71
f 279/276/72 291/290/61 290/289/60
f 280/277/73 292/291/62 291/290/61
f 281/278/74 293/292/83 292/291/62
f 282/280/76 294/304/63 293/292/83
f 295/293/65 294/304/63 282/280/76
f 296/294/84 295/293/65 283/281/77
f 297/295/66 296/294/84 284/283/79
f 298/296/67 297/295/66 285/284/80
f 299/297/68 298/296/67 286/285/81
f 300/298/69 299/297/68 287/286/82
f 302/300/85 301/311/95 289/287/71
f 303/301/86 302/300/85 290/289/60
f 304/302/87 303/301/86 291/290/61
f 305/303/88 304/302/87 292/291/62
f 294/304/63 306/316/100 305/303/88
f 307/305/89 306/316/100 294/304/63
f 308/306/90 307/305/89 295/293/65
f 297/295/66 309/318/102 308/306/90
f 310/307/91 309/318/102 297/295/66
f 311/308/92 310/307/91 298/296/67
f 312/309/93 311/308/92 299/297/68
f 314/310/94 313/324/95 301/311/95
f 315/312/96 314/310/94 302/300/85
f 316/313/97 315/312/96 303/301/86
f 317/314/98 316/313/97 304/302/87
f 318/315/99 317/314/98 305/303/88
f 319/317/101 318/315/99 306/316/100
f 308/306/90 320/319/103 319/317/101
f 309/318/102 321/320/104 320/319/103
f 310/307/91 322/321/105 321/320/104
f 311/308/92 323/322/106 322/321/105
f 312/309/93 324/335/93 323/322/106
f 314/310/94 326/325/85 325/323/95
f 315/312/96 327/326/86 326/325/85
f 316/313/97 328/327/87 327/326/86
f 317/314/98 329/328/88 328/327/87
f 318/315/99 330/340/100 329/328/88
f 331/329/89 330/340/100 318/315/99
f 332/330/90 331/329/89 319/317/101
f 333/331/102 332/330/90 320/319/103
f 334/332/91 333/331/102 321/320/104
f 335/333/92 334/332/91 322/321/105
f 336/334/93 335/333/92 323/322/106
f 338/336/8 337/347/6 325/323/95
f 339/337/10 338/336/8 326/325/85
f 340/338/12 339/337/10 327/326/86
f 341/339/107 340/338/12 328/327/87
f 330/340/100 342/352/30 341/339/107
f 343/341/15 342/352/30 330/340/100
f 344/342/17 343/341/15 331/329/89
f 333/331/102 345/354/19 344/342/17
f 346/343/21 345/354/19 333/331/102
f 347/344/23 346/343/21 334/332/91
f 348/345/25 347/344/23 335/333/92
f 350/346/5 349/360/6 337/347/6
f 351/348/7 350/346/5 338/336/8
f 352/349/9 351/348/7 339/337/10
f 353/350/11 352/349/9 340/338/12
f 354/351/108 353/350/11 341/339/107
f 355/353/109 354/351/108 342/352/30
f 344/342/17 356/355/18 355/353/109
f 345/354/19 357/356/110 356/355/18
f 346/343/21 358/357/22 357/356/110
f 347/344/23 359/358/24 358/357/22
f 348/345/25 360/371/25 359/358/24
f 362/359/94 361/373/95 349/360/6
f 363/361/96 362/359/94 350/346/5
f 364/362/97 363/361/96 351/348/7
f 365/363/98 364/362/97 352/349/9
f 366/364/111 365/363/98 353/350/11
f 367/365/112 366/364/111 354/351/108
f 368/366/103 367/365/112 355/353/109
f 369/367/104 368/366/103 356/355/18
f 370/368/105 369/367/104 357/356/110
f 371/369/106 370/368/105 358/357/22
f 372/370/93 371/369/106 359/358/24
f 362/359/94 374/374/85 373/372/95
f 363/361/96 375/375/86 374/374/85
f 364/362/97 376/376/87 375/375/86
f 365/363/98 377/377/113 376/376/87
f 366/364/111 378/389/100 377/377/113
f 379/378/89 378/389/100 366/364/111
f 380/379/114 379/378/89 367/365/112
f 381/380/102 380/379/114 368/366/103
f 382/381/91 381/380/102 369/367/104
f 383/382/92 382/381/91 370/368/105
f 384/383/93 383/382/92 371/369/106
f 386/384/94 385/396/95 373/372/95
f 387/385/96 386/384/94 374/374/85
f 388/386/97 387/385/96 375/375/86
f 389/387/98 388/386/97 376/376/87
f 390/388/111 389/387/98 377/377/113
f 391/390/101 390/388/111 378/389/100
f 380/379/114 392/391/103 391/390/101
f 381/380/102 393/392/104 392/391/103
f 382/381/91 394/393/105 393/392/104
f 383/382/92 395/394/106 394/393/105
f 384/383/93 396/407/93 395/394/106
f 386/384/94 398/397/85 397/395/95
f 387/385/96 399/398/86 398/397/85
f 388/386/97 400/399/87 399/398/86
f 389/387/98 401/400/88 400/399/87
f 390/388/111 402/412/100 401/400/88
f 403/401/89 402/412/100 390/388/111
f 404/402/114 403/401/89 391/390/101
f 405/403/102 404/402/114 392/391/103
f 406/404/91 405/403/102 393/392/104
f 407/405/92 406/404/91 394/393/105
f 408/406/93 407/405/92 395/394/106
f 410/408/8 409/419/6 397/395/95
f 411/409/10 410/408/8 398/397/85
f 400/399/87 412/421/12 411/409/10
f 413/410/107 412/421/12 400/399/87
f 414/411/30 413/410/107 401/400/88
f 415/413/15 414/411/30 402/412/100
f 404/402/114 416/424/115 415/413/15
f 417/414/19 416/424/115 404/402/114
f 418/415/21 417/414/19 405/403/102
f 419/416/23 418/415/21 406/404/91
f 420/417/25 419/416/23 407/405/92
f 422/418/50 421/429/49 409/419/6
f 411/409/10 423/431/51 422/418/50
f 424/420/52 423/431/51 411/409/10
f 413/410/107 425/434/53 424/420/52
f 426/422/64 425/434/53 413/410/107
f 427/423/54 426/422/64 414/411/30
f 416/424/115 428/437/122 427/423/54
f 429/425/56 428/437/122 416/424/115
f 430/426/57 429/425/56 417/414/19
f 431/427/58 430/426/57 418/415/21
f 420/417/25 432/441/59 431/427/58
f 434/428/116 433/444/49 421/429/49
f 435/430/117 434/428/116 422/418/50
f 436/432/118 435/430/117 423/431/51
f 437/433/119 436/432/118 424/420/52
f 438/435/120 437/433/119 425/434/53
f 439/436/121 438/435/120 426/422/64
f 428/437/122 440/438/123 439/436/121
f 429/425/56 441/439/124 440/438/123
f 430/426/57 442/440/125 441/439/124
f 431/427/58 443/442/126 442/440/125
f 432/441/59 444/455/59 443/442/126
f 434/428/116 446/445/50 445/443/49
f 435/430/117 447/446/51 446/445/50
f 436/432/118 448/447/52 447/446/51
f 437/433/119 449/448/53 448/447/52
f 438/435/120 450/461/64 449/448/53
f 451/449/54 450/461/64 438/435/120
f 452/450/55 451/449/54 439/436/121
f 453/451/56 452/450/55 440/438/123
f 454/452/57 453/451/56 441/439/124
f 455/453/58 454/452/57 442/440/125
f 456/454/59 455/453/58 443/442/126
f 458/456/116 457/468/49 445/443/49
f 459/457/117 458/456/116 446/445/50
f 460/458/118 459/457/117 447/446/51
f 461/459/119 460/458/118 448/447/52
f 462/460/120 461/459/119 449/448/53
f 463/462/121 462/460/120 450/461/64
f 452/450/55 464/463/123 463/462/121
f 453/451/56 465/464/124 464/463/123
f 454/452/57 466/465/125 465/464/124
f 455/453/58 467/466/126 466/465/125
f 456/454/59 468/479/59 467/466/126
f 458/456/116 470/469/50 469/467/49
f 459/457/117 471/470/51 470/469/50
f 460/458/118 472/471/52 471/470/51
f 461/459/119 473/472/127 472/471/52
f 462/460/120 474/485/64 473/472/127
f 475/473/54 474/485/64 462/460/120
f 476/474/122 475/473/54 463/462/121
f 477/475/56 476/474/122 464/463/123
f 478/476/57 477/475/56 465/464/124
f 479/477/58 478/476/57 466/465/125
f 480/478/59 479/477/58 467/466/126
f 482/480/116 481/491/49 469/467/49
f 483/481/117 482/480/116 470/469/50
f 484/482/118 483/481/117 471/470/51
f 485/483/119 484/482/118 472/471/52
f 486/484/128 485/483/119 473/472/127
f 487/486/121 486/484/128 474/485/64
f 476/474/122 488/487/123 487/486/121
f 477/475/56 489/488/124 488/487/123
f 478/476/57 490/489/125 489/488/124
f 479/477/58 491/490/126 490/489/125
f 480/478/59 492/492/59 491/490/126
f 206/205/5 205/207/6 481/491/49
f 207/208/7 206/205/5 482/480/116
f 208/210/9 207/208/7 483/481/117
f 209/212/11 208/210/9 484/482/118
f 210/214/13 209/212/11 485/483/119
f 211/217/16 210/214/13 486/484/128
f 212/219/18 211/217/16 487/486/121
f 213/221/20 212/219/18 488/487/123
f 214/223/22 213/221/20 489/488/124
f 215/225/24 214/223/22 490/489/125
f 216/227/25 215/225/24 491/490/126
f 494/493/5 506/497/8 505/494/6
f 495/496/7 507/499/10 506/497/8
f 496/498/9 508/501/12 507/499/10
f 497/500/11 509/503/14 508/501/12
f 498/502/13 510/520/30 509/503/14
f 511/504/15 510/520/30 498/502/13
f 512/506/17 511/504/15 499/505/16
f 513/508/19 512/506/17 500/507/18
f 514/510/21 513/508/19 501/509/20
f 515/512/23 514/510/21 502/511/22
f 516/514/25 515/512/23 503/513/24
f 518/516/50 517/527/49 505/494/6
f 519/517/51 518/516/50 506/497/8
f 520/518/52 519/517/51 507/499/10
f 509/503/14 521/531/53 520/518/52
f 522/519/64 521/531/53 509/503/14
f 523/521/54 522/519/64 510/520/30
f 512/506/17 524/534/55 523/521/54
f 525/522/56 524/534/55 512/506/17
f 526/523/57 525/522/56 513/508/19
f 527/524/58 526/523/57 514/510/21
f 528/525/59 527/524/58 515/512/23
f 530/526/116 529/540/49 517/527/49
f 531/528/117 530/526/116 518/516/50
f 532/529/118 531/528/117 519/517/51
f 533/530/119 532/529/118 520/518/52
f 534/532/120 533/530/119 521/531/53
f 535/533/121 534/532/120 522/519/64
f 524/534/55 536/535/123 535/533/121
f 525/522/56 537/536/124 536/535/123
f 526/523/57 538/537/125 537/536/124
f 527/524/58 539/538/126 538/537/125
f 528/525/59 540/551/59 539/538/126
f 530/526/116 542/541/50 541/539/49
f 531/528/117 543/542/51 542/541/50
f 532/529/118 544/543/52 543/542/51
f 533/530/119 545/544/127 544/543/52
f 534/532/120 546/556/64 545/544/127
f 547/545/54 546/556/64 534/532/120
f 548/546/122 547/545/54 535/533/121
f 549/547/56 548/546/122 536/535/123
f 550/548/57 549/547/56 537/536/124
f 551/549/58 550/548/57 538/537/125
f 552/550/59 551/549/58 539/538/126
f 554/552/60 553/562/71 541/539/49
f 543/542/51 555/553/61 554/552/60
f 544/543/52 556/565/62 555/553/61
f 557/554/75 556/565/62 544/543/52
f 558/555/63 557/554/75 545/544/127
f 559/557/65 558/555/63 546/556/64
f 560/558/84 559/557/65 547/545/54
f 549/547/56 561/569/66 560/558/84
f 562/559/67 561/569/66 549/547/56
f 563/560/68 562/559/67 550/548/57
f 552/550/59 564/573/69 563/560/68
f 566/561/70 565/576/71 553/562/71
f 567/563/72 566/561/70 554/552/60
f 568/564/73 567/563/72 555/553/61
f 569/566/74 568/564/73 556/565/62
f 570/567/129 569/566/74 557/554/75
f 571/568/77 570/567/129 558/555/63
f 560/558/84 572/570/79 571/568/77
f 561/569/66 573/571/80 572/570/79
f 562/559/67 574/572/81 573/571/80
f 563/560/68 575/574/82 574/572/81
f 564/573/69 576/587/69 575/574/82
f 566/561/70 578/577/60 577/575/71
f 567/563/72 579/578/61 578/577/60
f 568/564/73 580/579/62 579/578/61
f 569/566/74 581/580/75 580/579/62
f 570/567/129 582/592/63 581/580/75
f 583/581/65 582/592/63 570/567/129
f 584/582/78 583/581/65 571/568/77
f 585/583/66 584/582/78 572/570/79
f 586/584/67 585/583/66 573/571/80
f 587/585/68 586/584/67 574/572/81
f 588/586/69 587/585/68 575/574/82
f 590/588/85 589/599/95 577/575/71
f 591/589/86 590/588/85 578/577/60
f 592/590/87 591/589/86 579/578/61
f 593/591/113 592/590/87 580/579/62
f 582/592/63 594/604/100 593/591/113
f 595/593/89 594/604/100 582/592/63
f 596/594/114 595/593/89 583/581/65
f 585/583/66 597/606/102 596/594/114
f 598/595/91 597/606/102 585/583/66
f 599/596/92 598/595/91 586/584/67
f 600/597/93 599/596/92 587/585/68
f 602/598/94 601/612/95 589/599/95
f 603/600/96 602/598/94 590/588/85
f 604/601/97 603/600/96 591/589/86
f 605/602/98 604/601/97 592/590/87
f 606/603/111 605/602/98 593/591/113
f 607/605/101 606/603/111 594/604/100
f 596/594/114 608/607/103 607/605/101
f 597/606/102 609/608/104 608/607/103
f 598/595/91 610/609/105 609/608/104
f 599/596/92 611/610/106 610/609/105
f 600/597/93 612/623/93 611/610/106
f 602/598/94 614/613/85 613/611/95
f 603/600/96 615/614/86 614/613/85
f 604/601/97 616/615/87 615/614/86
f 605/602/98 617/616/88 616/615/87
f 606/603/111 618/629/100 617/616/88
f 619/617/89 618/629/100 606/603/111
f 620/618/114 619/617/89 607/605/101
f 621/619/102 620/618/114 608/607/103
f 622/620/91 621/619/102 609/608/104
f 623/621/92 622/620/91 610/609/105
f 624/622/93 623/621/92 611/610/106
f 626/624/8 625/637/6 613/611/95
f 627/625/10 626/624/8 614/613/85
f 628/626/12 627/625/10 615/614/86
f 629/627/107 628/626/12 616/615/87
f 630/628/30 629/627/107 617/616/88
f 631/630/15 630/628/30 618/629/100
f 632/631/115 631/630/15 619/617/89
f 633/632/19 632/631/115 620/618/114
f 634/633/21 633/632/19 621/619/102
f 635/634/23 634/633/21 622/620/91
f 636/635/25 635/634/23 623/621/92
f 638/636/50 637/648/49 625/637/6
f 639/638/51 638/636/50 626/624/8
f 640/639/52 639/638/51 627/625/10
f 641/640/53 640/639/52 628/626/12
f 630/628/30 642/653/64 641/640/53
f 643/641/54 642/653/64 630/628/30
f 644/642/55 643/641/54 631/630/15
f 645/643/56 644/642/55 632/631/115
f 646/644/57 645/643/56 633/632/19
f 647/645/58 646/644/57 634/633/21
f 648/646/59 647/645/58 635/634/23
f 650/647/116 649/660/49 637/648/49
f 651/649/117 650/647/116 638/636/50
f 652/650/118 651/649/117 639/638/51
f 653/651/119 652/650/118 640/639/52
f 654/652/128 653/651/119 641/640/53
f 655/654/121 654/652/128 642/653/64
f 644/642/55 656/655/123 655/654/121
f 645/643/56 657/656/124 656/655/123
f 646/644/57 658/657/125 657/656/124
f 647/645/58 659/658/126 658/657/125
f 648/646/59 660/671/59 659/658/126
f 662/659/5 661/673/6 649/660/49
f 663/661/7 662/659/5 650/647/116
f 664/662/9 663/661/7 651/649/117
f 665/663/11 664/662/9 652/650/118
f 666/664/13 665/663/11 653/651/119
f 667/665/16 666/664/13 654/652/128
f 668/666/18 667/665/16 655/654/121
f 669/667/20 668/666/18 656/655/123
f 670/668/22 669/667/20 657/656/124
f 671/669/24 670/668/22 658/657/125
f 672/670/25 671/669/24 659/658/126
f 674/672/94 673/685/95 661/673/6
f 675/674/96 674/672/94 662/659/5
f 676/675/97 675/674/96 663/661/7
f 677/676/98 676/675/97 664/662/9
f 678/677/111 677/676/98 665/663/11
f 679/678/101 678/677/111 666/664/13
f 680/679/103 679/678/101 667/665/16
f 681/680/104 680/679/103 668/666/18
f 682/681/105 681/680/104 669/667/20
f 683/682/106 682/681/105 670/668/22
f 684/683/93 683/682/106 671/669/24
f 674/672/94 686/693/70 685/684/71
f 687/686/72 686/693/70 674/672/94
f 688/687/73 687/686/72 675/674/96
f 689/688/74 688/687/73 676/675/97
f 678/677/111 690/698/76 689/688/74
f 691/689/130 690/698/76 678/677/111
f 692/690/79 691/689/130 679/678/101
f 681/680/104 693/703/80 692/690/79
f 694/691/81 693/703/80 681/680/104
f 683/682/106 695/706/82 694/691/81
f 696/692/69 695/706/82 683/682/106
f 686/693/70 698/695/60 697/694/71
f 687/686/72 699/696/61 698/695/60
f 688/687/73 700/697/62 699/696/61
f 689/688/74 701/699/83 700/697/62
f 690/698/76 702/713/63 701/699/83
f 703/700/65 702/713/63 690/698/76
f 704/701/78 703/700/65 691/689/130
f 705/702/66 704/701/78 692/690/79
f 706/704/67 705/702/66 693/703/80
f 707/705/68 706/704/67 694/691/81
f 708/707/69 707/705/68 695/706/82
f 710/708/70 709/720/71 697/694/71
f 711/709/72 710/708/70 698/695/60
f 712/710/73 711/709/72 699/696/61
f 713/711/74 712/710/73 700/697/62
f 714/712/76 713/711/74 701/699/83
f 715/714/77 714/712/76 702/713/63
f 704/701/78 716/715/79 715/714/77
f 705/702/66 717/716/80 716/715/79
f 706/704/67 718/717/81 717/716/80
f 707/705/68 719/718/82 718/717/81
f 708/707/69 720/731/69 719/718/82
f 710/708/70 722/721/60 721/719/71
f 711/709/72 723/722/61 722/721/60
f 712/710/73 724/723/62 723/722/61
f 713/711/74 725/724/75 724/723/62
f 714/712/76 726/737/63 725/724/75
f 727/725/65 726/737/63 714/712/76
f 728/726/78 727/725/65 715/714/77
f 729/727/66 728/726/78 716/715/79
f 730/728/67 729/727/66 717/716/80
f 731/729/68 730/728/67 718/717/81
f 732/730/69 731/729/68 719/718/82
f 734/732/85 733/744/95 721/719/71
f 735/733/86 734/732/85 722/721/60
f 736/734/87 735/733/86 723/722/61
f 737/735/113 736/734/87 724/723/62
f 738/736/100 737/735/113 725/724/75
f 739/738/89 738/736/100 726/737/63
f 728/726/78 740/750/90 739/738/89
f 741/739/102 740/750/90 728/726/78
f 742/740/91 741/739/102 729/727/66
f 743/741/92 742/740/91 730/728/67
f 744/742/93 743/741/92 731/729/68
f 734/732/85 746/755/8 745/743/6
f 747/745/10 746/755/8 734/732/85
f 748/746/12 747/745/10 735/733/86
f 737/735/113 749/759/14 748/746/12
f 750/747/30 749/759/14 737/735/113
f 751/748/15 750/747/30 738/736/100
f 752/749/115 751/748/15 739/738/89
f 753/751/19 752/749/115 740/750/90
f 742/740/91 754/752/21 753/751/19
f 743/741/92 755/764/23 754/752/21
f 756/753/25 755/764/23 743/741/92
f 758/754/5 757/768/6 745/743/6
f 759/756/7 758/754/5 746/755/8
f 760/757/9 759/756/7 747/745/10
f 761/758/11 760/757/9 748/746/12
f 762/760/13 761/758/11 749/759/14
f 763/761/109 762/760/13 750/747/30
f 752/749/115 764/762/18 763/761/109
f 753/751/19 765/763/20 764/762/18
f 754/752/21 766/765/22 765/763/20
f 755/764/23 767/766/24 766/765/22
f 756/753/25 768/779/25 767/766/24
f 758/754/5 770/769/8 769/767/6
f 759/756/7 771/770/10 770/769/8
f 760/757/9 772/771/12 771/770/10
f 761/758/11 773/772/107 772/771/12
f 762/760/13 774/780/30 773/772/107
f 775/773/15 774/780/30 762/760/13
f 776/774/17 775/773/15 763/761/109
f 777/775/19 776/774/17 764/762/18
f 778/776/21 777/775/19 765/763/20
f 779/777/23 778/776/21 766/765/22
f 780/778/25 779/777/23 767/766/24
f 494/493/5 493/495/6 769/767/6
f 495/496/7 494/493/5 770/769/8
f 496/498/9 495/496/7 771/770/10
f 497/500/11 496/498/9 772/771/12
f 498/502/13 497/500/11 773/772/107
f 499/505/16 498/502/13 774/780/30
f 776/774/17 500/507/18 499/505/16
f 777/775/19 501/509/20 500/507/18
f 778/776/21 502/511/22 501/509/20
f 779/777/23 503/513/24 502/511/22
f 780/778/25 504/515/25 503/513/24
f 782/781/5 794/785/8 793/782/6
f 783/784/7 795/787/10 794/785/8
f 784/786/9 796/789/12 795/787/10
f 785/788/11 797/791/14 796/789/12
f 786/790/13 798/809/30 797/791/14
f 799/792/15 798/809/30 786/790/13
f 800/794/17 799/792/15 787/793/109
f 801/796/19 800/794/17 788/795/18
f 802/798/21 801/796/19 789/797/20
f 803/800/23 802/798/21 790/799/22
f 804/802/25 803/800/23 791/801/24
f 806/804/131 805/816/142 793/782/6
f 807/805/132 806/804/131 794/785/8
f 808/806/133 807/805/132 795/787/10
f 809/807/134 808/806/133 796/789/12
f 810/808/135 809/807/134 797/791/14
f 811/810/136 810/808/135 798/809/30
f 800/794/17 812/811/137 811/810/136
f 801/796/19 813/812/138 812/811/137
f 802/798/21 814/813/139 813/812/138
f 803/800/23 815/814/140 814/813/139
f 804/802/25 816/827/153 815/814/140
f 806/804/131 818/817/143 817/815/141
f 807/805/132 819/818/144 818/817/143
f 808/806/133 820/819/145 819/818/144
f 809/807/134 821/820/146 820/819/145
f 810/808/135 822/833/154 821/820/146
f 823/821/147 822/833/154 810/808/135
f 824/822/148 823/821/147 811/810/136
f 825/823/149 824/822/148 812/811/137
f 826/824/150 825/823/149 813/812/138
f 827/825/151 826/824/150 814/813/139
f 828/826/152 827/825/151 815/814/140
f 830/828/85 829/840/95 817/815/141
f 831/829/86 830/828/85 818/817/143
f 832/830/87 831/829/86 819/818/144
f 833/831/113 832/830/87 820/819/145
f 834/832/100 833/831/113 821/820/146
f 835/834/89 834/832/100 822/833/154
f 824/822/148 836/835/114 835/834/89
f 825/823/149 837/836/102 836/835/114
f 826/824/150 838/837/91 837/836/102
f 827/825/151 839/838/92 838/837/91
f 828/826/152 840/849/93 839/838/92
f 842/839/94 841/852/95 829/840/95
f 843/841/96 842/839/94 830/828/85
f 844/842/97 843/841/96 831/829/86
f 845/843/98 844/842/97 832/830/87
f 846/844/99 845/843/98 833/831/113
f 847/845/101 846/844/99 834/832/100
f 836/835/114 848/846/103 847/845/101
f 837/836/102 849/847/104 848/846/103
f 838/837/91 850/848/105 849/847/104
f 839/838/92 851/850/106 850/848/105
f 840/849/93 852/863/93 851/850/106
f 842/839/94 854/853/85 853/851/95
f 843/841/96 855/854/86 854/853/85
f 844/842/97 856/855/87 855/854/86
f 845/843/98 857/856/113 856/855/87
f 846/844/99 858/868/100 857/856/113
f 859/857/89 858/868/100 846/844/99
f 860/858/114 859/857/89 847/845/101
f 861/859/102 860/858/114 848/846/103
f 862/860/91 861/859/102 849/847/104
f 863/861/92 862/860/91 850/848/105
f 864/862/93 863/861/92 851/850/106
f 866/864/8 865/874/6 853/851/95
f 867/865/10 866/864/8 854/853/85
f 856/855/87 868/875/12 867/865/10
f 869/866/14 868/875/12 856/855/87
f 870/867/30 869/866/14 857/856/113
f 871/869/15 870/867/30 858/868/100
f 860/858/114 872/876/17 871/869/15
f 873/870/19 872/876/17 860/858/114
f 874/871/21 873/870/19 861/859/102
f 875/872/23 874/871/21 862/860/91
f 876/873/25 875/872/23 863/861/92
f 782/781/5 781/783/6 865/874/6
f 783/784/7 782/781/5 866/864/8
f 784/786/9 783/784/7 867/865/10
f 785/788/11 784/786/9 868/875/12
f 786/790/13 785/788/11 869/866/14
f 787/793/109 786/790/13 870/867/30
f 872/876/17 788/795/18 787/793/109
f 873/870/19 789/797/20 788/795/18
f 874/871/21 790/799/22 789/797/20
f 875/872/23 791/801/24 790/799/22
f 876/873/25 792/803/25 791/801/24
f 890/877/116 889/901/49 877/878/71
f 891/880/117 890/877/116 878/879/70
f 892/882/118 891/880/117 879/881/72
f 893/884/119 892/882/118 880/883/73
f 894/886/128 893/884/119 881/885/74
f 895/888/155 894/886/128 882/887/129
f 896/890/123 895/888/155 883/889/77
f 897/892/124 896/890/123 884/891/79
f 898/894/125 897/892/124 885/893/80
f 899/896/126 898/894/125 886/895/81
f 900/898/59 899/896/126 887/897/82
f 890/877/116 902/902/50 901/900/49
f 891/880/117 903/903/51 902/902/50
f 892/882/118 904/904/52 903/903/51
f 893/884/119 905/905/127 904/904/52
f 894/886/128 906/917/64 905/905/127
f 907/906/54 906/917/64 894/886/128
f 908/907/122 907/906/54 895/888/155
f 909/908/56 908/907/122 896/890/123
f 910/909/57 909/908/56 897/892/124
f 911/910/58 910/909/57 898/894/125
f 912/911/59 911/910/58 899/896/126
f 914/912/116 913/924/49 901/900/49
f 915/913/117 914/912/116 902/902/50
f 916/914/118 915/913/117 903/903/51
f 917/915/119 916/914/118 904/904/52
f 918/916/120 917/915/119 905/905/127
f 919/918/121 918/916/120 906/917/64
f 908/907/122 920/919/123 919/918/121
f 909/908/56 921/920/124 920/919/123
f 910/909/57 922/921/125 921/920/124
f 911/910/58 923/922/126 922/921/125
f 912/911/59 924/935/59 923/922/126
f 926/923/5 925/937/6 913/924/49
f 927/925/7 926/923/5 914/912/116
f 928/926/9 927/925/7 915/913/117
f 929/927/11 928/926/9 916/914/118
f 930/928/108 929/927/11 917/915/119
f 931/929/109 930/928/108 918/916/120
f 932/930/18 931/929/109 919/918/121
f 933/931/20 932/930/18 920/919/123
f 934/932/22 933/931/20 921/920/124
f 935/933/24 934/932/22 922/921/125
f 936/934/25 935/933/24 923/922/126
f 938/936/94 937/947/95 925/937/6
f 939/938/96 938/936/94 926/923/5
f 940/939/97 939/938/96 927/925/7
f 941/940/98 940/939/97 928/926/9
f 930/928/108 942/952/111 941/940/98
f 943/941/112 942/952/111 930/928/108
f 944/942/103 943/941/112 931/929/109
f 945/943/104 944/942/103 932/930/18
f 934/932/22 946/957/105 945/943/104
f 947/944/106 946/957/105 934/932/22
f 948/945/93 947/944/106 935/933/24
f 950/946/70 949/961/71 937/947/95
f 951/948/72 950/946/70 938/936/94
f 952/949/73 951/948/72 939/938/96
f 953/950/74 952/949/73 940/939/97
f 954/951/76 953/950/74 941/940/98
f 955/953/130 954/951/76 942/952/111
f 956/954/79 955/953/130 943/941/112
f 957/955/80 956/954/79 944/942/103
f 958/956/81 957/955/80 945/943/104
f 959/958/82 958/956/81 946/957/105
f 960/959/69 959/958/82 947/944/106
f 950/946/70 962/962/60 961/960/71
f 951/948/72 963/963/61 962/962/60
f 952/949/73 964/964/62 963/963/61
f 953/950/74 965/965/83 964/964/62
f 954/951/76 966/972/63 965/965/83
f 967/966/65 966/972/63 954/951/76
f 968/967/78 967/966/65 955/953/130
f 969/968/66 968/967/78 956/954/79
f 970/969/67 969/968/66 957/955/80
f 971/970/68 970/969/67 958/956/81
f 972/971/69 971/970/68 959/958/82
f 878/879/70 877/878/71 961/960/71
f 879/881/72 878/879/70 962/962/60
f 880/883/73 879/881/72 963/963/61
f 881/885/74 880/883/73 964/964/62
f 882/887/129 881/885/74 965/965/83
f 883/889/77 882/887/129 966/972/63
f 968/967/78 884/891/79 883/889/77
f 969/968/66 885/893/80 884/891/79
f 970/969/67 886/895/81 885/893/80
f 971/970/68 887/897/82 886/895/81
f 972/971/69 888/899/69 887/897/82
f 986/973/8 985/997/6 973/974/95
f 987/976/10 986/973/8 974/975/85
f 988/978/12 987/976/10 975/977/86
f 989/980/107 988/978/12 976/979/87
f 990/982/30 989/980/107 977/981/113
f 991/984/15 990/982/30 978/983/100
f 992/986/115 991/984/15 979/985/89
f 993/988/19 992/986/115 980/987/114
f 994/990/21 993/988/19 981/989/102
f 995/992/23 994/990/21 982/991/91
f 996/994/25 995/992/23 983/993/92
f 998/996/50 997/1008/49 985/997/6
f 999/998/51 998/996/50 986/973/8
f 1000/999/52 999/998/51 987/976/10
f 1001/1000/53 1000/999/52 988/978/12
f 990/982/30 1002/1013/64 1001/1000/53
f 1003/1001/54 1002/1013/64 990/982/30
f 1004/1002/55 1003/1001/54 991/984/15
f 1005/1003/56 1004/1002/55 992/986/115
f 1006/1004/57 1005/1003/56 993/988/19
f 1007/1005/58 1006/1004/57 994/990/21
f 1008/1006/59 1007/1005/58 995/992/23
f 1010/1007/116 1009/1020/49 997/1008/49
f 1011/1009/117 1010/1007/116 998/996/50
f 1012/1010/118 1011/1009/117 999/998/51
f 1013/1011/119 1012/1010/118 1000/999/52
f 1014/1012/120 1013/1011/119 1001/1000/53
f 1015/1014/121 1014/1012/120 1002/1013/64
f 1004/1002/55 1016/1015/123 1015/1014/121
f 1005/1003/56 1017/1016/124 1016/1015/123
f 1006/1004/57 1018/1017/125 1017/1016/124
f 1007/1005/58 1019/1018/126 1018/1017/125
f 1008/1006/59 1020/1031/59 1019/1018/126
f 1010/1007/116 1022/1021/50 1021/1019/49
f 1011/1009/117 1023/1022/51 1022/1021/50
f 1012/1010/118 1024/1023/52 1023/1022/51
f 1013/1011/119 1025/1024/53 1024/1023/52
f 1014/1012/120 1026/1037/64 1025/1024/53
f 1027/1025/54 1026/1037/64 1014/1012/120
f 1028/1026/55 1027/1025/54 1015/1014/121
f 1029/1027/56 1028/1026/55 1016/1015/123
f 1030/1028/57 1029/1027/56 1017/1016/124
f 1031/1029/58 1030/1028/57 1018/1017/125
f 1032/1030/59 1031/1029/58 1019/1018/126
f 1034/1032/116 1033/1044/49 1021/1019/49
f 1035/1033/117 1034/1032/116 1022/1021/50
f 1036/1034/118 1035/1033/117 1023/1022/51
f 1037/1035/119 1036/1034/118 1024/1023/52
f 1038/1036/120 1037/1035/119 1025/1024/53
f 1039/1038/121 1038/1036/120 1026/1037/64
f 1028/1026/55 1040/1039/123 1039/1038/121
f 1029/1027/56 1041/1040/124 1040/1039/123
f 1030/1028/57 1042/1041/125 1041/1040/124
f 1031/1029/58 1043/1042/126 1042/1041/125
f 1032/1030/59 1044/1055/59 1043/1042/126
f 1034/1032/116 1046/1045/50 1045/1043/49
f 1035/1033/117 1047/1046/51 1046/1045/50
f 1036/1034/118 1048/1047/52 1047/1046/51
f 1037/1035/119 1049/1048/53 1048/1047/52
f 1038/1036/120 1050/1061/64 1049/1048/53
f 1051/1049/54 1050/1061/64 1038/1036/120
f 1052/1050/55 1051/1049/54 1039/1038/121
f 1053/1051/56 1052/1050/55 1040/1039/123
f 1054/1052/57 1053/1051/56 1041/1040/124
f 1055/1053/58 1054/1052/57 1042/1041/125
f 1056/1054/59 1055/1053/58 1043/1042/126
f 1058/1056/116 1057/1068/49 1045/1043/49
f 1059/1057/117 1058/1056/116 1046/1045/50
f 1060/1058/118 1059/1057/117 1047/1046/51
f 1061/1059/119 1060/1058/118 1048/1047/52
f 1062/1060/120 1061/1059/119 1049/1048/53
f 1063/1062/121 1062/1060/120 1050/1061/64
f 1052/1050/55 1064/1063/123 1063/1062/121
f 1053/1051/56 1065/1064/124 1064/1063/123
f 1054/1052/57 1066/1065/125 1065/1064/124
f 1055/1053/58 1067/1066/126 1066/1065/125
f 1056/1054/59 1068/1079/59 1067/1066/126
f 1058/1056/116 1070/1069/50 1069/1067/49
f 1059/1057/117 1071/1070/51 1070/1069/50
f 1060/1058/118 1072/1071/52 1071/1070/51
f 1061/1059/119 1073/1072/53 1072/1071/52
f 1062/1060/120 1074/1085/64 1073/1072/53
f 1075/1073/54 1074/1085/64 1062/1060/120
f 1076/1074/55 1075/1073/54 1063/1062/121
f 1077/1075/56 1076/1074/55 1064/1063/123
f 1078/1076/57 1077/1075/56 1065/1064/124
f 1079/1077/58 1078/1076/57 1066/1065/125
f 1080/1078/59 1079/1077/58 1067/1066/126
f 1082/1080/116 1081/1092/49 1069/1067/49
f 1083/1081/117 1082/1080/116 1070/1069/50
f 1084/1082/118 1083/1081/117 1071/1070/51
f 1085/1083/119 1084/1082/118 1072/1071/52
f 1086/1084/128 1085/1083/119 1073/1072/53
f 1087/1086/121 1086/1084/128 1074/1085/64
f 1076/1074/55 1088/1087/123 1087/1086/121
f 1077/1075/56 1089/1088/124 1088/1087/123
f 1078/1076/57 1090/1089/125 1089/1088/124
f 1079/1077/58 1091/1090/126 1090/1089/125
f 1080/1078/59 1092/1103/59 1091/1090/126
f 1082/1080/116 1094/1093/50 1093/1091/49
f 1083/1081/117 1095/1094/51 1094/1093/50
f 1084/1082/118 1096/1095/52 1095/1094/51
f 1085/1083/119 1097/1096/53 1096/1095/52
f 1086/1084/128 1098/1109/64 1097/1096/53
f 1099/1097/54 1098/1109/64 1086/1084/128
f 1100/1098/55 1099/1097/54 1087/1086/121
f 1101/1099/56 1100/1098/55 1088/1087/123
f 1102/1100/57 1101/1099/56 1089/1088/124
f 1103/1101/58 1102/1100/57 1090/1089/125
f 1104/1102/59 1103/1101/58 1091/1090/126
f 1106/1104/60 1105/1117/71 1093/1091/49
f 1107/1105/61 1106/1104/60 1094/1093/50
f 1108/1106/62 1107/1105/61 1095/1094/51
f 1109/1107/75 1108/1106/62 1096/1095/52
f 1110/1108/63 1109/1107/75 1097/1096/53
f 1111/1110/65 1110/1108/63 1098/1109/64
f 1112/1111/78 1111/1110/65 1099/1097/54
f 1113/1112/66 1112/1111/78 1100/1098/55
f 1114/1113/67 1113/1112/66 1101/1099/56
f 1115/1114/68 1114/1113/67 1102/1100/57
f 1116/1115/69 1115/1114/68 1103/1101/58
f 1118/1116/85 1117/1127/95 1105/1117/71
f 1119/1118/86 1118/1116/85 1106/1104/60
f 1120/1119/87 1119/1118/86 1107/1105/61
f 1121/1120/113 1120/1119/87 1108/1106/62
f 1110/1108/63 1122/1132/100 1121/1120/113
f 1123/1121/89 1122/1132/100 1110/1108/63
f 1124/1122/114 1123/1121/89 1111/1110/65
f 1113/1112/66 1125/1134/102 1124/1122/114
f 1126/1123/91 1125/1134/102 1113/1112/66
f 1127/1124/92 1126/1123/91 1114/1113/67
f 1128/1125/93 1127/1124/92 1115/1114/68
f 1130/1126/94 1129/1140/95 1117/1127/95
f 1131/1128/96 1130/1126/94 1118/1116/85
f 1132/1129/97 1131/1128/96 1119/1118/86
f 1133/1130/98 1132/1129/97 1120/1119/87
f 1134/1131/111 1133/1130/98 1121/1120/113
f 1135/1133/101 1134/1131/111 1122/1132/100
f 1124/1122/114 1136/1135/103 1135/1133/101
f 1125/1134/102 1137/1136/104 1136/1135/103
f 1126/1123/91 1138/1137/105 1137/1136/104
f 1127/1124/92 1139/1138/106 1138/1137/105
f 1128/1125/93 1140/1151/93 1139/1138/106
f 1130/1126/94 1142/1141/85 1141/1139/95
f 1131/1128/96 1143/1142/86 1142/1141/85
f 1132/1129/97 1144/1143/87 1143/1142/86
f 1133/1130/98 1145/1144/113 1144/1143/87
f 1134/1131/111 1146/1157/100 1145/1144/113
f 1147/1145/89 1146/1157/100 1134/1131/111
f 1148/1146/114 1147/1145/89 1135/1133/101
f 1149/1147/102 1148/1146/114 1136/1135/103
f 1150/1148/91 1149/1147/102 1137/1136/104
f 1151/1149/92 1150/1148/91 1138/1137/105
f 1152/1150/93 1151/1149/92 1139/1138/106
f 1154/1152/94 1153/1164/95 1141/1139/95
f 1155/1153/96 1154/1152/94 1142/1141/85
f 1156/1154/97 1155/1153/96 1143/1142/86
f 1157/1155/98 1156/1154/97 1144/1143/87
f 1158/1156/111 1157/1155/98 1145/1144/113
f 1159/1158/101 1158/1156/111 1146/1157/100
f 1148/1146/114 1160/1159/103 1159/1158/101
f 1149/1147/102 1161/1160/104 1160/1159/103
f 1150/1148/91 1162/1161/105 1161/1160/104
f 1151/1149/92 1163/1162/106 1162/1161/105
f 1152/1150/93 1164/1175/93 1163/1162/106
f 1154/1152/94 1166/1165/85 1165/1163/95
f 1155/1153/96 1167/1166/86 1166/1165/85
f 1156/1154/97 1168/1167/87 1167/1166/86
f 1157/1155/98 1169/1168/113 1168/1167/87
f 1158/1156/111 1170/1181/100 1169/1168/113
f 1171/1169/89 1170/1181/100 1158/1156/111
f 1172/1170/114 1171/1169/89 1159/1158/101
f 1173/1171/102 1172/1170/114 1160/1159/103
f 1174/1172/91 1173/1171/102 1161/1160/104
f 1175/1173/92 1174/1172/91 1162/1161/105
f 1176/1174/93 1175/1173/92 1163/1162/106
f 1178/1176/94 1177/1187/95 1165/1163/95
f 1179/1177/96 1178/1176/94 1166/1165/85
f 1180/1178/97 1179/1177/96 1167/1166/86
f 1181/1179/98 1180/1178/97 1168/1167/87
f 1182/1180/111 1181/1179/98 1169/1168/113
f 1183/1182/101 1182/1180/111 1170/1181/100
f 1172/1170/114 1184/1183/103 1183/1182/101
f 1173/1171/102 1185/1184/104 1184/1183/103
f 1174/1172/91 1186/1185/105 1185/1184/104
f 1175/1173/92 1187/1186/106 1186/1185/105
f 1176/1174/93 1188/1188/93 1187/1186/106
f 1178/1176/94 974/975/85 973/974/95
f 1179/1177/96 975/977/86 974/975/85
f 1180/1178/97 976/979/87 975/977/86
f 1181/1179/98 977/981/113 976/979/87
f 1182/1180/111 978/983/100 977/981/113
f 979/985/89 978/983/100 1182/1180/111
f 980/987/114 979/985/89 1183/1182/101
f 981/989/102 980/987/114 1184/1183/103
f 982/991/91 981/989/102 1185/1184/104
f 983/993/92 982/991/91 1186/1185/105
f 984/995/93 983/993/92 1187/1186/106
f 1202/1189/8 1201/1213/6 1189/1190/95
f 1203/1192/10 1202/1189/8 1190/1191/85
f 1204/1194/12 1203/1192/10 1191/1193/86
f 1205/1196/107 1204/1194/12 1192/1195/87
f 1206/1198/30 1205/1196/107 1193/1197/88
f 1207/1200/15 1206/1198/30 1194/1199/100
f 1208/1202/17 1207/1200/15 1195/1201/89
f 1209/1204/19 1208/1202/17 1196/1203/90
f 1210/1206/21 1209/1204/19 1197/1205/102
f 1211/1208/23 1210/1206/21 1198/1207/91
f 1212/1210/25 1211/1208/23 1199/1209/92
f 1214/1212/50 1213/1224/49 1201/1213/6
f 1215/1214/51 1214/1212/50 1202/1189/8
f 1216/1215/52 1215/1214/51 1203/1192/10
f 1217/1216/53 1216/1215/52 1204/1194/12
f 1206/1198/30 1218/1229/64 1217/1216/53
f 1219/1217/54 1218/1229/64 1206/1198/30
f 1220/1218/55 1219/1217/54 1207/1200/15
f 1221/1219/56 1220/1218/55 1208/1202/17
f 1222/1220/57 1221/1219/56 1209/1204/19
f 1223/1221/58 1222/1220/57 1210/1206/21
f 1224/1222/59 1223/1221/58 1211/1208/23
f 1226/1223/60 1225/1236/71 1213/1224/49
f 1227/1225/61 1226/1223/60 1214/1212/50
f 1228/1226/62 1227/1225/61 1215/1214/51
f 1229/1227/83 1228/1226/62 1216/1215/52
f 1230/1228/63 1229/1227/83 1217/1216/53
f 1231/1230/65 1230/1228/63 1218/1229/64
f 1232/1231/84 1231/1230/65 1219/1217/54
f 1233/1232/66 1232/1231/84 1220/1218/55
f 1234/1233/67 1233/1232/66 1221/1219/56
f 1235/1234/68 1234/1233/67 1222/1220/57
f 1236/1235/69 1235/1234/68 1223/1221/58
f 1190/1191/85 1189/1190/95 1225/1236/71
f 1191/1193/86 1190/1191/85 1226/1223/60
f 1192/1195/87 1191/1193/86 1227/1225/61
f 1193/1197/88 1192/1195/87 1228/1226/62
f 1194/1199/100 1193/1197/88 1229/1227/83
f 1195/1201/89 1194/1199/100 1230/1228/63
f 1232/1231/84 1196/1203/90 1195/1201/89
f 1197/1205/102 1196/1203/90 1232/1231/84
f 1198/1207/91 1197/1205/102 1233/1232/66
f 1199/1209/92 1198/1207/91 1234/1233/67
f 1200/1211/93 1199/1209/92 1235/1234/68
f 1250/1237/8 1249/1261/6 1237/1238/95
f 1251/1240/10 1250/1237/8 1238/1239/85
f 1252/1242/12 1251/1240/10 1239/1241/86
f 1253/1244/107 1252/1242/12 1240/1243/87
f 1254/1246/30 1253/1244/107 1241/1245/113
f 1255/1248/15 1254/1246/30 1242/1247/100
f 1256/1250/17 1255/1248/15 1243/1249/89
f 1257/1252/19 1256/1250/17 1244/1251/114
f 1258/1254/21 1257/1252/19 1245/1253/102
f 1259/1256/23 1258/1254/21 1246/1255/91
f 1260/1258/25 1259/1256/23 1247/1257/92
f 1262/1260/50 1261/1273/49 1249/1261/6
f 1263/1262/51 1262/1260/50 1250/1237/8
f 1264/1263/52 1263/1262/51 1251/1240/10
f 1265/1264/53 1264/1263/52 1252/1242/12
f 1266/1265/64 1265/1264/53 1253/1244/107
f 1267/1266/54 1266/1265/64 1254/1246/30
f 1268/1267/55 1267/1266/54 1255/1248/15
f 1269/1268/56 1268/1267/55 1256/1250/17
f 1270/1269/57 1269/1268/56 1257/1252/19
f 1271/1270/58 1270/1269/57 1258/1254/21
f 1272/1271/59 1271/1270/58 1259/1256/23
f 1274/1272/60 1273/1285/71 1261/1273/49
f 1275/1274/61 1274/1272/60 1262/1260/50
f 1276/1275/62 1275/1274/61 1263/1262/51
f 1277/1276/83 1276/1275/62 1264/1263/52
f 1278/1277/63 1277/1276/83 1265/1264/53
f 1279/1278/65 1278/1277/63 1266/1265/64
f 1280/1279/84 1279/1278/65 1267/1266/54
f 1281/1280/66 1280/1279/84 1268/1267/55
f 1282/1281/67 1281/1280/66 1269/1268/56
f 1283/1282/68 1282/1281/67 1270/1269/57
f 1284/1283/69 1283/1282/68 1271/1270/58
f 1286/1284/70 1285/1296/71 1273/1285/71
f 1287/1286/72 1286/1284/70 1274/1272/60
f 1288/1287/73 1287/1286/72 1275/1274/61
f 1289/1288/74 1288/1287/73 1276/1275/62
f 1290/1289/76 1289/1288/74 1277/1276/83
f 1291/1290/156 1290/1289/76 1278/1277/63
f 1280/1279/84 1292/1291/79 1291/1290/156
f 1281/1280/66 1293/1292/80 1292/1291/79
f 1282/1281/67 1294/1293/81 1293/1292/80
f 1283/1282/68 1295/1294/82 1294/1293/81
f 1284/1283/69 1296/1307/69 1295/1294/82
f 1286/1284/70 1298/1297/60 1297/1295/71
f 1287/1286/72 1299/1298/61 1298/1297/60
f 1288/1287/73 1300/1299/62 1299/1298/61
f 1289/1288/74 1301/1300/83 1300/1299/62
f 1290/1289/76 1302/1313/63 1301/1300/83
f 1303/1301/65 1302/1313/63 1290/1289/76
f 1304/1302/78 1303/1301/65 1291/1290/156
f 1305/1303/66 1304/1302/78 1292/1291/79
f 1306/1304/67 1305/1303/66 1293/1292/80
f 1307/1305/68 1306/1304/67 1294/1293/81
f 1308/1306/69 1307/1305/68 1295/1294/82
f 1310/1308/70 1309/1320/71 1297/1295/71
f 1311/1309/72 1310/1308/70 1298/1297/60
f 1312/1310/73 1311/1309/72 1299/1298/61
f 1313/1311/74 1312/1310/73 1300/1299/62
f 1314/1312/76 1313/1311/74 1301/1300/83
f 1315/1314/77 1314/1312/76 1302/1313/63
f 1304/1302/78 1316/1315/79 1315/1314/77
f 1305/1303/66 1317/1316/80 1316/1315/79
f 1306/1304/67 1318/1317/81 1317/1316/80
f 1307/1305/68 1319/1318/82 1318/1317/81
f 1308/1306/69 1320/1331/69 1319/1318/82
f 1310/1308/70 1322/1321/60 1321/1319/71
f 1311/1309/72 1323/1322/61 1322/1321/60
f 1312/1310/73 1324/1323/62 1323/1322/61
f 1313/1311/74 1325/1324/75 1324/1323/62
f 1314/1312/76 1326/1337/63 1325/1324/75
f 1327/1325/65 1326/1337/63 1314/1312/76
f 1328/1326/78 1327/1325/65 1315/1314/77
f 1329/1327/66 1328/1326/78 1316/1315/79
f 1330/1328/67 1329/1327/66 1317/1316/80
f 1331/1329/68 1330/1328/67 1318/1317/81
f 1332/1330/69 1331/1329/68 1319/1318/82
f 1334/1332/70 1333/1344/71 1321/1319/71
f 1335/1333/72 1334/1332/70 1322/1321/60
f 1336/1334/73 1335/1333/72 1323/1322/61
f 1337/1335/74 1336/1334/73 1324/1323/62
f 1338/1336/76 1337/1335/74 1325/1324/75
f 1339/1338/77 1338/1336/76 1326/1337/63
f 1328/1326/78 1340/1339/79 1339/1338/77
f 1329/1327/66 1341/1340/80 1340/1339/79
f 1330/1328/67 1342/1341/81 1341/1340/80
f 1331/1329/68 1343/1342/82 1342/1341/81
f 1332/1330/69 1344/1355/69 1343/1342/82
f 1334/1332/70 1346/1345/60 1345/1343/71
f 1335/1333/72 1347/1346/61 1346/1345/60
f 1336/1334/73 1348/1347/62 1347/1346/61
f 1337/1335/74 1349/1348/83 1348/1347/62
f 1338/1336/76 1350/1359/63 1349/1348/83
f 1351/1349/65 1350/1359/63 1338/1336/76
f 1352/1350/84 1351/1349/65 1339/1338/77
f 1353/1351/66 1352/1350/84 1340/1339/79
f 1354/1352/67 1353/1351/66 1341/1340/80
f 1355/1353/68 1354/1352/67 1342/1341/81
f 1356/1354/69 1355/1353/68 1343/1342/82
f 1358/1356/85 1357/1365/95 1345/1343/71
f 1347/1346/61 1359/1367/86 1358/1356/85
f 1360/1357/87 1359/1367/86 1347/1346/61
f 1349/1348/83 1361/1370/88 1360/1357/87
f 1362/1358/100 1361/1370/88 1349/1348/83
f 1363/1360/89 1362/1358/100 1350/1359/63
f 1352/1350/84 1364/1374/90 1363/1360/89
f 1365/1361/102 1364/1374/90 1352/1350/84
f 1366/1362/91 1365/1361/102 1353/1351/66
f 1367/1363/92 1366/1362/91 1354/1352/67
f 1356/1354/69 1368/1379/93 1367/1363/92
f 1370/1364/8 1369/1381/6 1357/1365/95
f 1371/1366/10 1370/1364/8 1358/1356/85
f 1372/1368/12 1371/1366/10 1359/1367/86
f 1373/1369/107 1372/1368/12 1360/1357/87
f 1374/1371/30 1373/1369/107 1361/1370/88
f 1375/1372/15 1374/1371/30 1362/1358/100
f 1376/1373/115 1375/1372/15 1363/1360/89
f 1377/1375/19 1376/1373/115 1364/1374/90
f 1378/1376/21 1377/1375/19 1365/1361/102
f 1379/1377/23 1378/1376/21 1366/1362/91
f 1380/1378/25 1379/1377/23 1367/1363/92
f 1382/1380/5 1381/1392/6 1369/1381/6
f 1383/1382/7 1382/1380/5 1370/1364/8
f 1384/1383/9 1383/1382/7 1371/1366/10
f 1385/1384/11 1384/1383/9 1372/1368/12
f 1386/1385/13 1385/1384/11 1373/1369/107
f 1387/1386/109 1386/1385/13 1374/1371/30
f 1376/1373/115 1388/1387/18 1387/1386/109
f 1377/1375/19 1389/1388/20 1388/1387/18
f 1378/1376/21 1390/1389/22 1389/1388/20
f 1379/1377/23 1391/1390/24 1390/1389/22
f 1380/1378/25 1392/1403/25 1391/1390/24
f 1382/1380/5 1394/1393/8 1393/1391/6
f 1383/1382/7 1395/1394/10 1394/1393/8
f 1384/1383/9 1396/1395/12 1395/1394/10
f 1385/1384/11 1397/1396/14 1396/1395/12
f 1386/1385/13 1398/1409/30 1397/1396/14
f 1399/1397/15 1398/1409/30 1386/1385/13
f 1400/1398/17 1399/1397/15 1387/1386/109
f 1401/1399/19 1400/1398/17 1388/1387/18
f 1402/1400/21 1401/1399/19 1389/1388/20
f 1403/1401/23 1402/1400/21 1390/1389/22
f 1404/1402/25 1403/1401/23 1391/1390/24
f 1406/1404/5 1405/1416/6 1393/1391/6
f 1407/1405/7 1406/1404/5 1394/1393/8
f 1408/1406/9 1407/1405/7 1395/1394/10
f 1409/1407/11 1408/1406/9 1396/1395/12
f 1410/1408/108 1409/1407/11 1397/1396/14
f 1411/1410/109 1410/1408/108 1398/1409/30
f 1400/1398/17 1412/1411/18 1411/1410/109
f 1401/1399/19 1413/1412/20 1412/1411/18
f 1402/1400/21 1414/1413/22 1413/1412/20
f 1403/1401/23 1415/1414/24 1414/1413/22
f 1404/1402/25 1416/1427/25 1415/1414/24
f 1418/1415/94 1417/1428/95 1405/1416/6
f 1419/1417/96 1418/1415/94 1406/1404/5
f 1420/1418/97 1419/1417/96 1407/1405/7
f 1421/1419/98 1420/1418/97 1408/1406/9
f 1422/1420/111 1421/1419/98 1409/1407/11
f 1423/1421/112 1422/1420/111 1410/1408/108
f 1424/1422/103 1423/1421/112 1411/1410/109
f 1425/1423/104 1424/1422/103 1412/1411/18
f 1426/1424/105 1425/1423/104 1413/1412/20
f 1427/1425/106 1426/1424/105 1414/1413/22
f 1428/1426/93 1427/1425/106 1415/1414/24
f 1418/1415/94 1238/1239/85 1237/1238/95
f 1419/1417/96 1239/1241/86 1238/1239/85
f 1420/1418/97 1240/1243/87 1239/1241/86
f 1421/1419/98 1241/1245/113 1240/1243/87
f 1422/1420/111 1242/1247/100 1241/1245/113
f 1243/1249/89 1242/1247/100 1422/1420/111
f 1244/1251/114 1243/1249/89 1423/1421/112
f 1245/1253/102 1244/1251/114 1424/1422/103
f 1246/1255/91 1245/1253/102 1425/1423/104
f 1247/1257/92 1246/1255/91 1426/1424/105
f 1248/1259/93 1247/1257/92 1427/1425/106
