# Blender 4.1.1
# www.blender.org
mtllib goal.mtl
o 球.001
v -0.478159 1.306014 0.061092
v -0.473752 1.274183 0.091430
v -0.467994 1.232594 0.107850
v -0.464878 1.210086 0.109962
v -0.461762 1.187578 0.107850
v -0.456005 1.145989 0.091430
v -0.484689 1.322667 0.021040
v -0.487767 1.315550 0.041272
v -0.489964 1.304380 0.059918
v -0.491198 1.289586 0.076261
v -0.491421 1.271737 0.089674
v -0.490623 1.251519 0.099640
v -0.488836 1.229708 0.105777
v -0.486128 1.207144 0.107850
v -0.482604 1.184693 0.105777
v -0.478399 1.163217 0.099640
v -0.473673 1.143543 0.089674
v -0.468610 1.126425 0.076261
v -0.463404 1.112523 0.059918
v -0.458254 1.102370 0.041272
v -0.453359 1.096357 0.021040
v -0.488675 1.322115 0.019820
v -0.495586 1.314467 0.038878
v -0.501317 1.302808 0.056442
v -0.505647 1.287586 0.071836
v -0.508410 1.269385 0.084471
v -0.509501 1.248905 0.093859
v -0.508877 1.226934 0.099640
v -0.506562 1.204315 0.101592
v -0.502645 1.181918 0.099640
v -0.497276 1.160604 0.093859
v -0.490663 1.141191 0.084471
v -0.483059 1.124425 0.071836
v -0.474756 1.110952 0.056442
v -0.466074 1.101288 0.038878
v -0.457345 1.095805 0.019820
v -0.492349 1.321606 0.017837
v -0.502793 1.313470 0.034989
v -0.511779 1.301360 0.050796
v -0.518963 1.285742 0.064651
v -0.524068 1.267217 0.076022
v -0.526899 1.246497 0.084471
v -0.527346 1.224377 0.089674
v -0.525393 1.201708 0.091430
v -0.521114 1.179361 0.089674
v -0.514674 1.158195 0.084471
v -0.506321 1.139023 0.076022
v -0.496375 1.122582 0.064651
v -0.485218 1.109503 0.050796
v -0.473280 1.100290 0.034989
v -0.461019 1.095296 0.017837
v -0.495569 1.321161 0.015169
v -0.509109 1.312595 0.029756
v -0.520949 1.300090 0.043198
v -0.530634 1.284127 0.054981
v -0.537792 1.265317 0.064651
v -0.542148 1.244386 0.071836
v -0.543535 1.222136 0.076261
v -0.541899 1.199423 0.077755
v -0.537303 1.177120 0.076261
v -0.529924 1.156084 0.071836
v -0.520045 1.137123 0.064651
v -0.508046 1.120966 0.054981
v -0.494389 1.108234 0.043198
v -0.479597 1.099416 0.029756
v -0.464239 1.094851 0.015169
v -0.498212 1.320795 0.011918
v -0.514293 1.311877 0.023379
v -0.528475 1.299048 0.033941
v -0.540213 1.282800 0.043198
v -0.549055 1.263758 0.050796
v -0.554663 1.242653 0.056442
v -0.556821 1.220297 0.059918
v -0.555445 1.197548 0.061092
v -0.550589 1.175281 0.059918
v -0.542439 1.154351 0.056442
v -0.531308 1.135564 0.050796
v -0.517625 1.119640 0.043198
v -0.501914 1.107192 0.033941
v -0.484781 1.098698 0.023379
v -0.466882 1.094485 0.011918
v -0.480850 1.325458 -0.000000
v -0.500176 1.320523 0.008210
v -0.518145 1.311344 0.016104
v -0.534067 1.298274 0.023379
v -0.547330 1.281815 0.029756
v -0.557425 1.262599 0.034989
v -0.563963 1.241366 0.038878
v -0.566693 1.218930 0.041272
v -0.565511 1.196154 0.042081
v -0.560461 1.173914 0.041272
v -0.551738 1.153064 0.038878
v -0.539678 1.134405 0.034989
v -0.524742 1.118654 0.029756
v -0.507506 1.106418 0.023379
v -0.488633 1.098165 0.016104
v -0.468846 1.094213 0.008210
v -0.501385 1.320356 0.004185
v -0.520517 1.311016 0.008210
v -0.537511 1.297797 0.011918
v -0.551713 1.281208 0.015169
v -0.562578 1.261886 0.017837
v -0.569689 1.240573 0.019820
v -0.572772 1.218088 0.021040
v -0.571709 1.195296 0.021453
v -0.566540 1.173073 0.021040
v -0.557465 1.152271 0.019820
v -0.544831 1.133692 0.017837
v -0.529125 1.118048 0.015169
v -0.510950 1.105941 0.011918
v -0.491005 1.097836 0.008210
v -0.470055 1.094045 0.004185
v -0.501793 1.320299 -0.000000
v -0.521318 1.310905 -0.000000
v -0.538673 1.297637 -0.000000
v -0.553193 1.281003 -0.000000
v -0.564319 1.261645 -0.000000
v -0.571623 1.240305 -0.000000
v -0.574825 1.217804 -0.000000
v -0.573802 1.195007 -0.000000
v -0.568593 1.172788 -0.000000
v -0.559398 1.152004 -0.000000
v -0.546571 1.133451 -0.000000
v -0.530605 1.117843 -0.000000
v -0.512113 1.105780 -0.000000
v -0.491805 1.097725 -0.000000
v -0.470463 1.093989 -0.000000
v -0.501385 1.320356 -0.004185
v -0.520517 1.311016 -0.008210
v -0.537511 1.297797 -0.011918
v -0.551713 1.281208 -0.015169
v -0.562578 1.261886 -0.017837
v -0.569689 1.240573 -0.019820
v -0.572772 1.218088 -0.021040
v -0.571709 1.195296 -0.021453
v -0.566540 1.173073 -0.021040
v -0.557465 1.152271 -0.019820
v -0.544831 1.133692 -0.017837
v -0.529125 1.118048 -0.015169
v -0.510950 1.105941 -0.011918
v -0.491005 1.097836 -0.008210
v -0.470055 1.094045 -0.004185
v -0.500176 1.320523 -0.008210
v -0.518145 1.311344 -0.016104
v -0.534067 1.298274 -0.023379
v -0.547330 1.281815 -0.029756
v -0.557425 1.262599 -0.034989
v -0.563963 1.241366 -0.038878
v -0.566693 1.218930 -0.041272
v -0.565511 1.196154 -0.042081
v -0.560461 1.173914 -0.041272
v -0.551738 1.153064 -0.038878
v -0.539678 1.134405 -0.034989
v -0.524742 1.118654 -0.029756
v -0.507506 1.106418 -0.023379
v -0.488633 1.098165 -0.016104
v -0.468846 1.094213 -0.008210
v -0.498212 1.320795 -0.011918
v -0.514293 1.311877 -0.023379
v -0.528475 1.299048 -0.033941
v -0.540213 1.282800 -0.043198
v -0.549055 1.263758 -0.050796
v -0.554663 1.242653 -0.056442
v -0.556821 1.220297 -0.059918
v -0.555445 1.197548 -0.061092
v -0.550589 1.175281 -0.059918
v -0.542439 1.154351 -0.056442
v -0.531308 1.135564 -0.050796
v -0.517625 1.119640 -0.043198
v -0.501914 1.107192 -0.033941
v -0.484781 1.098698 -0.023379
v -0.466882 1.094485 -0.011918
v -0.495569 1.321161 -0.015169
v -0.509109 1.312595 -0.029756
v -0.520949 1.300090 -0.043198
v -0.530634 1.284127 -0.054981
v -0.537792 1.265317 -0.064651
v -0.542148 1.244386 -0.071836
v -0.543535 1.222136 -0.076261
v -0.541899 1.199423 -0.077755
v -0.537303 1.177120 -0.076261
v -0.529924 1.156084 -0.071836
v -0.520045 1.137123 -0.064651
v -0.508046 1.120966 -0.054981
v -0.494389 1.108234 -0.043198
v -0.479597 1.099416 -0.029756
v -0.464239 1.094851 -0.015169
v -0.492349 1.321606 -0.017837
v -0.502793 1.313470 -0.034989
v -0.511779 1.301360 -0.050796
v -0.518963 1.285742 -0.064651
v -0.524068 1.267217 -0.076022
v -0.526899 1.246497 -0.084471
v -0.527346 1.224377 -0.089674
v -0.525393 1.201708 -0.091430
v -0.521114 1.179361 -0.089674
v -0.514674 1.158195 -0.084471
v -0.506321 1.139023 -0.076022
v -0.496375 1.122582 -0.064651
v -0.485218 1.109503 -0.050796
v -0.473280 1.100290 -0.034989
v -0.461019 1.095296 -0.017837
v -0.488675 1.322115 -0.019820
v -0.495586 1.314467 -0.038878
v -0.501317 1.302808 -0.056442
v -0.505647 1.287586 -0.071836
v -0.508410 1.269385 -0.084471
v -0.509501 1.248905 -0.093859
v -0.508877 1.226934 -0.099640
v -0.506562 1.204315 -0.101592
v -0.502645 1.181918 -0.099640
v -0.497276 1.160604 -0.093859
v -0.490663 1.141191 -0.084471
v -0.483059 1.124425 -0.071836
v -0.474756 1.110952 -0.056442
v -0.466074 1.101288 -0.038878
v -0.457345 1.095805 -0.019820
v -0.484689 1.322667 -0.021040
v -0.487767 1.315550 -0.041272
v -0.489964 1.304380 -0.059918
v -0.491198 1.289586 -0.076261
v -0.491421 1.271737 -0.089674
v -0.490623 1.251519 -0.099640
v -0.488836 1.229708 -0.105777
v -0.486128 1.207144 -0.107850
v -0.482604 1.184693 -0.105777
v -0.478399 1.163217 -0.099640
v -0.473673 1.143543 -0.089674
v -0.468610 1.126425 -0.076261
v -0.463404 1.112523 -0.059918
v -0.458254 1.102370 -0.041272
v -0.453359 1.096357 -0.021040
v -0.480543 1.323241 -0.021453
v -0.479635 1.316675 -0.042081
v -0.478159 1.306014 -0.061092
v -0.476172 1.291666 -0.077755
v -0.473752 1.274183 -0.091430
v -0.470991 1.254237 -0.101592
v -0.467994 1.232594 -0.107850
v -0.464878 1.210086 -0.109962
v -0.461762 1.187578 -0.107850
v -0.458766 1.165935 -0.101592
v -0.456005 1.145989 -0.091430
v -0.453584 1.128505 -0.077755
v -0.451598 1.114158 -0.061092
v -0.450122 1.103496 -0.042081
v -0.449213 1.096931 -0.021453
v -0.476398 1.323815 -0.021040
v -0.471503 1.317801 -0.041272
v -0.466353 1.307648 -0.059918
v -0.461146 1.293746 -0.076261
v -0.456083 1.276629 -0.089674
v -0.451358 1.256955 -0.099640
v -0.447153 1.235479 -0.105777
v -0.443628 1.213028 -0.107849
v -0.440921 1.190463 -0.105777
v -0.439134 1.168653 -0.099640
v -0.438336 1.148435 -0.089674
v -0.438558 1.130586 -0.076261
v -0.439792 1.115792 -0.059918
v -0.441990 1.104622 -0.041272
v -0.445068 1.097505 -0.021040
v -0.472411 1.324367 -0.019820
v -0.463683 1.318884 -0.038878
v -0.455001 1.309220 -0.056441
v -0.446698 1.295747 -0.071836
v -0.439094 1.278981 -0.084471
v -0.432480 1.259568 -0.093859
v -0.427112 1.238253 -0.099640
v -0.423195 1.215856 -0.101592
v -0.420880 1.193238 -0.099640
v -0.420256 1.171266 -0.093859
v -0.421346 1.150787 -0.084471
v -0.424110 1.132586 -0.071836
v -0.428440 1.117363 -0.056441
v -0.434171 1.105704 -0.038878
v -0.441081 1.098057 -0.019820
v -0.468738 1.324875 -0.017837
v -0.456477 1.319881 -0.034989
v -0.444538 1.310668 -0.050796
v -0.433382 1.297590 -0.064651
v -0.423436 1.281149 -0.076022
v -0.415082 1.261977 -0.084471
v -0.408642 1.240810 -0.089674
v -0.404364 1.218463 -0.091430
v -0.402410 1.195795 -0.089674
v -0.402858 1.173675 -0.084471
v -0.405689 1.152954 -0.076022
v -0.410794 1.134429 -0.064651
v -0.417978 1.118812 -0.050796
v -0.426964 1.106702 -0.034989
v -0.437407 1.098565 -0.017837
v -0.465517 1.325321 -0.015169
v -0.450160 1.320756 -0.029756
v -0.435368 1.311938 -0.043198
v -0.421710 1.299206 -0.054981
v -0.409712 1.283049 -0.064651
v -0.399833 1.264088 -0.071836
v -0.392454 1.243052 -0.076261
v -0.387858 1.220748 -0.077755
v -0.386222 1.198036 -0.076261
v -0.387608 1.175786 -0.071836
v -0.391965 1.154854 -0.064651
v -0.399123 1.136045 -0.054981
v -0.408808 1.120081 -0.043198
v -0.420648 1.107577 -0.029756
v -0.434187 1.099011 -0.015169
v -0.448906 1.094714 -0.000000
v -0.462875 1.325687 -0.011918
v -0.444976 1.321474 -0.023379
v -0.427842 1.312980 -0.033941
v -0.412132 1.300532 -0.043198
v -0.398449 1.284608 -0.050796
v -0.387318 1.265820 -0.056442
v -0.379168 1.244891 -0.059918
v -0.374312 1.222624 -0.061092
v -0.372936 1.199875 -0.059918
v -0.375093 1.177518 -0.056442
v -0.380701 1.156414 -0.050796
v -0.389544 1.137371 -0.043198
v -0.401282 1.121123 -0.033941
v -0.415464 1.108294 -0.023379
v -0.431545 1.099377 -0.011918
v -0.460911 1.325959 -0.008210
v -0.441124 1.322007 -0.016104
v -0.422250 1.313754 -0.023379
v -0.405015 1.301517 -0.029756
v -0.390079 1.285767 -0.034989
v -0.378018 1.267108 -0.038878
v -0.369296 1.246258 -0.041272
v -0.364246 1.224017 -0.042081
v -0.363064 1.201242 -0.041272
v -0.365794 1.178806 -0.038878
v -0.372332 1.157572 -0.034989
v -0.382427 1.138357 -0.029756
v -0.395690 1.121897 -0.023379
v -0.411612 1.108827 -0.016104
v -0.429581 1.099649 -0.008210
v -0.459702 1.326126 -0.004185
v -0.438752 1.322335 -0.008210
v -0.418807 1.314231 -0.011918
v -0.400632 1.302124 -0.015169
v -0.384926 1.286480 -0.017837
v -0.372292 1.267900 -0.019820
v -0.363216 1.247099 -0.021040
v -0.358048 1.224875 -0.021453
v -0.356984 1.202083 -0.021040
v -0.360068 1.179599 -0.019820
v -0.367178 1.158286 -0.017837
v -0.378044 1.138963 -0.015169
v -0.392246 1.122374 -0.011918
v -0.409240 1.109156 -0.008210
v -0.428372 1.099816 -0.004185
v -0.459294 1.326183 -0.000000
v -0.437951 1.322446 -0.000000
v -0.417644 1.314392 -0.000000
v -0.399152 1.302329 -0.000000
v -0.383185 1.286721 -0.000000
v -0.370358 1.268168 -0.000000
v -0.361164 1.247383 -0.000000
v -0.355955 1.225165 -0.000000
v -0.354932 1.202367 -0.000000
v -0.358134 1.179866 -0.000000
v -0.365438 1.158527 -0.000000
v -0.376564 1.139168 -0.000000
v -0.391083 1.122535 -0.000000
v -0.408439 1.109267 -0.000000
v -0.427963 1.099873 -0.000000
v -0.459702 1.326126 0.004185
v -0.438752 1.322335 0.008210
v -0.418807 1.314231 0.011918
v -0.400632 1.302124 0.015169
v -0.384926 1.286480 0.017837
v -0.372292 1.267900 0.019820
v -0.363216 1.247099 0.021040
v -0.358048 1.224875 0.021453
v -0.356984 1.202083 0.021040
v -0.360068 1.179599 0.019820
v -0.367178 1.158286 0.017837
v -0.378044 1.138963 0.015169
v -0.392246 1.122374 0.011918
v -0.409240 1.109156 0.008210
v -0.428372 1.099816 0.004185
v -0.460911 1.325959 0.008210
v -0.441124 1.322007 0.016104
v -0.422250 1.313754 0.023379
v -0.405015 1.301517 0.029756
v -0.390079 1.285767 0.034989
v -0.378018 1.267108 0.038878
v -0.369296 1.246258 0.041272
v -0.364246 1.224017 0.042081
v -0.363064 1.201242 0.041272
v -0.365794 1.178806 0.038878
v -0.372332 1.157572 0.034989
v -0.382427 1.138357 0.029756
v -0.395690 1.121897 0.023379
v -0.411612 1.108827 0.016104
v -0.429581 1.099649 0.008210
v -0.462875 1.325687 0.011918
v -0.444976 1.321474 0.023379
v -0.427842 1.312980 0.033941
v -0.412132 1.300532 0.043198
v -0.398449 1.284608 0.050796
v -0.387318 1.265820 0.056442
v -0.379168 1.244891 0.059918
v -0.374312 1.222624 0.061092
v -0.372936 1.199875 0.059918
v -0.375093 1.177518 0.056442
v -0.380701 1.156414 0.050796
v -0.389544 1.137371 0.043198
v -0.401282 1.121123 0.033941
v -0.415464 1.108294 0.023379
v -0.431545 1.099377 0.011918
v -0.465518 1.325321 0.015169
v -0.450160 1.320756 0.029756
v -0.435368 1.311938 0.043198
v -0.421710 1.299206 0.054981
v -0.409712 1.283049 0.064651
v -0.399833 1.264088 0.071836
v -0.392454 1.243052 0.076261
v -0.387858 1.220748 0.077755
v -0.386222 1.198036 0.076261
v -0.387608 1.175786 0.071836
v -0.391965 1.154854 0.064651
v -0.399123 1.136045 0.054981
v -0.408808 1.120081 0.043198
v -0.420648 1.107577 0.029756
v -0.434187 1.099011 0.015169
v -0.468738 1.324875 0.017837
v -0.456477 1.319881 0.034989
v -0.444538 1.310668 0.050796
v -0.433382 1.297590 0.064651
v -0.423436 1.281149 0.076022
v -0.415082 1.261977 0.084471
v -0.408642 1.240810 0.089674
v -0.404364 1.218463 0.091430
v -0.402411 1.195795 0.089674
v -0.402858 1.173675 0.084471
v -0.405689 1.152954 0.076022
v -0.410794 1.134429 0.064651
v -0.417978 1.118812 0.050796
v -0.426964 1.106702 0.034989
v -0.437407 1.098565 0.017837
v -0.472411 1.324367 0.019820
v -0.463683 1.318884 0.038878
v -0.455001 1.309220 0.056441
v -0.446698 1.295747 0.071836
v -0.439094 1.278981 0.084471
v -0.432480 1.259568 0.093859
v -0.427112 1.238253 0.099640
v -0.423195 1.215856 0.101592
v -0.420880 1.193238 0.099640
v -0.420256 1.171266 0.093859
v -0.421346 1.150787 0.084471
v -0.424110 1.132586 0.071836
v -0.428440 1.117363 0.056441
v -0.434171 1.105704 0.038878
v -0.441081 1.098057 0.019820
v -0.476398 1.323815 0.021040
v -0.471503 1.317801 0.041272
v -0.466353 1.307648 0.059918
v -0.461146 1.293746 0.076261
v -0.456083 1.276629 0.089674
v -0.451358 1.256955 0.099640
v -0.447153 1.235479 0.105777
v -0.443629 1.213028 0.107849
v -0.440921 1.190463 0.105777
v -0.439134 1.168653 0.099640
v -0.438336 1.148435 0.089674
v -0.438559 1.130586 0.076261
v -0.439792 1.115792 0.059918
v -0.441990 1.104622 0.041272
v -0.445068 1.097505 0.021040
v -0.480543 1.323241 0.021453
v -0.479635 1.316675 0.042081
v -0.476172 1.291666 0.077755
v -0.470991 1.254237 0.101592
v -0.458766 1.165935 0.101592
v -0.453584 1.128505 0.077755
v -0.451598 1.114158 0.061092
v -0.450122 1.103496 0.042081
v -0.449213 1.096931 0.021453
v -0.439374 1.025855 0.415398
v -0.425510 0.925713 0.594015
v -0.410704 0.818765 0.686626
v -0.478427 1.110862 0.135877
v -0.498940 1.069515 0.266533
v -0.519648 1.014742 0.407416
v -0.532584 0.956709 0.511843
v -0.540302 0.909821 0.582601
v -0.542533 0.857237 0.629964
v -0.543393 0.800396 0.673433
v -0.504171 1.107298 0.127993
v -0.549438 1.062524 0.251068
v -0.596838 1.004056 0.383778
v -0.629559 0.943284 0.482146
v -0.650682 0.894540 0.548798
v -0.661887 0.840714 0.593413
v -0.670982 0.782732 0.634360
v -0.527896 1.104014 0.115191
v -0.595977 1.056081 0.225955
v -0.667976 0.994207 0.345391
v -0.718931 0.930912 0.433920
v -0.752409 0.880457 0.493905
v -0.771884 0.825486 0.534057
v -0.788570 0.766454 0.570909
v -0.548692 1.101135 0.097962
v -0.636768 1.050434 0.192159
v -0.730330 0.985575 0.293731
v -0.797266 0.920067 0.369018
v -0.841574 0.868113 0.420032
v -0.868297 0.812138 0.454178
v -0.891636 0.752185 0.485518
v -0.565758 1.098772 0.076968
v -0.670245 1.045799 0.150979
v -0.781502 0.978491 0.230783
v -0.861554 0.911167 0.289936
v -0.914749 0.857983 0.330017
v -0.947421 0.801184 0.356846
v -0.976220 0.740476 0.381469
v -0.453710 1.129413 -0.000000
v -0.578439 1.097017 0.053017
v -0.695121 1.042355 0.103996
v -0.819526 0.973227 0.158966
v -0.909325 0.904553 0.199711
v -0.969123 0.850455 0.227319
v -1.006216 0.793045 0.245800
v -1.039071 0.731774 0.262760
v -0.586248 1.095935 0.027028
v -0.710439 1.040235 0.053017
v -0.842941 0.969985 0.081040
v -0.938742 0.900481 0.101812
v -1.002607 0.845820 0.115886
v -1.042421 0.788033 0.125308
v -1.077775 0.726416 0.133954
v -0.588885 1.095570 -0.000000
v -0.715611 1.039519 -0.000000
v -0.850847 0.968891 -0.000000
v -0.948674 0.899106 -0.000000
v -1.013913 0.844255 -0.000000
v -1.054646 0.786340 -0.000000
v -1.090844 0.724607 -0.000000
v -0.586248 1.095935 -0.027028
v -0.710439 1.040235 -0.053017
v -0.842941 0.969985 -0.081040
v -0.938742 0.900481 -0.101812
v -1.002607 0.845820 -0.115887
v -1.042421 0.788033 -0.125308
v -1.077775 0.726416 -0.133954
v -0.578439 1.097017 -0.053017
v -0.695121 1.042355 -0.103996
v -0.819526 0.973227 -0.158966
v -0.909325 0.904553 -0.199711
v -0.969123 0.850455 -0.227320
v -1.006216 0.793045 -0.245800
v -1.039071 0.731775 -0.262761
v -0.565758 1.098772 -0.076968
v -0.670245 1.045799 -0.150979
v -0.781502 0.978491 -0.230783
v -0.861554 0.911167 -0.289936
v -0.914749 0.857983 -0.330017
v -0.947421 0.801184 -0.356846
v -0.976220 0.740476 -0.381469
v -0.548691 1.101135 -0.097962
v -0.636768 1.050434 -0.192159
v -0.730330 0.985575 -0.293731
v -0.797266 0.920067 -0.369018
v -0.841573 0.868113 -0.420032
v -0.868297 0.812138 -0.454178
v -0.891636 0.752185 -0.485518
v -0.527896 1.104014 -0.115191
v -0.595976 1.056081 -0.225955
v -0.667976 0.994208 -0.345391
v -0.718931 0.930912 -0.433920
v -0.752409 0.880457 -0.493905
v -0.771884 0.825486 -0.534057
v -0.788570 0.766454 -0.570909
v -0.504171 1.107298 -0.127993
v -0.549438 1.062524 -0.251068
v -0.596838 1.004056 -0.383778
v -0.629559 0.943284 -0.482146
v -0.650682 0.894540 -0.548798
v -0.661887 0.840714 -0.593413
v -0.670982 0.782732 -0.634360
v -0.478427 1.110862 -0.135877
v -0.498940 1.069515 -0.266532
v -0.519648 1.014742 -0.407416
v -0.532584 0.956709 -0.511843
v -0.540302 0.909821 -0.582600
v -0.542533 0.857237 -0.629963
v -0.543393 0.800396 -0.673433
v -0.451655 1.114568 -0.138539
v -0.446424 1.076785 -0.271754
v -0.439374 1.025855 -0.415398
v -0.431734 0.970671 -0.521871
v -0.425510 0.925713 -0.594014
v -0.418409 0.874420 -0.642305
v -0.410704 0.818765 -0.686626
v -0.424883 1.118275 -0.135877
v -0.393909 1.084055 -0.266532
v -0.359099 1.036968 -0.407416
v -0.330884 0.984632 -0.511843
v -0.310718 0.941604 -0.582600
v -0.294285 0.891604 -0.629963
v -0.278016 0.837134 -0.673433
v -0.399139 1.121839 -0.127993
v -0.343411 1.091046 -0.251068
v -0.281909 1.047654 -0.383778
v -0.233909 0.998057 -0.482146
v -0.200338 0.956885 -0.548798
v -0.174932 0.908127 -0.593413
v -0.150426 0.854798 -0.634360
v -0.375414 1.125123 -0.115191
v -0.296872 1.097489 -0.225955
v -0.210771 1.057503 -0.345391
v -0.144537 1.010430 -0.433920
v -0.098611 0.970968 -0.493905
v -0.064935 0.923355 -0.534057
v -0.032839 0.871076 -0.570909
v -0.354619 1.128002 -0.097962
v -0.256080 1.103136 -0.192159
v -0.148418 1.066135 -0.293731
v -0.066202 1.021275 -0.369018
v -0.009447 0.983312 -0.420031
v 0.031478 0.936702 -0.454178
v 0.070227 0.885345 -0.485518
v -0.337552 1.130365 -0.076968
v -0.222604 1.107770 -0.150978
v -0.097246 1.073219 -0.230783
v -0.001914 1.030175 -0.289936
v 0.063729 0.993443 -0.330017
v 0.110603 0.947656 -0.356846
v 0.154811 0.897054 -0.381469
v -0.324871 1.132120 -0.053017
v -0.197728 1.111214 -0.103996
v -0.059222 1.078483 -0.158966
v 0.045857 1.036788 -0.199711
v 0.118103 1.000970 -0.227319
v 0.169397 0.955796 -0.245800
v 0.217663 0.905756 -0.262760
v -0.317062 1.133201 -0.027028
v -0.182410 1.113335 -0.053017
v -0.035806 1.081725 -0.081040
v 0.075274 1.040860 -0.101812
v 0.151587 1.005605 -0.115886
v 0.205603 0.960808 -0.125308
v 0.256367 0.911114 -0.133954
v -0.314425 1.133566 -0.000000
v -0.177238 1.114051 -0.000000
v -0.027900 1.082819 -0.000000
v 0.085206 1.042236 -0.000000
v 0.162893 1.007171 -0.000000
v 0.217828 0.962501 -0.000000
v 0.269435 0.912923 -0.000000
v -0.317062 1.133201 0.027028
v -0.182410 1.113335 0.053017
v -0.035806 1.081725 0.081040
v 0.075274 1.040860 0.101812
v 0.151586 1.005605 0.115887
v 0.205603 0.960808 0.125308
v 0.256366 0.911114 0.133954
v -0.324871 1.132120 0.053017
v -0.197728 1.111214 0.103996
v -0.059222 1.078483 0.158966
v 0.045857 1.036788 0.199711
v 0.118103 1.000970 0.227319
v 0.169397 0.955796 0.245799
v 0.217663 0.905756 0.262761
v -0.337552 1.130365 0.076968
v -0.222604 1.107770 0.150978
v -0.097246 1.073219 0.230783
v -0.001914 1.030175 0.289936
v 0.063729 0.993443 0.330017
v 0.110603 0.947656 0.356846
v 0.154811 0.897054 0.381469
v -0.354619 1.128002 0.097962
v -0.256081 1.103136 0.192159
v -0.148418 1.066135 0.293731
v -0.066202 1.021275 0.369018
v -0.009447 0.983312 0.420032
v 0.031478 0.936702 0.454178
v 0.070227 0.885345 0.485518
v -0.375414 1.125123 0.115191
v -0.296872 1.097489 0.225955
v -0.210771 1.057503 0.345391
v -0.144537 1.010430 0.433920
v -0.098611 0.970968 0.493905
v -0.064935 0.923355 0.534057
v -0.032839 0.871076 0.570909
v -0.399139 1.121839 0.127993
v -0.343411 1.091046 0.251068
v -0.281910 1.047654 0.383778
v -0.233909 0.998057 0.482146
v -0.200338 0.956885 0.548798
v -0.174932 0.908127 0.593412
v -0.150426 0.854798 0.634360
v -0.424883 1.118275 0.135877
v -0.393909 1.084055 0.266532
v -0.359099 1.036968 0.407416
v -0.330884 0.984632 0.511843
v -0.310719 0.941604 0.582600
v -0.294285 0.891604 0.629963
v -0.278016 0.837134 0.673433
v -0.451655 1.114568 0.138539
v -0.446424 1.076785 0.271754
v -0.431734 0.970671 0.521871
v -0.418409 0.874420 0.642305
v 0.000000 -0.988849 0.585180
v 0.000000 0.828238 0.662331
v -0.114163 -0.988850 0.573936
v -0.129214 0.828238 0.649604
v -0.223939 -0.988850 0.540636
v -0.253463 0.828238 0.611914
v -0.325109 -0.988850 0.486560
v -0.367971 0.828238 0.550708
v -0.413785 -0.988850 0.413785
v -0.468339 0.828238 0.468339
v -0.486560 -0.988850 0.325109
v -0.550708 0.828238 0.367971
v -0.540636 -0.988850 0.223939
v -0.611914 0.828238 0.253463
v -0.573936 -0.988850 0.114163
v -0.649604 0.828238 0.129214
v -0.585180 -0.988850 0.000000
v -0.662331 0.828238 -0.000000
v -0.573936 -0.988850 -0.114163
v -0.649604 0.828238 -0.129214
v -0.540636 -0.988850 -0.223939
v -0.611914 0.828238 -0.253463
v -0.486560 -0.988850 -0.325109
v -0.550708 0.828238 -0.367971
v -0.413785 -0.988850 -0.413785
v -0.468339 0.828238 -0.468339
v -0.325109 -0.988850 -0.486560
v -0.367971 0.828238 -0.550708
v -0.223939 -0.988850 -0.540636
v -0.253463 0.828238 -0.611914
v -0.114163 -0.988850 -0.573936
v -0.129214 0.828238 -0.649604
v 0.000000 -0.988849 -0.585180
v 0.000000 0.828238 -0.662331
v 0.114163 -0.988850 -0.573936
v 0.129214 0.828238 -0.649604
v 0.223939 -0.988850 -0.540636
v 0.253463 0.828238 -0.611914
v 0.325109 -0.988849 -0.486560
v 0.367971 0.828238 -0.550708
v 0.413785 -0.988850 -0.413785
v 0.468339 0.828238 -0.468339
v 0.486560 -0.988850 -0.325109
v 0.550708 0.828238 -0.367971
v 0.540636 -0.988850 -0.223939
v 0.611914 0.828238 -0.253463
v 0.573936 -0.988850 -0.114163
v 0.649604 0.828238 -0.129214
v 0.585180 -0.988850 0.000000
v 0.662331 0.828238 -0.000000
v 0.573936 -0.988850 0.114163
v 0.649604 0.828238 0.129214
v 0.540636 -0.988850 0.223939
v 0.611914 0.828238 0.253463
v 0.486560 -0.988850 0.325109
v 0.550708 0.828238 0.367971
v 0.413785 -0.988850 0.413785
v 0.468339 0.828238 0.468339
v 0.325109 -0.988849 0.486560
v 0.367971 0.828238 0.550708
v 0.223939 -0.988850 0.540636
v 0.253463 0.828238 0.611914
v 0.114163 -0.988850 0.573936
v 0.129214 0.828238 0.649604
v 0.000000 -0.692891 0.853113
v 0.000000 -0.396933 1.028172
v 0.000000 -0.100974 1.076962
v 0.000000 0.107766 1.047835
v 0.000000 0.441099 0.948970
v -0.185135 0.441099 0.930736
v -0.204423 0.107766 1.027701
v -0.210105 -0.100975 1.056269
v -0.200586 -0.396933 1.008416
v -0.166434 -0.692891 0.836721
v -0.363155 0.441099 0.876734
v -0.400989 0.107766 0.968074
v -0.412136 -0.100975 0.994983
v -0.393465 -0.396933 0.949907
v -0.326472 -0.692891 0.788174
v -0.527219 0.441099 0.789040
v -0.582146 0.107766 0.871243
v -0.598328 -0.100975 0.895461
v -0.571222 -0.396933 0.854894
v -0.473964 -0.692891 0.709338
v -0.671023 0.441099 0.671023
v -0.740932 0.107766 0.740931
v -0.761527 -0.100975 0.761527
v -0.727028 -0.396933 0.727028
v -0.603242 -0.692891 0.603242
v -0.789040 0.441099 0.527219
v -0.871243 0.107766 0.582146
v -0.895461 -0.100975 0.598328
v -0.854894 -0.396933 0.571222
v -0.709338 -0.692891 0.473964
v -0.876734 0.441099 0.363155
v -0.968074 0.107766 0.400989
v -0.994983 -0.100975 0.412136
v -0.949907 -0.396933 0.393465
v -0.788174 -0.692891 0.326472
v -0.930736 0.441099 0.185135
v -1.027702 0.107766 0.204423
v -1.056269 -0.100974 0.210105
v -1.008416 -0.396933 0.200586
v -0.836721 -0.692891 0.166434
v -0.948970 0.441099 -0.000000
v -1.047835 0.107766 -0.000000
v -1.076962 -0.100975 0.000000
v -1.028172 -0.396933 0.000000
v -0.853113 -0.692891 0.000000
v -0.930736 0.441099 -0.185135
v -1.027702 0.107766 -0.204423
v -1.056269 -0.100974 -0.210105
v -1.008416 -0.396933 -0.200586
v -0.836721 -0.692891 -0.166434
v -0.876734 0.441099 -0.363155
v -0.968074 0.107766 -0.400989
v -0.994983 -0.100975 -0.412136
v -0.949907 -0.396933 -0.393465
v -0.788174 -0.692891 -0.326472
v -0.789040 0.441099 -0.527219
v -0.871243 0.107766 -0.582146
v -0.895461 -0.100975 -0.598328
v -0.854894 -0.396933 -0.571222
v -0.709338 -0.692891 -0.473964
v -0.671023 0.441099 -0.671023
v -0.740932 0.107766 -0.740931
v -0.761527 -0.100975 -0.761527
v -0.727028 -0.396933 -0.727028
v -0.603242 -0.692891 -0.603242
v -0.527219 0.441099 -0.789040
v -0.582146 0.107766 -0.871243
v -0.598328 -0.100975 -0.895461
v -0.571222 -0.396933 -0.854894
v -0.473964 -0.692891 -0.709338
v -0.363155 0.441099 -0.876734
v -0.400989 0.107766 -0.968074
v -0.412136 -0.100975 -0.994983
v -0.393465 -0.396933 -0.949907
v -0.326472 -0.692891 -0.788174
v -0.185135 0.441099 -0.930736
v -0.204423 0.107766 -1.027701
v -0.210105 -0.100975 -1.056269
v -0.200586 -0.396933 -1.008416
v -0.166434 -0.692891 -0.836721
v 0.000000 0.441099 -0.948970
v 0.000000 0.107766 -1.047835
v 0.000000 -0.100975 -1.076962
v 0.000000 -0.396933 -1.028172
v 0.000000 -0.692891 -0.853113
v 0.185135 0.441099 -0.930736
v 0.204423 0.107766 -1.027701
v 0.210105 -0.100975 -1.056269
v 0.200586 -0.396933 -1.008416
v 0.166434 -0.692891 -0.836721
v 0.363155 0.441099 -0.876734
v 0.400989 0.107766 -0.968074
v 0.412136 -0.100975 -0.994983
v 0.393465 -0.396933 -0.949907
v 0.326472 -0.692891 -0.788174
v 0.527219 0.441099 -0.789040
v 0.582146 0.107766 -0.871243
v 0.598328 -0.100975 -0.895461
v 0.571222 -0.396933 -0.854894
v 0.473964 -0.692891 -0.709338
v 0.671023 0.441099 -0.671023
v 0.740932 0.107766 -0.740931
v 0.761527 -0.100975 -0.761527
v 0.727028 -0.396933 -0.727028
v 0.603242 -0.692891 -0.603242
v 0.789040 0.441099 -0.527219
v 0.871243 0.107766 -0.582146
v 0.895461 -0.100975 -0.598328
v 0.854894 -0.396933 -0.571222
v 0.709338 -0.692891 -0.473964
v 0.876734 0.441099 -0.363155
v 0.968074 0.107766 -0.400989
v 0.994983 -0.100975 -0.412136
v 0.949908 -0.396933 -0.393465
v 0.788174 -0.692891 -0.326472
v 0.930736 0.441099 -0.185135
v 1.027702 0.107766 -0.204423
v 1.056269 -0.100974 -0.210105
v 1.008416 -0.396933 -0.200586
v 0.836721 -0.692891 -0.166434
v 0.948970 0.441099 -0.000000
v 1.047836 0.107766 -0.000000
v 1.076962 -0.100975 0.000000
v 1.028172 -0.396933 0.000000
v 0.853113 -0.692891 0.000000
v 0.930736 0.441099 0.185135
v 1.027702 0.107766 0.204423
v 1.056269 -0.100974 0.210105
v 1.008416 -0.396933 0.200586
v 0.836721 -0.692891 0.166434
v 0.876734 0.441099 0.363155
v 0.968074 0.107766 0.400989
v 0.994983 -0.100975 0.412136
v 0.949908 -0.396933 0.393465
v 0.788174 -0.692891 0.326472
v 0.789040 0.441099 0.527219
v 0.871243 0.107766 0.582146
v 0.895461 -0.100975 0.598328
v 0.854894 -0.396933 0.571222
v 0.709338 -0.692891 0.473964
v 0.671023 0.441099 0.671023
v 0.740932 0.107766 0.740931
v 0.761527 -0.100975 0.761527
v 0.727028 -0.396933 0.727028
v 0.603242 -0.692891 0.603242
v 0.527219 0.441099 0.789040
v 0.582146 0.107766 0.871243
v 0.598328 -0.100975 0.895461
v 0.571222 -0.396933 0.854894
v 0.473964 -0.692891 0.709338
v 0.363155 0.441099 0.876734
v 0.400989 0.107766 0.968074
v 0.412136 -0.100975 0.994983
v 0.393465 -0.396933 0.949907
v 0.326472 -0.692891 0.788174
v 0.185135 0.441099 0.930736
v 0.204423 0.107766 1.027701
v 0.210105 -0.100975 1.056269
v 0.200586 -0.396933 1.008416
v 0.166434 -0.692891 0.836721
v 0.000000 0.707952 0.765375
v -0.149317 0.707952 0.750668
v -0.292896 0.707952 0.707114
v -0.425219 0.707952 0.636386
v -0.541202 0.707952 0.541202
v -0.636386 0.707952 0.425219
v -0.707114 0.707952 0.292896
v -0.750668 0.707952 0.149317
v -0.765375 0.707952 -0.000000
v -0.750668 0.707952 -0.149317
v -0.707114 0.707952 -0.292896
v -0.636386 0.707952 -0.425219
v -0.541202 0.707952 -0.541202
v -0.425219 0.707952 -0.636386
v -0.292896 0.707952 -0.707114
v -0.149317 0.707952 -0.750668
v 0.000000 0.707952 -0.765375
v 0.149317 0.707952 -0.750668
v 0.292896 0.707952 -0.707114
v 0.425219 0.707952 -0.636386
v 0.541202 0.707952 -0.541202
v 0.636386 0.707952 -0.425219
v 0.707114 0.707952 -0.292896
v 0.750668 0.707952 -0.149317
v 0.765375 0.707952 -0.000000
v 0.750668 0.707952 0.149317
v 0.707114 0.707952 0.292896
v 0.636386 0.707952 0.425219
v 0.541202 0.707952 0.541202
v 0.425219 0.707952 0.636386
v 0.292896 0.707952 0.707114
v 0.149317 0.707952 0.750668
v 0.000000 0.747330 0.824564
v 0.000000 0.788860 0.822983
v -0.160556 0.788860 0.807170
v -0.160864 0.747330 0.808720
v -0.314942 0.788860 0.760337
v -0.315547 0.747330 0.761797
v -0.457225 0.788860 0.684286
v -0.458103 0.747330 0.685599
v -0.581937 0.788860 0.581937
v -0.583054 0.747330 0.583054
v -0.684286 0.788860 0.457225
v -0.685599 0.747330 0.458103
v -0.760337 0.788860 0.314942
v -0.761797 0.747330 0.315547
v -0.807170 0.788860 0.160556
v -0.808720 0.747330 0.160864
v -0.822983 0.788860 -0.000000
v -0.824563 0.747330 -0.000000
v -0.807170 0.788860 -0.160556
v -0.808720 0.747330 -0.160864
v -0.760337 0.788860 -0.314942
v -0.761797 0.747330 -0.315547
v -0.684286 0.788860 -0.457225
v -0.685599 0.747330 -0.458103
v -0.581937 0.788860 -0.581937
v -0.583054 0.747330 -0.583054
v -0.457225 0.788860 -0.684286
v -0.458103 0.747330 -0.685599
v -0.314942 0.788860 -0.760337
v -0.315547 0.747330 -0.761797
v -0.160556 0.788860 -0.807170
v -0.160864 0.747330 -0.808720
v 0.000000 0.788860 -0.822983
v 0.000000 0.747330 -0.824563
v 0.160556 0.788860 -0.807170
v 0.160864 0.747330 -0.808720
v 0.314942 0.788860 -0.760337
v 0.315547 0.747330 -0.761797
v 0.457225 0.788860 -0.684286
v 0.458103 0.747330 -0.685599
v 0.581937 0.788860 -0.581937
v 0.583054 0.747330 -0.583054
v 0.684286 0.788860 -0.457225
v 0.685600 0.747330 -0.458103
v 0.760337 0.788860 -0.314942
v 0.761797 0.747330 -0.315547
v 0.807170 0.788860 -0.160556
v 0.808720 0.747330 -0.160864
v 0.822983 0.788860 -0.000000
v 0.824564 0.747330 -0.000000
v 0.807170 0.788860 0.160556
v 0.808720 0.747330 0.160864
v 0.760337 0.788860 0.314942
v 0.761797 0.747330 0.315547
v 0.684286 0.788860 0.457225
v 0.685600 0.747330 0.458103
v 0.581937 0.788860 0.581937
v 0.583054 0.747330 0.583054
v 0.457225 0.788860 0.684286
v 0.458103 0.747330 0.685599
v 0.314942 0.788860 0.760337
v 0.315547 0.747330 0.761797
v 0.160556 0.788860 0.807170
v 0.160864 0.747330 0.808720
v -0.154711 0.828238 0.777787
v 0.000000 0.828238 0.793024
v -0.303477 0.828238 0.732659
v -0.440581 0.828238 0.659376
v -0.560753 0.828238 0.560753
v -0.659376 0.828238 0.440581
v -0.732659 0.828238 0.303477
v -0.777787 0.828238 0.154711
v -0.793024 0.828238 -0.000000
v -0.777787 0.828238 -0.154711
v -0.732659 0.828238 -0.303477
v -0.659376 0.828238 -0.440581
v -0.560753 0.828238 -0.560753
v -0.440581 0.828238 -0.659376
v -0.303477 0.828238 -0.732659
v -0.154711 0.828238 -0.777787
v 0.000000 0.828238 -0.793024
v 0.154711 0.828238 -0.777787
v 0.303477 0.828238 -0.732659
v 0.440581 0.828238 -0.659376
v 0.560753 0.828238 -0.560753
v 0.659376 0.828238 -0.440581
v 0.732659 0.828238 -0.303477
v 0.777787 0.828238 -0.154711
v 0.793024 0.828238 -0.000000
v 0.777787 0.828238 0.154711
v 0.732659 0.828238 0.303477
v 0.659376 0.828238 0.440581
v 0.560753 0.828238 0.560753
v 0.440581 0.828238 0.659376
v 0.303477 0.828238 0.732659
v 0.154711 0.828238 0.777787
v -0.129214 -0.414003 0.649604
v 0.000000 -0.414003 0.662331
v -0.253463 -0.414003 0.611914
v -0.367971 -0.414003 0.550708
v -0.468339 -0.414003 0.468339
v -0.550708 -0.414003 0.367971
v -0.611914 -0.414003 0.253463
v -0.649604 -0.414003 0.129214
v -0.662331 -0.414003 0.000000
v -0.649604 -0.414003 -0.129214
v -0.611914 -0.414003 -0.253463
v -0.550708 -0.414003 -0.367971
v -0.468339 -0.414003 -0.468339
v -0.367971 -0.414003 -0.550708
v -0.253463 -0.414003 -0.611914
v -0.129214 -0.414003 -0.649604
v 0.000000 -0.414003 -0.662331
v 0.129214 -0.414003 -0.649604
v 0.253463 -0.414003 -0.611914
v 0.367971 -0.414003 -0.550708
v 0.468339 -0.414003 -0.468339
v 0.550708 -0.414003 -0.367971
v 0.611914 -0.414003 -0.253463
v 0.649604 -0.414003 -0.129214
v 0.662331 -0.414003 0.000000
v 0.649604 -0.414003 0.129214
v 0.611914 -0.414003 0.253463
v 0.550708 -0.414003 0.367971
v 0.468339 -0.414003 0.468339
v 0.367971 -0.414003 0.550708
v 0.253463 -0.414003 0.611914
v 0.129214 -0.414003 0.649604
v -0.550708 0.709233 -0.367971
v -0.468339 0.709233 -0.468339
v 0.649604 0.709233 0.129214
v 0.611914 0.709233 0.253463
v -0.367971 0.709233 -0.550708
v 0.550708 0.709233 0.367971
v -0.253463 0.709233 -0.611914
v 0.000000 0.709233 0.662331
v -0.129214 0.709233 0.649604
v 0.468338 0.709233 0.468339
v -0.129214 0.709233 -0.649604
v -0.253463 0.709233 0.611914
v 0.367971 0.709233 0.550708
v 0.000000 0.709233 -0.662331
v -0.367971 0.709233 0.550708
v 0.253463 0.709233 0.611914
v 0.129214 0.709233 -0.649604
v -0.468339 0.709233 0.468339
v 0.129214 0.709233 0.649604
v 0.253463 0.709233 -0.611914
v -0.550708 0.709233 0.367971
v 0.367971 0.709233 -0.550708
v -0.611914 0.709233 0.253463
v 0.468338 0.709233 -0.468339
v -0.649604 0.709233 0.129214
v 0.550708 0.709233 -0.367971
v -0.662331 0.709233 -0.000000
v 0.611914 0.709233 -0.253463
v -0.649604 0.709233 -0.129214
v 0.649604 0.709233 -0.129214
v -0.611914 0.709233 -0.253463
v 0.662331 0.709233 -0.000000
v -0.142563 -0.414003 0.716710
v 0.000000 -0.414003 0.730752
v -0.279647 -0.414003 0.675126
v -0.405984 -0.414003 0.607598
v -0.516719 -0.414003 0.516719
v -0.607598 -0.414003 0.405984
v -0.675126 -0.414003 0.279647
v -0.716711 -0.414003 0.142563
v -0.730752 -0.414003 0.000000
v -0.716710 -0.414003 -0.142563
v -0.675126 -0.414003 -0.279647
v -0.607598 -0.414003 -0.405984
v -0.516719 -0.414003 -0.516719
v -0.405984 -0.414003 -0.607598
v -0.279647 -0.414003 -0.675126
v -0.142563 -0.414003 -0.716710
v 0.000000 -0.414003 -0.730752
v 0.142563 -0.414003 -0.716710
v 0.279647 -0.414003 -0.675126
v 0.405984 -0.414003 -0.607598
v 0.516719 -0.414003 -0.516719
v 0.607598 -0.414003 -0.405984
v 0.675126 -0.414003 -0.279647
v 0.716711 -0.414003 -0.142563
v 0.730752 -0.414003 0.000000
v 0.716710 -0.414003 0.142563
v 0.675126 -0.414003 0.279647
v 0.607598 -0.414003 0.405984
v 0.516719 -0.414003 0.516719
v 0.405984 -0.414003 0.607598
v 0.279647 -0.414003 0.675126
v 0.142563 -0.414003 0.716710
v -0.607598 0.709233 -0.405984
v 0.716711 0.709233 0.142563
v 0.000000 0.709233 0.730752
v -0.516719 0.709233 -0.516719
v 0.675126 0.709233 0.279647
v -0.405984 0.709233 -0.607598
v 0.607598 0.709233 0.405984
v -0.279647 0.709233 -0.675126
v -0.142563 0.709233 0.716710
v 0.516719 0.709233 0.516719
v -0.142563 0.709233 -0.716710
v -0.279647 0.709233 0.675126
v 0.405984 0.709233 0.607598
v 0.000000 0.709233 -0.730752
v -0.405984 0.709233 0.607598
v 0.279647 0.709233 0.675126
v 0.142563 0.709233 -0.716710
v -0.516719 0.709233 0.516719
v 0.142563 0.709233 0.716710
v 0.279647 0.709233 -0.675126
v -0.607598 0.709233 0.405984
v 0.405984 0.709233 -0.607598
v -0.675126 0.709233 0.279647
v 0.516719 0.709233 -0.516719
v -0.716710 0.709233 0.142563
v 0.607598 0.709233 -0.405984
v -0.730752 0.709233 -0.000000
v 0.675126 0.709233 -0.279647
v -0.716710 0.709233 -0.142563
v 0.716711 0.709233 -0.142563
v -0.675126 0.709233 -0.279647
v 0.730752 0.709233 -0.000000
vn 0.0252 -0.1820 0.9830
vn -0.1304 -0.3841 0.9141
vn 0.0497 -0.3591 0.9320
vn -0.1252 0.9049 0.4067
vn -0.2239 0.7904 0.5702
vn -0.1116 0.8059 0.5814
vn -0.0909 -0.5489 0.8309
vn 0.0729 -0.5262 0.8472
vn -0.0938 0.6774 0.7296
vn -0.2348 0.6579 0.7156
vn 0.0938 -0.6774 0.7296
vn -0.0472 -0.6969 0.7156
vn -0.0728 0.5263 0.8472
vn -0.2366 0.5036 0.8309
vn 0.1116 -0.8059 0.5814
vn -0.0008 -0.8215 0.5702
vn -0.0497 0.3591 0.9320
vn -0.2298 0.3342 0.9141
vn 0.1253 -0.9049 0.4067
vn 0.0467 -0.9158 0.3989
vn -0.0252 0.1820 0.9830
vn -0.2151 0.1557 0.9641
vn 0.0930 -0.9737 0.2080
vn 0.1340 -0.9680 0.2121
vn -0.0000 -0.0000 1.0000
vn -0.1932 -0.0267 0.9808
vn -0.1340 0.9680 0.2121
vn -0.1371 0.9906 -0.0000
vn -0.1750 0.9623 0.2080
vn 0.1371 -0.9906 -0.0000
vn -0.1648 -0.2083 0.9641
vn -0.2039 0.8941 0.3989
vn -0.3791 -0.0525 0.9239
vn -0.3474 -0.2336 0.9082
vn -0.2794 0.8836 0.3757
vn -0.3036 -0.4080 0.8610
vn -0.3320 0.7754 0.5371
vn -0.2483 -0.5707 0.7827
vn -0.3704 0.6391 0.6741
vn -0.1828 -0.7157 0.6741
vn -0.3940 0.4818 0.7827
vn -0.1088 -0.8364 0.5371
vn -0.4030 0.3102 0.8610
vn -0.0289 -0.9263 0.3757
vn -0.3978 0.1304 0.9082
vn 0.0537 -0.9791 0.1960
vn -0.2145 0.9569 0.1959
vn -0.3077 -0.7330 0.6066
vn -0.2084 -0.8502 0.4834
vn -0.5626 0.2881 0.7749
vn -0.0985 -0.9359 0.3381
vn -0.5662 0.1071 0.8173
vn 0.0173 -0.9842 0.1763
vn -0.5503 -0.0762 0.8315
vn -0.2507 0.9519 0.1764
vn -0.5158 -0.2569 0.8173
vn -0.3491 0.8740 0.3382
vn -0.4632 -0.4301 0.7749
vn -0.4316 0.7616 0.4834
vn -0.3934 -0.5908 0.7044
vn -0.4953 0.6218 0.6067
vn -0.5391 0.4617 0.7044
vn -0.2825 0.9474 0.1500
vn -0.4102 0.8655 0.2875
vn -0.6633 -0.2773 0.6951
vn -0.6030 -0.4495 0.6590
vn -0.5188 0.7496 0.4111
vn -0.5206 -0.6084 0.5991
vn -0.6048 0.6067 0.5159
vn -0.4173 -0.7481 0.5159
vn -0.6663 0.4441 0.5991
vn -0.2957 -0.8623 0.4111
vn -0.7025 0.2688 0.6590
vn -0.1596 -0.9444 0.2876
vn -0.7137 0.0867 0.6951
vn -0.0146 -0.9886 0.1499
vn -0.7004 -0.0970 0.7071
vn -0.8173 0.2529 0.5178
vn -0.2097 -0.9513 0.2260
vn -0.8348 0.0699 0.5461
vn -0.0406 -0.9922 0.1178
vn -0.8236 -0.1140 0.5556
vn -0.3087 0.9438 0.1179
vn -0.7844 -0.2940 0.5461
vn -0.4602 0.8586 0.2260
vn -0.7179 -0.4654 0.5178
vn -0.5904 0.7396 0.3230
vn -0.6249 -0.6229 0.4707
vn -0.6947 0.5942 0.4054
vn -0.5071 -0.7606 0.4054
vn -0.7706 0.4297 0.4707
vn -0.3673 -0.8722 0.3230
vn -0.8032 -0.4772 0.3566
vn -0.4975 0.8534 0.1557
vn -0.6436 0.7323 0.2225
vn -0.7025 -0.6336 0.3242
vn -0.7615 0.5850 0.2792
vn -0.5739 -0.7698 0.2792
vn -0.8482 0.4189 0.3242
vn -0.4205 -0.8796 0.2225
vn -0.9026 0.2411 0.3566
vn -0.2469 -0.9565 0.1557
vn -0.9248 0.0574 0.3762
vn -0.0601 -0.9949 0.0812
vn -0.9152 -0.1267 0.3827
vn -0.3281 0.9411 0.0812
vn -0.8744 -0.3065 0.3762
vn -0.4533 -0.8841 0.1134
vn -0.2698 -0.9596 0.0794
vn -0.9551 0.2338 0.1818
vn -0.9802 0.0498 0.1918
vn -0.0720 -0.9965 0.0414
vn -0.9715 -0.1345 0.1951
vn -0.3401 0.9395 0.0414
vn -0.9298 -0.3142 0.1918
vn -0.5204 0.8502 0.0794
vn -0.8557 -0.4845 0.1818
vn -0.6764 0.7277 0.1134
vn -0.7502 -0.6402 0.1653
vn -0.8026 0.5793 0.1423
vn -0.6151 -0.7755 0.1423
vn -0.8959 0.4123 0.1653
vn -0.7663 -0.6424 -0.0000
vn -0.8165 0.5773 -0.0000
vn -0.6290 -0.7774 -0.0000
vn -0.9121 0.4101 -0.0000
vn -0.4643 -0.8857 -0.0000
vn -0.9729 0.2313 -0.0000
vn -0.2776 -0.9607 -0.0000
vn -0.9989 0.0472 -0.0000
vn -0.0761 -0.9971 -0.0000
vn -0.9906 -0.1371 -0.0000
vn -0.3441 0.9389 -0.0000
vn -0.9485 -0.3168 -0.0000
vn -0.5281 0.8492 -0.0000
vn -0.8734 -0.4869 -0.0000
vn -0.6875 0.7262 -0.0000
vn -0.0720 -0.9965 -0.0414
vn -0.9802 0.0498 -0.1918
vn -0.9715 -0.1345 -0.1951
vn -0.3401 0.9395 -0.0414
vn -0.9298 -0.3142 -0.1918
vn -0.5204 0.8502 -0.0794
vn -0.8557 -0.4845 -0.1818
vn -0.6764 0.7277 -0.1134
vn -0.7502 -0.6402 -0.1653
vn -0.8026 0.5793 -0.1423
vn -0.6151 -0.7755 -0.1423
vn -0.8959 0.4123 -0.1653
vn -0.4533 -0.8841 -0.1134
vn -0.9551 0.2338 -0.1818
vn -0.2698 -0.9596 -0.0794
vn -0.6436 0.7323 -0.2225
vn -0.7615 0.5850 -0.2792
vn -0.5739 -0.7698 -0.2792
vn -0.8482 0.4189 -0.3242
vn -0.4205 -0.8796 -0.2225
vn -0.9026 0.2411 -0.3566
vn -0.2469 -0.9565 -0.1557
vn -0.9248 0.0574 -0.3762
vn -0.0601 -0.9949 -0.0812
vn -0.9152 -0.1267 -0.3827
vn -0.3281 0.9411 -0.0812
vn -0.8744 -0.3065 -0.3762
vn -0.4975 0.8534 -0.1557
vn -0.8032 -0.4772 -0.3566
vn -0.7025 -0.6336 -0.3242
vn -0.8348 0.0699 -0.5461
vn -0.8236 -0.1140 -0.5556
vn -0.3087 0.9438 -0.1178
vn -0.0406 -0.9922 -0.1179
vn -0.7844 -0.2940 -0.5461
vn -0.4602 0.8586 -0.2260
vn -0.7178 -0.4654 -0.5178
vn -0.5904 0.7396 -0.3230
vn -0.6249 -0.6229 -0.4707
vn -0.6947 0.5942 -0.4054
vn -0.5071 -0.7606 -0.4054
vn -0.7706 0.4297 -0.4707
vn -0.3673 -0.8722 -0.3230
vn -0.8173 0.2529 -0.5178
vn -0.2097 -0.9513 -0.2260
vn -0.4173 -0.7481 -0.5159
vn -0.6663 0.4441 -0.5991
vn -0.2957 -0.8623 -0.4111
vn -0.7025 0.2688 -0.6590
vn -0.1596 -0.9444 -0.2876
vn -0.7137 0.0867 -0.6951
vn -0.0146 -0.9886 -0.1499
vn -0.7004 -0.0970 -0.7071
vn -0.2825 0.9475 -0.1500
vn -0.6633 -0.2773 -0.6951
vn -0.4102 0.8655 -0.2875
vn -0.6030 -0.4495 -0.6590
vn -0.5188 0.7496 -0.4111
vn -0.5206 -0.6084 -0.5991
vn -0.6048 0.6067 -0.5159
vn -0.2507 0.9519 -0.1764
vn 0.0173 -0.9842 -0.1763
vn -0.5158 -0.2569 -0.8173
vn -0.3491 0.8740 -0.3381
vn -0.4632 -0.4301 -0.7749
vn -0.4316 0.7616 -0.4834
vn -0.3934 -0.5908 -0.7044
vn -0.4953 0.6218 -0.6067
vn -0.3077 -0.7330 -0.6066
vn -0.5391 0.4617 -0.7044
vn -0.2084 -0.8502 -0.4834
vn -0.5626 0.2881 -0.7749
vn -0.0985 -0.9359 -0.3381
vn -0.5662 0.1071 -0.8173
vn -0.5503 -0.0762 -0.8315
vn -0.3940 0.4818 -0.7827
vn -0.1088 -0.8364 -0.5371
vn -0.4030 0.3102 -0.8610
vn -0.0289 -0.9263 -0.3757
vn -0.3978 0.1304 -0.9082
vn 0.0537 -0.9791 -0.1960
vn -0.3791 -0.0525 -0.9239
vn -0.2145 0.9569 -0.1959
vn -0.3474 -0.2336 -0.9082
vn -0.2794 0.8836 -0.3757
vn -0.3036 -0.4080 -0.8610
vn -0.3320 0.7754 -0.5371
vn -0.2483 -0.5707 -0.7827
vn -0.3704 0.6391 -0.6741
vn -0.1828 -0.7157 -0.6741
vn -0.1648 -0.2083 -0.9641
vn -0.2039 0.8941 -0.3989
vn -0.1304 -0.3841 -0.9141
vn -0.2239 0.7904 -0.5702
vn -0.0909 -0.5489 -0.8309
vn -0.2348 0.6579 -0.7156
vn -0.0472 -0.6969 -0.7156
vn -0.2366 0.5036 -0.8309
vn -0.0008 -0.8215 -0.5702
vn -0.2298 0.3342 -0.9141
vn 0.0467 -0.9158 -0.3989
vn -0.2151 0.1557 -0.9641
vn 0.0930 -0.9737 -0.2080
vn -0.1932 -0.0267 -0.9808
vn -0.1750 0.9623 -0.2080
vn 0.1116 -0.8059 -0.5814
vn -0.0497 0.3591 -0.9320
vn 0.1253 -0.9049 -0.4067
vn -0.0252 0.1820 -0.9830
vn 0.1340 -0.9680 -0.2121
vn -0.0000 -0.0000 -1.0000
vn -0.1341 0.9680 -0.2121
vn 0.0252 -0.1820 -0.9830
vn -0.1254 0.9049 -0.4067
vn 0.0497 -0.3591 -0.9320
vn -0.1116 0.8059 -0.5814
vn 0.0729 -0.5262 -0.8472
vn -0.0938 0.6774 -0.7296
vn 0.0938 -0.6774 -0.7296
vn -0.0728 0.5263 -0.8472
vn 0.2152 -0.1557 -0.9641
vn 0.2298 -0.3342 -0.9141
vn -0.0467 0.9158 -0.3989
vn 0.0008 0.8215 -0.5702
vn 0.2366 -0.5036 -0.8309
vn 0.0472 0.6969 -0.7156
vn 0.2348 -0.6579 -0.7156
vn 0.0909 0.5489 -0.8309
vn 0.2239 -0.7904 -0.5702
vn 0.1304 0.3841 -0.9141
vn 0.2039 -0.8941 -0.3989
vn 0.1648 0.2083 -0.9641
vn 0.1750 -0.9623 -0.2080
vn 0.1932 0.0268 -0.9808
vn -0.0931 0.9737 -0.2080
vn 0.3320 -0.7754 -0.5371
vn 0.2794 -0.8836 -0.3757
vn 0.3036 0.4080 -0.8610
vn 0.3474 0.2335 -0.9082
vn 0.2143 -0.9569 -0.1960
vn 0.3791 0.0525 -0.9239
vn -0.0537 0.9791 -0.1960
vn 0.3978 -0.1304 -0.9082
vn 0.0289 0.9263 -0.3758
vn 0.4030 -0.3102 -0.8610
vn 0.1088 0.8365 -0.5371
vn 0.3940 -0.4818 -0.7827
vn 0.1828 0.7157 -0.6741
vn 0.3703 -0.6391 -0.6741
vn 0.2483 0.5707 -0.7827
vn 0.0986 0.9359 -0.3382
vn 0.2084 0.8502 -0.4834
vn 0.5626 -0.2881 -0.7749
vn 0.5391 -0.4617 -0.7044
vn 0.3077 0.7330 -0.6066
vn 0.4953 -0.6218 -0.6066
vn 0.3934 0.5908 -0.7044
vn 0.4315 -0.7616 -0.4834
vn 0.4632 0.4301 -0.7749
vn 0.3491 -0.8739 -0.3381
vn 0.5158 0.2568 -0.8173
vn 0.2507 -0.9519 -0.1763
vn 0.5503 0.0762 -0.8315
vn -0.0173 0.9842 -0.1761
vn 0.5662 -0.1071 -0.8173
vn 0.6031 0.4495 -0.6590
vn 0.6633 0.2773 -0.6951
vn 0.2826 -0.9474 -0.1499
vn 0.7004 0.0970 -0.7071
vn 0.0145 0.9886 -0.1500
vn 0.7137 -0.0867 -0.6951
vn 0.1595 0.9444 -0.2876
vn 0.7025 -0.2688 -0.6590
vn 0.2956 0.8623 -0.4111
vn 0.6663 -0.4441 -0.5991
vn 0.4173 0.7481 -0.5159
vn 0.6048 -0.6066 -0.5159
vn 0.5206 0.6084 -0.5991
vn 0.5188 -0.7496 -0.4111
vn 0.4101 -0.8655 -0.2876
vn 0.8173 -0.2529 -0.5178
vn 0.7706 -0.4297 -0.4707
vn 0.3673 0.8722 -0.3230
vn 0.5072 0.7606 -0.4054
vn 0.6947 -0.5942 -0.4053
vn 0.6249 0.6229 -0.4707
vn 0.5904 -0.7396 -0.3230
vn 0.7178 0.4654 -0.5178
vn 0.4602 -0.8586 -0.2260
vn 0.7844 0.2941 -0.5461
vn 0.3087 -0.9438 -0.1178
vn 0.8236 0.1140 -0.5556
vn 0.0406 0.9922 -0.1179
vn 0.8348 -0.0699 -0.5461
vn 0.2097 0.9513 -0.2259
vn 0.4975 -0.8534 -0.1556
vn 0.3281 -0.9411 -0.0812
vn 0.8744 0.3065 -0.3762
vn 0.9151 0.1267 -0.3827
vn 0.0601 0.9949 -0.0811
vn 0.9248 -0.0574 -0.3762
vn 0.2469 0.9565 -0.1556
vn 0.9026 -0.2410 -0.3566
vn 0.4205 0.8796 -0.2225
vn 0.8482 -0.4189 -0.3242
vn 0.5739 0.7698 -0.2792
vn 0.7615 -0.5850 -0.2792
vn 0.7025 0.6336 -0.3242
vn 0.6436 -0.7323 -0.2225
vn 0.8032 0.4772 -0.3566
vn 0.6151 0.7755 -0.1423
vn 0.8959 -0.4123 -0.1653
vn 0.8026 -0.5793 -0.1424
vn 0.7502 0.6402 -0.1653
vn 0.6764 -0.7277 -0.1134
vn 0.8557 0.4845 -0.1818
vn 0.5204 -0.8502 -0.0793
vn 0.9298 0.3142 -0.1918
vn 0.3400 -0.9395 -0.0414
vn 0.9715 0.1345 -0.1951
vn 0.0721 0.9965 -0.0414
vn 0.9802 -0.0498 -0.1918
vn 0.2698 0.9596 -0.0793
vn 0.9551 -0.2338 -0.1818
vn 0.4533 0.8841 -0.1134
vn 0.9485 0.3168 -0.0000
vn 0.9906 0.1371 -0.0000
vn 0.0761 0.9971 -0.0000
vn 0.3441 -0.9389 -0.0000
vn 0.9989 -0.0472 -0.0000
vn 0.2776 0.9607 -0.0000
vn 0.9729 -0.2313 -0.0000
vn 0.4643 0.8857 -0.0000
vn 0.9121 -0.4101 -0.0000
vn 0.6289 0.7775 -0.0000
vn 0.8165 -0.5773 -0.0000
vn 0.7663 0.6424 -0.0000
vn 0.6875 -0.7262 -0.0000
vn 0.8734 0.4869 -0.0000
vn 0.5281 -0.8492 -0.0000
vn 0.8959 -0.4123 0.1653
vn 0.8026 -0.5793 0.1424
vn 0.6151 0.7755 0.1423
vn 0.7502 0.6402 0.1653
vn 0.6764 -0.7277 0.1134
vn 0.8557 0.4845 0.1818
vn 0.5204 -0.8502 0.0793
vn 0.9298 0.3142 0.1918
vn 0.3400 -0.9395 0.0414
vn 0.9715 0.1345 0.1951
vn 0.0721 0.9965 0.0414
vn 0.9802 -0.0498 0.1918
vn 0.2698 0.9596 0.0793
vn 0.9551 -0.2338 0.1818
vn 0.4533 0.8841 0.1134
vn 0.3281 -0.9411 0.0812
vn 0.9152 0.1267 0.3827
vn 0.9248 -0.0574 0.3762
vn 0.0601 0.9949 0.0811
vn 0.2469 0.9565 0.1556
vn 0.9026 -0.2411 0.3566
vn 0.4205 0.8796 0.2225
vn 0.8482 -0.4189 0.3242
vn 0.5739 0.7698 0.2792
vn 0.7615 -0.5850 0.2792
vn 0.7025 0.6336 0.3242
vn 0.6436 -0.7323 0.2225
vn 0.8032 0.4772 0.3566
vn 0.4975 -0.8534 0.1556
vn 0.8744 0.3065 0.3762
vn 0.6947 -0.5942 0.4054
vn 0.5904 -0.7396 0.3230
vn 0.6249 0.6228 0.4707
vn 0.7178 0.4654 0.5178
vn 0.4602 -0.8586 0.2260
vn 0.7844 0.2941 0.5461
vn 0.3087 -0.9438 0.1178
vn 0.8236 0.1140 0.5556
vn 0.0406 0.9922 0.1179
vn 0.8348 -0.0699 0.5461
vn 0.2097 0.9513 0.2260
vn 0.8173 -0.2529 0.5178
vn 0.3673 0.8722 0.3230
vn 0.7706 -0.4297 0.4707
vn 0.5072 0.7606 0.4053
vn 0.1595 0.9444 0.2876
vn 0.7025 -0.2688 0.6590
vn 0.2956 0.8623 0.4111
vn 0.6663 -0.4441 0.5991
vn 0.4173 0.7481 0.5159
vn 0.6048 -0.6066 0.5159
vn 0.5206 0.6084 0.5991
vn 0.5188 -0.7496 0.4111
vn 0.6031 0.4495 0.6590
vn 0.4101 -0.8655 0.2876
vn 0.6633 0.2773 0.6951
vn 0.2826 -0.9474 0.1499
vn 0.7004 0.0970 0.7071
vn 0.0145 0.9886 0.1500
vn 0.7137 -0.0867 0.6951
vn 0.4632 0.4301 0.7749
vn 0.4315 -0.7616 0.4834
vn 0.3491 -0.8739 0.3381
vn 0.5158 0.2568 0.8173
vn 0.2507 -0.9519 0.1763
vn 0.5503 0.0762 0.8315
vn -0.0172 0.9842 0.1763
vn 0.5661 -0.1071 0.8173
vn 0.0985 0.9359 0.3382
vn 0.5626 -0.2881 0.7749
vn 0.2084 0.8502 0.4834
vn 0.5391 -0.4617 0.7044
vn 0.3077 0.7330 0.6066
vn 0.4953 -0.6218 0.6066
vn 0.3934 0.5908 0.7044
vn 0.3978 -0.1304 0.9082
vn 0.4030 -0.3102 0.8610
vn 0.1088 0.8365 0.5371
vn 0.3940 -0.4818 0.7827
vn 0.1828 0.7157 0.6741
vn 0.3703 -0.6391 0.6741
vn 0.2483 0.5707 0.7827
vn 0.3320 -0.7754 0.5371
vn 0.3036 0.4080 0.8610
vn 0.2794 -0.8836 0.3757
vn 0.3474 0.2335 0.9082
vn 0.2143 -0.9569 0.1960
vn 0.3791 0.0525 0.9239
vn -0.0535 0.9792 0.1959
vn 0.0289 0.9263 0.3758
vn 0.2039 -0.8941 0.3989
vn 0.1648 0.2083 0.9641
vn 0.1750 -0.9623 0.2080
vn 0.1932 0.0268 0.9808
vn -0.0930 0.9737 0.2080
vn 0.2152 -0.1557 0.9641
vn -0.0467 0.9158 0.3989
vn 0.2298 -0.3342 0.9141
vn 0.0008 0.8215 0.5702
vn 0.2366 -0.5036 0.8309
vn 0.0472 0.6969 0.7156
vn 0.2348 -0.6579 0.7156
vn 0.0909 0.5489 0.8309
vn 0.2239 -0.7904 0.5702
vn 0.1304 0.3841 0.9141
vn -0.0891 0.6438 0.7600
vn -0.2292 0.7423 0.6296
vn -0.2360 0.6235 0.7454
vn 0.0570 -0.4117 0.9095
vn -0.1188 -0.4360 0.8921
vn -0.1344 0.9711 0.1972
vn -0.1725 0.9658 0.1934
vn -0.1305 0.9424 0.3081
vn -0.1900 0.9341 0.3022
vn -0.1254 0.9057 0.4049
vn -0.2036 0.8949 0.3971
vn -0.1187 0.8577 0.5003
vn -0.2154 0.8443 0.4907
vn -0.1051 0.7595 0.6420
vn -0.3485 0.7258 0.5931
vn -0.3772 0.6039 0.7021
vn -0.2878 -0.4594 0.8403
vn -0.2092 0.9607 0.1822
vn -0.2473 0.9262 0.2847
vn -0.2789 0.8845 0.3741
vn -0.3084 0.8314 0.4622
vn -0.3000 0.9189 0.2562
vn -0.3482 0.8749 0.3366
vn -0.3941 0.8195 0.4160
vn -0.4584 0.7106 0.5338
vn -0.5074 0.5859 0.6319
vn -0.4436 -0.4809 0.7563
vn -0.2430 0.9561 0.1640
vn -0.6214 0.5701 0.5374
vn -0.5801 -0.4999 0.6431
vn -0.2726 0.9520 0.1395
vn -0.3463 0.9125 0.2179
vn -0.4090 0.8665 0.2863
vn -0.4692 0.8092 0.3538
vn -0.5548 0.6972 0.4539
vn -0.2969 0.9486 0.1096
vn -0.3842 0.9072 0.1712
vn -0.4589 0.8596 0.2249
vn -0.5308 0.8006 0.2780
vn -0.6339 0.6863 0.3567
vn -0.7150 0.5572 0.4222
vn -0.6921 -0.5154 0.5053
vn -0.7846 0.5475 0.2908
vn -0.7754 -0.5269 0.3481
vn -0.3149 0.9461 0.0755
vn -0.4124 0.9033 0.1179
vn -0.4959 0.8544 0.1549
vn -0.5766 0.7943 0.1915
vn -0.6926 0.6782 0.2457
vn -0.5187 0.8513 0.0790
vn -0.6048 0.7904 0.0976
vn -0.7288 0.6731 0.1252
vn -0.8275 0.5416 0.1483
vn -0.8267 -0.5340 0.1774
vn -0.3261 0.9446 0.0385
vn -0.4298 0.9009 0.0601
vn -0.8419 0.5396 -0.0000
vn -0.8439 -0.5364 -0.0000
vn -0.3298 0.9440 -0.0000
vn -0.4357 0.9001 -0.0000
vn -0.5264 0.8502 -0.0000
vn -0.6143 0.7891 -0.0000
vn -0.7411 0.6714 -0.0000
vn -0.6048 0.7904 -0.0976
vn -0.7288 0.6731 -0.1252
vn -0.8275 0.5416 -0.1483
vn -0.8266 -0.5340 -0.1774
vn -0.3261 0.9446 -0.0385
vn -0.4298 0.9009 -0.0601
vn -0.5187 0.8513 -0.0790
vn -0.3149 0.9461 -0.0755
vn -0.4124 0.9033 -0.1179
vn -0.4959 0.8544 -0.1549
vn -0.5766 0.7943 -0.1915
vn -0.6926 0.6782 -0.2457
vn -0.7846 0.5475 -0.2908
vn -0.7754 -0.5269 -0.3481
vn -0.5308 0.8006 -0.2780
vn -0.6339 0.6863 -0.3567
vn -0.7150 0.5572 -0.4222
vn -0.6921 -0.5154 -0.5053
vn -0.2969 0.9486 -0.1096
vn -0.3842 0.9072 -0.1712
vn -0.4588 0.8596 -0.2249
vn -0.2726 0.9520 -0.1395
vn -0.3463 0.9125 -0.2179
vn -0.4090 0.8665 -0.2863
vn -0.4692 0.8092 -0.3538
vn -0.5548 0.6972 -0.4539
vn -0.6214 0.5701 -0.5374
vn -0.5801 -0.4999 -0.6431
vn -0.3941 0.8195 -0.4160
vn -0.4584 0.7106 -0.5338
vn -0.5074 0.5859 -0.6319
vn -0.4435 -0.4810 -0.7562
vn -0.2430 0.9561 -0.1640
vn -0.3000 0.9189 -0.2562
vn -0.3482 0.8749 -0.3366
vn -0.2092 0.9607 -0.1822
vn -0.2473 0.9262 -0.2847
vn -0.2789 0.8845 -0.3741
vn -0.3084 0.8314 -0.4622
vn -0.3485 0.7258 -0.5931
vn -0.3772 0.6039 -0.7021
vn -0.2878 -0.4595 -0.8403
vn -0.2154 0.8443 -0.4907
vn -0.2292 0.7423 -0.6296
vn -0.2360 0.6235 -0.7454
vn -0.1188 -0.4360 -0.8921
vn -0.1725 0.9658 -0.1935
vn -0.1900 0.9341 -0.3022
vn -0.2036 0.8949 -0.3971
vn -0.1344 0.9711 -0.1972
vn -0.1305 0.9424 -0.3081
vn -0.1254 0.9057 -0.4049
vn -0.1187 0.8577 -0.5003
vn -0.1051 0.7595 -0.6420
vn -0.0891 0.6438 -0.7600
vn 0.0570 -0.4117 -0.9095
vn 0.0577 0.6642 -0.7454
vn 0.2328 -0.3874 -0.8921
vn -0.0963 0.9764 -0.1935
vn -0.0709 0.9506 -0.3022
vn -0.0471 0.9166 -0.3971
vn -0.0220 0.8711 -0.4907
vn 0.0189 0.7767 -0.6296
vn 0.0281 0.9270 -0.3741
vn 0.0709 0.8839 -0.4622
vn 0.1382 0.7932 -0.5931
vn 0.1989 0.6837 -0.7021
vn 0.4018 -0.3640 -0.8403
vn -0.0597 0.9814 -0.1822
vn -0.0137 0.9585 -0.2847
vn 0.3291 0.7017 -0.6319
vn 0.5575 -0.3424 -0.7563
vn -0.0259 0.9861 -0.1640
vn 0.0391 0.9658 -0.2562
vn 0.0974 0.9366 -0.3366
vn 0.1566 0.8958 -0.4160
vn 0.2482 0.8084 -0.5338
vn 0.0854 0.9722 -0.2179
vn 0.1582 0.9450 -0.2863
vn 0.2317 0.9062 -0.3538
vn 0.3445 0.8217 -0.4539
vn 0.4432 0.7175 -0.5374
vn 0.6941 -0.3235 -0.6431
vn 0.0037 0.9902 -0.1395
vn 0.5368 0.7305 -0.4222
vn 0.8061 -0.3080 -0.5053
vn 0.0280 0.9936 -0.1096
vn 0.1233 0.9775 -0.1712
vn 0.2081 0.9519 -0.2249
vn 0.2933 0.9147 -0.2780
vn 0.4236 0.8327 -0.3567
vn 0.3391 0.9211 -0.1915
vn 0.4824 0.8408 -0.2457
vn 0.6064 0.7401 -0.2908
vn 0.8894 -0.2965 -0.3481
vn 0.0461 0.9961 -0.0755
vn 0.1515 0.9814 -0.1179
vn 0.2451 0.9570 -0.1549
vn 0.0572 0.9976 -0.0385
vn 0.1689 0.9838 -0.0601
vn 0.2680 0.9602 -0.0790
vn 0.3673 0.9250 -0.0976
vn 0.5185 0.8458 -0.1252
vn 0.6492 0.7460 -0.1483
vn 0.9406 -0.2893 -0.1774
vn 0.3768 0.9263 -0.0000
vn 0.5308 0.8475 -0.0000
vn 0.6637 0.7480 -0.0000
vn 0.9579 -0.2870 -0.0000
vn 0.0609 0.9981 -0.0000
vn 0.1748 0.9846 -0.0000
vn 0.2757 0.9613 -0.0000
vn 0.0572 0.9976 0.0385
vn 0.1689 0.9838 0.0601
vn 0.2680 0.9602 0.0790
vn 0.3673 0.9250 0.0976
vn 0.5185 0.8458 0.1252
vn 0.6492 0.7460 0.1483
vn 0.9406 -0.2894 0.1774
vn 0.3391 0.9211 0.1915
vn 0.4824 0.8408 0.2457
vn 0.6064 0.7401 0.2908
vn 0.8894 -0.2965 0.3481
vn 0.0461 0.9961 0.0755
vn 0.1515 0.9814 0.1179
vn 0.2451 0.9570 0.1549
vn 0.1233 0.9775 0.1712
vn 0.2081 0.9519 0.2249
vn 0.2933 0.9147 0.2780
vn 0.4236 0.8327 0.3567
vn 0.5368 0.7305 0.4222
vn 0.8061 -0.3080 0.5053
vn 0.0280 0.9936 0.1096
vn 0.4432 0.7175 0.5374
vn 0.6941 -0.3235 0.6431
vn 0.0037 0.9902 0.1395
vn 0.0854 0.9722 0.2179
vn 0.1582 0.9450 0.2863
vn 0.2317 0.9062 0.3538
vn 0.3445 0.8217 0.4539
vn 0.0391 0.9658 0.2562
vn 0.0974 0.9366 0.3366
vn 0.1566 0.8958 0.4160
vn 0.2481 0.8084 0.5338
vn 0.3291 0.7017 0.6319
vn 0.5575 -0.3424 0.7563
vn -0.0259 0.9861 0.1640
vn 0.1989 0.6837 0.7021
vn 0.4018 -0.3640 0.8403
vn -0.0597 0.9814 0.1822
vn -0.0137 0.9585 0.2847
vn 0.0281 0.9270 0.3741
vn 0.0709 0.8839 0.4622
vn 0.1382 0.7932 0.5931
vn -0.0709 0.9506 0.3022
vn -0.0471 0.9166 0.3971
vn -0.0220 0.8711 0.4907
vn 0.0189 0.7767 0.6296
vn 0.0577 0.6642 0.7454
vn 0.2328 -0.3873 0.8921
vn -0.0963 0.9764 0.1935
vn -0.0000 0.8849 0.4659
vn -0.1841 0.3316 0.9253
vn -0.0000 0.3316 0.9434
vn -0.0909 0.8849 0.4569
vn -0.3610 0.3316 0.8716
vn -0.2588 0.8849 0.3873
vn -0.5241 0.3316 0.7844
vn -0.6671 0.3316 0.6671
vn -0.3873 0.8849 0.2588
vn -0.7844 0.3316 0.5241
vn -0.4304 0.8849 0.1783
vn -0.8716 0.3316 0.3610
vn -0.9253 0.3316 0.1840
vn -0.4569 0.8849 0.0909
vn -0.9434 0.3316 -0.0000
vn -0.4569 0.8849 -0.0909
vn -0.9253 0.3316 -0.1841
vn -0.4304 0.8849 -0.1783
vn -0.8716 0.3316 -0.3610
vn -0.7844 0.3316 -0.5241
vn -0.3294 0.8849 -0.3294
vn -0.6671 0.3316 -0.6671
vn -0.2588 0.8849 -0.3873
vn -0.5241 0.3316 -0.7844
vn -0.3610 0.3316 -0.8716
vn -0.0909 0.8849 -0.4569
vn -0.1841 0.3316 -0.9253
vn -0.0000 0.8849 -0.4659
vn -0.0000 0.3316 -0.9434
vn 0.1841 0.3316 -0.9253
vn 0.1783 0.8849 -0.4304
vn 0.3610 0.3316 -0.8716
vn 0.2588 0.8849 -0.3873
vn 0.5241 0.3316 -0.7844
vn 0.6671 0.3316 -0.6671
vn 0.3294 0.8849 -0.3294
vn 0.7844 0.3316 -0.5241
vn 0.4304 0.8849 -0.1783
vn 0.8716 0.3316 -0.3610
vn 0.9253 0.3316 -0.1841
vn 0.4659 0.8849 -0.0000
vn 0.9434 0.3316 -0.0000
vn 0.9253 0.3316 0.1841
vn 0.4304 0.8849 0.1783
vn 0.8716 0.3316 0.3610
vn 0.7844 0.3316 0.5241
vn 0.3294 0.8849 0.3294
vn 0.6671 0.3316 0.6671
vn 0.2588 0.8849 0.3873
vn 0.5241 0.3316 0.7844
vn 0.3610 0.3316 0.8716
vn 0.6836 -0.7298 -0.0000
vn 0.7139 -0.6857 0.1420
vn 0.6705 -0.7298 0.1334
vn 0.1783 0.8849 0.4304
vn 0.1841 0.3316 0.9253
vn 0.0832 -0.9046 0.4181
vn -0.4181 -0.9046 0.0832
vn -0.0832 -0.9046 -0.4181
vn 0.1575 -0.5901 0.7918
vn -0.0000 -0.9046 0.4263
vn 0.1836 -0.3381 0.9230
vn -0.0000 -0.5902 0.8073
vn 0.1951 -0.0123 0.9807
vn -0.0000 -0.3381 0.9411
vn 0.1907 0.2109 0.9587
vn -0.0000 -0.0123 0.9999
vn -0.0000 0.4271 0.9042
vn -0.0000 0.2109 0.9775
vn 0.3089 -0.5901 0.7458
vn 0.1631 -0.9046 0.3938
vn 0.3827 -0.0123 0.9238
vn 0.3601 -0.3381 0.8695
vn 0.3741 0.2109 0.9031
vn 0.1764 0.4271 0.8868
vn 0.2368 -0.9046 0.3544
vn 0.4485 -0.5902 0.6712
vn 0.5555 -0.0123 0.8314
vn 0.5229 -0.3381 0.7825
vn 0.5023 0.4271 0.7518
vn 0.5431 0.2109 0.8128
vn 0.5708 -0.5901 0.5708
vn 0.3014 -0.9046 0.3014
vn 0.6655 -0.3381 0.6655
vn 0.7071 -0.0123 0.7071
vn 0.6912 0.2109 0.6912
vn 0.6712 -0.5901 0.4485
vn 0.3544 -0.9046 0.2368
vn 0.7825 -0.3381 0.5229
vn 0.8314 -0.0123 0.5555
vn 0.7518 0.4271 0.5023
vn 0.8128 0.2109 0.5431
vn 0.7458 -0.5901 0.3089
vn 0.3938 -0.9046 0.1631
vn 0.9238 -0.0123 0.3827
vn 0.8695 -0.3381 0.3601
vn 0.8354 0.4271 0.3460
vn 0.9031 0.2109 0.3741
vn 0.7918 -0.5901 0.1575
vn 0.4180 -0.9046 0.0832
vn 0.9230 -0.3381 0.1836
vn 0.9807 -0.0123 0.1951
vn 0.8868 0.4271 0.1764
vn 0.9587 0.2109 0.1907
vn 0.4262 -0.9046 -0.0000
vn 0.9411 -0.3381 -0.0000
vn 0.8073 -0.5902 -0.0000
vn 0.9999 -0.0123 -0.0000
vn 0.9775 0.2109 -0.0000
vn 0.9042 0.4271 -0.0000
vn 0.7918 -0.5901 -0.1575
vn 0.4181 -0.9046 -0.0832
vn 0.9230 -0.3381 -0.1836
vn 0.9807 -0.0123 -0.1951
vn 0.9587 0.2109 -0.1907
vn 0.3938 -0.9046 -0.1631
vn 0.8695 -0.3381 -0.3601
vn 0.7458 -0.5901 -0.3089
vn 0.9238 -0.0123 -0.3827
vn 0.9031 0.2109 -0.3741
vn 0.8868 0.4271 -0.1764
vn 0.3544 -0.9046 -0.2368
vn 0.7825 -0.3381 -0.5229
vn 0.6712 -0.5901 -0.4485
vn 0.8128 0.2109 -0.5431
vn 0.8314 -0.0123 -0.5555
vn 0.7518 0.4271 -0.5023
vn 0.3014 -0.9046 -0.3014
vn 0.5708 -0.5901 -0.5708
vn 0.7071 -0.0123 -0.7071
vn 0.6655 -0.3381 -0.6655
vn 0.6912 0.2109 -0.6912
vn 0.2368 -0.9046 -0.3544
vn 0.5229 -0.3381 -0.7825
vn 0.4485 -0.5902 -0.6712
vn 0.5555 -0.0123 -0.8314
vn 0.5431 0.2109 -0.8128
vn 0.5023 0.4271 -0.7518
vn 0.3089 -0.5901 -0.7458
vn 0.1631 -0.9046 -0.3938
vn 0.3601 -0.3381 -0.8695
vn 0.3741 0.2109 -0.9031
vn 0.3827 -0.0123 -0.9238
vn 0.0832 -0.9046 -0.4180
vn 0.1836 -0.3381 -0.9230
vn 0.1575 -0.5901 -0.7918
vn 0.1951 -0.0123 -0.9807
vn 0.1907 0.2109 -0.9587
vn 0.1764 0.4271 -0.8868
vn -0.0000 -0.9046 -0.4263
vn -0.0000 -0.5902 -0.8073
vn -0.0000 -0.3381 -0.9411
vn -0.0000 0.2109 -0.9775
vn -0.0000 -0.0123 -0.9999
vn -0.0000 0.4271 -0.9042
vn -0.1575 -0.5901 -0.7918
vn -0.1951 -0.0123 -0.9807
vn -0.1836 -0.3381 -0.9230
vn -0.1907 0.2109 -0.9587
vn -0.3089 -0.5901 -0.7458
vn -0.1631 -0.9046 -0.3938
vn -0.3601 -0.3381 -0.8695
vn -0.3827 -0.0123 -0.9238
vn -0.3741 0.2109 -0.9031
vn -0.3460 0.4271 -0.8354
vn -0.2368 -0.9046 -0.3544
vn -0.4485 -0.5902 -0.6712
vn -0.5555 -0.0123 -0.8314
vn -0.5229 -0.3381 -0.7825
vn -0.5431 0.2109 -0.8128
vn -0.5708 -0.5901 -0.5708
vn -0.3014 -0.9046 -0.3014
vn -0.6655 -0.3381 -0.6655
vn -0.7071 -0.0123 -0.7071
vn -0.6912 0.2109 -0.6912
vn -0.6394 0.4271 -0.6394
vn -0.6712 -0.5901 -0.4485
vn -0.3544 -0.9046 -0.2368
vn -0.8314 -0.0123 -0.5555
vn -0.7825 -0.3381 -0.5229
vn -0.8128 0.2109 -0.5431
vn -0.3938 -0.9046 -0.1631
vn -0.8695 -0.3381 -0.3601
vn -0.7458 -0.5902 -0.3089
vn -0.9031 0.2109 -0.3741
vn -0.9238 -0.0123 -0.3827
vn -0.8354 0.4271 -0.3460
vn -0.7918 -0.5901 -0.1575
vn -0.4180 -0.9046 -0.0832
vn -0.9230 -0.3381 -0.1836
vn -0.9807 -0.0123 -0.1951
vn -0.8868 0.4271 -0.1764
vn -0.9587 0.2109 -0.1907
vn -0.4262 -0.9046 -0.0000
vn -0.8073 -0.5902 -0.0000
vn -0.9999 -0.0123 -0.0000
vn -0.9411 -0.3381 -0.0000
vn -0.9775 0.2109 -0.0000
vn -0.7918 -0.5901 0.1575
vn -0.9230 -0.3381 0.1836
vn -0.9807 -0.0123 0.1951
vn -0.8868 0.4271 0.1764
vn -0.9587 0.2109 0.1907
vn -0.7458 -0.5901 0.3089
vn -0.3938 -0.9046 0.1631
vn -0.9238 -0.0123 0.3827
vn -0.8695 -0.3381 0.3601
vn -0.9031 0.2109 0.3741
vn -0.3544 -0.9046 0.2368
vn -0.6712 -0.5901 0.4485
vn -0.8314 -0.0123 0.5555
vn -0.7825 -0.3381 0.5229
vn -0.8128 0.2109 0.5431
vn -0.8354 0.4271 0.3460
vn -0.3014 -0.9046 0.3014
vn -0.6655 -0.3381 0.6655
vn -0.5708 -0.5902 0.5708
vn -0.6912 0.2109 0.6912
vn -0.7071 -0.0123 0.7071
vn -0.6394 0.4271 0.6394
vn -0.4485 -0.5901 0.6712
vn -0.2368 -0.9046 0.3544
vn -0.5229 -0.3381 0.7825
vn -0.5555 -0.0123 0.8314
vn -0.5431 0.2109 0.8128
vn -0.3089 -0.5901 0.7458
vn -0.1631 -0.9046 0.3938
vn -0.3601 -0.3381 0.8695
vn -0.3741 0.2109 0.9031
vn -0.3827 -0.0123 0.9238
vn -0.3460 0.4271 0.8354
vn -0.0832 -0.9046 0.4180
vn -0.1575 -0.5901 0.7918
vn -0.1836 -0.3381 0.9230
vn -0.1951 -0.0123 0.9807
vn -0.1907 0.2109 0.9587
vn 0.1912 -0.1982 0.9613
vn 0.3751 -0.1982 0.9055
vn 0.3460 0.4271 0.8354
vn 0.5445 -0.1982 0.8150
vn 0.6931 -0.1982 0.6931
vn 0.6394 0.4271 0.6394
vn 0.8150 -0.1982 0.5445
vn 0.9055 -0.1982 0.3751
vn 0.9802 -0.1982 -0.0000
vn 0.9055 -0.1982 -0.3751
vn 0.8354 0.4271 -0.3460
vn 0.6394 0.4271 -0.6394
vn 0.8150 -0.1982 -0.5445
vn 0.6931 -0.1982 -0.6931
vn 0.3460 0.4271 -0.8354
vn 0.5445 -0.1982 -0.8150
vn 0.3751 -0.1982 -0.9055
vn 0.1912 -0.1982 -0.9613
vn -0.1764 0.4271 -0.8868
vn -0.0000 -0.1982 -0.9802
vn -0.1912 -0.1982 -0.9613
vn -0.5445 -0.1982 -0.8150
vn -0.5023 0.4271 -0.7518
vn -0.8150 -0.1982 -0.5445
vn -0.7518 0.4271 -0.5023
vn -0.9613 -0.1982 -0.1912
vn -0.9802 -0.1982 -0.0000
vn -0.9042 0.4271 -0.0000
vn -0.9613 -0.1982 0.1912
vn -0.8150 -0.1982 0.5445
vn -0.7518 0.4271 0.5023
vn -0.5445 -0.1982 0.8150
vn -0.5023 0.4271 0.7518
vn -0.1912 -0.1982 0.9613
vn -0.1764 0.4271 0.8868
vn -0.0000 -0.1982 0.9802
vn 0.1749 -0.4435 0.8791
vn -0.0000 -0.4435 0.8963
vn 0.3430 -0.4435 0.8281
vn 0.4979 -0.4435 0.7452
vn 0.6338 -0.4435 0.6338
vn 0.7452 -0.4435 0.4979
vn 0.8281 -0.4435 0.3430
vn 0.9613 -0.1982 0.1912
vn 0.8791 -0.4435 0.1749
vn 0.8963 -0.4435 -0.0000
vn 0.8791 -0.4435 -0.1749
vn 0.9613 -0.1982 -0.1912
vn 0.8281 -0.4435 -0.3430
vn 0.7452 -0.4435 -0.4979
vn 0.6338 -0.4435 -0.6338
vn 0.4979 -0.4435 -0.7452
vn 0.3430 -0.4435 -0.8281
vn 0.1749 -0.4435 -0.8791
vn -0.0000 -0.4435 -0.8963
vn -0.1749 -0.4435 -0.8791
vn -0.3430 -0.4435 -0.8281
vn -0.3751 -0.1982 -0.9055
vn -0.4979 -0.4435 -0.7452
vn -0.6338 -0.4435 -0.6338
vn -0.6931 -0.1982 -0.6931
vn -0.7452 -0.4435 -0.4979
vn -0.9055 -0.1982 -0.3751
vn -0.8281 -0.4435 -0.3430
vn -0.8791 -0.4435 -0.1749
vn -0.8963 -0.4435 -0.0000
vn -0.8791 -0.4435 0.1749
vn -0.8281 -0.4435 0.3430
vn -0.9055 -0.1982 0.3751
vn -0.7452 -0.4435 0.4979
vn -0.6338 -0.4435 0.6338
vn -0.6931 -0.1982 0.6931
vn -0.4979 -0.4435 0.7452
vn -0.3430 -0.4435 0.8281
vn -0.3751 -0.1982 0.9055
vn -0.1749 -0.4435 0.8791
vn -0.0000 0.7298 -0.6836
vn 0.2616 0.7298 -0.6316
vn 0.1334 0.7298 -0.6705
vn 0.3798 0.7298 -0.5684
vn -0.1783 0.8849 0.4304
vn 0.4834 0.7299 -0.4834
vn 0.5684 0.7298 -0.3798
vn -0.3294 0.8849 0.3294
vn 0.6705 0.7298 -0.1334
vn 0.6316 0.7298 -0.2616
vn 0.6836 0.7299 -0.0000
vn -0.4659 0.8849 -0.0000
vn 0.6316 0.7298 0.2616
vn 0.6705 0.7298 0.1334
vn 0.5684 0.7298 0.3798
vn 0.4834 0.7299 0.4834
vn -0.3873 0.8849 -0.2588
vn 0.3798 0.7298 0.5684
vn -0.1783 0.8849 -0.4304
vn 0.1334 0.7299 0.6705
vn 0.2616 0.7298 0.6316
vn -0.0000 0.7298 0.6836
vn 0.0909 0.8849 -0.4569
vn -0.2616 0.7298 0.6316
vn -0.1334 0.7298 0.6705
vn -0.3798 0.7298 0.5684
vn -0.4834 0.7299 0.4834
vn -0.5684 0.7299 0.3798
vn 0.3873 0.8849 -0.2588
vn -0.6705 0.7298 0.1334
vn -0.6316 0.7298 0.2616
vn -0.6836 0.7299 -0.0000
vn 0.4569 0.8849 -0.0909
vn 0.4569 0.8849 0.0909
vn -0.6316 0.7298 -0.2616
vn -0.6705 0.7298 -0.1334
vn -0.5684 0.7299 -0.3798
vn 0.3873 0.8849 0.2588
vn -0.4834 0.7298 -0.4834
vn -0.3798 0.7298 -0.5684
vn -0.2616 0.7298 -0.6316
vn 0.0909 0.8849 0.4569
vn -0.1334 0.7298 -0.6705
vn 0.4834 -0.7298 0.4834
vn 0.6052 -0.6857 0.4044
vn 0.5147 -0.6857 0.5147
vn -0.0000 1.0000 -0.0000
vn -0.6725 0.6857 0.2786
vn -0.6705 -0.7298 0.1334
vn -0.6725 -0.6857 0.2786
vn -0.7139 -0.6857 0.1420
vn -0.6705 -0.7298 -0.1334
vn -0.6725 -0.6857 -0.2786
vn -0.6316 -0.7298 -0.2616
vn -0.6052 0.6857 0.4044
vn 0.6316 -0.7298 0.2616
vn 0.6725 -0.6857 0.2785
vn 0.4044 -0.6857 0.6052
vn 0.3798 -0.7298 0.5684
vn -0.5147 0.6857 0.5147
vn -0.6836 -0.7298 -0.0000
vn -0.7279 -0.6857 -0.0000
vn -0.5684 -0.7298 -0.3798
vn -0.6052 -0.6857 -0.4044
vn -0.4044 0.6857 0.6052
vn 0.5684 -0.7298 0.3798
vn 0.2786 -0.6857 0.6725
vn 0.2616 -0.7298 0.6316
vn -0.2785 0.6857 0.6725
vn -0.7139 -0.6857 -0.1420
vn -0.0000 -0.7298 -0.6836
vn 0.1420 -0.6857 -0.7139
vn 0.1334 -0.7298 -0.6705
vn -0.1420 0.6857 0.7139
vn -0.5147 -0.6857 -0.5147
vn -0.4834 -0.7298 -0.4834
vn -0.0000 0.6857 0.7279
vn 0.1334 -0.7298 0.6705
vn 0.1420 -0.6857 0.7139
vn 0.1420 0.6857 0.7139
vn 0.2616 -0.7298 -0.6316
vn 0.2785 -0.6857 -0.6725
vn 0.2786 0.6857 0.6725
vn -0.4044 -0.6857 -0.6052
vn -0.3798 -0.7298 -0.5684
vn 0.4044 0.6857 0.6052
vn -0.0000 -0.6857 0.7279
vn -0.0000 -0.7298 0.6836
vn 0.5147 0.6857 0.5147
vn 0.3798 -0.7298 -0.5684
vn 0.4044 -0.6857 -0.6052
vn 0.6052 0.6857 0.4044
vn -0.2786 -0.6857 -0.6725
vn -0.2616 -0.7298 -0.6316
vn 0.6725 0.6857 0.2785
vn -0.5684 -0.7298 0.3798
vn -0.6316 -0.7298 0.2616
vn -0.4834 -0.7298 0.4834
vn 0.6316 -0.7298 -0.2616
vn 0.6705 -0.7298 -0.1334
vn -0.2616 -0.7298 0.6316
vn -0.3798 -0.7298 0.5684
vn 0.4834 -0.7298 -0.4834
vn 0.5684 -0.7298 -0.3798
vn -0.1334 -0.7298 0.6705
vn -0.1334 -0.7298 -0.6705
vn -0.6725 0.6857 -0.2785
vn -0.6052 0.6857 -0.4044
vn -0.0000 -0.6857 -0.7279
vn 0.1420 0.6857 -0.7139
vn -0.5147 0.6857 -0.5147
vn 0.2785 0.6857 -0.6725
vn -0.4044 0.6857 -0.6052
vn 0.4044 0.6857 -0.6052
vn -0.2786 0.6857 -0.6725
vn -0.1420 -0.6857 0.7139
vn 0.5147 0.6857 -0.5147
vn 0.5147 -0.6857 -0.5147
vn -0.1420 -0.6857 -0.7139
vn -0.1420 0.6857 -0.7139
vn -0.2786 -0.6857 0.6725
vn 0.6052 0.6857 -0.4044
vn 0.6052 -0.6857 -0.4044
vn -0.0000 0.6857 -0.7279
vn -0.4044 -0.6857 0.6052
vn 0.6725 0.6857 -0.2786
vn 0.6725 -0.6857 -0.2786
vn -0.5147 -0.6857 0.5147
vn 0.7139 0.6857 -0.1420
vn 0.7139 -0.6857 -0.1420
vn -0.6052 -0.6857 0.4044
vn 0.7279 0.6857 -0.0000
vn 0.7279 -0.6857 -0.0000
vn 0.7139 0.6857 0.1420
vn -0.7139 0.6857 0.1420
vn -0.7279 0.6857 -0.0000
vn -0.7139 0.6857 -0.1420
vt 0.391254 0.689457
vt 0.392324 0.688473
vt 0.392332 0.689439
vt 0.382791 0.689575
vt 0.384342 0.688776
vt 0.384379 0.689559
vt 0.393465 0.688489
vt 0.393457 0.689420
vt 0.385741 0.689540
vt 0.385696 0.688669
vt 0.394672 0.689398
vt 0.394678 0.688526
vt 0.386946 0.689523
vt 0.386915 0.688594
vt 0.396024 0.689375
vt 0.396031 0.688591
vt 0.388067 0.689506
vt 0.388044 0.688538
vt 0.397606 0.689345
vt 0.397630 0.688691
vt 0.389149 0.689491
vt 0.389127 0.688504
vt 0.399674 0.688872
vt 0.399650 0.689306
vt 0.390200 0.689473
vt 0.390188 0.688481
vt 0.380755 0.689593
vt 0.377631 0.689623
vt 0.380732 0.689160
vt 0.402777 0.689242
vt 0.391247 0.688468
vt 0.382762 0.688923
vt 0.390171 0.687474
vt 0.391248 0.687470
vt 0.382658 0.688273
vt 0.392349 0.687496
vt 0.384250 0.687992
vt 0.393500 0.687550
vt 0.385614 0.687793
vt 0.394735 0.687647
vt 0.386837 0.687655
vt 0.396110 0.687800
vt 0.387994 0.687563
vt 0.397719 0.688037
vt 0.389092 0.687505
vt 0.399738 0.688442
vt 0.380643 0.688732
vt 0.394841 0.686751
vt 0.396240 0.686999
vt 0.387911 0.686567
vt 0.397857 0.687382
vt 0.389040 0.686484
vt 0.399854 0.688015
vt 0.390149 0.686442
vt 0.380502 0.688313
vt 0.391262 0.686445
vt 0.382489 0.687625
vt 0.392400 0.686491
vt 0.384097 0.687199
vt 0.393585 0.686589
vt 0.385468 0.686902
vt 0.386731 0.686703
vt 0.380307 0.687907
vt 0.382252 0.686979
vt 0.391298 0.685383
vt 0.392479 0.685460
vt 0.383865 0.686396
vt 0.393706 0.685602
vt 0.385283 0.685997
vt 0.395014 0.685832
vt 0.386570 0.685719
vt 0.396434 0.686187
vt 0.387796 0.685537
vt 0.398062 0.686730
vt 0.388972 0.685416
vt 0.400039 0.687602
vt 0.390136 0.685369
vt 0.387646 0.684458
vt 0.398342 0.686076
vt 0.388888 0.684311
vt 0.400279 0.687205
vt 0.390114 0.684242
vt 0.380068 0.687514
vt 0.391343 0.684267
vt 0.381937 0.686335
vt 0.392595 0.684370
vt 0.383562 0.685580
vt 0.393879 0.684574
vt 0.385022 0.685061
vt 0.395240 0.684890
vt 0.386364 0.684698
vt 0.396717 0.685359
vt 0.392744 0.683221
vt 0.381561 0.685701
vt 0.383182 0.684746
vt 0.394120 0.683484
vt 0.384677 0.684082
vt 0.395552 0.683900
vt 0.386093 0.683622
vt 0.397061 0.684520
vt 0.387452 0.683311
vt 0.398726 0.685425
vt 0.388783 0.683131
vt 0.400566 0.686825
vt 0.390094 0.683050
vt 0.379760 0.687150
vt 0.391407 0.683085
vt 0.397529 0.683651
vt 0.399175 0.684787
vt 0.387208 0.682092
vt 0.388641 0.681844
vt 0.400924 0.686479
vt 0.390071 0.681764
vt 0.379404 0.686808
vt 0.391505 0.681790
vt 0.381086 0.685072
vt 0.392952 0.681986
vt 0.382706 0.683894
vt 0.394422 0.682338
vt 0.384239 0.683058
vt 0.395943 0.682873
vt 0.385751 0.682484
vt 0.394823 0.681092
vt 0.383716 0.681999
vt 0.396461 0.681770
vt 0.385304 0.681253
vt 0.398094 0.682762
vt 0.386890 0.680752
vt 0.399735 0.684157
vt 0.388472 0.680465
vt 0.401335 0.686163
vt 0.390044 0.680333
vt 0.378976 0.686513
vt 0.391623 0.680401
vt 0.380516 0.684468
vt 0.393217 0.680643
vt 0.382098 0.683028
vt 0.401820 0.685903
vt 0.388245 0.678892
vt 0.390021 0.678741
vt 0.378487 0.686269
vt 0.391794 0.678843
vt 0.379833 0.683896
vt 0.393572 0.679154
vt 0.381367 0.682149
vt 0.395339 0.679746
vt 0.383016 0.680854
vt 0.397081 0.680633
vt 0.384758 0.679937
vt 0.398800 0.681866
vt 0.386491 0.679294
vt 0.400419 0.683566
vt 0.380464 0.681274
vt 0.382181 0.679668
vt 0.397926 0.679379
vt 0.384044 0.678488
vt 0.399678 0.680949
vt 0.385958 0.677624
vt 0.401230 0.683009
vt 0.387967 0.677142
vt 0.402359 0.685699
vt 0.389988 0.676977
vt 0.377945 0.686081
vt 0.392018 0.677061
vt 0.378988 0.683372
vt 0.394018 0.677519
vt 0.396001 0.678264
vt 0.387593 0.675125
vt 0.389946 0.674875
vt 0.377338 0.685981
vt 0.402967 0.685581
vt 0.392302 0.675066
vt 0.378017 0.682927
vt 0.394644 0.675593
vt 0.379355 0.680407
vt 0.396871 0.676619
vt 0.381119 0.678410
vt 0.398946 0.678080
vt 0.383117 0.676882
vt 0.400787 0.680034
vt 0.385291 0.675781
vt 0.402173 0.682532
vt 0.400300 0.676669
vt 0.381908 0.675085
vt 0.402131 0.679155
vt 0.384403 0.673650
vt 0.403323 0.682159
vt 0.387095 0.672769
vt 0.403623 0.685555
vt 0.389886 0.672426
vt 0.376686 0.685974
vt 0.392706 0.672647
vt 0.376884 0.682583
vt 0.395434 0.673452
vt 0.377983 0.679570
vt 0.397990 0.674793
vt 0.379727 0.677053
vt 0.375990 0.686093
vt 0.404321 0.685652
vt 0.393234 0.669818
vt 0.375579 0.682403
vt 0.396538 0.670866
vt 0.376298 0.678824
vt 0.399538 0.672667
vt 0.378014 0.675692
vt 0.402016 0.675207
vt 0.380302 0.673049
vt 0.403798 0.678354
vt 0.383222 0.671174
vt 0.404656 0.681938
vt 0.386418 0.669969
vt 0.389809 0.669453
vt 0.378230 0.670839
vt 0.405851 0.677704
vt 0.381544 0.668170
vt 0.406150 0.681935
vt 0.385436 0.666392
vt 0.405046 0.685896
vt 0.389716 0.665819
vt 0.375284 0.686355
vt 0.394025 0.666254
vt 0.374055 0.682452
vt 0.398091 0.667762
vt 0.374271 0.678250
vt 0.401594 0.670313
vt 0.375707 0.674272
vt 0.404233 0.673725
vt 0.395176 0.661679
vt 0.372439 0.682808
vt 0.400354 0.663910
vt 0.371719 0.677966
vt 0.404482 0.667617
vt 0.372653 0.672873
vt 0.407242 0.672249
vt 0.375320 0.668265
vt 0.408398 0.677338
vt 0.379213 0.664564
vt 0.407824 0.682259
vt 0.384091 0.662162
vt 0.405753 0.686305
vt 0.389547 0.661089
vt 0.374584 0.686780
vt 0.411493 0.677428
vt 0.375997 0.660360
vt 0.409637 0.682989
vt 0.381967 0.656600
vt 0.406419 0.686895
vt 0.389177 0.654782
vt 0.373936 0.687383
vt 0.396965 0.655486
vt 0.370663 0.683581
vt 0.403597 0.659366
vt 0.368656 0.678156
vt 0.408494 0.664619
vt 0.368740 0.671705
vt 0.411191 0.670971
vt 0.371366 0.665429
vt 0.404980 0.719066
vt 0.396505 0.717266
vt 0.401574 0.714772
vt 0.368716 0.701218
vt 0.372463 0.696514
vt 0.371718 0.701445
vt 0.409652 0.713636
vt 0.405463 0.710794
vt 0.368656 0.707717
vt 0.372787 0.706614
vt 0.412198 0.707093
vt 0.408006 0.705995
vt 0.371049 0.714571
vt 0.375511 0.711427
vt 0.411931 0.700563
vt 0.408937 0.700867
vt 0.379699 0.715365
vt 0.376271 0.720119
vt 0.408095 0.695994
vt 0.409854 0.695189
vt 0.385042 0.717675
vt 0.383128 0.724127
vt 0.406505 0.691439
vt 0.405865 0.692053
vt 0.390846 0.718428
vt 0.391208 0.724968
vt 0.373965 0.691915
vt 0.374620 0.692515
vt 0.398748 0.723070
vt 0.370676 0.695744
vt 0.406357 0.700618
vt 0.406405 0.696393
vt 0.382060 0.711448
vt 0.386254 0.713031
vt 0.405177 0.692490
vt 0.390684 0.713438
vt 0.375320 0.692937
vt 0.395058 0.712804
vt 0.374169 0.696875
vt 0.399085 0.711014
vt 0.374292 0.701134
vt 0.402511 0.708298
vt 0.375788 0.705245
vt 0.404985 0.704696
vt 0.378491 0.708763
vt 0.375643 0.696911
vt 0.376445 0.700513
vt 0.397329 0.707933
vt 0.400285 0.705989
vt 0.378155 0.703738
vt 0.402630 0.703304
vt 0.380635 0.706367
vt 0.404250 0.700071
vt 0.383655 0.708304
vt 0.404943 0.696463
vt 0.387051 0.709405
vt 0.404465 0.692762
vt 0.390573 0.709700
vt 0.376041 0.693192
vt 0.394080 0.709285
vt 0.384834 0.705641
vt 0.387625 0.706464
vt 0.403774 0.692886
vt 0.390505 0.706711
vt 0.376737 0.693300
vt 0.393353 0.706316
vt 0.376965 0.696708
vt 0.396113 0.705446
vt 0.378144 0.699737
vt 0.398615 0.703930
vt 0.379953 0.702270
vt 0.400807 0.701906
vt 0.382231 0.704250
vt 0.402528 0.699341
vt 0.403621 0.696297
vt 0.395162 0.703230
vt 0.397387 0.702140
vt 0.379523 0.698867
vt 0.381337 0.700869
vt 0.399398 0.700564
vt 0.383414 0.702384
vt 0.401165 0.698530
vt 0.385692 0.703398
vt 0.402479 0.695973
vt 0.388042 0.704017
vt 0.403114 0.692894
vt 0.390448 0.704188
vt 0.377395 0.693285
vt 0.392851 0.703956
vt 0.378101 0.696344
vt 0.401475 0.695532
vt 0.402509 0.692794
vt 0.388344 0.701967
vt 0.390410 0.702097
vt 0.377999 0.693170
vt 0.392457 0.701872
vt 0.379089 0.695876
vt 0.394482 0.701377
vt 0.380607 0.697975
vt 0.396439 0.700515
vt 0.382415 0.699546
vt 0.398315 0.699306
vt 0.384328 0.700700
vt 0.400026 0.697666
vt 0.386312 0.701497
vt 0.383234 0.698323
vt 0.395696 0.699038
vt 0.397437 0.698094
vt 0.385007 0.699220
vt 0.399105 0.696782
vt 0.386796 0.699815
vt 0.400657 0.695017
vt 0.388581 0.700154
vt 0.401954 0.692620
vt 0.390374 0.700264
vt 0.378542 0.692973
vt 0.392173 0.700128
vt 0.379905 0.695330
vt 0.393951 0.699714
vt 0.381527 0.697054
vt 0.388755 0.698594
vt 0.390354 0.698656
vt 0.379022 0.692712
vt 0.401459 0.692381
vt 0.391940 0.698527
vt 0.380607 0.694738
vt 0.393537 0.698233
vt 0.382251 0.696154
vt 0.395147 0.697727
vt 0.383903 0.697159
vt 0.396743 0.696962
vt 0.385526 0.697872
vt 0.398355 0.695909
vt 0.387149 0.698336
vt 0.399951 0.694452
vt 0.394686 0.696480
vt 0.396186 0.695881
vt 0.384412 0.696073
vt 0.385945 0.696618
vt 0.397753 0.695040
vt 0.387425 0.696983
vt 0.399369 0.693844
vt 0.388884 0.697170
vt 0.401035 0.692082
vt 0.390326 0.697224
vt 0.379447 0.692409
vt 0.391769 0.697136
vt 0.381179 0.694123
vt 0.393222 0.696892
vt 0.382833 0.695273
vt 0.400672 0.691744
vt 0.390311 0.695920
vt 0.391631 0.695840
vt 0.379810 0.692066
vt 0.381648 0.693489
vt 0.392963 0.695646
vt 0.383296 0.694411
vt 0.394335 0.695336
vt 0.384825 0.695035
vt 0.395757 0.694865
vt 0.386258 0.695465
vt 0.397266 0.694196
vt 0.387631 0.695747
vt 0.398870 0.693220
vt 0.388982 0.695890
vt 0.395418 0.693889
vt 0.396871 0.693362
vt 0.386503 0.694375
vt 0.387795 0.694586
vt 0.398484 0.692585
vt 0.389055 0.694688
vt 0.400359 0.691381
vt 0.390288 0.694714
vt 0.380114 0.691693
vt 0.391523 0.694656
vt 0.382028 0.692846
vt 0.392770 0.694501
vt 0.383659 0.693570
vt 0.394051 0.694250
vt 0.385131 0.694052
vt 0.382313 0.692189
vt 0.392615 0.693419
vt 0.383947 0.692740
vt 0.393845 0.693231
vt 0.385376 0.693101
vt 0.395147 0.692948
vt 0.386678 0.693346
vt 0.396558 0.692540
vt 0.387915 0.693492
vt 0.398176 0.691938
vt 0.389102 0.693569
vt 0.400116 0.690990
vt 0.390267 0.693584
vt 0.380348 0.691293
vt 0.391431 0.693534
vt 0.388002 0.692452
vt 0.396323 0.691736
vt 0.397931 0.691292
vt 0.389134 0.692507
vt 0.399916 0.690585
vt 0.390251 0.692509
vt 0.380537 0.690882
vt 0.391367 0.692473
vt 0.382537 0.691537
vt 0.392503 0.692385
vt 0.384154 0.691930
vt 0.393681 0.692243
vt 0.385541 0.692186
vt 0.394947 0.692038
vt 0.386808 0.692354
vt 0.391313 0.691446
vt 0.392416 0.691384
vt 0.384282 0.691134
vt 0.393570 0.691288
vt 0.385656 0.691291
vt 0.394799 0.691148
vt 0.386899 0.691391
vt 0.396169 0.690944
vt 0.388050 0.691454
vt 0.397754 0.690645
vt 0.389155 0.691479
vt 0.399770 0.690166
vt 0.390235 0.691473
vt 0.380659 0.690457
vt 0.382696 0.690882
vt 0.397658 0.689996
vt 0.389155 0.690478
vt 0.399677 0.689739
vt 0.390216 0.690468
vt 0.380740 0.690027
vt 0.391280 0.690446
vt 0.382773 0.690228
vt 0.392364 0.690406
vt 0.384367 0.690345
vt 0.393494 0.690349
vt 0.385720 0.690413
vt 0.394702 0.690269
vt 0.386941 0.690452
vt 0.396070 0.690157
vt 0.388073 0.690473
vt 0.136988 0.769838
vt 0.139269 0.769792
vt 0.138657 0.770764
vt 0.136565 0.770811
vt 0.138154 0.771577
vt 0.146750 0.751223
vt 0.159014 0.724777
vt 0.148801 0.752042
vt 0.142545 0.759716
vt 0.144685 0.760812
vt 0.139729 0.764775
vt 0.141738 0.765862
vt 0.138303 0.767344
vt 0.140129 0.768436
vt 0.137510 0.768813
vt 0.140896 0.770956
vt 0.140171 0.771843
vt 0.139526 0.772611
vt 0.150867 0.752900
vt 0.146899 0.761933
vt 0.143673 0.767140
vt 0.141894 0.769657
vt 0.149208 0.763110
vt 0.145626 0.768554
vt 0.143600 0.771079
vt 0.142453 0.772328
vt 0.141583 0.773196
vt 0.140762 0.773957
vt 0.153044 0.753678
vt 0.142962 0.774743
vt 0.142074 0.775429
vt 0.155371 0.754379
vt 0.151555 0.764479
vt 0.147679 0.770139
vt 0.145347 0.772693
vt 0.143962 0.773937
vt 0.157879 0.754983
vt 0.154240 0.765822
vt 0.149770 0.771977
vt 0.147087 0.774610
vt 0.145385 0.775850
vt 0.144184 0.776596
vt 0.143088 0.777186
vt 0.145259 0.778891
vt 0.143842 0.779385
vt 0.160706 0.755327
vt 0.157011 0.767398
vt 0.152049 0.774125
vt 0.148784 0.776941
vt 0.146766 0.778183
vt 0.154544 0.776666
vt 0.150575 0.779740
vt 0.148159 0.781054
vt 0.146251 0.781809
vt 0.144310 0.782316
vt 0.163833 0.755532
vt 0.160175 0.769114
vt 0.147523 0.785247
vt 0.145581 0.785813
vt 0.167325 0.755534
vt 0.163858 0.771004
vt 0.157395 0.779722
vt 0.152648 0.783136
vt 0.149694 0.784502
vt 0.154855 0.787346
vt 0.151145 0.788682
vt 0.148506 0.789277
vt 0.146132 0.789579
vt 0.171146 0.755415
vt 0.168371 0.773124
vt 0.160703 0.783483
vt 0.175593 0.754688
vt 0.174015 0.775346
vt 0.164783 0.788121
vt 0.157038 0.792579
vt 0.152345 0.793908
vt 0.148995 0.794273
vt 0.146022 0.794229
vt 0.159605 0.799689
vt 0.153128 0.800699
vt 0.148708 0.800601
vt 0.144745 0.799739
vt 0.180604 0.753374
vt 0.180649 0.777920
vt 0.169750 0.794245
vt 0.186188 0.751388
vt 0.189605 0.780595
vt 0.176319 0.802552
vt 0.162085 0.809298
vt 0.153481 0.810361
vt 0.147387 0.809598
vt 0.142229 0.808154
vt 0.165042 0.823322
vt 0.152199 0.823415
vt 0.143845 0.821111
vt 0.137121 0.817665
vt 0.192500 0.748027
vt 0.201434 0.783051
vt 0.184961 0.813703
vt 0.199253 0.743063
vt 0.217756 0.784496
vt 0.199617 0.830637
vt 0.167983 0.845668
vt 0.147504 0.842506
vt 0.135735 0.836749
vt 0.127159 0.829814
vt 0.169121 0.882937
vt 0.132900 0.874330
vt 0.118109 0.856830
vt 0.113254 0.840953
vt 0.206003 0.735735
vt 0.240505 0.782814
vt 0.225019 0.856927
vt 0.212246 0.725620
vt 0.271299 0.775767
vt 0.271299 0.894878
vt 0.167087 0.979694
vt 0.067826 0.935971
vt 0.020491 0.864859
vt 0.105939 0.831369
vt 0.064106 0.829935
vt 0.091678 0.807465
vt 0.088074 0.832902
vt 0.102695 0.808559
vt 0.123274 0.694187
vt 0.121414 0.704011
vt 0.077358 0.714022
vt 0.065464 0.696591
vt 0.055695 0.757277
vt 0.020306 0.753543
vt 0.065599 0.789693
vt 0.040685 0.808267
vt 0.079292 0.802571
vt 0.075441 0.757480
vt 0.081582 0.778660
vt 0.089474 0.787635
vt 0.096534 0.791947
vt 0.103278 0.794089
vt 0.121257 0.712338
vt 0.088384 0.725505
vt 0.101613 0.782174
vt 0.105699 0.784288
vt 0.122221 0.719129
vt 0.097482 0.733710
vt 0.088922 0.757294
vt 0.092683 0.772042
vt 0.097378 0.778617
vt 0.104586 0.739030
vt 0.098561 0.757122
vt 0.100893 0.768054
vt 0.103757 0.773182
vt 0.106408 0.776235
vt 0.109085 0.778439
vt 0.123748 0.724852
vt 0.110728 0.772393
vt 0.112474 0.774429
vt 0.125535 0.729554
vt 0.110339 0.742543
vt 0.106099 0.757320
vt 0.107305 0.765642
vt 0.109056 0.769778
vt 0.112460 0.764211
vt 0.113553 0.767637
vt 0.114628 0.769895
vt 0.115772 0.771757
vt 0.127552 0.733254
vt 0.115350 0.745705
vt 0.111744 0.757484
vt 0.129624 0.736296
vt 0.119521 0.747945
vt 0.116468 0.757859
vt 0.116724 0.763393
vt 0.117414 0.766282
vt 0.118236 0.768262
vt 0.119226 0.769967
vt 0.120236 0.762958
vt 0.120580 0.765394
vt 0.121038 0.767045
vt 0.121607 0.768431
vt 0.131610 0.739016
vt 0.123054 0.749695
vt 0.120348 0.758335
vt 0.133568 0.741338
vt 0.126166 0.751436
vt 0.123573 0.758816
vt 0.123231 0.762834
vt 0.123307 0.764939
vt 0.123504 0.766374
vt 0.123786 0.767590
vt 0.125868 0.762980
vt 0.125727 0.764855
vt 0.125719 0.766143
vt 0.125781 0.767256
vt 0.135477 0.743336
vt 0.128957 0.752776
vt 0.126446 0.759441
vt 0.131528 0.754059
vt 0.129017 0.760154
vt 0.128243 0.763356
vt 0.127924 0.765068
vt 0.127760 0.766260
vt 0.127662 0.767307
vt 0.137410 0.744933
vt 0.129643 0.766630
vt 0.129389 0.767606
vt 0.139267 0.746469
vt 0.133904 0.755233
vt 0.131368 0.760952
vt 0.130424 0.763917
vt 0.129950 0.765518
vt 0.136156 0.756359
vt 0.133569 0.761830
vt 0.132480 0.764640
vt 0.131874 0.766182
vt 0.131448 0.767271
vt 0.131043 0.768260
vt 0.141111 0.747840
vt 0.133261 0.768075
vt 0.132786 0.769040
vt 0.142959 0.749074
vt 0.138332 0.757447
vt 0.135670 0.762786
vt 0.134465 0.765486
vt 0.133769 0.767001
vt 0.140412 0.758652
vt 0.137703 0.763779
vt 0.136406 0.766403
vt 0.135646 0.767944
vt 0.135102 0.769095
vt 0.134537 0.770298
vt 0.144835 0.750199
vt 0.050734 0.615902
vt 0.066524 0.604741
vt 0.055199 0.619797
vt 0.061878 0.601372
vt 0.076837 0.589504
vt 0.081373 0.570712
vt 0.086470 0.573640
vt 0.095531 0.557231
vt 0.098522 0.537875
vt 0.103811 0.540367
vt 0.106065 0.520953
vt 0.111568 0.523293
vt 0.118502 0.505755
vt 0.112987 0.503661
vt 0.124872 0.487970
vt 0.124768 0.468178
vt 0.130538 0.469869
vt 0.129752 0.449904
vt 0.135627 0.451360
vt 0.139867 0.432573
vt 0.137584 0.412691
vt 0.143556 0.413674
vt 0.140261 0.393822
vt 0.146225 0.394578
vt 0.148394 0.375532
vt 0.143689 0.356195
vt 0.149654 0.356465
vt 0.144127 0.337294
vt 0.150132 0.337338
vt 0.149810 0.318280
vt 0.142804 0.299878
vt 0.148688 0.299375
vt 0.140874 0.281365
vt 0.146788 0.280617
vt 0.144037 0.261894
vt 0.138141 0.262868
vt 0.140445 0.243099
vt 0.130296 0.225834
vt 0.136213 0.224374
vt 0.131205 0.205705
vt 0.119662 0.189007
vt 0.125488 0.187067
vt 0.118820 0.168658
vt 0.105799 0.152944
vt 0.111442 0.150521
vt 0.103505 0.132734
vt 0.089607 0.118257
vt 0.094893 0.115520
vt 0.080742 0.101864
vt 0.085887 0.098937
vt 0.076293 0.083102
vt 0.087820 0.475511
vt 0.084621 0.456528
vt 0.092649 0.458793
vt 0.071367 0.086166
vt 0.066193 0.067773
vt 0.050676 0.056498
vt 0.055145 0.052701
vt 0.763692 0.736290
vt 0.793915 0.835920
vt 0.694285 0.866142
vt 0.471569 0.327254
vt 0.478450 0.274540
vt 0.491317 0.281075
vt 0.502922 0.655785
vt 0.454008 0.669643
vt 0.459046 0.647682
vt 0.540309 0.659825
vt 0.498656 0.681762
vt 0.566892 0.660976
vt 0.538499 0.686993
vt 0.612648 0.685109
vt 0.566597 0.687505
vt 0.491416 0.334237
vt 0.504931 0.285865
vt 0.462330 0.625526
vt 0.541996 0.634096
vt 0.505957 0.630936
vt 0.567636 0.635161
vt 0.611859 0.660448
vt 0.519056 0.288825
vt 0.464420 0.603170
vt 0.543397 0.609066
vt 0.508080 0.606760
vt 0.612667 0.611108
vt 0.568481 0.610028
vt 0.532989 0.340129
vt 0.533447 0.289906
vt 0.465643 0.580575
vt 0.509628 0.582929
vt 0.544419 0.584416
vt 0.569310 0.585219
vt 0.553995 0.338936
vt 0.547856 0.289088
vt 0.510339 0.559215
vt 0.466865 0.557986
vt 0.545147 0.560062
vt 0.614156 0.561387
vt 0.569864 0.560531
vt 0.574662 0.334997
vt 0.562032 0.286386
vt 0.467450 0.535608
vt 0.545272 0.535712
vt 0.510505 0.535602
vt 0.614697 0.536330
vt 0.570207 0.535845
vt 0.594634 0.328378
vt 0.575732 0.281846
vt 0.466766 0.513161
vt 0.510433 0.511944
vt 0.545340 0.511311
vt 0.615015 0.511124
vt 0.570187 0.511080
vt 0.588716 0.275547
vt 0.509418 0.488167
vt 0.466093 0.490676
vt 0.544597 0.486735
vt 0.569875 0.486095
vt 0.615112 0.485739
vt 0.631123 0.307605
vt 0.600761 0.267597
vt 0.464093 0.468216
vt 0.508080 0.464105
vt 0.543763 0.461840
vt 0.569160 0.460894
vt 0.611659 0.258135
vt 0.505626 0.439690
vt 0.461758 0.445737
vt 0.542140 0.436404
vt 0.568398 0.435109
vt 0.615024 0.460147
vt 0.621220 0.247325
vt 0.647010 0.293811
vt 0.502134 0.414666
vt 0.458174 0.423538
vt 0.567356 0.408593
vt 0.540010 0.410066
vt 0.614476 0.408798
vt 0.629278 0.235353
vt 0.660949 0.278051
vt 0.452810 0.401659
vt 0.537376 0.382163
vt 0.497262 0.388842
vt 0.566641 0.380741
vt 0.635696 0.222426
vt 0.672698 0.260597
vt 0.783441 0.196179
vt 0.734979 0.211810
vt 0.739171 0.189657
vt 0.820655 0.198864
vt 0.780118 0.222207
vt 0.846979 0.199096
vt 0.819806 0.225881
vt 0.891463 0.197500
vt 0.847601 0.225437
vt 0.688854 0.221842
vt 0.640361 0.208769
vt 0.785503 0.171497
vt 0.741960 0.167550
vt 0.846933 0.173528
vt 0.821456 0.173086
vt 0.643193 0.194618
vt 0.786513 0.147322
vt 0.743624 0.145550
vt 0.821863 0.148147
vt 0.847052 0.148449
vt 0.891229 0.148549
vt 0.644142 0.180217
vt 0.692982 0.201211
vt 0.743836 0.123534
vt 0.786987 0.123428
vt 0.847148 0.123521
vt 0.822062 0.123442
vt 0.891589 0.123776
vt 0.692982 0.159223
vt 0.643193 0.165817
vt 0.743118 0.101348
vt 0.821989 0.098660
vt 0.786639 0.099513
vt 0.847245 0.098540
vt 0.688854 0.138593
vt 0.640361 0.151665
vt 0.785366 0.075223
vt 0.741934 0.079150
vt 0.821421 0.073628
vt 0.847169 0.073263
vt 0.892167 0.074127
vt 0.635696 0.138008
vt 0.739181 0.057140
vt 0.820599 0.047650
vt 0.783228 0.050444
vt 0.847273 0.047368
vt 0.672698 0.099837
vt 0.629278 0.125082
vt 0.779693 0.024783
vt 0.734979 0.035204
vt 0.819293 0.020311
vt 0.847728 0.020306
vt 0.894370 0.024200
vt 0.660949 0.082384
vt 0.621220 0.113110
vt 0.812130 0.420942
vt 0.771810 0.386518
vt 0.817169 0.398655
vt 0.729920 0.408659
vt 0.767535 0.412725
vt 0.703379 0.380741
vt 0.731776 0.381457
vt 0.703145 0.407715
vt 0.656803 0.383481
vt 0.611659 0.102299
vt 0.764660 0.437712
vt 0.808493 0.443251
vt 0.702509 0.433670
vt 0.728316 0.434624
vt 0.657795 0.433282
vt 0.631123 0.052829
vt 0.600761 0.092837
vt 0.762507 0.462083
vt 0.806406 0.465705
vt 0.726976 0.459814
vt 0.657352 0.458118
vt 0.701762 0.458940
vt 0.588716 0.084888
vt 0.805218 0.488438
vt 0.725989 0.484589
vt 0.760937 0.486051
vt 0.701025 0.483848
vt 0.594633 0.032057
vt 0.575732 0.078589
vt 0.760177 0.509884
vt 0.804026 0.511192
vt 0.725275 0.509007
vt 0.656232 0.507976
vt 0.700559 0.508594
vt 0.574662 0.025438
vt 0.562032 0.074049
vt 0.803446 0.533791
vt 0.725110 0.533377
vt 0.759896 0.533590
vt 0.700321 0.533256
vt 0.547856 0.071346
vt 0.803478 0.556267
vt 0.725325 0.557759
vt 0.760139 0.557240
vt 0.700392 0.557999
vt 0.655869 0.533022
vt 0.533447 0.070529
vt 0.553995 0.021498
vt 0.760975 0.580910
vt 0.804157 0.578631
vt 0.700770 0.582927
vt 0.726007 0.582274
vt 0.655806 0.583462
vt 0.512008 0.021882
vt 0.519056 0.071609
vt 0.805588 0.600894
vt 0.762397 0.604841
vt 0.726838 0.607033
vt 0.701498 0.608041
vt 0.491416 0.026198
vt 0.504931 0.074570
vt 0.764770 0.629075
vt 0.807975 0.622995
vt 0.702428 0.633653
vt 0.728511 0.632222
vt 0.656390 0.634393
vt 0.491317 0.079360
vt 0.811906 0.644965
vt 0.768085 0.653863
vt 0.730442 0.658426
vt 0.703348 0.660000
vt 0.478450 0.085895
vt 0.471569 0.033180
vt 0.773122 0.679713
vt 0.817169 0.666678
vt 0.732904 0.686413
vt 0.656322 0.685420
vt 0.703978 0.687339
vt 0.077164 0.060168
vt 0.094013 0.020306
vt 0.107413 0.036334
vt 0.087599 0.075869
vt 0.119801 0.053246
vt 0.097412 0.092252
vt 0.131397 0.070732
vt 0.107149 0.109052
vt 0.142467 0.088923
vt 0.116220 0.126652
vt 0.152914 0.108001
vt 0.124698 0.144803
vt 0.162505 0.128056
vt 0.170740 0.148587
vt 0.138957 0.182567
vt 0.177989 0.169169
vt 0.184312 0.190041
vt 0.149819 0.221014
vt 0.189699 0.211105
vt 0.194141 0.232338
vt 0.197461 0.253340
vt 0.154011 0.240274
vt 0.200261 0.274104
vt 0.157718 0.259593
vt 0.202239 0.294802
vt 0.160060 0.278957
vt 0.203872 0.315628
vt 0.162473 0.298256
vt 0.204649 0.337022
vt 0.163696 0.317788
vt 0.204314 0.358692
vt 0.164319 0.337449
vt 0.202816 0.380155
vt 0.163458 0.357153
vt 0.160253 0.396406
vt 0.200657 0.401571
vt 0.197337 0.422819
vt 0.153514 0.435386
vt 0.193402 0.443879
vt 0.188400 0.464707
vt 0.143851 0.473862
vt 0.182652 0.485207
vt 0.137602 0.492244
vt 0.176094 0.505479
vt 0.168652 0.525289
vt 0.160557 0.544511
vt 0.131550 0.510717
vt 0.116044 0.546221
vt 0.152086 0.563498
vt 0.142683 0.582195
vt 0.098144 0.580444
vt 0.132592 0.600687
vt 0.121422 0.618713
vt 0.077473 0.612559
vt 0.109303 0.636310
vt 0.066547 0.627382
vt 0.095197 0.653575
vt 0.070138 0.065077
vt 0.066519 0.045329
vt 0.059126 0.049743
vt 0.080413 0.080498
vt 0.090174 0.096482
vt 0.099348 0.113167
vt 0.108086 0.130516
vt 0.116131 0.148507
vt 0.132267 0.163489
vt 0.123675 0.166836
vt 0.130372 0.185480
vt 0.136135 0.204318
vt 0.144788 0.201763
vt 0.141149 0.223196
vt 0.145381 0.242109
vt 0.149000 0.261074
vt 0.151725 0.279997
vt 0.153668 0.298970
vt 0.154821 0.318104
vt 0.155138 0.337398
vt 0.154661 0.356740
vt 0.153454 0.376007
vt 0.162079 0.376737
vt 0.151213 0.395249
vt 0.148592 0.414521
vt 0.157134 0.415978
vt 0.144812 0.433590
vt 0.149568 0.454872
vt 0.140525 0.452608
vt 0.135373 0.471320
vt 0.129597 0.489561
vt 0.123123 0.507528
vt 0.116149 0.525272
vt 0.123955 0.528645
vt 0.108261 0.542500
vt 0.099925 0.559518
vt 0.107643 0.563643
vt 0.090725 0.576066
vt 0.080966 0.592111
vt 0.088239 0.596878
vt 0.070459 0.607511
vt 0.059168 0.622832
vt 0.039652 0.605228
vt 0.058041 0.577543
vt 0.048951 0.592246
vt 0.066833 0.562309
vt 0.071964 0.586420
vt 0.075021 0.546551
vt 0.083286 0.530793
vt 0.090322 0.554502
vt 0.097269 0.497664
vt 0.090693 0.514456
vt 0.102942 0.480619
vt 0.119286 0.486100
vt 0.113155 0.445642
vt 0.108503 0.463367
vt 0.117118 0.427827
vt 0.120082 0.409752
vt 0.134003 0.431367
vt 0.123133 0.391631
vt 0.142375 0.375007
vt 0.126389 0.355345
vt 0.125519 0.373510
vt 0.127145 0.337240
vt 0.143842 0.318490
vt 0.125844 0.301096
vt 0.127207 0.319095
vt 0.124104 0.283335
vt 0.121226 0.265638
vt 0.117479 0.247869
vt 0.134615 0.244315
vt 0.108634 0.212225
vt 0.113817 0.229906
vt 0.102798 0.194619
vt 0.125387 0.207395
vt 0.113082 0.170841
vt 0.089635 0.159665
vt 0.096849 0.176917
vt 0.081997 0.142811
vt 0.098020 0.135303
vt 0.074290 0.126227
vt 0.066061 0.110158
vt 0.057482 0.094641
vt 0.061513 0.070992
vt 0.048262 0.080174
vt 0.104060 0.407101
vt 0.092174 0.423164
vt 0.095111 0.405604
vt 0.260392 0.194310
vt 0.269900 0.211128
vt 0.261398 0.211473
vt 0.092631 0.216923
vt 0.089252 0.236276
vt 0.084198 0.219723
vt 0.080842 0.182624
vt 0.066024 0.169286
vt 0.074013 0.165952
vt 0.270579 0.228417
vt 0.261791 0.228634
vt 0.097158 0.442003
vt 0.088719 0.440167
vt 0.098064 0.388106
vt 0.106752 0.389502
vt 0.262034 0.246169
vt 0.271036 0.246017
vt 0.087084 0.199720
vt 0.078360 0.202730
vt 0.067040 0.149379
vt 0.058739 0.153111
vt 0.262149 0.264139
vt 0.271487 0.263946
vt 0.100901 0.424686
vt 0.100361 0.371069
vt 0.108818 0.371907
vt 0.271790 0.281896
vt 0.262772 0.282098
vt 0.072389 0.185657
vt 0.027933 0.597954
vt 0.028601 0.579495
vt 0.035926 0.583817
vt 0.272002 0.299553
vt 0.263172 0.299658
vt 0.051373 0.136832
vt 0.059401 0.133170
vt 0.271973 0.316951
vt 0.263372 0.316923
vt 0.110330 0.354303
vt 0.101419 0.353799
vt 0.262998 0.334416
vt 0.272095 0.334502
vt 0.044474 0.569184
vt 0.037391 0.565056
vt 0.271717 0.352146
vt 0.262977 0.351983
vt 0.043902 0.121208
vt 0.051602 0.117440
vt 0.262299 0.369678
vt 0.271541 0.369878
vt 0.102258 0.336350
vt 0.110916 0.336693
vt 0.271075 0.387755
vt 0.262073 0.387568
vt 0.053007 0.554436
vt 0.045552 0.550508
vt 0.270629 0.405428
vt 0.261733 0.405176
vt 0.036177 0.106323
vt 0.043367 0.102367
vt 0.269986 0.422959
vt 0.261205 0.422625
vt 0.101770 0.251215
vt 0.097496 0.234091
vt 0.105244 0.268378
vt 0.075682 0.508153
vt 0.082057 0.492019
vt 0.109831 0.302415
vt 0.108136 0.285481
vt 0.027559 0.074006
vt 0.039283 0.066741
vt 0.060994 0.539304
vt 0.068709 0.523948
vt 0.110937 0.319352
vt 0.035200 0.087760
vt 0.411215 0.391241
vt 0.406563 0.149281
vt 0.266007 0.141370
vt 0.405269 0.130752
vt 0.411656 0.372599
vt 0.403841 0.112237
vt 0.264679 0.123934
vt 0.411962 0.353957
vt 0.395370 0.614170
vt 0.257157 0.580604
vt 0.397405 0.595600
vt 0.402277 0.093732
vt 0.263173 0.106389
vt 0.412135 0.335326
vt 0.399321 0.577041
vt 0.259540 0.563159
vt 0.400576 0.075236
vt 0.261559 0.088662
vt 0.412198 0.316691
vt 0.261559 0.545408
vt 0.401102 0.558479
vt 0.259551 0.071128
vt 0.398747 0.056752
vt 0.412108 0.298061
vt 0.263242 0.527599
vt 0.402743 0.539912
vt 0.396801 0.038281
vt 0.257401 0.053612
vt 0.411883 0.279433
vt 0.264804 0.510076
vt 0.404247 0.521354
vt 0.253899 0.035660
vt 0.394842 0.020306
vt 0.411550 0.260790
vt 0.266016 0.492820
vt 0.405642 0.502807
vt 0.411043 0.242152
vt 0.267297 0.475539
vt 0.406891 0.484248
vt 0.410400 0.223539
vt 0.268384 0.457867
vt 0.408032 0.465670
vt 0.409630 0.204955
vt 0.269164 0.440314
vt 0.409013 0.447085
vt 0.269214 0.193814
vt 0.408734 0.186398
vt 0.409885 0.428484
vt 0.407728 0.167833
vt 0.268283 0.176153
vt 0.410604 0.409878
vt 0.267074 0.158664
vt 0.259172 0.176676
vt 0.073878 0.489163
vt 0.079424 0.472774
vt 0.257265 0.142005
vt 0.258495 0.159158
vt 0.096779 0.270150
vt 0.093089 0.253152
vt 0.245262 0.595641
vt 0.253708 0.598251
vt 0.067731 0.504995
vt 0.254256 0.107218
vt 0.255852 0.124670
vt 0.250708 0.562151
vt 0.248620 0.579206
vt 0.099802 0.286821
vt 0.252441 0.089560
vt 0.252344 0.544457
vt 0.101798 0.303075
vt 0.248598 0.055077
vt 0.250958 0.072107
vt 0.254318 0.526710
vt 0.020306 0.076965
vt 0.256054 0.509312
vt 0.053407 0.535557
vt 0.060925 0.520452
vt 0.258467 0.475032
vt 0.257535 0.492219
vt 0.259260 0.457354
vt 0.027841 0.091757
vt 0.260558 0.439852
vt 0.102501 0.319405
vt 0.775692 0.744308
vt 0.785897 0.754513
vt 0.793915 0.766512
vt 0.799437 0.779846
vt 0.802253 0.794000
vt 0.802253 0.808432
vt 0.799437 0.822587
vt 0.785897 0.847920
vt 0.750359 0.871665
vt 0.775692 0.858124
vt 0.763692 0.866142
vt 0.736204 0.874481
vt 0.721773 0.874481
vt 0.707618 0.871665
vt 0.682285 0.858124
vt 0.672080 0.847920
vt 0.664062 0.835920
vt 0.658539 0.822587
vt 0.655724 0.808432
vt 0.655724 0.794000
vt 0.658539 0.779846
vt 0.664062 0.766513
vt 0.672080 0.754513
vt 0.707618 0.730767
vt 0.682285 0.744308
vt 0.694285 0.736290
vt 0.721772 0.727952
vt 0.736204 0.727952
vt 0.750359 0.730767
vt 0.452810 0.317727
vt 0.612032 0.635803
vt 0.512008 0.338553
vt 0.613445 0.586311
vt 0.613563 0.319194
vt 0.614406 0.434521
vt 0.615112 0.382847
vt 0.682053 0.241752
vt 0.892778 0.221718
vt 0.891093 0.173102
vt 0.694366 0.180217
vt 0.891576 0.098982
vt 0.682053 0.118682
vt 0.892783 0.049215
vt 0.657777 0.408448
vt 0.647010 0.066623
vt 0.613563 0.041240
vt 0.656761 0.483008
vt 0.655724 0.558182
vt 0.532989 0.020306
vt 0.656067 0.608850
vt 0.656847 0.659917
vt 0.452810 0.042708
vt 0.020306 0.594724
vt 0.245262 0.038278
s 1
usemtl マテリアル.003
f 5/1/1 16/2/2 478/3/3
f 475/4/4 9/5/5 1/6/6
f 478/3/3 17/7/7 6/8/8
f 476/9/9 9/5/5 10/10/10
f 479/11/11 17/7/7 18/12/12
f 2/13/13 10/10/10 11/14/14
f 480/15/15 18/12/12 19/16/16
f 477/17/17 11/14/14 12/18/18
f 481/19/19 19/16/16 20/20/20
f 3/21/21 12/18/18 13/22/22
f 481/19/19 21/23/23 482/24/24
f 4/25/25 13/22/22 14/26/26
f 474/27/27 82/28/28 7/29/29
f 308/30/30 482/24/24 21/23/23
f 5/1/1 14/26/26 15/31/31
f 474/27/27 8/32/32 475/4/4
f 15/31/31 29/33/33 30/34/34
f 7/29/29 23/35/35 8/32/32
f 16/2/2 30/34/34 31/36/36
f 9/5/5 23/35/35 24/37/37
f 17/7/7 31/36/36 32/38/38
f 9/5/5 25/39/39 10/10/10
f 17/7/7 33/40/40 18/12/12
f 10/10/10 26/41/41 11/14/14
f 18/12/12 34/42/42 19/16/16
f 11/14/14 27/43/43 12/18/18
f 19/16/16 35/44/44 20/20/20
f 12/18/18 28/45/45 13/22/22
f 20/20/20 36/46/46 21/23/23
f 14/26/26 28/45/45 29/33/33
f 7/29/29 82/28/28 22/47/47
f 308/30/30 21/23/23 36/46/46
f 34/42/42 48/48/48 49/49/49
f 26/41/41 42/50/50 27/43/43
f 35/44/44 49/49/49 50/51/51
f 27/43/43 43/52/52 28/45/45
f 36/46/46 50/51/51 51/53/53
f 28/45/45 44/54/54 29/33/33
f 22/47/47 82/28/28 37/55/55
f 308/30/30 36/46/46 51/53/53
f 29/33/33 45/56/56 30/34/34
f 23/35/35 37/55/55 38/57/57
f 30/34/34 46/58/58 31/36/36
f 23/35/35 39/59/59 24/37/37
f 32/38/38 46/58/58 47/60/60
f 24/37/37 40/61/61 25/39/39
f 33/40/40 47/60/60 48/48/48
f 26/41/41 40/61/61 41/62/62
f 38/57/57 52/63/63 53/64/64
f 46/58/58 60/65/65 61/66/66
f 39/59/59 53/64/64 54/67/67
f 47/60/60 61/66/66 62/68/68
f 40/61/61 54/67/67 55/69/69
f 47/60/60 63/70/70 48/48/48
f 41/62/62 55/69/69 56/71/71
f 49/49/49 63/70/70 64/72/72
f 41/62/62 57/73/73 42/50/50
f 50/51/51 64/72/72 65/74/74
f 43/52/52 57/73/73 58/75/75
f 51/53/53 65/74/74 66/76/76
f 44/54/54 58/75/75 59/77/77
f 37/55/55 82/28/28 52/63/63
f 308/30/30 51/53/53 66/76/76
f 45/56/56 59/77/77 60/65/65
f 56/71/71 72/78/78 57/73/73
f 64/72/72 80/79/79 65/74/74
f 58/75/75 72/78/78 73/80/80
f 65/74/74 81/81/81 66/76/76
f 59/77/77 73/80/80 74/82/82
f 52/63/63 82/28/28 67/83/83
f 308/30/30 66/76/76 81/81/81
f 59/77/77 75/84/84 60/65/65
f 52/63/63 68/85/85 53/64/64
f 60/65/65 76/86/86 61/66/66
f 54/67/67 68/85/85 69/87/87
f 62/68/68 76/86/86 77/88/88
f 55/69/69 69/87/87 70/89/89
f 62/68/68 78/90/90 63/70/70
f 56/71/71 70/89/89 71/91/91
f 64/72/72 78/90/90 79/92/92
f 75/84/84 92/93/93 76/86/86
f 69/87/87 84/94/94 85/95/95
f 76/86/86 93/96/96 77/88/88
f 69/87/87 86/97/97 70/89/89
f 77/88/88 94/98/98 78/90/90
f 70/89/89 87/99/99 71/91/91
f 79/92/92 94/98/98 95/100/100
f 71/91/91 88/101/101 72/78/78
f 79/92/92 96/102/102 80/79/79
f 73/80/80 88/101/101 89/103/103
f 81/81/81 96/102/102 97/104/104
f 74/82/82 89/103/103 90/105/105
f 67/83/83 82/28/28 83/106/106
f 308/30/30 81/81/81 97/104/104
f 74/82/82 91/107/107 75/84/84
f 67/83/83 84/94/94 68/85/85
f 96/102/102 110/108/108 111/109/109
f 89/103/103 103/110/110 104/111/111
f 96/102/102 112/112/112 97/104/104
f 89/103/103 105/113/113 90/105/105
f 83/106/106 82/28/28 98/114/114
f 308/30/30 97/104/104 112/112/112
f 90/105/105 106/115/115 91/107/107
f 83/106/106 99/116/116 84/94/94
f 92/93/93 106/115/115 107/117/117
f 84/94/94 100/118/118 85/95/95
f 93/96/96 107/117/117 108/119/119
f 85/95/95 101/120/120 86/97/97
f 94/98/98 108/119/119 109/121/121
f 87/99/99 101/120/120 102/122/122
f 94/98/98 110/108/108 95/100/100
f 88/101/101 102/122/122 103/110/110
f 107/117/117 123/123/123 108/119/119
f 100/118/118 116/124/124 101/120/120
f 108/119/119 124/125/125 109/121/121
f 101/120/120 117/126/126 102/122/122
f 110/108/108 124/125/125 125/127/127
f 102/122/122 118/128/128 103/110/110
f 111/109/109 125/127/127 126/129/129
f 104/111/111 118/128/128 119/130/130
f 112/112/112 126/129/129 127/131/131
f 104/111/111 120/132/132 105/113/113
f 98/114/114 82/28/28 113/133/133
f 308/30/30 112/112/112 127/131/131
f 105/113/113 121/134/134 106/115/115
f 98/114/114 114/135/135 99/116/116
f 106/115/115 122/136/136 107/117/117
f 99/116/116 115/137/137 100/118/118
f 126/129/129 142/138/138 127/131/131
f 120/132/132 134/139/139 135/140/140
f 113/133/133 82/28/28 128/141/141
f 308/30/30 127/131/131 142/138/138
f 121/134/134 135/140/140 136/142/142
f 114/135/135 128/141/141 129/143/143
f 122/136/136 136/142/142 137/144/144
f 114/135/135 130/145/145 115/137/137
f 123/123/123 137/144/144 138/146/146
f 116/124/124 130/145/145 131/147/147
f 124/125/125 138/146/146 139/148/148
f 117/126/126 131/147/147 132/149/149
f 124/125/125 140/150/150 125/127/127
f 118/128/128 132/149/149 133/151/151
f 125/127/127 141/152/152 126/129/129
f 118/128/128 134/139/139 119/130/130
f 131/147/147 145/153/153 146/154/154
f 138/146/146 154/155/155 139/148/148
f 131/147/147 147/156/156 132/149/149
f 140/150/150 154/155/155 155/157/157
f 132/149/149 148/158/158 133/151/151
f 141/152/152 155/157/157 156/159/159
f 134/139/139 148/158/158 149/160/160
f 141/152/152 157/161/161 142/138/138
f 135/140/140 149/160/160 150/162/162
f 128/141/141 82/28/28 143/163/163
f 308/30/30 142/138/138 157/161/161
f 136/142/142 150/162/162 151/164/164
f 129/143/143 143/163/163 144/165/165
f 136/142/142 152/166/166 137/144/144
f 130/145/145 144/165/165 145/153/153
f 137/144/144 153/167/167 138/146/146
f 150/162/162 164/168/168 165/169/169
f 143/163/163 82/28/28 158/170/170
f 308/30/30 157/161/161 172/171/171
f 150/162/162 166/172/172 151/164/164
f 144/165/165 158/170/170 159/173/173
f 152/166/166 166/172/172 167/174/174
f 144/165/165 160/175/175 145/153/153
f 153/167/167 167/174/174 168/176/176
f 145/153/153 161/177/177 146/154/154
f 154/155/155 168/176/176 169/178/178
f 147/156/156 161/177/177 162/179/179
f 155/157/157 169/178/178 170/180/180
f 148/158/158 162/179/179 163/181/181
f 156/159/159 170/180/180 171/182/182
f 149/160/160 163/181/181 164/168/168
f 156/159/159 172/171/171 157/161/161
f 168/176/176 184/183/183 169/178/178
f 161/177/177 177/184/184 162/179/179
f 169/178/178 185/185/185 170/180/180
f 162/179/179 178/186/186 163/181/181
f 170/180/180 186/187/187 171/182/182
f 163/181/181 179/188/188 164/168/168
f 172/171/171 186/187/187 187/189/189
f 165/169/169 179/188/188 180/190/190
f 158/170/170 82/28/28 173/191/191
f 308/30/30 172/171/171 187/189/189
f 166/172/172 180/190/190 181/192/192
f 158/170/170 174/193/193 159/173/173
f 167/174/174 181/192/192 182/194/194
f 159/173/173 175/195/195 160/175/175
f 168/176/176 182/194/194 183/196/196
f 160/175/175 176/197/197 161/177/177
f 173/191/191 82/28/28 188/198/198
f 308/30/30 187/189/189 202/199/199
f 180/190/190 196/200/200 181/192/192
f 174/193/193 188/198/198 189/201/201
f 181/192/192 197/202/202 182/194/194
f 174/193/193 190/203/203 175/195/195
f 182/194/194 198/204/204 183/196/196
f 175/195/195 191/205/205 176/197/197
f 184/183/183 198/204/204 199/206/206
f 177/184/184 191/205/205 192/207/207
f 184/183/183 200/208/208 185/185/185
f 177/184/184 193/209/209 178/186/186
f 185/185/185 201/210/210 186/187/187
f 178/186/186 194/211/211 179/188/188
f 186/187/187 202/199/199 187/189/189
f 179/188/188 195/212/212 180/190/190
f 191/205/205 207/213/213 192/207/207
f 199/206/206 215/214/214 200/208/208
f 192/207/207 208/215/215 193/209/209
f 200/208/208 216/216/216 201/210/210
f 194/211/211 208/215/215 209/217/217
f 201/210/210 217/218/218 202/199/199
f 195/212/212 209/217/217 210/219/219
f 188/198/198 82/28/28 203/220/220
f 308/30/30 202/199/199 217/218/218
f 196/200/200 210/219/219 211/221/221
f 188/198/198 204/222/222 189/201/201
f 197/202/202 211/221/221 212/223/223
f 190/203/203 204/222/222 205/224/224
f 198/204/204 212/223/223 213/225/225
f 190/203/203 206/226/226 191/205/205
f 198/204/204 214/227/227 199/206/206
f 210/219/219 226/228/228 211/221/221
f 203/220/220 219/229/229 204/222/222
f 211/221/221 227/230/230 212/223/223
f 204/222/222 220/231/231 205/224/224
f 212/223/223 228/232/232 213/225/225
f 206/226/226 220/231/231 221/233/233
f 214/227/227 228/232/232 229/234/234
f 207/213/213 221/233/233 222/235/235
f 215/214/214 229/234/234 230/236/236
f 208/215/215 222/235/235 223/237/237
f 216/216/216 230/236/236 231/238/238
f 209/217/217 223/237/237 224/239/239
f 216/216/216 232/240/240 217/218/218
f 209/217/217 225/241/241 210/219/219
f 203/220/220 82/28/28 218/242/242
f 308/30/30 217/218/218 232/240/240
f 229/234/234 245/243/243 230/236/236
f 222/235/235 238/244/244 223/237/237
f 230/236/236 246/245/245 231/238/238
f 223/237/237 239/246/246 224/239/239
f 232/240/240 246/245/245 247/247/247
f 224/239/239 240/248/248 225/241/241
f 218/242/242 82/28/28 233/249/249
f 308/30/30 232/240/240 247/247/247
f 225/241/241 241/250/250 226/228/228
f 219/229/229 233/249/249 234/251/251
f 227/230/230 241/250/250 242/252/252
f 220/231/231 234/251/251 235/253/253
f 228/232/232 242/252/252 243/254/254
f 220/231/231 236/255/255 221/233/233
f 228/232/232 244/256/256 229/234/234
f 221/233/233 237/257/257 222/235/235
f 242/258/252 256/259/258 257/260/259
f 235/261/253 249/262/260 250/263/261
f 243/264/254 257/260/259 258/265/262
f 236/266/255 250/263/261 251/267/263
f 244/268/256 258/265/262 259/269/264
f 237/270/257 251/267/263 252/271/265
f 245/272/243 259/269/264 260/273/266
f 237/270/257 253/274/267 238/275/244
f 245/272/243 261/276/268 246/277/245
f 238/275/244 254/278/269 239/279/246
f 247/280/247 261/276/268 262/281/270
f 239/279/246 255/282/271 240/283/248
f 233/284/249 82/28/28 248/285/272
f 308/30/30 247/280/247 262/281/270
f 241/286/250 255/282/271 256/259/258
f 233/284/249 249/262/260 234/287/251
f 261/276/268 275/288/273 276/289/274
f 254/278/269 268/290/275 269/291/276
f 262/281/270 276/289/274 277/292/277
f 255/282/271 269/291/276 270/293/278
f 248/285/272 82/28/28 263/294/279
f 308/30/30 262/281/270 277/292/277
f 256/259/258 270/293/278 271/295/280
f 249/262/260 263/294/279 264/296/281
f 256/259/258 272/297/282 257/260/259
f 249/262/260 265/298/283 250/263/261
f 257/260/259 273/299/284 258/265/262
f 250/263/261 266/300/285 251/267/263
f 258/265/262 274/301/286 259/269/264
f 251/267/263 267/302/287 252/271/265
f 260/273/266 274/301/286 275/288/273
f 253/274/267 267/302/287 268/290/275
f 265/298/283 279/303/288 280/304/289
f 273/299/284 287/305/290 288/306/291
f 265/298/283 281/307/292 266/300/285
f 273/299/284 289/308/293 274/301/286
f 266/300/285 282/309/294 267/302/287
f 274/301/286 290/310/295 275/288/273
f 267/302/287 283/311/296 268/290/275
f 275/288/273 291/312/297 276/289/274
f 268/290/275 284/313/298 269/291/276
f 276/289/274 292/314/299 277/292/277
f 269/291/276 285/315/300 270/293/278
f 263/294/279 82/28/28 278/316/301
f 308/30/30 277/292/277 292/314/299
f 270/293/278 286/317/302 271/295/280
f 263/294/279 279/303/288 264/296/281
f 271/295/280 287/305/290 272/297/282
f 284/313/298 298/318/303 299/319/304
f 291/312/297 307/320/305 292/314/299
f 285/315/300 299/319/304 300/321/306
f 278/316/301 82/28/28 293/322/307
f 308/30/30 292/314/299 307/320/305
f 286/317/302 300/321/306 301/323/308
f 279/303/288 293/322/307 294/324/309
f 286/317/302 302/325/310 287/305/290
f 280/304/289 294/324/309 295/326/311
f 287/305/290 303/327/312 288/306/291
f 281/307/292 295/326/311 296/328/313
f 289/308/293 303/327/312 304/329/314
f 281/307/292 297/330/315 282/309/294
f 289/308/293 305/331/316 290/310/295
f 283/311/296 297/330/315 298/318/303
f 290/310/295 306/332/317 291/312/297
f 303/327/312 318/333/318 319/334/319
f 296/328/313 311/335/320 312/336/321
f 303/327/312 320/337/322 304/329/314
f 297/330/315 312/336/321 313/338/323
f 304/329/314 321/339/324 305/331/316
f 297/330/315 314/340/325 298/318/303
f 305/331/316 322/341/326 306/332/317
f 299/319/304 314/340/325 315/342/327
f 307/320/305 322/341/326 323/343/328
f 300/321/306 315/342/327 316/344/329
f 293/322/307 82/28/28 309/345/330
f 308/30/30 307/320/305 323/343/328
f 300/321/306 317/346/331 301/323/308
f 293/322/307 310/347/332 294/324/309
f 302/325/310 317/346/331 318/333/318
f 294/324/309 311/335/320 295/326/311
f 323/343/328 337/348/333 338/349/334
f 316/344/329 330/350/335 331/351/336
f 309/345/330 82/28/28 324/352/337
f 308/30/30 323/343/328 338/349/334
f 316/344/329 332/353/338 317/346/331
f 309/345/330 325/354/339 310/347/332
f 317/346/331 333/355/340 318/333/318
f 310/347/332 326/356/341 311/335/320
f 318/333/318 334/357/342 319/334/319
f 311/335/320 327/358/343 312/336/321
f 319/334/319 335/359/344 320/337/322
f 312/336/321 328/360/345 313/338/323
f 321/339/324 335/359/344 336/361/346
f 313/338/323 329/362/347 314/340/325
f 322/341/326 336/361/346 337/348/333
f 314/340/325 330/350/335 315/342/327
f 326/356/341 342/363/348 327/358/343
f 335/359/344 349/364/349 350/365/350
f 328/360/345 342/363/348 343/366/351
f 335/359/344 351/367/352 336/361/346
f 329/362/347 343/366/351 344/368/353
f 336/361/346 352/369/354 337/348/333
f 330/350/335 344/368/353 345/370/355
f 337/348/333 353/371/356 338/349/334
f 330/350/335 346/372/357 331/351/336
f 324/352/337 82/28/28 339/373/358
f 308/30/30 338/349/334 353/371/356
f 331/351/336 347/374/359 332/353/338
f 324/352/337 340/375/360 325/354/339
f 332/353/338 348/376/361 333/355/340
f 325/354/339 341/377/362 326/356/341
f 334/357/342 348/376/361 349/364/349
f 346/372/357 360/378/363 361/379/364
f 339/373/358 82/28/28 354/380/365
f 308/30/30 353/371/356 368/381/366
f 347/374/359 361/379/364 362/382/367
f 340/375/360 354/380/365 355/383/368
f 348/376/361 362/382/367 363/384/369
f 341/377/362 355/383/368 356/385/370
f 348/376/361 364/386/371 349/364/349
f 341/377/362 357/387/372 342/363/348
f 349/364/349 365/388/373 350/365/350
f 342/363/348 358/389/374 343/366/351
f 351/367/352 365/388/373 366/390/375
f 343/366/351 359/391/376 344/368/353
f 352/369/354 366/390/375 367/392/377
f 344/368/353 360/378/363 345/370/355
f 353/371/356 367/392/377 368/381/366
f 365/388/373 379/393/378 380/394/379
f 358/389/374 372/395/380 373/396/381
f 365/388/373 381/397/382 366/390/375
f 359/391/376 373/396/381 374/398/383
f 366/390/375 382/399/384 367/392/377
f 360/378/363 374/398/383 375/400/385
f 367/392/377 383/401/386 368/381/366
f 360/378/363 376/402/387 361/379/364
f 354/380/365 82/28/28 369/403/388
f 308/30/30 368/381/366 383/401/386
f 361/379/364 377/404/389 362/382/367
f 354/380/365 370/405/390 355/383/368
f 362/382/367 378/406/391 363/384/369
f 355/383/368 371/407/392 356/385/370
f 364/386/371 378/406/391 379/393/378
f 357/387/372 371/407/392 372/395/380
f 308/30/30 383/401/386 398/408/393
f 377/404/389 391/409/394 392/410/395
f 370/405/390 384/411/396 385/412/397
f 377/404/389 393/413/398 378/406/391
f 371/407/392 385/412/397 386/414/399
f 378/406/391 394/415/400 379/393/378
f 372/395/380 386/414/399 387/416/401
f 379/393/378 395/417/402 380/394/379
f 372/395/380 388/418/403 373/396/381
f 381/397/382 395/417/402 396/419/404
f 373/396/381 389/420/405 374/398/383
f 382/399/384 396/419/404 397/421/406
f 375/400/385 389/420/405 390/422/407
f 383/401/386 397/421/406 398/408/393
f 376/402/387 390/422/407 391/409/394
f 369/403/388 82/28/28 384/411/396
f 396/419/404 410/423/408 411/424/409
f 389/420/405 403/425/410 404/426/411
f 396/419/404 412/427/412 397/421/406
f 390/422/407 404/426/411 405/428/413
f 398/408/393 412/427/412 413/429/414
f 391/409/394 405/428/413 406/430/415
f 384/411/396 82/28/28 399/431/416
f 308/30/30 398/408/393 413/429/414
f 391/409/394 407/432/417 392/410/395
f 384/411/396 400/433/418 385/412/397
f 393/413/398 407/432/417 408/434/419
f 386/414/399 400/433/418 401/435/420
f 394/415/400 408/434/419 409/436/421
f 386/414/399 402/437/422 387/416/401
f 395/417/402 409/436/421 410/423/408
f 388/418/403 402/437/422 403/425/410
f 399/431/416 415/438/423 400/433/418
f 407/432/417 423/439/424 408/434/419
f 401/435/420 415/438/423 416/440/425
f 408/434/419 424/441/426 409/436/421
f 401/435/420 417/442/427 402/437/422
f 410/423/408 424/441/426 425/443/428
f 402/437/422 418/444/429 403/425/410
f 411/424/409 425/443/428 426/445/430
f 403/425/410 419/446/431 404/426/411
f 411/424/409 427/447/432 412/427/412
f 404/426/411 420/448/433 405/428/413
f 412/427/412 428/449/434 413/429/414
f 405/428/413 421/450/435 406/430/415
f 399/431/416 82/28/28 414/451/436
f 308/30/30 413/429/414 428/449/434
f 406/430/415 422/452/437 407/432/417
f 418/444/429 434/453/438 419/446/431
f 427/447/432 441/454/439 442/455/440
f 419/446/431 435/456/441 420/448/433
f 428/449/434 442/455/440 443/457/442
f 420/448/433 436/458/443 421/450/435
f 414/451/436 82/28/28 429/459/444
f 308/30/30 428/449/434 443/457/442
f 421/450/435 437/460/445 422/452/437
f 414/451/436 430/461/446 415/438/423
f 422/452/437 438/462/447 423/439/424
f 415/438/423 431/463/448 416/440/425
f 424/441/426 438/462/447 439/464/449
f 416/440/425 432/465/450 417/442/427
f 424/441/426 440/466/451 425/443/428
f 418/444/429 432/465/450 433/467/452
f 426/445/430 440/466/451 441/454/439
f 438/462/447 452/468/453 453/469/454
f 430/461/446 446/470/455 431/463/448
f 439/464/449 453/469/454 454/471/456
f 431/463/448 447/472/457 432/465/450
f 440/466/451 454/471/456 455/473/458
f 433/467/452 447/472/457 448/474/459
f 441/454/439 455/473/458 456/475/460
f 434/453/438 448/474/459 449/476/461
f 442/455/440 456/475/460 457/477/462
f 435/456/441 449/476/461 450/478/463
f 443/457/442 457/477/462 458/479/464
f 436/458/443 450/478/463 451/480/465
f 429/459/444 82/28/28 444/481/466
f 308/30/30 443/457/442 458/479/464
f 437/460/445 451/480/465 452/468/453
f 430/461/446 444/481/466 445/482/467
f 456/475/460 472/483/468 457/477/462
f 449/476/461 465/484/469 450/478/463
f 457/477/462 473/485/470 458/479/464
f 450/478/463 466/486/471 451/480/465
f 444/481/466 82/28/28 459/487/472
f 308/30/30 458/479/464 473/485/470
f 451/480/465 467/488/473 452/468/453
f 445/482/467 459/487/472 460/489/474
f 453/469/454 467/488/473 468/490/475
f 446/470/455 460/489/474 461/491/476
f 454/471/456 468/490/475 469/492/477
f 447/472/457 461/491/476 462/493/478
f 455/473/458 469/492/477 470/494/479
f 448/474/459 462/493/478 463/495/480
f 455/473/458 471/496/481 456/475/460
f 448/474/459 464/497/482 449/476/461
f 461/491/476 475/4/4 1/6/6
f 468/490/475 6/8/8 469/492/477
f 462/493/478 1/6/6 476/9/9
f 469/492/477 479/11/11 470/494/479
f 462/493/478 2/13/13 463/495/480
f 470/494/479 480/15/15 471/496/481
f 464/497/482 2/13/13 477/17/17
f 472/483/468 480/15/15 481/19/19
f 465/484/469 477/17/17 3/21/21
f 472/483/468 482/24/24 473/485/470
f 466/486/471 3/21/21 4/25/25
f 459/487/472 82/28/28 474/27/27
f 308/30/30 473/485/470 482/24/24
f 466/486/471 5/1/1 467/488/473
f 460/489/474 474/27/27 475/4/4
f 467/488/473 478/3/3 468/490/475
f 707/498/483 490/499/484 491/500/485
f 485/501/486 491/500/485 492/502/487
f 704/503/488 521/504/28 486/505/489
f 705/506/490 486/505/489 487/507/491
f 483/508/492 487/507/491 488/509/493
f 706/510/494 488/509/493 489/511/495
f 706/510/494 490/499/484 484/512/496
f 489/511/495 497/513/497 490/499/484
f 491/500/485 497/513/497 498/514/498
f 492/502/487 498/514/498 499/515/499
f 486/505/489 521/504/28 493/516/500
f 486/505/489 494/517/501 487/507/491
f 488/509/493 494/517/501 495/518/502
f 489/511/495 495/518/502 496/519/503
f 493/516/500 501/520/504 494/517/501
f 495/518/502 501/520/504 502/521/505
f 495/518/502 503/522/506 496/519/503
f 496/519/503 504/523/507 497/513/497
f 497/513/497 505/524/508 498/514/498
f 499/515/499 505/524/508 506/525/509
f 493/516/500 521/504/28 500/526/510
f 504/523/507 512/527/511 505/524/508
f 506/525/509 512/527/511 513/528/512
f 500/526/510 521/504/28 507/529/513
f 500/526/510 508/530/514 501/520/504
f 501/520/504 509/531/515 502/521/505
f 502/521/505 510/532/516 503/522/506
f 504/523/507 510/532/516 511/533/517
f 508/530/514 514/534/518 515/535/519
f 509/531/515 515/535/519 516/536/520
f 510/532/516 516/536/520 517/537/521
f 511/533/517 517/537/521 518/538/522
f 511/533/517 519/539/523 512/527/511
f 513/528/512 519/539/523 520/540/524
f 507/529/513 521/504/28 514/534/518
f 518/538/522 527/541/525 519/539/523
f 520/540/524 527/541/525 528/542/526
f 514/534/518 521/504/28 522/543/527
f 514/534/518 523/544/528 515/535/519
f 516/536/520 523/544/528 524/545/529
f 516/536/520 525/546/530 517/537/521
f 518/538/522 525/546/530 526/547/531
f 523/544/528 531/548/532 524/545/529
f 524/545/529 532/549/533 525/546/530
f 525/546/530 533/550/534 526/547/531
f 526/547/531 534/551/535 527/541/525
f 528/542/526 534/551/535 535/552/536
f 522/543/527 521/504/28 529/553/537
f 522/543/527 530/554/538 523/544/528
f 535/552/536 541/555/539 542/556/540
f 529/553/537 521/504/28 536/557/541
f 530/554/538 536/557/541 537/558/542
f 531/548/532 537/558/542 538/559/543
f 531/548/532 539/560/544 532/549/533
f 533/550/534 539/560/544 540/561/545
f 533/550/534 541/555/539 534/551/535
f 538/559/543 546/562/546 539/560/544
f 540/561/545 546/562/546 547/563/547
f 540/561/545 548/564/548 541/555/539
f 542/556/540 548/564/548 549/565/549
f 536/557/541 521/504/28 543/566/550
f 536/557/541 544/567/551 537/558/542
f 537/558/542 545/568/552 538/559/543
f 543/566/550 521/504/28 550/569/553
f 544/567/551 550/569/553 551/570/554
f 545/568/552 551/570/554 552/571/555
f 546/562/546 552/571/555 553/572/556
f 547/563/547 553/572/556 554/573/557
f 547/563/547 555/574/558 548/564/548
f 549/565/549 555/574/558 556/575/559
f 552/571/555 560/576/560 553/572/556
f 554/573/557 560/576/560 561/577/561
f 554/573/557 562/578/562 555/574/558
f 556/575/559 562/578/562 563/579/563
f 550/569/553 521/504/28 557/580/564
f 550/569/553 558/581/565 551/570/554
f 551/570/554 559/582/566 552/571/555
f 557/580/564 521/504/28 564/583/567
f 557/580/564 565/584/568 558/581/565
f 558/581/565 566/585/569 559/582/566
f 559/582/566 567/586/570 560/576/560
f 560/576/560 568/587/571 561/577/561
f 561/577/561 569/588/572 562/578/562
f 563/579/563 569/588/572 570/589/573
f 568/587/571 574/590/574 575/591/575
f 568/587/571 576/592/576 569/588/572
f 570/589/573 576/592/576 577/593/577
f 564/583/567 521/504/28 571/594/578
f 565/584/568 571/594/578 572/595/579
f 565/584/568 573/596/580 566/585/569
f 566/585/569 574/590/574 567/586/570
f 571/594/578 521/504/28 578/597/581
f 572/595/579 578/597/581 579/598/582
f 573/596/580 579/598/582 580/599/583
f 574/590/574 580/599/583 581/600/584
f 575/591/575 581/600/584 582/601/585
f 575/591/575 583/602/586 576/592/576
f 577/593/577 583/602/586 584/603/587
f 582/601/585 588/604/588 589/605/589
f 582/601/585 590/606/590 583/602/586
f 584/603/587 590/606/590 591/607/591
f 578/597/581 521/504/28 585/608/592
f 578/597/581 586/609/593 579/598/582
f 579/598/582 587/610/594 580/599/583
f 580/599/583 588/604/588 581/600/584
f 586/609/593 592/611/595 593/612/596
f 587/610/594 593/612/596 594/613/597
f 587/610/594 595/614/598 588/604/588
f 589/605/589 595/614/598 596/615/599
f 589/605/589 597/616/600 590/606/590
f 591/607/591 597/616/600 598/617/601
f 585/608/592 521/504/28 592/611/595
f 596/618/599 604/619/602 597/620/600
f 598/617/601 604/619/602 605/621/603
f 592/622/595 521/504/28 599/623/604
f 592/622/595 600/624/605 593/625/596
f 593/625/596 601/626/606 594/627/597
f 594/627/597 602/628/607 595/629/598
f 596/618/599 602/628/607 603/630/608
f 600/624/605 608/631/609 601/626/606
f 601/626/606 609/632/610 602/628/607
f 603/630/608 609/632/610 610/633/611
f 603/630/608 611/634/612 604/619/602
f 605/621/603 611/634/612 612/635/613
f 599/623/604 521/504/28 606/636/614
f 600/624/605 606/636/614 607/637/615
f 612/635/613 618/638/616 619/639/617
f 606/636/614 521/504/28 613/640/618
f 607/637/615 613/640/618 614/641/619
f 608/631/609 614/641/619 615/642/620
f 608/631/609 616/643/621 609/632/610
f 610/633/611 616/643/621 617/644/622
f 610/633/611 618/638/616 611/634/612
f 615/642/620 621/645/623 622/646/624
f 615/642/620 623/647/625 616/643/621
f 617/644/622 623/647/625 624/648/626
f 617/644/622 625/649/627 618/638/616
f 619/639/617 625/649/627 626/650/628
f 613/640/618 521/504/28 620/651/629
f 613/640/618 621/645/623 614/641/619
f 626/650/628 632/652/630 633/653/631
f 620/651/629 521/504/28 627/654/632
f 621/645/623 627/654/632 628/655/633
f 622/646/624 628/655/633 629/656/634
f 622/646/624 630/657/635 623/647/625
f 624/648/626 630/657/635 631/658/636
f 624/648/626 632/652/630 625/649/627
f 629/656/634 637/659/637 630/657/635
f 631/658/636 637/659/637 638/660/638
f 631/658/636 639/661/639 632/652/630
f 633/653/631 639/661/639 640/662/640
f 627/654/632 521/504/28 634/663/641
f 627/654/632 635/664/642 628/655/633
f 629/656/634 635/664/642 636/665/643
f 634/663/641 521/504/28 641/666/644
f 635/664/642 641/666/644 642/667/645
f 635/664/642 643/668/646 636/665/643
f 636/665/643 644/669/647 637/659/637
f 638/660/638 644/669/647 645/670/648
f 638/660/638 646/671/649 639/661/639
f 640/662/640 646/671/649 647/672/650
f 643/668/646 651/673/651 644/669/647
f 645/670/648 651/673/651 652/674/652
f 645/670/648 653/675/653 646/671/649
f 647/672/650 653/675/653 654/676/654
f 641/666/644 521/504/28 648/677/655
f 641/666/644 649/678/656 642/667/645
f 643/668/646 649/678/656 650/679/657
f 648/677/655 521/504/28 655/680/658
f 648/677/655 656/681/659 649/678/656
f 650/679/657 656/681/659 657/682/660
f 650/679/657 658/683/661 651/673/651
f 652/674/652 658/683/661 659/684/662
f 652/674/652 660/685/663 653/675/653
f 654/676/654 660/685/663 661/686/664
f 659/684/662 665/687/665 666/688/666
f 659/684/662 667/689/667 660/685/663
f 661/686/664 667/689/667 668/690/668
f 655/680/658 521/504/28 662/691/669
f 656/681/659 662/691/669 663/692/670
f 657/682/660 663/692/670 664/693/671
f 657/682/660 665/687/665 658/683/661
f 662/691/669 670/694/672 663/692/670
f 664/693/671 670/694/672 671/695/673
f 664/693/671 672/696/674 665/687/665
f 666/688/666 672/696/674 673/697/675
f 666/688/666 674/698/676 667/689/667
f 668/690/668 674/698/676 675/699/677
f 662/691/669 521/504/28 669/700/678
f 673/697/675 681/701/679 674/698/676
f 675/699/677 681/701/679 682/702/680
f 669/700/678 521/504/28 676/703/681
f 669/700/678 677/704/682 670/694/672
f 671/695/673 677/704/682 678/705/683
f 671/695/673 679/706/684 672/696/674
f 673/697/675 679/706/684 680/707/685
f 676/703/681 684/708/686 677/704/682
f 678/705/683 684/708/686 685/709/687
f 678/705/683 686/710/688 679/706/684
f 680/707/685 686/710/688 687/711/689
f 680/707/685 688/712/690 681/701/679
f 682/702/680 688/712/690 689/713/691
f 676/703/681 521/504/28 683/714/692
f 687/711/689 695/715/693 688/712/690
f 689/713/691 695/715/693 696/716/694
f 683/714/692 521/504/28 690/717/695
f 683/714/692 691/718/696 684/708/686
f 685/709/687 691/718/696 692/719/697
f 685/709/687 693/720/698 686/710/688
f 687/711/689 693/720/698 694/721/699
f 692/719/697 698/722/700 699/723/701
f 692/719/697 700/724/702 693/720/698
f 694/721/699 700/724/702 701/725/703
f 694/721/699 702/726/704 695/715/693
f 696/716/694 702/726/704 703/727/705
f 690/717/695 521/504/28 697/728/706
f 690/717/695 698/722/700 691/718/696
f 703/727/705 707/498/483 485/501/486
f 697/728/706 521/504/28 704/503/488
f 698/722/700 704/503/488 705/506/490
f 699/723/701 705/506/490 483/508/492
f 700/724/702 483/508/492 706/510/494
f 701/725/703 706/510/494 484/512/496
f 702/726/704 484/512/496 707/498/483
f 703/727/705 535/552/536 591/607/591
f 1029/729/707 966/730/708 965/731/709
f 1028/732/710 968/733/711 966/730/708
f 968/733/711 1031/734/712 970/735/713
f 1031/734/712 972/736/714 970/735/713
f 972/736/714 1033/737/715 974/738/716
f 974/738/716 1034/739/717 976/740/718
f 1034/739/717 978/741/719 976/740/718
f 1035/742/720 980/743/721 978/741/719
f 980/743/721 1037/744/722 982/745/723
f 982/745/723 1038/746/724 984/747/725
f 1038/746/724 986/748/726 984/747/725
f 986/748/726 1040/749/727 988/750/728
f 988/750/728 1041/751/729 990/752/730
f 1041/751/729 992/753/731 990/752/730
f 992/753/731 1043/754/732 994/755/733
f 994/755/733 1044/756/734 996/757/735
f 1044/756/734 998/758/736 996/757/735
f 998/758/736 1046/759/737 1000/760/738
f 1000/760/738 1047/761/739 1002/762/740
f 1047/761/739 1004/763/741 1002/762/740
f 1048/764/742 1006/765/743 1004/763/741
f 1006/765/743 1050/766/744 1008/767/745
f 1050/766/744 1010/768/746 1008/767/745
f 1010/768/746 1052/769/747 1012/770/748
f 1052/769/747 1014/771/749 1012/770/748
f 1014/771/749 1054/772/750 1016/773/751
f 1054/772/750 1018/774/752 1016/773/751
f 1018/774/752 1056/775/753 1020/776/754
f 1020/776/754 1057/777/755 1022/778/756
f 1057/777/755 1024/779/757 1022/778/756
f 1118/780/758 1184/781/759 1120/782/760
f 1058/783/761 1026/784/762 1024/779/757
f 1026/784/762 1029/785/707 965/786/709
f 770/787/763 722/788/764 738/789/765
f 931/790/766 708/791/767 770/792/763
f 930/793/768 772/794/769 931/795/766
f 929/796/770 773/797/771 930/793/768
f 928/798/772 774/799/773 929/796/770
f 928/798/772 776/800/774 775/801/775
f 926/802/776 770/792/763 768/803/777
f 926/804/776 930/793/768 931/795/766
f 924/805/778 930/793/768 925/806/779
f 924/805/778 928/798/772 929/796/770
f 923/807/780 927/808/781 928/798/772
f 766/809/782 926/802/776 768/803/777
f 921/810/783 925/806/779 926/804/776
f 919/811/784 925/806/779 920/812/785
f 919/811/784 923/807/780 924/805/778
f 917/813/786 923/807/780 918/814/787
f 916/815/788 766/809/782 764/816/789
f 916/817/788 920/812/785 921/810/783
f 915/818/790 919/811/784 920/812/785
f 914/819/791 918/814/787 919/811/784
f 913/820/792 917/813/786 918/814/787
f 911/821/793 764/816/789 762/822/794
f 910/823/795 916/817/788 911/824/793
f 910/823/795 914/819/791 915/818/790
f 909/825/796 913/820/792 914/819/791
f 907/826/797 913/820/792 908/827/798
f 906/828/799 762/822/794 760/829/800
f 906/830/799 910/823/795 911/824/793
f 904/831/801 910/823/795 905/832/802
f 904/831/801 908/827/798 909/825/796
f 902/833/803 908/827/798 903/834/804
f 901/835/805 760/829/800 758/836/806
f 901/837/805 905/832/802 906/830/799
f 900/838/807 904/831/801 905/832/802
f 899/839/808 903/834/804 904/831/801
f 897/840/809 903/834/804 898/841/810
f 756/842/811 901/835/805 758/836/806
f 895/843/812 901/837/805 896/844/813
f 894/845/814 900/838/807 895/843/812
f 893/846/815 899/839/808 894/845/814
f 892/847/816 898/841/810 893/846/815
f 891/848/817 756/842/811 754/849/818
f 891/850/817 895/843/812 896/844/813
f 890/851/819 894/845/814 895/843/812
f 889/852/820 893/846/815 894/845/814
f 888/853/821 892/847/816 893/846/815
f 752/854/822 891/848/817 754/849/818
f 885/855/823 891/850/817 886/856/824
f 884/857/825 890/851/819 885/855/823
f 883/858/826 889/852/820 884/857/825
f 883/858/826 887/859/827 888/853/821
f 750/860/828 886/861/824 752/854/822
f 880/862/829 886/856/824 881/863/830
f 880/862/829 884/857/825 885/855/823
f 878/864/831 884/857/825 879/865/832
f 877/866/833 883/858/826 878/864/831
f 748/867/834 881/868/830 750/860/828
f 876/869/835 880/862/829 881/863/830
f 874/870/836 880/862/829 875/871/837
f 873/872/838 879/865/832 874/870/836
f 873/872/838 877/866/833 878/864/831
f 746/873/839 876/874/835 748/867/834
f 870/875/840 876/876/835 871/877/841
f 869/878/842 875/879/837 870/875/840
f 868/880/843 874/881/836 869/878/842
f 867/882/844 873/883/838 868/880/843
f 866/884/845 746/873/839 744/885/846
f 865/886/847 871/877/841 866/887/845
f 865/886/847 869/878/842 870/875/840
f 863/888/848 869/878/842 864/889/849
f 863/888/848 867/882/844 868/880/843
f 742/890/850 866/884/845 744/885/846
f 860/891/851 866/887/845 861/892/852
f 859/893/853 865/886/847 860/891/851
f 858/894/854 864/889/849 859/893/853
f 857/895/855 863/888/848 858/894/854
f 740/896/856 861/897/852 742/890/850
f 856/898/857 860/891/851 861/892/852
f 855/899/858 859/893/853 860/891/851
f 853/900/859 859/893/853 854/901/860
f 852/902/861 858/894/854 853/900/859
f 851/903/862 740/896/856 738/904/765
f 851/905/862 855/899/858 856/898/857
f 849/906/863 855/899/858 850/907/864
f 849/906/863 853/900/859 854/901/860
f 848/908/865 852/902/861 853/900/859
f 846/909/866 738/904/765 736/910/867
f 845/911/868 851/905/862 846/912/866
f 844/913/869 850/907/864 845/911/868
f 843/914/870 849/906/863 844/913/869
f 842/915/871 848/908/865 843/914/870
f 734/916/872 846/909/866 736/910/867
f 841/917/873 845/911/868 846/912/866
f 839/918/874 845/911/868 840/919/875
f 839/918/874 843/914/870 844/913/869
f 838/920/876 842/915/871 843/914/870
f 836/921/877 734/916/872 732/922/878
f 835/923/879 841/917/873 836/924/877
f 834/925/880 840/919/875 835/923/879
f 833/926/881 839/918/874 834/925/880
f 832/927/882 838/920/876 833/926/881
f 831/928/883 732/922/878 730/929/884
f 831/930/883 835/931/879 836/932/877
f 829/933/885 835/931/879 830/934/886
f 829/933/885 833/935/881 834/936/880
f 828/937/887 832/938/882 833/935/881
f 728/939/888 831/928/883 730/929/884
f 825/940/889 831/930/883 826/941/890
f 825/940/889 829/933/885 830/934/886
f 823/942/891 829/933/885 824/943/892
f 822/944/893 828/937/887 823/942/891
f 821/945/894 728/939/888 726/946/895
f 820/947/896 826/941/890 821/948/894
f 820/947/896 824/943/892 825/940/889
f 819/949/897 823/942/891 824/943/892
f 817/950/898 823/942/891 818/951/899
f 724/952/900 821/945/894 726/946/895
f 816/953/901 820/947/896 821/948/894
f 814/954/902 820/947/896 815/955/903
f 813/956/904 819/949/897 814/954/902
f 813/956/904 817/950/898 818/951/899
f 811/957/905 724/952/900 722/958/764
f 810/959/906 816/953/901 811/960/905
f 809/961/907 815/955/903 810/959/906
f 809/961/907 813/956/904 814/954/902
f 807/962/908 813/956/904 808/963/909
f 806/964/910 722/958/764 720/965/911
f 806/966/910 810/959/906 811/960/905
f 804/967/912 810/959/906 805/968/913
f 803/969/914 809/961/907 804/967/912
f 803/969/914 807/962/908 808/963/909
f 718/970/915 806/964/910 720/965/911
f 801/971/916 805/968/913 806/966/910
f 799/972/917 805/968/913 800/973/918
f 798/974/919 804/967/912 799/972/917
f 798/974/919 802/975/920 803/969/914
f 716/976/921 801/977/916 718/970/915
f 795/978/922 801/971/916 796/979/923
f 795/978/922 799/972/917 800/973/918
f 793/980/924 799/972/917 794/981/925
f 792/982/926 798/974/919 793/980/924
f 791/983/927 716/976/921 714/984/928
f 791/985/927 795/978/922 796/979/923
f 790/986/929 794/981/925 795/978/922
f 789/987/930 793/980/924 794/981/925
f 788/988/931 792/982/926 793/980/924
f 786/989/932 714/984/928 712/990/933
f 785/991/934 791/985/927 786/992/932
f 785/991/934 789/987/930 790/986/929
f 783/993/935 789/987/930 784/994/936
f 782/995/937 788/988/931 783/993/935
f 710/996/938 786/989/932 712/990/933
f 781/997/939 785/991/934 786/992/932
f 780/998/940 784/994/936 785/991/934
f 779/999/941 783/993/935 784/994/936
f 778/1000/942 782/995/937 783/993/935
f 708/1001/767 781/1002/939 710/996/938
f 773/1003/771 781/997/939 772/1004/769
f 773/1003/771 779/999/941 780/998/940
f 774/1005/773 778/1000/942 779/999/941
f 776/1006/774 778/1000/942 775/1007/775
f 963/1008/943 776/1009/774 927/1010/781
f 962/1011/944 927/1010/781 922/1012/945
f 961/1013/946 922/1012/945 917/1014/786
f 960/1015/947 917/1014/786 912/1016/948
f 959/1017/949 912/1016/948 907/1018/797
f 958/1019/950 907/1018/797 902/1020/803
f 897/1021/809 958/1019/950 902/1020/803
f 956/1022/951 897/1021/809 892/1023/816
f 887/1024/827 956/1022/951 892/1023/816
f 954/1025/952 887/1024/827 882/1026/953
f 877/1027/833 954/1025/952 882/1026/953
f 872/1028/954 953/1029/955 877/1027/833
f 867/1030/844 952/1031/956 872/1028/954
f 862/1032/957 951/1033/958 867/1030/844
f 857/1034/855 950/1035/959 862/1032/957
f 852/1036/861 949/1037/960 857/1034/855
f 847/1038/961 948/1039/962 852/1036/861
f 842/1040/871 947/1041/963 847/1038/961
f 945/1042/964 842/1040/871 837/1043/965
f 832/1044/882 945/1042/964 837/1043/965
f 943/1045/966 832/1044/882 827/1046/967
f 822/1047/893 943/1045/966 827/1046/967
f 941/1048/968 822/1047/893 817/1049/898
f 940/1050/969 817/1049/898 812/1051/970
f 807/1052/908 940/1050/969 812/1051/970
f 802/1053/920 939/1054/971 807/1052/908
f 937/1055/972 802/1053/920 797/1056/973
f 792/1057/926 937/1055/972 797/1056/973
f 935/1058/974 792/1057/926 787/1059/975
f 782/1060/937 935/1058/974 787/1059/975
f 933/1061/976 782/1060/937 777/1062/977
f 932/1063/978 777/1062/977 776/1064/774
f 1027/1065/979 932/1066/978 963/1008/943
f 1027/1065/979 965/786/709 964/1067/980
f 1025/1068/981 963/1008/943 962/1011/944
f 1025/1068/981 1026/784/762 1027/1065/979
f 961/1013/946 1025/1068/981 962/1011/944
f 1023/1069/982 1024/779/757 1025/1068/981
f 960/1015/947 1023/1069/982 961/1013/946
f 1020/776/754 1023/1069/982 1021/1070/983
f 959/1017/949 1021/1070/983 960/1015/947
f 1019/1071/984 1020/776/754 1021/1070/983
f 1017/1072/985 959/1017/949 958/1019/950
f 1017/1072/985 1018/774/752 1019/1071/984
f 957/1073/986 1017/1072/985 958/1019/950
f 1015/1074/987 1016/773/751 1017/1072/985
f 956/1022/951 1015/1074/987 957/1073/986
f 1012/770/748 1015/1074/987 1013/1075/988
f 1011/1076/989 956/1022/951 955/1077/990
f 1011/1076/989 1012/770/748 1013/1075/988
f 1009/1078/991 955/1077/990 954/1025/952
f 1008/767/745 1011/1076/989 1009/1078/991
f 1007/1079/992 954/1025/952 953/1029/955
f 1006/765/743 1009/1078/991 1007/1079/992
f 1005/1080/993 953/1029/955 952/1031/956
f 1004/763/741 1007/1079/992 1005/1080/993
f 1003/1081/994 952/1031/956 951/1033/958
f 1003/1081/994 1004/763/741 1005/1080/993
f 1001/1082/995 951/1033/958 950/1035/959
f 1000/760/738 1003/1081/994 1001/1082/995
f 949/1037/960 1001/1082/995 950/1035/959
f 998/758/736 1001/1082/995 999/1083/996
f 948/1039/962 999/1083/996 949/1037/960
f 996/757/735 999/1083/996 997/1084/997
f 995/1085/998 948/1039/962 947/1041/963
f 994/755/733 997/1084/997 995/1085/998
f 993/1086/999 947/1041/963 946/1087/1000
f 992/753/731 995/1085/998 993/1086/999
f 945/1042/964 993/1086/999 946/1087/1000
f 990/752/730 993/1086/999 991/1088/1001
f 989/1089/1002 945/1042/964 944/1090/1003
f 988/750/728 991/1088/1001 989/1089/1002
f 943/1045/966 989/1089/1002 944/1090/1003
f 987/1091/1004 988/750/728 989/1089/1002
f 942/1092/1005 987/1091/1004 943/1045/966
f 984/747/725 987/1091/1004 985/1093/1006
f 941/1048/968 985/1093/1006 942/1092/1005
f 983/1094/1007 984/747/725 985/1093/1006
f 981/1095/1008 941/1048/968 940/1050/969
f 981/1095/1008 982/745/723 983/1094/1007
f 939/1054/971 981/1095/1008 940/1050/969
f 978/741/719 981/1095/1008 979/1096/1009
f 977/1097/1010 939/1054/971 938/1098/1011
f 977/1097/1010 978/741/719 979/1096/1009
f 937/1055/972 977/1097/1010 938/1098/1011
f 974/738/716 977/1097/1010 975/1099/1012
f 973/1100/1013 937/1055/972 936/1101/1014
f 972/736/714 975/1099/1012 973/1100/1013
f 935/1058/974 973/1100/1013 936/1101/1014
f 971/1102/1015 972/736/714 973/1100/1013
f 969/1103/1016 935/1058/974 934/1104/1017
f 969/1103/1016 970/735/713 971/1102/1015
f 933/1061/976 969/1103/1016 934/1104/1017
f 967/1105/1018 968/733/711 969/1103/1016
f 932/1063/978 967/1105/1018 933/1061/976
f 964/1106/980 966/730/708 967/1105/1018
f 709/1107/1019 1028/732/710 1029/729/707
f 713/1108/1020 1028/732/710 711/1109/1021
f 715/1110/1022 1030/1111/1023 713/1108/1020
f 717/1112/1024 1031/734/712 715/1110/1022
f 719/1113/1025 1032/1114/1026 717/1112/1024
f 719/1113/1025 1034/739/717 1033/737/715
f 723/1115/1027 1034/739/717 721/1116/1028
f 725/1117/1029 1035/742/720 723/1115/1027
f 725/1117/1029 1037/744/722 1036/1118/1030
f 729/1119/1031 1037/744/722 727/1120/1032
f 731/1121/1033 1038/746/724 729/1119/1031
f 733/1122/1034 1039/1123/1035 731/1121/1033
f 733/1122/1034 1041/751/729 1040/749/727
f 735/1124/1036 1042/1125/1037 1041/751/729
f 739/1126/1038 1042/1125/1037 737/1127/1039
f 739/1126/1038 1044/756/734 1043/754/732
f 741/1128/1040 1045/1129/1041 1044/756/734
f 745/1130/1042 1045/1129/1041 743/1131/1043
f 747/1132/1044 1046/759/737 745/1130/1042
f 749/1133/1045 1047/761/739 747/1132/1044
f 751/1134/1046 1048/764/742 749/1133/1045
f 751/1134/1046 1050/766/744 1049/1135/1047
f 755/1136/1048 1050/766/744 753/1137/1049
f 757/1138/1050 1051/1139/1051 755/1136/1048
f 757/1138/1050 1053/1140/1052 1052/769/747
f 761/1141/1053 1053/1140/1052 759/1142/1054
f 763/1143/1055 1054/772/750 761/1141/1053
f 763/1143/1055 1056/775/753 1055/1144/1056
f 765/1145/1057 1057/777/755 1056/775/753
f 767/1146/1058 1058/783/761 1057/777/755
f 769/1147/1059 1059/1148/1060 1058/783/761
f 771/1149/1061 1029/785/707 1059/1148/1060
f 1093/1150/1062 1156/1151/1063 1159/1152/1064
f 1083/1153/1065 1146/1154/1066 1082/1155/1065
f 1121/1156/1067 1183/1157/1068 1185/1158/1069
f 1094/1159/1070 1160/1160/1071 1095/1161/1072
f 1082/1155/1065 1145/1162/1073 1081/1163/1065
f 1122/1164/1074 1184/781/759 1186/1165/1075
f 1093/1150/1062 1161/1166/1076 1096/1167/1077
f 1080/1168/1065 1145/1162/1073 1144/1169/1078
f 1123/1170/1079 1185/1158/1069 1187/1171/1080
f 1097/1172/1081 1160/1160/1071 1162/1173/1082
f 1079/1174/1065 1144/1169/1078 1143/1175/1083
f 1092/1176/1084 1186/1165/1075 1156/1151/1063
f 1096/1167/1077 1163/1177/1085 1098/1178/1086
f 1079/1174/1065 1142/1179/1087 1078/1180/1065
f 1123/1170/1079 1157/1181/1088 1094/1159/1070
f 1099/1182/1089 1164/1183/1090 1100/1184/1091
f 1078/1180/1065 1141/1185/1092 1077/1186/1065
f 1097/1172/1081 1165/1187/1093 1101/1188/1094
f 1077/1186/1065 1140/1189/1095 1076/1190/1065
f 1102/1191/1096 1163/1177/1085 1166/1192/1097
f 1075/1193/1065 1140/1189/1095 1139/1194/1098
f 1103/1195/1099 1164/1183/1090 1167/1196/1100
f 1075/1193/1065 1138/1197/1101 1074/1198/1065
f 1101/1188/1094 1168/1199/1102 1104/1200/1103
f 1073/1201/1065 1138/1197/1101 1137/1202/1104
f 1102/1191/1096 1169/1203/1105 1105/1204/1106
f 1073/1201/1065 1136/1205/1107 1072/1206/1065
f 1106/1207/1108 1167/1196/1100 1170/1208/1109
f 1072/1206/1065 1135/1209/1110 1071/1210/1065
f 1104/1200/1103 1171/1211/1111 1107/1212/1112
f 1071/1210/1065 1134/1213/1113 1070/1214/1065
f 757/1138/1050 1094/1159/1070 759/1142/1054
f 731/1121/1033 1122/1164/1074 1092/1176/1084
f 755/1136/1048 1123/1170/1079 757/1138/1050
f 729/1119/1031 1120/782/760 1122/1164/1074
f 753/1137/1049 1121/1156/1067 755/1136/1048
f 727/1120/1032 1118/780/758 1120/782/760
f 753/1137/1049 1117/1215/1114 1119/1216/1115
f 723/1115/1027 1118/780/758 725/1117/1029
f 751/1134/1046 1115/1217/1116 1117/1215/1114
f 723/1115/1027 1114/1218/1117 1116/1219/1118
f 747/1132/1044 1115/1217/1116 749/1133/1045
f 719/1113/1025 1114/1218/1117 721/1116/1028
f 747/1132/1044 1111/1220/1119 1113/1221/1120
f 771/1149/1061 1099/1222/1089 709/1223/1019
f 719/1113/1025 1109/1224/1121 1112/1225/1122
f 745/1130/1042 1108/1226/1123 1111/1220/1119
f 769/1147/1059 1110/1227/1124 771/1149/1061
f 715/1110/1022 1109/1224/1121 717/1112/1024
f 741/1128/1040 1108/1226/1123 743/1131/1043
f 767/1146/1058 1107/1212/1112 769/1147/1059
f 713/1108/1020 1106/1207/1108 715/1110/1022
f 739/1126/1038 1105/1204/1106 741/1128/1040
f 765/1145/1057 1104/1200/1103 767/1146/1058
f 711/1109/1021 1103/1195/1099 713/1108/1020
f 737/1127/1039 1102/1191/1096 739/1126/1038
f 763/1143/1055 1101/1188/1094 765/1145/1057
f 709/1107/1019 1100/1184/1091 711/1109/1021
f 737/1127/1039 1096/1167/1077 1098/1178/1086
f 761/1141/1053 1097/1172/1081 763/1143/1055
f 735/1124/1036 1093/1150/1062 1096/1167/1077
f 759/1142/1054 1095/1161/1072 761/1141/1053
f 731/1121/1033 1093/1150/1062 733/1122/1034
f 1159/1228/1064 1135/1209/1110 1136/1205/1107
f 1157/1229/1088 1150/1230/1125 1160/1231/1071
f 1159/1228/1064 1137/1202/1104 1161/1232/1076
f 1162/1233/1082 1150/1230/1125 1151/1234/1126
f 1161/1232/1076 1138/1197/1101 1163/1235/1085
f 1158/1236/1127 1124/1237/1128 1164/1238/1090
f 1165/1239/1093 1151/1234/1126 1152/1240/1129
f 1163/1235/1085 1139/1194/1098 1166/1241/1097
f 1167/1242/1100 1124/1237/1128 1126/1243/1130
f 1168/1244/1102 1152/1240/1129 1153/1245/1131
f 1169/1246/1105 1139/1194/1098 1140/1189/1095
f 1167/1242/1100 1127/1247/1132 1170/1248/1109
f 1168/1244/1102 1154/1249/1133 1171/1250/1111
f 1169/1246/1105 1141/1185/1092 1172/1251/1134
f 1170/1248/1109 1128/1252/1135 1173/1253/1136
f 1174/1254/1137 1154/1249/1133 1155/1255/1138
f 1172/1251/1134 1142/1179/1087 1175/1256/1139
f 1173/1253/1136 1129/1257/1140 1176/1258/1141
f 1174/1254/1137 1125/1259/1142 1158/1260/1127
f 1177/1261/1143 1142/1179/1087 1143/1175/1083
f 1176/1258/1141 1130/1262/1144 1178/1263/1145
f 1177/1261/1143 1144/1169/1078 1179/1264/1146
f 1178/1263/1145 1131/1265/1147 1180/1266/1148
f 1179/1264/1146 1145/1162/1073 1181/1267/1149
f 1180/1266/1148 1132/1268/1150 1182/1269/1151
f 1181/1267/1149 1146/1154/1066 1183/1270/1068
f 1182/1269/1151 1133/1271/1152 1184/1272/759
f 1183/1270/1068 1147/1273/1153 1185/1274/1069
f 1186/1275/1075 1133/1271/1152 1134/1213/1113
f 1187/1276/1080 1147/1273/1153 1148/1277/1154
f 1186/1275/1075 1135/1209/1110 1156/1278/1063
f 1187/1276/1080 1149/1279/1155 1157/1229/1088
f 1084/1280/1065 1147/1273/1153 1083/1153/1065
f 1117/1215/1114 1183/1157/1068 1119/1216/1115
f 1084/1280/1065 1149/1279/1155 1148/1277/1154
f 1118/780/758 1180/1281/1148 1182/1282/1151
f 1086/1283/1065 1149/1279/1155 1085/1284/1065
f 1117/1215/1114 1179/1285/1146 1181/1286/1149
f 1086/1283/1065 1151/1234/1126 1150/1230/1125
f 1061/1287/1065 1124/1237/1128 1125/1288/1142
f 1116/1219/1118 1178/1289/1145 1180/1281/1148
f 1088/1290/1065 1151/1234/1126 1087/1291/1065
f 1062/1292/1065 1124/1237/1128 1060/1293/1065
f 1115/1217/1116 1177/1294/1143 1179/1285/1146
f 1089/1295/1065 1152/1240/1129 1088/1290/1065
f 1063/1296/1065 1126/1243/1130 1062/1292/1065
f 1112/1225/1122 1178/1289/1145 1114/1218/1117
f 1089/1295/1065 1154/1249/1133 1153/1245/1131
f 1063/1296/1065 1128/1252/1135 1127/1247/1132
f 1113/1221/1120 1175/1297/1139 1177/1294/1143
f 1091/1298/1065 1154/1249/1133 1090/1299/1065
f 1064/1300/1065 1129/1257/1140 1128/1252/1135
f 1110/1227/1124 1158/1301/1127 1099/1222/1089
f 1091/1298/1065 1125/1259/1142 1155/1255/1138
f 1065/1302/1065 1130/1262/1144 1129/1257/1140
f 1112/1225/1122 1173/1303/1136 1176/1304/1141
f 1067/1305/1065 1130/1262/1144 1066/1306/1065
f 1108/1226/1123 1175/1297/1139 1111/1220/1119
f 1068/1307/1065 1131/1265/1147 1067/1305/1065
f 1110/1227/1124 1171/1211/1111 1174/1308/1137
f 1068/1307/1065 1133/1271/1152 1132/1268/1150
f 1109/1224/1121 1170/1208/1109 1173/1303/1136
f 1070/1214/1065 1133/1271/1152 1069/1309/1065
f 1105/1204/1106 1172/1310/1134 1108/1226/1123
f 5/1/1 15/31/31 16/2/2
f 475/4/4 8/32/32 9/5/5
f 478/3/3 16/2/2 17/7/7
f 476/9/9 1/6/6 9/5/5
f 479/11/11 6/8/8 17/7/7
f 2/13/13 476/9/9 10/10/10
f 480/15/15 479/11/11 18/12/12
f 477/17/17 2/13/13 11/14/14
f 481/19/19 480/15/15 19/16/16
f 3/21/21 477/17/17 12/18/18
f 481/19/19 20/20/20 21/23/23
f 4/25/25 3/21/21 13/22/22
f 5/1/1 4/25/25 14/26/26
f 474/27/27 7/29/29 8/32/32
f 15/31/31 14/26/26 29/33/33
f 7/29/29 22/47/47 23/35/35
f 16/2/2 15/31/31 30/34/34
f 9/5/5 8/32/32 23/35/35
f 17/7/7 16/2/2 31/36/36
f 9/5/5 24/37/37 25/39/39
f 17/7/7 32/38/38 33/40/40
f 10/10/10 25/39/39 26/41/41
f 18/12/12 33/40/40 34/42/42
f 11/14/14 26/41/41 27/43/43
f 19/16/16 34/42/42 35/44/44
f 12/18/18 27/43/43 28/45/45
f 20/20/20 35/44/44 36/46/46
f 14/26/26 13/22/22 28/45/45
f 34/42/42 33/40/40 48/48/48
f 26/41/41 41/62/62 42/50/50
f 35/44/44 34/42/42 49/49/49
f 27/43/43 42/50/50 43/52/52
f 36/46/46 35/44/44 50/51/51
f 28/45/45 43/52/52 44/54/54
f 29/33/33 44/54/54 45/56/56
f 23/35/35 22/47/47 37/55/55
f 30/34/34 45/56/56 46/58/58
f 23/35/35 38/57/57 39/59/59
f 32/38/38 31/36/36 46/58/58
f 24/37/37 39/59/59 40/61/61
f 33/40/40 32/38/38 47/60/60
f 26/41/41 25/39/39 40/61/61
f 38/57/57 37/55/55 52/63/63
f 46/58/58 45/56/56 60/65/65
f 39/59/59 38/57/57 53/64/64
f 47/60/60 46/58/58 61/66/66
f 40/61/61 39/59/59 54/67/67
f 47/60/60 62/68/68 63/70/70
f 41/62/62 40/61/61 55/69/69
f 49/49/49 48/48/48 63/70/70
f 41/62/62 56/71/71 57/73/73
f 50/51/51 49/49/49 64/72/72
f 43/52/52 42/50/50 57/73/73
f 51/53/53 50/51/51 65/74/74
f 44/54/54 43/52/52 58/75/75
f 45/56/56 44/54/54 59/77/77
f 56/71/71 71/91/91 72/78/78
f 64/72/72 79/92/92 80/79/79
f 58/75/75 57/73/73 72/78/78
f 65/74/74 80/79/79 81/81/81
f 59/77/77 58/75/75 73/80/80
f 59/77/77 74/82/82 75/84/84
f 52/63/63 67/83/83 68/85/85
f 60/65/65 75/84/84 76/86/86
f 54/67/67 53/64/64 68/85/85
f 62/68/68 61/66/66 76/86/86
f 55/69/69 54/67/67 69/87/87
f 62/68/68 77/88/88 78/90/90
f 56/71/71 55/69/69 70/89/89
f 64/72/72 63/70/70 78/90/90
f 75/84/84 91/107/107 92/93/93
f 69/87/87 68/85/85 84/94/94
f 76/86/86 92/93/93 93/96/96
f 69/87/87 85/95/95 86/97/97
f 77/88/88 93/96/96 94/98/98
f 70/89/89 86/97/97 87/99/99
f 79/92/92 78/90/90 94/98/98
f 71/91/91 87/99/99 88/101/101
f 79/92/92 95/100/100 96/102/102
f 73/80/80 72/78/78 88/101/101
f 81/81/81 80/79/79 96/102/102
f 74/82/82 73/80/80 89/103/103
f 74/82/82 90/105/105 91/107/107
f 67/83/83 83/106/106 84/94/94
f 96/102/102 95/100/100 110/108/108
f 89/103/103 88/101/101 103/110/110
f 96/102/102 111/109/109 112/112/112
f 89/103/103 104/111/111 105/113/113
f 90/105/105 105/113/113 106/115/115
f 83/106/106 98/114/114 99/116/116
f 92/93/93 91/107/107 106/115/115
f 84/94/94 99/116/116 100/118/118
f 93/96/96 92/93/93 107/117/117
f 85/95/95 100/118/118 101/120/120
f 94/98/98 93/96/96 108/119/119
f 87/99/99 86/97/97 101/120/120
f 94/98/98 109/121/121 110/108/108
f 88/101/101 87/99/99 102/122/122
f 107/117/117 122/136/136 123/123/123
f 100/118/118 115/137/137 116/124/124
f 108/119/119 123/123/123 124/125/125
f 101/120/120 116/124/124 117/126/126
f 110/108/108 109/121/121 124/125/125
f 102/122/122 117/126/126 118/128/128
f 111/109/109 110/108/108 125/127/127
f 104/111/111 103/110/110 118/128/128
f 112/112/112 111/109/109 126/129/129
f 104/111/111 119/130/130 120/132/132
f 105/113/113 120/132/132 121/134/134
f 98/114/114 113/133/133 114/135/135
f 106/115/115 121/134/134 122/136/136
f 99/116/116 114/135/135 115/137/137
f 126/129/129 141/152/152 142/138/138
f 120/132/132 119/130/130 134/139/139
f 121/134/134 120/132/132 135/140/140
f 114/135/135 113/133/133 128/141/141
f 122/136/136 121/134/134 136/142/142
f 114/135/135 129/143/143 130/145/145
f 123/123/123 122/136/136 137/144/144
f 116/124/124 115/137/137 130/145/145
f 124/125/125 123/123/123 138/146/146
f 117/126/126 116/124/124 131/147/147
f 124/125/125 139/148/148 140/150/150
f 118/128/128 117/126/126 132/149/149
f 125/127/127 140/150/150 141/152/152
f 118/128/128 133/151/151 134/139/139
f 131/147/147 130/145/145 145/153/153
f 138/146/146 153/167/167 154/155/155
f 131/147/147 146/154/154 147/156/156
f 140/150/150 139/148/148 154/155/155
f 132/149/149 147/156/156 148/158/158
f 141/152/152 140/150/150 155/157/157
f 134/139/139 133/151/151 148/158/158
f 141/152/152 156/159/159 157/161/161
f 135/140/140 134/139/139 149/160/160
f 136/142/142 135/140/140 150/162/162
f 129/143/143 128/141/141 143/163/163
f 136/142/142 151/164/164 152/166/166
f 130/145/145 129/143/143 144/165/165
f 137/144/144 152/166/166 153/167/167
f 150/162/162 149/160/160 164/168/168
f 150/162/162 165/169/169 166/172/172
f 144/165/165 143/163/163 158/170/170
f 152/166/166 151/164/164 166/172/172
f 144/165/165 159/173/173 160/175/175
f 153/167/167 152/166/166 167/174/174
f 145/153/153 160/175/175 161/177/177
f 154/155/155 153/167/167 168/176/176
f 147/156/156 146/154/154 161/177/177
f 155/157/157 154/155/155 169/178/178
f 148/158/158 147/156/156 162/179/179
f 156/159/159 155/157/157 170/180/180
f 149/160/160 148/158/158 163/181/181
f 156/159/159 171/182/182 172/171/171
f 168/176/176 183/196/196 184/183/183
f 161/177/177 176/197/197 177/184/184
f 169/178/178 184/183/183 185/185/185
f 162/179/179 177/184/184 178/186/186
f 170/180/180 185/185/185 186/187/187
f 163/181/181 178/186/186 179/188/188
f 172/171/171 171/182/182 186/187/187
f 165/169/169 164/168/168 179/188/188
f 166/172/172 165/169/169 180/190/190
f 158/170/170 173/191/191 174/193/193
f 167/174/174 166/172/172 181/192/192
f 159/173/173 174/193/193 175/195/195
f 168/176/176 167/174/174 182/194/194
f 160/175/175 175/195/195 176/197/197
f 180/190/190 195/212/212 196/200/200
f 174/193/193 173/191/191 188/198/198
f 181/192/192 196/200/200 197/202/202
f 174/193/193 189/201/201 190/203/203
f 182/194/194 197/202/202 198/204/204
f 175/195/195 190/203/203 191/205/205
f 184/183/183 183/196/196 198/204/204
f 177/184/184 176/197/197 191/205/205
f 184/183/183 199/206/206 200/208/208
f 177/184/184 192/207/207 193/209/209
f 185/185/185 200/208/208 201/210/210
f 178/186/186 193/209/209 194/211/211
f 186/187/187 201/210/210 202/199/199
f 179/188/188 194/211/211 195/212/212
f 191/205/205 206/226/226 207/213/213
f 199/206/206 214/227/227 215/214/214
f 192/207/207 207/213/213 208/215/215
f 200/208/208 215/214/214 216/216/216
f 194/211/211 193/209/209 208/215/215
f 201/210/210 216/216/216 217/218/218
f 195/212/212 194/211/211 209/217/217
f 196/200/200 195/212/212 210/219/219
f 188/198/198 203/220/220 204/222/222
f 197/202/202 196/200/200 211/221/221
f 190/203/203 189/201/201 204/222/222
f 198/204/204 197/202/202 212/223/223
f 190/203/203 205/224/224 206/226/226
f 198/204/204 213/225/225 214/227/227
f 210/219/219 225/241/241 226/228/228
f 203/220/220 218/242/242 219/229/229
f 211/221/221 226/228/228 227/230/230
f 204/222/222 219/229/229 220/231/231
f 212/223/223 227/230/230 228/232/232
f 206/226/226 205/224/224 220/231/231
f 214/227/227 213/225/225 228/232/232
f 207/213/213 206/226/226 221/233/233
f 215/214/214 214/227/227 229/234/234
f 208/215/215 207/213/213 222/235/235
f 216/216/216 215/214/214 230/236/236
f 209/217/217 208/215/215 223/237/237
f 216/216/216 231/238/238 232/240/240
f 209/217/217 224/239/239 225/241/241
f 229/234/234 244/256/256 245/243/243
f 222/235/235 237/257/257 238/244/244
f 230/236/236 245/243/243 246/245/245
f 223/237/237 238/244/244 239/246/246
f 232/240/240 231/238/238 246/245/245
f 224/239/239 239/246/246 240/248/248
f 225/241/241 240/248/248 241/250/250
f 219/229/229 218/242/242 233/249/249
f 227/230/230 226/228/228 241/250/250
f 220/231/231 219/229/229 234/251/251
f 228/232/232 227/230/230 242/252/252
f 220/231/231 235/253/253 236/255/255
f 228/232/232 243/254/254 244/256/256
f 221/233/233 236/255/255 237/257/257
f 242/258/252 241/286/250 256/259/258
f 235/261/253 234/287/251 249/262/260
f 243/264/254 242/258/252 257/260/259
f 236/266/255 235/261/253 250/263/261
f 244/268/256 243/264/254 258/265/262
f 237/270/257 236/266/255 251/267/263
f 245/272/243 244/268/256 259/269/264
f 237/270/257 252/271/265 253/274/267
f 245/272/243 260/273/266 261/276/268
f 238/275/244 253/274/267 254/278/269
f 247/280/247 246/277/245 261/276/268
f 239/279/246 254/278/269 255/282/271
f 241/286/250 240/283/248 255/282/271
f 233/284/249 248/285/272 249/262/260
f 261/276/268 260/273/266 275/288/273
f 254/278/269 253/274/267 268/290/275
f 262/281/270 261/276/268 276/289/274
f 255/282/271 254/278/269 269/291/276
f 256/259/258 255/282/271 270/293/278
f 249/262/260 248/285/272 263/294/279
f 256/259/258 271/295/280 272/297/282
f 249/262/260 264/296/281 265/298/283
f 257/260/259 272/297/282 273/299/284
f 250/263/261 265/298/283 266/300/285
f 258/265/262 273/299/284 274/301/286
f 251/267/263 266/300/285 267/302/287
f 260/273/266 259/269/264 274/301/286
f 253/274/267 252/271/265 267/302/287
f 265/298/283 264/296/281 279/303/288
f 273/299/284 272/297/282 287/305/290
f 265/298/283 280/304/289 281/307/292
f 273/299/284 288/306/291 289/308/293
f 266/300/285 281/307/292 282/309/294
f 274/301/286 289/308/293 290/310/295
f 267/302/287 282/309/294 283/311/296
f 275/288/273 290/310/295 291/312/297
f 268/290/275 283/311/296 284/313/298
f 276/289/274 291/312/297 292/314/299
f 269/291/276 284/313/298 285/315/300
f 270/293/278 285/315/300 286/317/302
f 263/294/279 278/316/301 279/303/288
f 271/295/280 286/317/302 287/305/290
f 284/313/298 283/311/296 298/318/303
f 291/312/297 306/332/317 307/320/305
f 285/315/300 284/313/298 299/319/304
f 286/317/302 285/315/300 300/321/306
f 279/303/288 278/316/301 293/322/307
f 286/317/302 301/323/308 302/325/310
f 280/304/289 279/303/288 294/324/309
f 287/305/290 302/325/310 303/327/312
f 281/307/292 280/304/289 295/326/311
f 289/308/293 288/306/291 303/327/312
f 281/307/292 296/328/313 297/330/315
f 289/308/293 304/329/314 305/331/316
f 283/311/296 282/309/294 297/330/315
f 290/310/295 305/331/316 306/332/317
f 303/327/312 302/325/310 318/333/318
f 296/328/313 295/326/311 311/335/320
f 303/327/312 319/334/319 320/337/322
f 297/330/315 296/328/313 312/336/321
f 304/329/314 320/337/322 321/339/324
f 297/330/315 313/338/323 314/340/325
f 305/331/316 321/339/324 322/341/326
f 299/319/304 298/318/303 314/340/325
f 307/320/305 306/332/317 322/341/326
f 300/321/306 299/319/304 315/342/327
f 300/321/306 316/344/329 317/346/331
f 293/322/307 309/345/330 310/347/332
f 302/325/310 301/323/308 317/346/331
f 294/324/309 310/347/332 311/335/320
f 323/343/328 322/341/326 337/348/333
f 316/344/329 315/342/327 330/350/335
f 316/344/329 331/351/336 332/353/338
f 309/345/330 324/352/337 325/354/339
f 317/346/331 332/353/338 333/355/340
f 310/347/332 325/354/339 326/356/341
f 318/333/318 333/355/340 334/357/342
f 311/335/320 326/356/341 327/358/343
f 319/334/319 334/357/342 335/359/344
f 312/336/321 327/358/343 328/360/345
f 321/339/324 320/337/322 335/359/344
f 313/338/323 328/360/345 329/362/347
f 322/341/326 321/339/324 336/361/346
f 314/340/325 329/362/347 330/350/335
f 326/356/341 341/377/362 342/363/348
f 335/359/344 334/357/342 349/364/349
f 328/360/345 327/358/343 342/363/348
f 335/359/344 350/365/350 351/367/352
f 329/362/347 328/360/345 343/366/351
f 336/361/346 351/367/352 352/369/354
f 330/350/335 329/362/347 344/368/353
f 337/348/333 352/369/354 353/371/356
f 330/350/335 345/370/355 346/372/357
f 331/351/336 346/372/357 347/374/359
f 324/352/337 339/373/358 340/375/360
f 332/353/338 347/374/359 348/376/361
f 325/354/339 340/375/360 341/377/362
f 334/357/342 333/355/340 348/376/361
f 346/372/357 345/370/355 360/378/363
f 347/374/359 346/372/357 361/379/364
f 340/375/360 339/373/358 354/380/365
f 348/376/361 347/374/359 362/382/367
f 341/377/362 340/375/360 355/383/368
f 348/376/361 363/384/369 364/386/371
f 341/377/362 356/385/370 357/387/372
f 349/364/349 364/386/371 365/388/373
f 342/363/348 357/387/372 358/389/374
f 351/367/352 350/365/350 365/388/373
f 343/366/351 358/389/374 359/391/376
f 352/369/354 351/367/352 366/390/375
f 344/368/353 359/391/376 360/378/363
f 353/371/356 352/369/354 367/392/377
f 365/388/373 364/386/371 379/393/378
f 358/389/374 357/387/372 372/395/380
f 365/388/373 380/394/379 381/397/382
f 359/391/376 358/389/374 373/396/381
f 366/390/375 381/397/382 382/399/384
f 360/378/363 359/391/376 374/398/383
f 367/392/377 382/399/384 383/401/386
f 360/378/363 375/400/385 376/402/387
f 361/379/364 376/402/387 377/404/389
f 354/380/365 369/403/388 370/405/390
f 362/382/367 377/404/389 378/406/391
f 355/383/368 370/405/390 371/407/392
f 364/386/371 363/384/369 378/406/391
f 357/387/372 356/385/370 371/407/392
f 377/404/389 376/402/387 391/409/394
f 370/405/390 369/403/388 384/411/396
f 377/404/389 392/410/395 393/413/398
f 371/407/392 370/405/390 385/412/397
f 378/406/391 393/413/398 394/415/400
f 372/395/380 371/407/392 386/414/399
f 379/393/378 394/415/400 395/417/402
f 372/395/380 387/416/401 388/418/403
f 381/397/382 380/394/379 395/417/402
f 373/396/381 388/418/403 389/420/405
f 382/399/384 381/397/382 396/419/404
f 375/400/385 374/398/383 389/420/405
f 383/401/386 382/399/384 397/421/406
f 376/402/387 375/400/385 390/422/407
f 396/419/404 395/417/402 410/423/408
f 389/420/405 388/418/403 403/425/410
f 396/419/404 411/424/409 412/427/412
f 390/422/407 389/420/405 404/426/411
f 398/408/393 397/421/406 412/427/412
f 391/409/394 390/422/407 405/428/413
f 391/409/394 406/430/415 407/432/417
f 384/411/396 399/431/416 400/433/418
f 393/413/398 392/410/395 407/432/417
f 386/414/399 385/412/397 400/433/418
f 394/415/400 393/413/398 408/434/419
f 386/414/399 401/435/420 402/437/422
f 395/417/402 394/415/400 409/436/421
f 388/418/403 387/416/401 402/437/422
f 399/431/416 414/451/436 415/438/423
f 407/432/417 422/452/437 423/439/424
f 401/435/420 400/433/418 415/438/423
f 408/434/419 423/439/424 424/441/426
f 401/435/420 416/440/425 417/442/427
f 410/423/408 409/436/421 424/441/426
f 402/437/422 417/442/427 418/444/429
f 411/424/409 410/423/408 425/443/428
f 403/425/410 418/444/429 419/446/431
f 411/424/409 426/445/430 427/447/432
f 404/426/411 419/446/431 420/448/433
f 412/427/412 427/447/432 428/449/434
f 405/428/413 420/448/433 421/450/435
f 406/430/415 421/450/435 422/452/437
f 418/444/429 433/467/452 434/453/438
f 427/447/432 426/445/430 441/454/439
f 419/446/431 434/453/438 435/456/441
f 428/449/434 427/447/432 442/455/440
f 420/448/433 435/456/441 436/458/443
f 421/450/435 436/458/443 437/460/445
f 414/451/436 429/459/444 430/461/446
f 422/452/437 437/460/445 438/462/447
f 415/438/423 430/461/446 431/463/448
f 424/441/426 423/439/424 438/462/447
f 416/440/425 431/463/448 432/465/450
f 424/441/426 439/464/449 440/466/451
f 418/444/429 417/442/427 432/465/450
f 426/445/430 425/443/428 440/466/451
f 438/462/447 437/460/445 452/468/453
f 430/461/446 445/482/467 446/470/455
f 439/464/449 438/462/447 453/469/454
f 431/463/448 446/470/455 447/472/457
f 440/466/451 439/464/449 454/471/456
f 433/467/452 432/465/450 447/472/457
f 441/454/439 440/466/451 455/473/458
f 434/453/438 433/467/452 448/474/459
f 442/455/440 441/454/439 456/475/460
f 435/456/441 434/453/438 449/476/461
f 443/457/442 442/455/440 457/477/462
f 436/458/443 435/456/441 450/478/463
f 437/460/445 436/458/443 451/480/465
f 430/461/446 429/459/444 444/481/466
f 456/475/460 471/496/481 472/483/468
f 449/476/461 464/497/482 465/484/469
f 457/477/462 472/483/468 473/485/470
f 450/478/463 465/484/469 466/486/471
f 451/480/465 466/486/471 467/488/473
f 445/482/467 444/481/466 459/487/472
f 453/469/454 452/468/453 467/488/473
f 446/470/455 445/482/467 460/489/474
f 454/471/456 453/469/454 468/490/475
f 447/472/457 446/470/455 461/491/476
f 455/473/458 454/471/456 469/492/477
f 448/474/459 447/472/457 462/493/478
f 455/473/458 470/494/479 471/496/481
f 448/474/459 463/495/480 464/497/482
f 461/491/476 460/489/474 475/4/4
f 468/490/475 478/3/3 6/8/8
f 462/493/478 461/491/476 1/6/6
f 469/492/477 6/8/8 479/11/11
f 462/493/478 476/9/9 2/13/13
f 470/494/479 479/11/11 480/15/15
f 464/497/482 463/495/480 2/13/13
f 472/483/468 471/496/481 480/15/15
f 465/484/469 464/497/482 477/17/17
f 472/483/468 481/19/19 482/24/24
f 466/486/471 465/484/469 3/21/21
f 466/486/471 4/25/25 5/1/1
f 460/489/474 459/487/472 474/27/27
f 467/488/473 5/1/1 478/3/3
f 707/498/483 484/512/496 490/499/484
f 485/501/486 707/498/483 491/500/485
f 705/506/490 704/503/488 486/505/489
f 483/508/492 705/506/490 487/507/491
f 706/510/494 483/508/492 488/509/493
f 706/510/494 489/511/495 490/499/484
f 489/511/495 496/519/503 497/513/497
f 491/500/485 490/499/484 497/513/497
f 492/502/487 491/500/485 498/514/498
f 486/505/489 493/516/500 494/517/501
f 488/509/493 487/507/491 494/517/501
f 489/511/495 488/509/493 495/518/502
f 493/516/500 500/526/510 501/520/504
f 495/518/502 494/517/501 501/520/504
f 495/518/502 502/521/505 503/522/506
f 496/519/503 503/522/506 504/523/507
f 497/513/497 504/523/507 505/524/508
f 499/515/499 498/514/498 505/524/508
f 504/523/507 511/533/517 512/527/511
f 506/525/509 505/524/508 512/527/511
f 500/526/510 507/529/513 508/530/514
f 501/520/504 508/530/514 509/531/515
f 502/521/505 509/531/515 510/532/516
f 504/523/507 503/522/506 510/532/516
f 508/530/514 507/529/513 514/534/518
f 509/531/515 508/530/514 515/535/519
f 510/532/516 509/531/515 516/536/520
f 511/533/517 510/532/516 517/537/521
f 511/533/517 518/538/522 519/539/523
f 513/528/512 512/527/511 519/539/523
f 518/538/522 526/547/531 527/541/525
f 520/540/524 519/539/523 527/541/525
f 514/534/518 522/543/527 523/544/528
f 516/536/520 515/535/519 523/544/528
f 516/536/520 524/545/529 525/546/530
f 518/538/522 517/537/521 525/546/530
f 523/544/528 530/554/538 531/548/532
f 524/545/529 531/548/532 532/549/533
f 525/546/530 532/549/533 533/550/534
f 526/547/531 533/550/534 534/551/535
f 528/542/526 527/541/525 534/551/535
f 522/543/527 529/553/537 530/554/538
f 535/552/536 534/551/535 541/555/539
f 530/554/538 529/553/537 536/557/541
f 531/548/532 530/554/538 537/558/542
f 531/548/532 538/559/543 539/560/544
f 533/550/534 532/549/533 539/560/544
f 533/550/534 540/561/545 541/555/539
f 538/559/543 545/568/552 546/562/546
f 540/561/545 539/560/544 546/562/546
f 540/561/545 547/563/547 548/564/548
f 542/556/540 541/555/539 548/564/548
f 536/557/541 543/566/550 544/567/551
f 537/558/542 544/567/551 545/568/552
f 544/567/551 543/566/550 550/569/553
f 545/568/552 544/567/551 551/570/554
f 546/562/546 545/568/552 552/571/555
f 547/563/547 546/562/546 553/572/556
f 547/563/547 554/573/557 555/574/558
f 549/565/549 548/564/548 555/574/558
f 552/571/555 559/582/566 560/576/560
f 554/573/557 553/572/556 560/576/560
f 554/573/557 561/577/561 562/578/562
f 556/575/559 555/574/558 562/578/562
f 550/569/553 557/580/564 558/581/565
f 551/570/554 558/581/565 559/582/566
f 557/580/564 564/583/567 565/584/568
f 558/581/565 565/584/568 566/585/569
f 559/582/566 566/585/569 567/586/570
f 560/576/560 567/586/570 568/587/571
f 561/577/561 568/587/571 569/588/572
f 563/579/563 562/578/562 569/588/572
f 568/587/571 567/586/570 574/590/574
f 568/587/571 575/591/575 576/592/576
f 570/589/573 569/588/572 576/592/576
f 565/584/568 564/583/567 571/594/578
f 565/584/568 572/595/579 573/596/580
f 566/585/569 573/596/580 574/590/574
f 572/595/579 571/594/578 578/597/581
f 573/596/580 572/595/579 579/598/582
f 574/590/574 573/596/580 580/599/583
f 575/591/575 574/590/574 581/600/584
f 575/591/575 582/601/585 583/602/586
f 577/593/577 576/592/576 583/602/586
f 582/601/585 581/600/584 588/604/588
f 582/601/585 589/605/589 590/606/590
f 584/603/587 583/602/586 590/606/590
f 578/597/581 585/608/592 586/609/593
f 579/598/582 586/609/593 587/610/594
f 580/599/583 587/610/594 588/604/588
f 586/609/593 585/608/592 592/611/595
f 587/610/594 586/609/593 593/612/596
f 587/610/594 594/613/597 595/614/598
f 589/605/589 588/604/588 595/614/598
f 589/605/589 596/615/599 597/616/600
f 591/607/591 590/606/590 597/616/600
f 596/618/599 603/630/608 604/619/602
f 598/617/601 597/620/600 604/619/602
f 592/622/595 599/623/604 600/624/605
f 593/625/596 600/624/605 601/626/606
f 594/627/597 601/626/606 602/628/607
f 596/618/599 595/629/598 602/628/607
f 600/624/605 607/637/615 608/631/609
f 601/626/606 608/631/609 609/632/610
f 603/630/608 602/628/607 609/632/610
f 603/630/608 610/633/611 611/634/612
f 605/621/603 604/619/602 611/634/612
f 600/624/605 599/623/604 606/636/614
f 612/635/613 611/634/612 618/638/616
f 607/637/615 606/636/614 613/640/618
f 608/631/609 607/637/615 614/641/619
f 608/631/609 615/642/620 616/643/621
f 610/633/611 609/632/610 616/643/621
f 610/633/611 617/644/622 618/638/616
f 615/642/620 614/641/619 621/645/623
f 615/642/620 622/646/624 623/647/625
f 617/644/622 616/643/621 623/647/625
f 617/644/622 624/648/626 625/649/627
f 619/639/617 618/638/616 625/649/627
f 613/640/618 620/651/629 621/645/623
f 626/650/628 625/649/627 632/652/630
f 621/645/623 620/651/629 627/654/632
f 622/646/624 621/645/623 628/655/633
f 622/646/624 629/656/634 630/657/635
f 624/648/626 623/647/625 630/657/635
f 624/648/626 631/658/636 632/652/630
f 629/656/634 636/665/643 637/659/637
f 631/658/636 630/657/635 637/659/637
f 631/658/636 638/660/638 639/661/639
f 633/653/631 632/652/630 639/661/639
f 627/654/632 634/663/641 635/664/642
f 629/656/634 628/655/633 635/664/642
f 635/664/642 634/663/641 641/666/644
f 635/664/642 642/667/645 643/668/646
f 636/665/643 643/668/646 644/669/647
f 638/660/638 637/659/637 644/669/647
f 638/660/638 645/670/648 646/671/649
f 640/662/640 639/661/639 646/671/649
f 643/668/646 650/679/657 651/673/651
f 645/670/648 644/669/647 651/673/651
f 645/670/648 652/674/652 653/675/653
f 647/672/650 646/671/649 653/675/653
f 641/666/644 648/677/655 649/678/656
f 643/668/646 642/667/645 649/678/656
f 648/677/655 655/680/658 656/681/659
f 650/679/657 649/678/656 656/681/659
f 650/679/657 657/682/660 658/683/661
f 652/674/652 651/673/651 658/683/661
f 652/674/652 659/684/662 660/685/663
f 654/676/654 653/675/653 660/685/663
f 659/684/662 658/683/661 665/687/665
f 659/684/662 666/688/666 667/689/667
f 661/686/664 660/685/663 667/689/667
f 656/681/659 655/680/658 662/691/669
f 657/682/660 656/681/659 663/692/670
f 657/682/660 664/693/671 665/687/665
f 662/691/669 669/700/678 670/694/672
f 664/693/671 663/692/670 670/694/672
f 664/693/671 671/695/673 672/696/674
f 666/688/666 665/687/665 672/696/674
f 666/688/666 673/697/675 674/698/676
f 668/690/668 667/689/667 674/698/676
f 673/697/675 680/707/685 681/701/679
f 675/699/677 674/698/676 681/701/679
f 669/700/678 676/703/681 677/704/682
f 671/695/673 670/694/672 677/704/682
f 671/695/673 678/705/683 679/706/684
f 673/697/675 672/696/674 679/706/684
f 676/703/681 683/714/692 684/708/686
f 678/705/683 677/704/682 684/708/686
f 678/705/683 685/709/687 686/710/688
f 680/707/685 679/706/684 686/710/688
f 680/707/685 687/711/689 688/712/690
f 682/702/680 681/701/679 688/712/690
f 687/711/689 694/721/699 695/715/693
f 689/713/691 688/712/690 695/715/693
f 683/714/692 690/717/695 691/718/696
f 685/709/687 684/708/686 691/718/696
f 685/709/687 692/719/697 693/720/698
f 687/711/689 686/710/688 693/720/698
f 692/719/697 691/718/696 698/722/700
f 692/719/697 699/723/701 700/724/702
f 694/721/699 693/720/698 700/724/702
f 694/721/699 701/725/703 702/726/704
f 696/716/694 695/715/693 702/726/704
f 690/717/695 697/728/706 698/722/700
f 703/727/705 702/726/704 707/498/483
f 698/722/700 697/728/706 704/503/488
f 699/723/701 698/722/700 705/506/490
f 700/724/702 699/723/701 483/508/492
f 701/725/703 700/724/702 706/510/494
f 702/726/704 701/725/703 484/512/496
f 703/727/705 485/501/486 492/502/487
f 492/502/487 499/515/499 703/727/705
f 499/515/499 506/525/509 703/727/705
f 506/525/509 513/528/512 520/540/524
f 520/540/524 528/542/526 506/525/509
f 528/542/526 535/552/536 506/525/509
f 535/552/536 542/556/540 549/565/549
f 549/565/549 556/575/559 563/579/563
f 563/579/563 570/589/573 577/593/577
f 577/593/577 584/603/587 591/607/591
f 591/607/591 598/617/601 619/639/617
f 598/617/601 605/621/603 619/639/617
f 605/621/603 612/635/613 619/639/617
f 619/639/617 626/650/628 647/672/650
f 626/650/628 633/653/631 647/672/650
f 633/653/631 640/662/640 647/672/650
f 647/672/650 654/676/654 661/686/664
f 661/686/664 668/690/668 647/672/650
f 668/690/668 675/699/677 647/672/650
f 675/699/677 682/702/680 689/713/691
f 689/713/691 696/716/694 703/727/705
f 535/552/536 549/565/549 563/579/563
f 563/579/563 577/593/577 591/607/591
f 675/699/677 689/713/691 647/672/650
f 689/713/691 703/727/705 647/672/650
f 703/727/705 506/525/509 535/552/536
f 535/552/536 563/579/563 591/607/591
f 591/607/591 619/639/617 703/727/705
f 619/639/617 647/672/650 703/727/705
f 1029/729/707 1028/732/710 966/730/708
f 1028/732/710 1030/1111/1023 968/733/711
f 968/733/711 1030/1111/1023 1031/734/712
f 1031/734/712 1032/1114/1026 972/736/714
f 972/736/714 1032/1114/1026 1033/737/715
f 974/738/716 1033/737/715 1034/739/717
f 1034/739/717 1035/742/720 978/741/719
f 1035/742/720 1036/1118/1030 980/743/721
f 980/743/721 1036/1118/1030 1037/744/722
f 982/745/723 1037/744/722 1038/746/724
f 1038/746/724 1039/1123/1035 986/748/726
f 986/748/726 1039/1123/1035 1040/749/727
f 988/750/728 1040/749/727 1041/751/729
f 1041/751/729 1042/1125/1037 992/753/731
f 992/753/731 1042/1125/1037 1043/754/732
f 994/755/733 1043/754/732 1044/756/734
f 1044/756/734 1045/1129/1041 998/758/736
f 998/758/736 1045/1129/1041 1046/759/737
f 1000/760/738 1046/759/737 1047/761/739
f 1047/761/739 1048/764/742 1004/763/741
f 1048/764/742 1049/1135/1047 1006/765/743
f 1006/765/743 1049/1135/1047 1050/766/744
f 1050/766/744 1051/1139/1051 1010/768/746
f 1010/768/746 1051/1139/1051 1052/769/747
f 1052/769/747 1053/1140/1052 1014/771/749
f 1014/771/749 1053/1140/1052 1054/772/750
f 1054/772/750 1055/1144/1056 1018/774/752
f 1018/774/752 1055/1144/1056 1056/775/753
f 1020/776/754 1056/775/753 1057/777/755
f 1057/777/755 1058/783/761 1024/779/757
f 1118/780/758 1182/1282/1151 1184/781/759
f 1058/783/761 1059/1148/1060 1026/784/762
f 1026/784/762 1059/1148/1060 1029/785/707
f 770/787/763 708/1311/767 710/1312/938
f 710/1312/938 712/1313/933 714/1314/928
f 714/1314/928 716/1315/921 718/1316/915
f 718/1316/915 720/1317/911 722/788/764
f 722/788/764 724/1318/900 730/1319/884
f 724/1318/900 726/1320/895 730/1319/884
f 726/1320/895 728/1321/888 730/1319/884
f 730/1319/884 732/1322/878 738/789/765
f 732/1322/878 734/1323/872 738/789/765
f 734/1323/872 736/1324/867 738/789/765
f 738/789/765 740/1325/856 742/1326/850
f 742/1326/850 744/1327/846 746/1328/839
f 746/1328/839 748/1329/834 750/1330/828
f 750/1330/828 752/1331/822 746/1328/839
f 752/1331/822 754/1332/818 746/1328/839
f 754/1332/818 756/1333/811 762/1334/794
f 756/1333/811 758/1335/806 762/1334/794
f 758/1335/806 760/1336/800 762/1334/794
f 762/1334/794 764/1337/789 766/1338/782
f 766/1338/782 768/1339/777 770/787/763
f 770/787/763 710/1312/938 714/1314/928
f 714/1314/928 718/1316/915 722/788/764
f 738/789/765 742/1326/850 746/1328/839
f 762/1334/794 766/1338/782 770/787/763
f 770/787/763 714/1314/928 722/788/764
f 722/788/764 730/1319/884 738/789/765
f 738/789/765 746/1328/839 770/787/763
f 746/1328/839 754/1332/818 770/787/763
f 754/1332/818 762/1334/794 770/787/763
f 931/790/766 772/1340/769 708/791/767
f 930/793/768 773/797/771 772/794/769
f 929/796/770 774/799/773 773/797/771
f 928/798/772 775/801/775 774/799/773
f 928/798/772 927/808/781 776/800/774
f 926/802/776 931/790/766 770/792/763
f 926/804/776 925/806/779 930/793/768
f 924/805/778 929/796/770 930/793/768
f 924/805/778 923/807/780 928/798/772
f 923/807/780 922/1341/945 927/808/781
f 766/809/782 921/1342/783 926/802/776
f 921/810/783 920/812/785 925/806/779
f 919/811/784 924/805/778 925/806/779
f 919/811/784 918/814/787 923/807/780
f 917/813/786 922/1341/945 923/807/780
f 916/815/788 921/1342/783 766/809/782
f 916/817/788 915/818/790 920/812/785
f 915/818/790 914/819/791 919/811/784
f 914/819/791 913/820/792 918/814/787
f 913/820/792 912/1343/948 917/813/786
f 911/821/793 916/815/788 764/816/789
f 910/823/795 915/818/790 916/817/788
f 910/823/795 909/825/796 914/819/791
f 909/825/796 908/827/798 913/820/792
f 907/826/797 912/1343/948 913/820/792
f 906/828/799 911/821/793 762/822/794
f 906/830/799 905/832/802 910/823/795
f 904/831/801 909/825/796 910/823/795
f 904/831/801 903/834/804 908/827/798
f 902/833/803 907/826/797 908/827/798
f 901/835/805 906/828/799 760/829/800
f 901/837/805 900/838/807 905/832/802
f 900/838/807 899/839/808 904/831/801
f 899/839/808 898/841/810 903/834/804
f 897/840/809 902/833/803 903/834/804
f 756/842/811 896/1344/813 901/835/805
f 895/843/812 900/838/807 901/837/805
f 894/845/814 899/839/808 900/838/807
f 893/846/815 898/841/810 899/839/808
f 892/847/816 897/840/809 898/841/810
f 891/848/817 896/1344/813 756/842/811
f 891/850/817 890/851/819 895/843/812
f 890/851/819 889/852/820 894/845/814
f 889/852/820 888/853/821 893/846/815
f 888/853/821 887/859/827 892/847/816
f 752/854/822 886/861/824 891/848/817
f 885/855/823 890/851/819 891/850/817
f 884/857/825 889/852/820 890/851/819
f 883/858/826 888/853/821 889/852/820
f 883/858/826 882/1345/953 887/859/827
f 750/860/828 881/868/830 886/861/824
f 880/862/829 885/855/823 886/856/824
f 880/862/829 879/865/832 884/857/825
f 878/864/831 883/858/826 884/857/825
f 877/866/833 882/1345/953 883/858/826
f 748/867/834 876/874/835 881/868/830
f 876/869/835 875/871/837 880/862/829
f 874/870/836 879/865/832 880/862/829
f 873/872/838 878/864/831 879/865/832
f 873/872/838 872/1346/954 877/866/833
f 746/873/839 871/1347/841 876/874/835
f 870/875/840 875/879/837 876/876/835
f 869/878/842 874/881/836 875/879/837
f 868/880/843 873/883/838 874/881/836
f 867/882/844 872/1348/954 873/883/838
f 866/884/845 871/1347/841 746/873/839
f 865/886/847 870/875/840 871/877/841
f 865/886/847 864/889/849 869/878/842
f 863/888/848 868/880/843 869/878/842
f 863/888/848 862/1349/957 867/882/844
f 742/890/850 861/897/852 866/884/845
f 860/891/851 865/886/847 866/887/845
f 859/893/853 864/889/849 865/886/847
f 858/894/854 863/888/848 864/889/849
f 857/895/855 862/1349/957 863/888/848
f 740/896/856 856/1350/857 861/897/852
f 856/898/857 855/899/858 860/891/851
f 855/899/858 854/901/860 859/893/853
f 853/900/859 858/894/854 859/893/853
f 852/902/861 857/895/855 858/894/854
f 851/903/862 856/1350/857 740/896/856
f 851/905/862 850/907/864 855/899/858
f 849/906/863 854/901/860 855/899/858
f 849/906/863 848/908/865 853/900/859
f 848/908/865 847/1351/961 852/902/861
f 846/909/866 851/903/862 738/904/765
f 845/911/868 850/907/864 851/905/862
f 844/913/869 849/906/863 850/907/864
f 843/914/870 848/908/865 849/906/863
f 842/915/871 847/1351/961 848/908/865
f 734/916/872 841/1352/873 846/909/866
f 841/917/873 840/919/875 845/911/868
f 839/918/874 844/913/869 845/911/868
f 839/918/874 838/920/876 843/914/870
f 838/920/876 837/1353/965 842/915/871
f 836/921/877 841/1352/873 734/916/872
f 835/923/879 840/919/875 841/917/873
f 834/925/880 839/918/874 840/919/875
f 833/926/881 838/920/876 839/918/874
f 832/927/882 837/1353/965 838/920/876
f 831/928/883 836/921/877 732/922/878
f 831/930/883 830/934/886 835/931/879
f 829/933/885 834/936/880 835/931/879
f 829/933/885 828/937/887 833/935/881
f 828/937/887 827/1354/967 832/938/882
f 728/939/888 826/1355/890 831/928/883
f 825/940/889 830/934/886 831/930/883
f 825/940/889 824/943/892 829/933/885
f 823/942/891 828/937/887 829/933/885
f 822/944/893 827/1354/967 828/937/887
f 821/945/894 826/1355/890 728/939/888
f 820/947/896 825/940/889 826/941/890
f 820/947/896 819/949/897 824/943/892
f 819/949/897 818/951/899 823/942/891
f 817/950/898 822/944/893 823/942/891
f 724/952/900 816/1356/901 821/945/894
f 816/953/901 815/955/903 820/947/896
f 814/954/902 819/949/897 820/947/896
f 813/956/904 818/951/899 819/949/897
f 813/956/904 812/1357/970 817/950/898
f 811/957/905 816/1356/901 724/952/900
f 810/959/906 815/955/903 816/953/901
f 809/961/907 814/954/902 815/955/903
f 809/961/907 808/963/909 813/956/904
f 807/962/908 812/1357/970 813/956/904
f 806/964/910 811/957/905 722/958/764
f 806/966/910 805/968/913 810/959/906
f 804/967/912 809/961/907 810/959/906
f 803/969/914 808/963/909 809/961/907
f 803/969/914 802/975/920 807/962/908
f 718/970/915 801/977/916 806/964/910
f 801/971/916 800/973/918 805/968/913
f 799/972/917 804/967/912 805/968/913
f 798/974/919 803/969/914 804/967/912
f 798/974/919 797/1358/973 802/975/920
f 716/976/921 796/1359/923 801/977/916
f 795/978/922 800/973/918 801/971/916
f 795/978/922 794/981/925 799/972/917
f 793/980/924 798/974/919 799/972/917
f 792/982/926 797/1358/973 798/974/919
f 791/983/927 796/1359/923 716/976/921
f 791/985/927 790/986/929 795/978/922
f 790/986/929 789/987/930 794/981/925
f 789/987/930 788/988/931 793/980/924
f 788/988/931 787/1360/975 792/982/926
f 786/989/932 791/983/927 714/984/928
f 785/991/934 790/986/929 791/985/927
f 785/991/934 784/994/936 789/987/930
f 783/993/935 788/988/931 789/987/930
f 782/995/937 787/1360/975 788/988/931
f 710/996/938 781/1002/939 786/989/932
f 781/997/939 780/998/940 785/991/934
f 780/998/940 779/999/941 784/994/936
f 779/999/941 778/1000/942 783/993/935
f 778/1000/942 777/1361/977 782/995/937
f 708/1001/767 772/1362/769 781/1002/939
f 773/1003/771 780/998/940 781/997/939
f 773/1003/771 774/1005/773 779/999/941
f 774/1005/773 775/1007/775 778/1000/942
f 776/1006/774 777/1361/977 778/1000/942
f 963/1008/943 932/1066/978 776/1009/774
f 962/1011/944 963/1008/943 927/1010/781
f 961/1013/946 962/1011/944 922/1012/945
f 960/1015/947 961/1013/946 917/1014/786
f 959/1017/949 960/1015/947 912/1016/948
f 958/1019/950 959/1017/949 907/1018/797
f 897/1021/809 957/1073/986 958/1019/950
f 956/1022/951 957/1073/986 897/1021/809
f 887/1024/827 955/1077/990 956/1022/951
f 954/1025/952 955/1077/990 887/1024/827
f 877/1027/833 953/1029/955 954/1025/952
f 872/1028/954 952/1031/956 953/1029/955
f 867/1030/844 951/1033/958 952/1031/956
f 862/1032/957 950/1035/959 951/1033/958
f 857/1034/855 949/1037/960 950/1035/959
f 852/1036/861 948/1039/962 949/1037/960
f 847/1038/961 947/1041/963 948/1039/962
f 842/1040/871 946/1087/1000 947/1041/963
f 945/1042/964 946/1087/1000 842/1040/871
f 832/1044/882 944/1090/1003 945/1042/964
f 943/1045/966 944/1090/1003 832/1044/882
f 822/1047/893 942/1092/1005 943/1045/966
f 941/1048/968 942/1092/1005 822/1047/893
f 940/1050/969 941/1048/968 817/1049/898
f 807/1052/908 939/1054/971 940/1050/969
f 802/1053/920 938/1098/1011 939/1054/971
f 937/1055/972 938/1098/1011 802/1053/920
f 792/1057/926 936/1101/1014 937/1055/972
f 935/1058/974 936/1101/1014 792/1057/926
f 782/1060/937 934/1104/1017 935/1058/974
f 933/1061/976 934/1104/1017 782/1060/937
f 932/1063/978 933/1061/976 777/1062/977
f 1027/1065/979 964/1067/980 932/1066/978
f 1027/1065/979 1026/784/762 965/786/709
f 1025/1068/981 1027/1065/979 963/1008/943
f 1025/1068/981 1024/779/757 1026/784/762
f 961/1013/946 1023/1069/982 1025/1068/981
f 1023/1069/982 1022/778/756 1024/779/757
f 960/1015/947 1021/1070/983 1023/1069/982
f 1020/776/754 1022/778/756 1023/1069/982
f 959/1017/949 1019/1071/984 1021/1070/983
f 1019/1071/984 1018/774/752 1020/776/754
f 1017/1072/985 1019/1071/984 959/1017/949
f 1017/1072/985 1016/773/751 1018/774/752
f 957/1073/986 1015/1074/987 1017/1072/985
f 1015/1074/987 1014/771/749 1016/773/751
f 956/1022/951 1013/1075/988 1015/1074/987
f 1012/770/748 1014/771/749 1015/1074/987
f 1011/1076/989 1013/1075/988 956/1022/951
f 1011/1076/989 1010/768/746 1012/770/748
f 1009/1078/991 1011/1076/989 955/1077/990
f 1008/767/745 1010/768/746 1011/1076/989
f 1007/1079/992 1009/1078/991 954/1025/952
f 1006/765/743 1008/767/745 1009/1078/991
f 1005/1080/993 1007/1079/992 953/1029/955
f 1004/763/741 1006/765/743 1007/1079/992
f 1003/1081/994 1005/1080/993 952/1031/956
f 1003/1081/994 1002/762/740 1004/763/741
f 1001/1082/995 1003/1081/994 951/1033/958
f 1000/760/738 1002/762/740 1003/1081/994
f 949/1037/960 999/1083/996 1001/1082/995
f 998/758/736 1000/760/738 1001/1082/995
f 948/1039/962 997/1084/997 999/1083/996
f 996/757/735 998/758/736 999/1083/996
f 995/1085/998 997/1084/997 948/1039/962
f 994/755/733 996/757/735 997/1084/997
f 993/1086/999 995/1085/998 947/1041/963
f 992/753/731 994/755/733 995/1085/998
f 945/1042/964 991/1088/1001 993/1086/999
f 990/752/730 992/753/731 993/1086/999
f 989/1089/1002 991/1088/1001 945/1042/964
f 988/750/728 990/752/730 991/1088/1001
f 943/1045/966 987/1091/1004 989/1089/1002
f 987/1091/1004 986/748/726 988/750/728
f 942/1092/1005 985/1093/1006 987/1091/1004
f 984/747/725 986/748/726 987/1091/1004
f 941/1048/968 983/1094/1007 985/1093/1006
f 983/1094/1007 982/745/723 984/747/725
f 981/1095/1008 983/1094/1007 941/1048/968
f 981/1095/1008 980/743/721 982/745/723
f 939/1054/971 979/1096/1009 981/1095/1008
f 978/741/719 980/743/721 981/1095/1008
f 977/1097/1010 979/1096/1009 939/1054/971
f 977/1097/1010 976/740/718 978/741/719
f 937/1055/972 975/1099/1012 977/1097/1010
f 974/738/716 976/740/718 977/1097/1010
f 973/1100/1013 975/1099/1012 937/1055/972
f 972/736/714 974/738/716 975/1099/1012
f 935/1058/974 971/1102/1015 973/1100/1013
f 971/1102/1015 970/735/713 972/736/714
f 969/1103/1016 971/1102/1015 935/1058/974
f 969/1103/1016 968/733/711 970/735/713
f 933/1061/976 967/1105/1018 969/1103/1016
f 967/1105/1018 966/730/708 968/733/711
f 932/1063/978 964/1106/980 967/1105/1018
f 964/1106/980 965/731/709 966/730/708
f 709/1107/1019 711/1109/1021 1028/732/710
f 713/1108/1020 1030/1111/1023 1028/732/710
f 715/1110/1022 1031/734/712 1030/1111/1023
f 717/1112/1024 1032/1114/1026 1031/734/712
f 719/1113/1025 1033/737/715 1032/1114/1026
f 719/1113/1025 721/1116/1028 1034/739/717
f 723/1115/1027 1035/742/720 1034/739/717
f 725/1117/1029 1036/1118/1030 1035/742/720
f 725/1117/1029 727/1120/1032 1037/744/722
f 729/1119/1031 1038/746/724 1037/744/722
f 731/1121/1033 1039/1123/1035 1038/746/724
f 733/1122/1034 1040/749/727 1039/1123/1035
f 733/1122/1034 735/1124/1036 1041/751/729
f 735/1124/1036 737/1127/1039 1042/1125/1037
f 739/1126/1038 1043/754/732 1042/1125/1037
f 739/1126/1038 741/1128/1040 1044/756/734
f 741/1128/1040 743/1131/1043 1045/1129/1041
f 745/1130/1042 1046/759/737 1045/1129/1041
f 747/1132/1044 1047/761/739 1046/759/737
f 749/1133/1045 1048/764/742 1047/761/739
f 751/1134/1046 1049/1135/1047 1048/764/742
f 751/1134/1046 753/1137/1049 1050/766/744
f 755/1136/1048 1051/1139/1051 1050/766/744
f 757/1138/1050 1052/769/747 1051/1139/1051
f 757/1138/1050 759/1142/1054 1053/1140/1052
f 761/1141/1053 1054/772/750 1053/1140/1052
f 763/1143/1055 1055/1144/1056 1054/772/750
f 763/1143/1055 765/1145/1057 1056/775/753
f 765/1145/1057 767/1146/1058 1057/777/755
f 767/1146/1058 769/1147/1059 1058/783/761
f 769/1147/1059 771/1149/1061 1059/1148/1060
f 771/1149/1061 709/1223/1019 1029/785/707
f 1093/1150/1062 1092/1176/1084 1156/1151/1063
f 1083/1153/1065 1147/1273/1153 1146/1154/1066
f 1121/1156/1067 1119/1216/1115 1183/1157/1068
f 1094/1159/1070 1157/1181/1088 1160/1160/1071
f 1082/1155/1065 1146/1154/1066 1145/1162/1073
f 1122/1164/1074 1120/782/760 1184/781/759
f 1093/1150/1062 1159/1152/1064 1161/1166/1076
f 1080/1168/1065 1081/1163/1065 1145/1162/1073
f 1123/1170/1079 1121/1156/1067 1185/1158/1069
f 1097/1172/1081 1095/1161/1072 1160/1160/1071
f 1079/1174/1065 1080/1168/1065 1144/1169/1078
f 1092/1176/1084 1122/1164/1074 1186/1165/1075
f 1096/1167/1077 1161/1166/1076 1163/1177/1085
f 1079/1174/1065 1143/1175/1083 1142/1179/1087
f 1123/1170/1079 1187/1171/1080 1157/1181/1088
f 1099/1182/1089 1158/1363/1127 1164/1183/1090
f 1078/1180/1065 1142/1179/1087 1141/1185/1092
f 1097/1172/1081 1162/1173/1082 1165/1187/1093
f 1077/1186/1065 1141/1185/1092 1140/1189/1095
f 1102/1191/1096 1098/1178/1086 1163/1177/1085
f 1075/1193/1065 1076/1190/1065 1140/1189/1095
f 1103/1195/1099 1100/1184/1091 1164/1183/1090
f 1075/1193/1065 1139/1194/1098 1138/1197/1101
f 1101/1188/1094 1165/1187/1093 1168/1199/1102
f 1073/1201/1065 1074/1198/1065 1138/1197/1101
f 1102/1191/1096 1166/1192/1097 1169/1203/1105
f 1073/1201/1065 1137/1202/1104 1136/1205/1107
f 1106/1207/1108 1103/1195/1099 1167/1196/1100
f 1072/1206/1065 1136/1205/1107 1135/1209/1110
f 1104/1200/1103 1168/1199/1102 1171/1211/1111
f 1071/1210/1065 1135/1209/1110 1134/1213/1113
f 757/1138/1050 1123/1170/1079 1094/1159/1070
f 731/1121/1033 729/1119/1031 1122/1164/1074
f 755/1136/1048 1121/1156/1067 1123/1170/1079
f 729/1119/1031 727/1120/1032 1120/782/760
f 753/1137/1049 1119/1216/1115 1121/1156/1067
f 727/1120/1032 725/1117/1029 1118/780/758
f 753/1137/1049 751/1134/1046 1117/1215/1114
f 723/1115/1027 1116/1219/1118 1118/780/758
f 751/1134/1046 749/1133/1045 1115/1217/1116
f 723/1115/1027 721/1116/1028 1114/1218/1117
f 747/1132/1044 1113/1221/1120 1115/1217/1116
f 719/1113/1025 1112/1225/1122 1114/1218/1117
f 747/1132/1044 745/1130/1042 1111/1220/1119
f 771/1149/1061 1110/1227/1124 1099/1222/1089
f 719/1113/1025 717/1112/1024 1109/1224/1121
f 745/1130/1042 743/1131/1043 1108/1226/1123
f 769/1147/1059 1107/1212/1112 1110/1227/1124
f 715/1110/1022 1106/1207/1108 1109/1224/1121
f 741/1128/1040 1105/1204/1106 1108/1226/1123
f 767/1146/1058 1104/1200/1103 1107/1212/1112
f 713/1108/1020 1103/1195/1099 1106/1207/1108
f 739/1126/1038 1102/1191/1096 1105/1204/1106
f 765/1145/1057 1101/1188/1094 1104/1200/1103
f 711/1109/1021 1100/1184/1091 1103/1195/1099
f 737/1127/1039 1098/1178/1086 1102/1191/1096
f 763/1143/1055 1097/1172/1081 1101/1188/1094
f 709/1107/1019 1099/1182/1089 1100/1184/1091
f 737/1127/1039 735/1124/1036 1096/1167/1077
f 761/1141/1053 1095/1161/1072 1097/1172/1081
f 735/1124/1036 733/1122/1034 1093/1150/1062
f 759/1142/1054 1094/1159/1070 1095/1161/1072
f 731/1121/1033 1092/1176/1084 1093/1150/1062
f 1159/1228/1064 1156/1278/1063 1135/1209/1110
f 1157/1229/1088 1149/1279/1155 1150/1230/1125
f 1159/1228/1064 1136/1205/1107 1137/1202/1104
f 1162/1233/1082 1160/1231/1071 1150/1230/1125
f 1161/1232/1076 1137/1202/1104 1138/1197/1101
f 1158/1236/1127 1125/1288/1142 1124/1237/1128
f 1165/1239/1093 1162/1233/1082 1151/1234/1126
f 1163/1235/1085 1138/1197/1101 1139/1194/1098
f 1167/1242/1100 1164/1238/1090 1124/1237/1128
f 1168/1244/1102 1165/1239/1093 1152/1240/1129
f 1169/1246/1105 1166/1241/1097 1139/1194/1098
f 1167/1242/1100 1126/1243/1130 1127/1247/1132
f 1168/1244/1102 1153/1245/1131 1154/1249/1133
f 1169/1246/1105 1140/1189/1095 1141/1185/1092
f 1170/1248/1109 1127/1247/1132 1128/1252/1135
f 1174/1254/1137 1171/1250/1111 1154/1249/1133
f 1172/1251/1134 1141/1185/1092 1142/1179/1087
f 1173/1253/1136 1128/1252/1135 1129/1257/1140
f 1174/1254/1137 1155/1255/1138 1125/1259/1142
f 1177/1261/1143 1175/1256/1139 1142/1179/1087
f 1176/1258/1141 1129/1257/1140 1130/1262/1144
f 1177/1261/1143 1143/1175/1083 1144/1169/1078
f 1178/1263/1145 1130/1262/1144 1131/1265/1147
f 1179/1264/1146 1144/1169/1078 1145/1162/1073
f 1180/1266/1148 1131/1265/1147 1132/1268/1150
f 1181/1267/1149 1145/1162/1073 1146/1154/1066
f 1182/1269/1151 1132/1268/1150 1133/1271/1152
f 1183/1270/1068 1146/1154/1066 1147/1273/1153
f 1186/1275/1075 1184/1272/759 1133/1271/1152
f 1187/1276/1080 1185/1274/1069 1147/1273/1153
f 1186/1275/1075 1134/1213/1113 1135/1209/1110
f 1187/1276/1080 1148/1277/1154 1149/1279/1155
f 1084/1280/1065 1148/1277/1154 1147/1273/1153
f 1117/1215/1114 1181/1286/1149 1183/1157/1068
f 1084/1280/1065 1085/1284/1065 1149/1279/1155
f 1118/780/758 1116/1219/1118 1180/1281/1148
f 1086/1283/1065 1150/1230/1125 1149/1279/1155
f 1117/1215/1114 1115/1217/1116 1179/1285/1146
f 1086/1283/1065 1087/1291/1065 1151/1234/1126
f 1061/1287/1065 1060/1293/1065 1124/1237/1128
f 1116/1219/1118 1114/1218/1117 1178/1289/1145
f 1088/1290/1065 1152/1240/1129 1151/1234/1126
f 1062/1292/1065 1126/1243/1130 1124/1237/1128
f 1115/1217/1116 1113/1221/1120 1177/1294/1143
f 1089/1295/1065 1153/1245/1131 1152/1240/1129
f 1063/1296/1065 1127/1247/1132 1126/1243/1130
f 1112/1225/1122 1176/1304/1141 1178/1289/1145
f 1089/1295/1065 1090/1299/1065 1154/1249/1133
f 1063/1296/1065 1064/1300/1065 1128/1252/1135
f 1113/1221/1120 1111/1220/1119 1175/1297/1139
f 1091/1298/1065 1155/1255/1138 1154/1249/1133
f 1064/1300/1065 1065/1302/1065 1129/1257/1140
f 1110/1227/1124 1174/1308/1137 1158/1301/1127
f 1091/1298/1065 1061/1364/1065 1125/1259/1142
f 1065/1302/1065 1066/1306/1065 1130/1262/1144
f 1112/1225/1122 1109/1224/1121 1173/1303/1136
f 1067/1305/1065 1131/1265/1147 1130/1262/1144
f 1108/1226/1123 1172/1310/1134 1175/1297/1139
f 1068/1307/1065 1132/1268/1150 1131/1265/1147
f 1110/1227/1124 1107/1212/1112 1171/1211/1111
f 1068/1307/1065 1069/1309/1065 1133/1271/1152
f 1109/1224/1121 1106/1207/1108 1170/1208/1109
f 1070/1214/1065 1134/1213/1113 1133/1271/1152
f 1105/1204/1106 1169/1203/1105 1172/1310/1134
