# Blender 4.3.2
# www.blender.org
mtllib player.mtl
o 球
v -0.000000 3.608412 0.498971
v -0.000000 3.382304 0.746762
v 0.000000 3.049724 0.880866
v -0.000000 2.854634 0.898124
v 0.000000 2.659543 0.880866
v 0.000000 2.333245 0.734476
v -0.031112 3.730781 0.171848
v -0.061028 3.684145 0.337093
v -0.088599 3.608412 0.489383
v -0.112766 3.506493 0.622867
v -0.132598 3.382304 0.732414
v -0.147335 3.237317 0.813814
v -0.163097 3.049724 0.863941
v -0.173285 2.854634 0.880866
v -0.176639 2.659543 0.863941
v -0.174767 2.471950 0.813814
v -0.157286 2.333245 0.720363
v -0.133761 2.247198 0.622867
v -0.105095 2.189229 0.489383
v -0.072391 2.146153 0.337093
v -0.036905 2.119628 0.171848
v -0.061028 3.730781 0.161878
v -0.119711 3.684145 0.317535
v -0.173794 3.608412 0.460989
v -0.221198 3.506493 0.586727
v -0.260101 3.382304 0.689918
v -0.289008 3.237317 0.766596
v -0.319926 3.049724 0.813814
v -0.339911 2.854634 0.829758
v -0.346490 2.659543 0.813814
v -0.342818 2.471950 0.766596
v -0.308528 2.333245 0.678568
v -0.262382 2.247198 0.586727
v -0.206152 2.189229 0.460989
v -0.142000 2.146153 0.317535
v -0.072391 2.119628 0.161878
v -0.088599 3.730781 0.145686
v -0.173794 3.684145 0.285774
v -0.252309 3.608412 0.414879
v -0.321129 3.506493 0.528041
v -0.377608 3.382304 0.620910
v -0.419575 3.237317 0.689918
v -0.464461 3.049724 0.732414
v -0.493474 2.854634 0.746762
v -0.503026 2.659543 0.732414
v -0.497695 2.471950 0.689918
v -0.447914 2.333245 0.610695
v -0.380919 2.247198 0.528041
v -0.299286 2.189229 0.414879
v -0.206152 2.146153 0.285774
v -0.105095 2.119628 0.145686
v -0.112766 3.730781 0.123896
v -0.221198 3.684145 0.243030
v -0.321129 3.608412 0.352825
v -0.408720 3.506493 0.449062
v -0.480604 3.382304 0.528041
v -0.534018 3.237317 0.586727
v -0.591146 3.049724 0.622866
v -0.628073 2.854634 0.635069
v -0.640230 2.659543 0.622866
v -0.633446 2.471950 0.586727
v -0.570086 2.333245 0.519353
v -0.484818 2.247198 0.449062
v -0.380919 2.189229 0.352825
v -0.262382 2.146153 0.243030
v -0.133761 2.119628 0.123896
v -0.132598 3.730781 0.097344
v -0.260101 3.684145 0.190948
v -0.377608 3.608412 0.277213
v -0.480604 3.506493 0.352826
v -0.565130 3.382304 0.414879
v -0.627939 3.237317 0.460989
v -0.695115 3.049724 0.489383
v -0.738536 2.854634 0.498971
v -0.752831 2.659543 0.489383
v -0.744853 2.471950 0.460989
v -0.670350 2.333245 0.408053
v -0.570086 2.247198 0.352826
v -0.447914 2.189229 0.277213
v -0.308528 2.146153 0.190948
v -0.157286 2.119628 0.097344
v -0.000000 3.746529 0.000000
v -0.147335 3.730781 0.067052
v -0.289008 3.684145 0.131527
v -0.419575 3.608412 0.190948
v -0.534018 3.506493 0.243030
v -0.627939 3.382304 0.285773
v -0.697728 3.237317 0.317535
v -0.772370 3.049724 0.337093
v -0.820617 2.854634 0.343697
v -0.836501 2.659543 0.337093
v -0.827637 2.471950 0.317535
v -0.744853 2.333245 0.281072
v -0.633446 2.247198 0.243030
v -0.497695 2.189229 0.190948
v -0.342818 2.146153 0.131527
v -0.174767 2.119628 0.067052
v -0.156410 3.730781 0.034183
v -0.306810 3.684145 0.067052
v -0.445419 3.608412 0.097344
v -0.566911 3.506493 0.123896
v -0.666616 3.382304 0.145686
v -0.740704 3.237317 0.161878
v -0.819944 3.049724 0.171848
v -0.871162 2.854634 0.175215
v -0.888025 2.659543 0.171848
v -0.878614 2.471950 0.161878
v -0.790732 2.333245 0.143289
v -0.672462 2.247198 0.123896
v -0.528350 2.189229 0.097344
v -0.363934 2.146153 0.067052
v -0.185532 2.119628 0.034183
v -0.159474 3.730781 -0.000000
v -0.312821 3.684145 -0.000000
v -0.454145 3.608412 -0.000000
v -0.578017 3.506493 0.000000
v -0.679676 3.382304 -0.000000
v -0.755216 3.237317 0.000000
v -0.836007 3.049724 -0.000000
v -0.888229 2.854634 -0.000000
v -0.905423 2.659543 -0.000000
v -0.895828 2.471950 0.000000
v -0.806223 2.333245 -0.000000
v -0.685637 2.247198 0.000000
v -0.538701 2.189229 -0.000000
v -0.371064 2.146153 -0.000000
v -0.189167 2.119628 -0.000000
v -0.156410 3.730781 -0.034183
v -0.306810 3.684145 -0.067052
v -0.445419 3.608412 -0.097344
v -0.566911 3.506493 -0.123896
v -0.666616 3.382304 -0.145686
v -0.740704 3.237317 -0.174357
v -0.819944 3.049724 -0.252805
v -0.871162 2.854634 -0.187422
v -0.888025 2.659543 -0.171849
v -0.878614 2.471950 -0.161878
v -0.790732 2.333245 -0.143289
v -0.672462 2.247198 -0.123896
v -0.528350 2.189229 -0.097344
v -0.363934 2.146153 -0.067052
v -0.185532 2.119628 -0.034183
v -0.147335 3.730781 -0.067052
v -0.289008 3.684145 -0.131527
v -0.419575 3.608412 -0.190948
v -0.534018 3.506493 -0.243030
v -0.627939 3.382304 -0.285774
v -0.697728 3.237317 -0.320718
v -0.772370 3.049724 -0.373218
v -0.820616 2.854634 -0.300870
v -0.836501 2.659543 -0.283288
v -0.827637 2.471950 -0.285884
v -0.744853 2.333245 -0.281072
v -0.633446 2.247198 -0.243030
v -0.497695 2.189229 -0.190948
v -0.342818 2.146153 -0.131527
v -0.174767 2.119628 -0.067052
v -0.132598 3.730781 -0.097344
v -0.260101 3.684145 -0.190948
v -0.377608 3.608412 -0.277213
v -0.480604 3.506493 -0.352825
v -0.565130 3.382304 -0.414879
v -0.627939 3.237317 -0.455606
v -0.695115 3.049724 -0.484191
v -0.738535 2.854634 -0.405425
v -0.752831 2.659543 -0.416262
v -0.744853 2.471950 -0.414512
v -0.670350 2.333245 -0.408053
v -0.570086 2.247198 -0.352825
v -0.447914 2.189229 -0.277213
v -0.308528 2.146153 -0.190948
v -0.157286 2.119628 -0.097344
v -0.112765 3.730781 -0.123896
v -0.221197 3.684145 -0.243030
v -0.321129 3.608412 -0.352825
v -0.408720 3.506493 -0.449062
v -0.480603 3.382304 -0.528041
v -0.534018 3.237317 -0.573835
v -0.591146 3.049724 -0.581460
v -0.628072 2.854634 -0.497068
v -0.640230 2.659543 -0.528392
v -0.633446 2.471950 -0.530535
v -0.570086 2.333245 -0.519353
v -0.484818 2.247198 -0.449062
v -0.380919 2.189229 -0.352825
v -0.262382 2.146153 -0.243030
v -0.133761 2.119628 -0.123896
v -0.088599 3.730781 -0.145686
v -0.173794 3.684145 -0.285774
v -0.252309 3.608412 -0.414879
v -0.321129 3.506493 -0.528041
v -0.377608 3.382304 -0.620910
v -0.419575 3.237317 -0.670864
v -0.464461 3.049724 -0.661286
v -0.493473 2.854634 -0.572278
v -0.503026 2.659543 -0.620414
v -0.497695 2.471950 -0.625752
v -0.447914 2.333245 -0.610694
v -0.380919 2.247198 -0.528041
v -0.299286 2.189229 -0.414879
v -0.206152 2.146153 -0.285774
v -0.105095 2.119628 -0.145686
v -0.061028 3.730781 -0.161878
v -0.119711 3.684145 -0.317535
v -0.173794 3.608412 -0.460989
v -0.221197 3.506493 -0.586727
v -0.260101 3.382304 -0.689918
v -0.289008 3.237317 -0.742963
v -0.319926 3.049724 -0.720603
v -0.339910 2.854634 -0.628164
v -0.346490 2.718593 -0.782396
v -0.342818 2.545881 -0.864179
v -0.308528 2.424641 -0.807045
v -0.262382 2.247198 -0.586727
v -0.206152 2.189229 -0.460989
v -0.142000 2.146153 -0.317535
v -0.072391 2.119628 -0.161878
v -0.031112 3.730781 -0.171848
v -0.061028 3.684145 -0.337093
v -0.088599 3.608412 -0.489383
v -0.112766 3.506493 -0.622866
v -0.132598 3.382304 -0.732413
v -0.147335 3.237317 -0.787361
v -0.163097 3.049724 -0.757130
v -0.173285 2.854634 -0.662578
v -0.105676 2.740656 -0.906350
v -0.104556 2.637546 -0.956125
v -0.094098 2.554232 -0.959992
v -0.133761 2.247198 -0.622866
v -0.105095 2.189229 -0.489383
v -0.072391 2.146153 -0.337093
v -0.036905 2.119628 -0.171848
v 0.000000 3.730781 -0.175215
v 0.000000 3.684145 -0.343697
v 0.000000 3.608412 -0.498970
v 0.000000 3.506493 -0.635069
v 0.000000 3.382304 -0.746762
v -0.000000 3.237317 -0.802353
v 0.000000 3.049724 -0.769463
v 0.000000 2.854634 -0.674198
v 0.000000 2.742764 -0.914591
v 0.000000 2.681049 -1.009490
v 0.000000 2.556324 -0.968171
v 0.000000 2.247198 -0.635069
v 0.000000 2.189229 -0.498970
v 0.000000 2.146153 -0.343697
v 0.000000 2.119628 -0.175215
v 0.031112 3.730781 -0.171848
v 0.061028 3.684145 -0.337093
v 0.088599 3.608412 -0.489383
v 0.112766 3.506493 -0.622866
v 0.132598 3.382304 -0.732413
v 0.147335 3.237317 -0.787361
v 0.163097 3.049724 -0.757130
v 0.173285 2.854634 -0.662578
v 0.105676 2.740656 -0.906350
v 0.104556 2.637546 -0.956125
v 0.094098 2.554232 -0.959992
v 0.133761 2.247198 -0.622866
v 0.105095 2.189229 -0.489383
v 0.072391 2.146153 -0.337093
v 0.036905 2.119628 -0.171848
v 0.061028 3.730781 -0.161878
v 0.119711 3.684145 -0.317535
v 0.173794 3.608412 -0.460988
v 0.221197 3.506493 -0.586727
v 0.260101 3.382304 -0.689918
v 0.289008 3.237317 -0.742963
v 0.319926 3.049724 -0.720603
v 0.339911 2.854634 -0.628163
v 0.346490 2.718593 -0.782395
v 0.342818 2.545881 -0.864179
v 0.308528 2.424641 -0.807045
v 0.262382 2.247198 -0.586727
v 0.206152 2.189229 -0.460988
v 0.142000 2.146153 -0.317535
v 0.072391 2.119628 -0.161878
v 0.088599 3.730781 -0.145686
v 0.173794 3.684145 -0.285773
v 0.252309 3.608412 -0.414879
v 0.321129 3.506493 -0.528041
v 0.377608 3.382304 -0.620910
v 0.419575 3.237317 -0.670864
v 0.464461 3.049724 -0.661286
v 0.493474 2.854634 -0.572277
v 0.503026 2.659543 -0.620414
v 0.497695 2.471950 -0.625752
v 0.447914 2.333245 -0.610694
v 0.380919 2.247198 -0.528041
v 0.299286 2.189229 -0.414879
v 0.206152 2.146153 -0.285773
v 0.105095 2.119628 -0.145686
v 0.112765 3.730781 -0.123896
v 0.221197 3.684145 -0.243030
v 0.321129 3.608412 -0.352825
v 0.408720 3.506493 -0.449062
v 0.480603 3.382304 -0.528040
v 0.534018 3.237317 -0.573835
v 0.591146 3.049724 -0.581460
v 0.628073 2.854634 -0.497068
v 0.640230 2.659543 -0.528392
v 0.633445 2.471950 -0.530535
v 0.570086 2.333245 -0.519353
v 0.484818 2.247198 -0.449062
v 0.380919 2.189229 -0.352825
v 0.262382 2.146153 -0.243030
v 0.133761 2.119628 -0.123896
v 0.000000 2.110671 0.000000
v 0.132598 3.730781 -0.097344
v 0.260101 3.684145 -0.190948
v 0.377608 3.608412 -0.277213
v 0.480603 3.506493 -0.352825
v 0.565130 3.382304 -0.414879
v 0.627939 3.237317 -0.455605
v 0.695114 3.049724 -0.484191
v 0.738535 2.854634 -0.405425
v 0.752831 2.659543 -0.416262
v 0.744853 2.471950 -0.414511
v 0.670350 2.333245 -0.408053
v 0.570086 2.247198 -0.352825
v 0.447914 2.189229 -0.277213
v 0.308528 2.146153 -0.190948
v 0.157286 2.119628 -0.097344
v 0.147335 3.730781 -0.067052
v 0.289008 3.684145 -0.131527
v 0.419575 3.608412 -0.190948
v 0.534018 3.506493 -0.243030
v 0.627939 3.382304 -0.285773
v 0.697728 3.237317 -0.320718
v 0.772370 3.049724 -0.373218
v 0.820616 2.854634 -0.300870
v 0.836501 2.659543 -0.283287
v 0.827636 2.471950 -0.285884
v 0.744853 2.333245 -0.281072
v 0.633446 2.247198 -0.243030
v 0.497695 2.189229 -0.190948
v 0.342818 2.146153 -0.131527
v 0.174767 2.119628 -0.067052
v 0.156410 3.730781 -0.034183
v 0.306810 3.684145 -0.067052
v 0.445418 3.608412 -0.097344
v 0.566910 3.506493 -0.123896
v 0.666616 3.382304 -0.145686
v 0.740704 3.237317 -0.174357
v 0.819943 3.049724 -0.252805
v 0.871161 2.854634 -0.187421
v 0.888025 2.659543 -0.171848
v 0.878614 2.471950 -0.161878
v 0.790732 2.333245 -0.143289
v 0.672462 2.247198 -0.123896
v 0.528350 2.189229 -0.097344
v 0.363934 2.146153 -0.067052
v 0.185532 2.119628 -0.034183
v 0.159474 3.730781 0.000000
v 0.312820 3.684145 0.000000
v 0.454145 3.608412 0.000000
v 0.578017 3.506493 0.000000
v 0.679676 3.382304 0.000000
v 0.755215 3.237317 0.000000
v 0.836007 3.049724 0.000000
v 0.888228 2.854634 0.000000
v 0.905422 2.659543 0.000000
v 0.895827 2.471950 0.000000
v 0.806223 2.333245 0.000000
v 0.685637 2.247198 0.000000
v 0.538701 2.189229 0.000000
v 0.371064 2.146153 0.000000
v 0.189167 2.119628 0.000000
v 0.156410 3.730781 0.034183
v 0.306810 3.684145 0.067052
v 0.445418 3.608412 0.097344
v 0.566910 3.506493 0.123896
v 0.666616 3.382304 0.145686
v 0.740704 3.237317 0.161878
v 0.819943 3.049724 0.171849
v 0.871161 2.854634 0.175215
v 0.888025 2.659543 0.171849
v 0.878614 2.471950 0.161878
v 0.790732 2.333245 0.143289
v 0.672462 2.247198 0.123896
v 0.528350 2.189229 0.097344
v 0.363934 2.146153 0.067052
v 0.185532 2.119628 0.034183
v 0.147335 3.730781 0.067052
v 0.289008 3.684145 0.131527
v 0.419575 3.608412 0.190948
v 0.534018 3.506493 0.243030
v 0.627938 3.382304 0.285774
v 0.697728 3.237317 0.317534
v 0.772370 3.049724 0.337093
v 0.820616 2.854634 0.343697
v 0.836501 2.659543 0.337093
v 0.827636 2.471950 0.317534
v 0.744853 2.333245 0.281072
v 0.633446 2.247198 0.243030
v 0.497695 2.189229 0.190948
v 0.342818 2.146153 0.131527
v 0.174767 2.119628 0.067052
v 0.132598 3.730781 0.097344
v 0.260101 3.684145 0.190948
v 0.377607 3.608412 0.277213
v 0.480603 3.506493 0.352825
v 0.565130 3.382304 0.414879
v 0.627939 3.237317 0.460989
v 0.695114 3.049724 0.489383
v 0.738535 2.854634 0.498971
v 0.752831 2.659543 0.489383
v 0.744853 2.471950 0.460989
v 0.670350 2.333245 0.408053
v 0.570086 2.247198 0.352825
v 0.447913 2.189229 0.277213
v 0.308528 2.146153 0.190948
v 0.157286 2.119628 0.097344
v 0.112765 3.730781 0.123896
v 0.221197 3.684145 0.243030
v 0.321129 3.608412 0.352825
v 0.408720 3.506493 0.449062
v 0.480603 3.382304 0.528041
v 0.534018 3.237317 0.586727
v 0.591146 3.049724 0.622866
v 0.628072 2.854634 0.635069
v 0.640230 2.659543 0.622866
v 0.633445 2.471950 0.586727
v 0.570086 2.333245 0.519353
v 0.484818 2.247198 0.449062
v 0.380919 2.189229 0.352825
v 0.262382 2.146153 0.243030
v 0.133761 2.119628 0.123896
v 0.088599 3.730781 0.145686
v 0.173794 3.684145 0.285773
v 0.252309 3.608412 0.414879
v 0.321129 3.506493 0.528041
v 0.377607 3.382304 0.620910
v 0.419575 3.237317 0.689918
v 0.464460 3.049724 0.732413
v 0.493473 2.854634 0.746762
v 0.503025 2.659543 0.732413
v 0.497695 2.471950 0.689918
v 0.447913 2.333245 0.610694
v 0.380919 2.247198 0.528041
v 0.299286 2.189229 0.414879
v 0.206152 2.146153 0.285773
v 0.105095 2.119628 0.145686
v 0.061028 3.730781 0.161878
v 0.119711 3.684145 0.317534
v 0.173793 3.608412 0.460988
v 0.221197 3.506493 0.586727
v 0.260100 3.382304 0.689918
v 0.289008 3.237317 0.766596
v 0.319926 3.049724 0.813814
v 0.339910 2.854634 0.829757
v 0.346490 2.659543 0.813814
v 0.342818 2.471950 0.766596
v 0.308528 2.333245 0.678567
v 0.262382 2.247198 0.586727
v 0.206152 2.189229 0.460988
v 0.142000 2.146153 0.317534
v 0.072391 2.119628 0.161878
v 0.031112 3.730781 0.171848
v 0.061028 3.684145 0.337093
v 0.088599 3.608412 0.489383
v 0.112765 3.506493 0.622866
v 0.132598 3.382304 0.732413
v 0.147335 3.237317 0.813814
v 0.163097 3.049724 0.863940
v 0.173284 2.854634 0.880865
v 0.176639 2.659543 0.863940
v 0.174767 2.471950 0.813814
v 0.157286 2.333245 0.720363
v 0.133761 2.247198 0.622866
v 0.105095 2.189229 0.489383
v 0.072391 2.146153 0.337093
v 0.036905 2.119628 0.171848
v -0.000000 3.730781 0.175215
v -0.000000 3.684145 0.343697
v -0.000000 3.506493 0.635069
v -0.000000 3.237317 0.829757
v -0.000000 2.471950 0.829757
v -0.000000 2.247198 0.635069
v -0.000000 2.189229 0.498970
v -0.000000 2.146153 0.343697
v -0.000000 2.119628 0.175215
v -0.145524 2.290222 0.671615
v -0.285455 2.290222 0.632648
v -0.414417 2.290222 0.569368
v -0.527452 2.290222 0.484207
v -0.620218 2.290222 0.380439
v -0.689149 2.290222 0.262051
v -0.731597 2.290222 0.133592
v -0.745930 2.290222 -0.000000
v -0.731597 2.290222 -0.133593
v -0.689149 2.290222 -0.262051
v -0.620218 2.290222 -0.380439
v -0.527452 2.290222 -0.484207
v -0.414416 2.290222 -0.569368
v -0.285455 2.327128 -0.732053
v -0.123784 2.515521 -0.569549
v -0.104075 2.662420 -0.760442
v -0.209405 2.551182 -0.618850
v 0.285455 2.327128 -0.732053
v 0.414416 2.290222 -0.569367
v 0.527452 2.290222 -0.484207
v 0.620218 2.290222 -0.380439
v 0.689149 2.290222 -0.262051
v 0.731597 2.290222 -0.133592
v 0.745930 2.290222 0.000000
v 0.731597 2.290222 0.133593
v 0.689149 2.290222 0.262051
v 0.620218 2.290222 0.380439
v 0.527452 2.290222 0.484207
v 0.414416 2.290222 0.569368
v 0.285455 2.290222 0.632647
v 0.145524 2.290222 0.671615
v -0.000000 2.290222 0.684773
v -0.104075 2.485778 -0.910402
v -0.123783 2.321568 -0.719509
v -0.289683 2.405583 -0.768810
v 0.000000 2.322270 -0.730923
v 0.000000 2.487169 -0.919370
v 0.123784 2.321568 -0.719509
v 0.104075 2.485778 -0.910402
v 0.289683 2.405583 -0.768810
v 0.209405 2.551182 -0.618850
v 0.123783 2.515521 -0.569549
v 0.104075 2.662420 -0.760442
v -0.000000 2.516222 -0.580963
v 0.000000 2.663811 -0.769410
v 0.000000 2.742828 -0.961673
v -0.006912 2.742828 -0.962353
v -0.000000 2.748721 -0.972698
v -0.000000 2.734897 -0.952009
v 0.006912 2.742828 -0.962353
v 0.004761 2.748721 -0.973167
v 0.008797 2.734897 -0.952875
v 0.013558 2.742828 -0.964370
v 0.009339 2.748721 -0.974556
v 0.017257 2.734897 -0.955441
v 0.019684 2.742828 -0.967644
v 0.013558 2.748721 -0.976811
v 0.025053 2.734897 -0.959608
v 0.025053 2.742828 -0.972050
v 0.017257 2.748721 -0.979846
v 0.031886 2.734897 -0.965216
v 0.029459 2.742828 -0.977419
v 0.020292 2.748721 -0.983544
v 0.037494 2.734897 -0.972050
v 0.032733 2.742828 -0.983544
v 0.022547 2.748721 -0.987763
v 0.041661 2.734897 -0.979846
v 0.034749 2.742828 -0.990190
v 0.023936 2.748721 -0.992341
v 0.044227 2.734897 -0.988305
v 0.035430 2.742828 -0.997102
v 0.024405 2.748721 -0.997102
v 0.045094 2.734897 -0.997102
v 0.034749 2.742828 -1.004014
v 0.023936 2.748721 -1.001863
v 0.044227 2.734897 -1.005900
v 0.032733 2.742828 -1.010661
v 0.022547 2.748721 -1.006442
v 0.041661 2.734897 -1.014359
v 0.029459 2.742828 -1.016786
v 0.020292 2.748721 -1.010661
v 0.037494 2.734897 -1.022155
v 0.025053 2.742828 -1.022155
v 0.017257 2.748721 -1.014359
v 0.031886 2.734897 -1.028988
v 0.019684 2.742828 -1.026561
v 0.013558 2.748721 -1.017394
v 0.025053 2.734897 -1.034596
v 0.013558 2.742828 -1.029835
v 0.009339 2.748721 -1.019649
v 0.017257 2.734897 -1.038764
v 0.006912 2.742828 -1.031852
v 0.004761 2.748721 -1.021038
v 0.008797 2.734897 -1.041330
v 0.000000 2.742828 -1.032532
v 0.000000 2.748721 -1.021507
v 0.000000 2.734897 -1.042196
v -0.006912 2.742828 -1.031852
v -0.004761 2.748721 -1.021038
v -0.008797 2.734897 -1.041330
v -0.013558 2.742828 -1.029835
v -0.009339 2.748721 -1.019649
v -0.017257 2.734897 -1.038764
v -0.019684 2.742828 -1.026561
v -0.013558 2.748721 -1.017394
v -0.025053 2.734897 -1.034596
v -0.025053 2.742828 -1.022155
v -0.017257 2.748721 -1.014359
v -0.031886 2.734897 -1.028988
v -0.029459 2.742828 -1.016786
v -0.020292 2.748721 -1.010661
v -0.037494 2.734897 -1.022155
v -0.032733 2.742828 -1.010661
v -0.022547 2.748721 -1.006442
v -0.041661 2.734897 -1.014359
v -0.034749 2.742828 -1.004014
v -0.023936 2.748721 -1.001863
v -0.044227 2.734897 -1.005900
v -0.035430 2.742828 -0.997102
v -0.024405 2.748721 -0.997102
v -0.045094 2.734897 -0.997102
v -0.034749 2.742828 -0.990190
v -0.023936 2.748721 -0.992341
v -0.044227 2.734897 -0.988305
v -0.032733 2.742828 -0.983544
v -0.022547 2.748721 -0.987763
v -0.041661 2.734897 -0.979846
v -0.029459 2.742828 -0.977419
v -0.020292 2.748721 -0.983544
v -0.037494 2.734897 -0.972050
v -0.025053 2.742828 -0.972050
v -0.017257 2.748721 -0.979846
v -0.031886 2.734897 -0.965216
v -0.019684 2.742828 -0.967644
v -0.013558 2.748721 -0.976811
v -0.025053 2.734897 -0.959608
v -0.013558 2.742828 -0.964369
v -0.009339 2.748721 -0.974556
v -0.017257 2.734897 -0.955441
v -0.020292 2.725233 -0.948114
v -0.008797 2.734897 -0.952875
v -0.010345 2.725233 -0.945097
v -0.011494 2.714208 -0.939317
v 0.000000 2.725233 -0.944078
v -0.000000 2.714208 -0.938185
v 0.010345 2.725233 -0.945097
v 0.011494 2.714208 -0.939317
v 0.020292 2.725233 -0.948114
v 0.022547 2.714208 -0.942670
v 0.029459 2.725233 -0.953014
v 0.032733 2.714208 -0.948114
v 0.037494 2.725233 -0.959608
v 0.041661 2.714208 -0.955441
v 0.044088 2.725233 -0.967644
v 0.048988 2.714208 -0.964369
v 0.048988 2.725233 -0.976811
v 0.054433 2.714208 -0.974556
v 0.052006 2.725233 -0.986758
v 0.057786 2.714208 -0.985608
v 0.053025 2.725233 -0.997102
v 0.058918 2.714208 -0.997102
v 0.052006 2.725233 -1.007447
v 0.057786 2.714208 -1.008597
v 0.048988 2.725233 -1.017394
v 0.054433 2.714208 -1.019649
v 0.044088 2.725233 -1.026561
v 0.048988 2.714208 -1.029835
v 0.037494 2.725233 -1.034596
v 0.041661 2.714208 -1.038764
v 0.029459 2.725233 -1.041191
v 0.032733 2.714208 -1.046091
v 0.020292 2.725233 -1.046091
v 0.022547 2.714208 -1.051535
v 0.010345 2.725233 -1.049108
v 0.011494 2.714208 -1.054888
v 0.000000 2.725233 -1.050127
v -0.000000 2.714208 -1.056020
v -0.010345 2.725233 -1.049108
v -0.011494 2.714208 -1.054888
v -0.020292 2.725233 -1.046091
v -0.022547 2.714208 -1.051535
v -0.029459 2.725233 -1.041191
v -0.032733 2.714208 -1.046091
v -0.037494 2.725233 -1.034596
v -0.041661 2.714208 -1.038764
v -0.044088 2.725233 -1.026561
v -0.048988 2.714208 -1.029835
v -0.048988 2.725233 -1.017394
v -0.054433 2.714208 -1.019649
v -0.052006 2.725233 -1.007447
v -0.057786 2.714208 -1.008597
v -0.053025 2.725233 -0.997102
v -0.058918 2.714208 -0.997102
v -0.052006 2.725233 -0.986758
v -0.057786 2.714208 -0.985608
v -0.048988 2.725233 -0.976811
v -0.054433 2.714208 -0.974556
v -0.044088 2.725233 -0.967644
v -0.048988 2.714208 -0.964369
v -0.037494 2.725233 -0.959608
v -0.041661 2.714208 -0.955441
v -0.029459 2.725233 -0.953014
v -0.032733 2.714208 -0.948114
v -0.034749 2.702245 -0.945097
v -0.022547 2.714208 -0.942670
v -0.023936 2.702245 -0.939317
v -0.024405 2.689803 -0.938185
v -0.012202 2.702245 -0.935757
v -0.012441 2.689803 -0.934556
v 0.000000 2.702245 -0.934556
v 0.000000 2.689803 -0.933330
v 0.012202 2.702245 -0.935757
v 0.012441 2.689803 -0.934556
v 0.023936 2.702245 -0.939317
v 0.024405 2.689803 -0.938185
v 0.034749 2.702245 -0.945097
v 0.035430 2.689803 -0.944078
v 0.044227 2.702245 -0.952875
v 0.045094 2.689803 -0.952009
v 0.052006 2.702245 -0.962353
v 0.053025 2.689803 -0.961673
v 0.057786 2.702245 -0.973167
v 0.058918 2.689803 -0.972698
v 0.061345 2.702245 -0.984900
v 0.062547 2.689803 -0.984661
v 0.062547 2.702245 -0.997102
v 0.063772 2.689803 -0.997102
v 0.061345 2.702245 -1.009305
v 0.062547 2.689803 -1.009544
v 0.057786 2.702245 -1.021038
v 0.058918 2.689803 -1.021507
v 0.052006 2.702245 -1.031852
v 0.053025 2.689803 -1.032532
v 0.044227 2.702245 -1.041330
v 0.045094 2.689803 -1.042196
v 0.034749 2.702245 -1.049108
v 0.035430 2.689803 -1.050127
v 0.023936 2.702245 -1.054888
v 0.024405 2.689803 -1.056020
v 0.012202 2.702245 -1.058447
v 0.012441 2.689803 -1.059649
v 0.000000 2.702245 -1.059649
v 0.000000 2.689803 -1.060875
v -0.012202 2.702245 -1.058447
v -0.012441 2.689803 -1.059649
v -0.023936 2.702245 -1.054888
v -0.024405 2.689803 -1.056020
v -0.034749 2.702245 -1.049108
v -0.035430 2.689803 -1.050127
v -0.044227 2.702245 -1.041330
v -0.045094 2.689803 -1.042196
v -0.052006 2.702245 -1.031852
v -0.053025 2.689803 -1.032532
v -0.057786 2.702245 -1.021038
v -0.058918 2.689803 -1.021507
v -0.061345 2.702245 -1.009305
v -0.062547 2.689803 -1.009544
v -0.062547 2.702245 -0.997102
v -0.063772 2.689803 -0.997102
v -0.061345 2.702245 -0.984900
v -0.062547 2.689803 -0.984661
v -0.057786 2.702245 -0.973167
v -0.058918 2.689803 -0.972698
v -0.052006 2.702245 -0.962353
v -0.053025 2.689803 -0.961673
v -0.044227 2.702245 -0.952875
v -0.045094 2.689803 -0.952009
v -0.044227 2.677362 -0.952875
v -0.035430 2.689803 -0.944078
v -0.034749 2.677362 -0.945097
v -0.032733 2.665399 -0.948114
v -0.023936 2.677362 -0.939317
v -0.022547 2.665399 -0.942670
v -0.012202 2.677362 -0.935757
v -0.011494 2.665399 -0.939317
v 0.000000 2.677362 -0.934556
v -0.000000 2.665399 -0.938185
v 0.012202 2.677362 -0.935757
v 0.011494 2.665399 -0.939317
v 0.023936 2.677362 -0.939317
v 0.022547 2.665399 -0.942670
v 0.034749 2.677362 -0.945097
v 0.032733 2.665399 -0.948114
v 0.044227 2.677362 -0.952875
v 0.041661 2.665399 -0.955441
v 0.052006 2.677362 -0.962353
v 0.048988 2.665399 -0.964369
v 0.057786 2.677362 -0.973167
v 0.054433 2.665399 -0.974556
v 0.061345 2.677362 -0.984900
v 0.057786 2.665399 -0.985608
v 0.062547 2.677362 -0.997102
v 0.058918 2.665399 -0.997102
v 0.061345 2.677362 -1.009305
v 0.057786 2.665399 -1.008597
v 0.057786 2.677362 -1.021038
v 0.054433 2.665399 -1.019649
v 0.052006 2.677362 -1.031852
v 0.048988 2.665399 -1.029835
v 0.044227 2.677362 -1.041330
v 0.041661 2.665399 -1.038764
v 0.034749 2.677362 -1.049108
v 0.032733 2.665399 -1.046091
v 0.023936 2.677362 -1.054888
v 0.022547 2.665399 -1.051535
v 0.012202 2.677362 -1.058447
v 0.011494 2.665399 -1.054888
v 0.000000 2.677362 -1.059649
v -0.000000 2.665399 -1.056020
v -0.012202 2.677362 -1.058447
v -0.011494 2.665399 -1.054888
v -0.023936 2.677362 -1.054888
v -0.022547 2.665399 -1.051535
v -0.034749 2.677362 -1.049108
v -0.032733 2.665399 -1.046091
v -0.044227 2.677362 -1.041330
v -0.041661 2.665399 -1.038764
v -0.052006 2.677362 -1.031852
v -0.048988 2.665399 -1.029835
v -0.057786 2.677362 -1.021038
v -0.054433 2.665399 -1.019649
v -0.061345 2.677362 -1.009305
v -0.057786 2.665399 -1.008597
v -0.062547 2.677362 -0.997102
v -0.058918 2.665399 -0.997102
v -0.061345 2.677362 -0.984900
v -0.057786 2.665399 -0.985608
v -0.057786 2.677362 -0.973167
v -0.054433 2.665399 -0.974556
v -0.052006 2.677362 -0.962353
v -0.048988 2.665399 -0.964369
v -0.044088 2.654373 -0.967644
v -0.041661 2.665399 -0.955441
v -0.037494 2.654373 -0.959608
v -0.031886 2.644710 -0.965216
v -0.029459 2.654373 -0.953014
v -0.025053 2.644710 -0.959608
v -0.020292 2.654373 -0.948114
v -0.017257 2.644710 -0.955441
v -0.010345 2.654373 -0.945097
v -0.008797 2.644710 -0.952875
v 0.000000 2.654373 -0.944078
v -0.000000 2.644710 -0.952009
v 0.010345 2.654373 -0.945097
v 0.008797 2.644710 -0.952875
v 0.020292 2.654373 -0.948114
v 0.017257 2.644710 -0.955441
v 0.029459 2.654373 -0.953014
v 0.025053 2.644710 -0.959608
v 0.037494 2.654373 -0.959608
v 0.031886 2.644710 -0.965216
v 0.044088 2.654373 -0.967644
v 0.037494 2.644710 -0.972050
v 0.048988 2.654373 -0.976811
v 0.041661 2.644710 -0.979846
v 0.052006 2.654373 -0.986758
v 0.044227 2.644710 -0.988305
v 0.053025 2.654373 -0.997102
v 0.045094 2.644710 -0.997102
v 0.052006 2.654373 -1.007447
v 0.044227 2.644710 -1.005900
v 0.048988 2.654373 -1.017394
v 0.041661 2.644710 -1.014359
v 0.044088 2.654373 -1.026561
v 0.037494 2.644710 -1.022155
v 0.037494 2.654373 -1.034596
v 0.031886 2.644710 -1.028988
v 0.029459 2.654373 -1.041191
v 0.025053 2.644710 -1.034596
v 0.020292 2.654373 -1.046091
v 0.017257 2.644710 -1.038764
v 0.010345 2.654373 -1.049108
v 0.008797 2.644710 -1.041330
v 0.000000 2.654373 -1.050127
v 0.000000 2.644710 -1.042196
v -0.010345 2.654373 -1.049108
v -0.008797 2.644710 -1.041330
v -0.020292 2.654373 -1.046091
v -0.017257 2.644710 -1.038764
v -0.029459 2.654373 -1.041191
v -0.025053 2.644710 -1.034596
v -0.037494 2.654373 -1.034596
v -0.031886 2.644710 -1.028988
v -0.044088 2.654373 -1.026561
v -0.037494 2.644710 -1.022155
v -0.048988 2.654373 -1.017394
v -0.041661 2.644710 -1.014359
v -0.052006 2.654373 -1.007447
v -0.044227 2.644710 -1.005900
v -0.053025 2.654373 -0.997102
v -0.045094 2.644710 -0.997102
v -0.052006 2.654373 -0.986758
v -0.044227 2.644710 -0.988305
v -0.048988 2.654373 -0.976811
v -0.041661 2.644710 -0.979846
v -0.032733 2.636779 -0.983544
v -0.037494 2.644710 -0.972050
v -0.029459 2.636779 -0.977419
v -0.020292 2.630886 -0.983544
v -0.025053 2.636779 -0.972050
v -0.017257 2.630886 -0.979846
v -0.019684 2.636779 -0.967644
v -0.013558 2.630886 -0.976811
v -0.013558 2.636779 -0.964369
v -0.009339 2.630886 -0.974556
v -0.006912 2.636779 -0.962353
v -0.004761 2.630886 -0.973167
v -0.000000 2.636779 -0.961673
v -0.000000 2.630886 -0.972698
v 0.006912 2.636779 -0.962353
v 0.004761 2.630886 -0.973167
v 0.013558 2.636779 -0.964370
v 0.009339 2.630886 -0.974556
v 0.019684 2.636779 -0.967644
v 0.013558 2.630886 -0.976811
v 0.025053 2.636779 -0.972050
v 0.017257 2.630886 -0.979846
v 0.029459 2.636779 -0.977419
v 0.020292 2.630886 -0.983544
v 0.032733 2.636779 -0.983544
v 0.022547 2.630886 -0.987763
v 0.034749 2.636779 -0.990190
v 0.023936 2.630886 -0.992341
v 0.035430 2.636779 -0.997102
v 0.024405 2.630886 -0.997102
v 0.034749 2.636779 -1.004014
v 0.023936 2.630886 -1.001863
v 0.032733 2.636779 -1.010661
v 0.022547 2.630886 -1.006442
v 0.029459 2.636779 -1.016786
v 0.020292 2.630886 -1.010661
v 0.025053 2.636779 -1.022155
v 0.017257 2.630886 -1.014359
v 0.019684 2.636779 -1.026561
v 0.013558 2.630886 -1.017394
v 0.013558 2.636779 -1.029835
v 0.009339 2.630886 -1.019649
v 0.006912 2.636779 -1.031852
v 0.004761 2.630886 -1.021038
v 0.000000 2.636779 -1.032532
v 0.000000 2.630886 -1.021507
v -0.006912 2.636779 -1.031852
v -0.004761 2.630886 -1.021038
v -0.013558 2.636779 -1.029835
v -0.009339 2.630886 -1.019649
v -0.019684 2.636779 -1.026561
v -0.013558 2.630886 -1.017394
v -0.025053 2.636779 -1.022155
v -0.017257 2.630886 -1.014359
v -0.029459 2.636779 -1.016786
v -0.020292 2.630886 -1.010661
v -0.032733 2.636779 -1.010661
v -0.022547 2.630886 -1.006442
v -0.034749 2.636779 -1.004014
v -0.023936 2.630886 -1.001863
v -0.035430 2.636779 -0.997102
v -0.024405 2.630886 -0.997102
v -0.034749 2.636779 -0.990190
v -0.023936 2.630886 -0.992341
v -0.012202 2.627256 -0.994675
v -0.022547 2.630886 -0.987763
v -0.011494 2.627256 -0.992341
v -0.010345 2.627256 -0.990190
v 0.000000 2.626031 -0.997102
v 0.008797 2.627256 -1.005900
v -0.000000 2.627256 -0.984661
v -0.002427 2.627256 -0.984900
v -0.004761 2.627256 -0.985608
v -0.006912 2.627256 -0.986758
v -0.008797 2.627256 -0.988305
v -0.012441 2.627256 -0.997102
v -0.012202 2.627256 -0.999530
v -0.011494 2.627256 -1.001863
v -0.010345 2.627256 -1.004014
v -0.008797 2.627256 -1.005900
v -0.006912 2.627256 -1.007447
v -0.004761 2.627256 -1.008597
v -0.002427 2.627256 -1.009305
v 0.000000 2.627256 -1.009544
v 0.002427 2.627256 -1.009305
v 0.004761 2.627256 -1.008597
v 0.006912 2.627256 -1.007447
v 0.010345 2.627256 -1.004014
v 0.011494 2.627256 -1.001863
v 0.012202 2.627256 -0.999530
v 0.012441 2.627256 -0.997102
v 0.012202 2.627256 -0.994675
v 0.011494 2.627256 -0.992341
v 0.010345 2.627256 -0.990190
v 0.008797 2.627256 -0.988305
v 0.006912 2.627256 -0.986758
v 0.004761 2.627256 -0.985608
v 0.002427 2.627256 -0.984900
v -0.004761 2.752350 -0.985608
v -0.004761 2.748721 -0.973167
v -0.002427 2.752350 -0.984900
v 0.000000 2.753576 -0.997102
v -0.000000 2.752350 -0.984661
v 0.002427 2.752350 -0.984900
v 0.004761 2.752350 -0.985608
v 0.006912 2.752350 -0.986758
v 0.008797 2.752350 -0.988305
v 0.010345 2.752350 -0.990190
v 0.011494 2.752350 -0.992341
v 0.012202 2.752350 -0.994675
v 0.012441 2.752350 -0.997102
v 0.012202 2.752350 -0.999530
v 0.011494 2.752350 -1.001863
v 0.010345 2.752350 -1.004014
v 0.008797 2.752350 -1.005900
v 0.006912 2.752350 -1.007447
v 0.004761 2.752350 -1.008597
v 0.002427 2.752350 -1.009305
v 0.000000 2.752350 -1.009544
v -0.002427 2.752350 -1.009305
v -0.004761 2.752350 -1.008597
v -0.006912 2.752350 -1.007447
v -0.008797 2.752350 -1.005900
v -0.010345 2.752350 -1.004014
v -0.011494 2.752350 -1.001863
v -0.012202 2.752350 -0.999530
v -0.012441 2.752350 -0.997102
v -0.012202 2.752350 -0.994675
v -0.011494 2.752350 -0.992341
v -0.010345 2.752350 -0.990190
v -0.008797 2.752350 -0.988305
v -0.006912 2.752350 -0.986758
v 0.117662 2.075203 -0.962168
v 0.134825 2.041035 -0.986418
v 0.069809 2.061718 -0.997288
v 0.126243 2.121661 -0.938651
v 0.134825 2.167864 -0.927237
v 0.072104 2.110784 -0.962276
v 0.153187 2.091716 -0.940261
v 0.171549 2.152678 -0.909432
v 0.163714 2.064776 -0.930144
v 0.183983 2.137187 -0.886114
v 0.143446 2.009310 -0.990948
v 0.158450 2.061289 -0.915625
v 0.153187 2.057803 -0.901106
v 0.139135 2.002964 -0.977013
v 0.177766 2.137180 -0.871087
v 0.171549 2.137172 -0.856061
v 0.184267 2.219467 -0.844827
v 0.177766 2.219788 -0.829801
v 0.190769 2.219146 -0.859854
v 0.190769 2.295819 -0.824370
v 0.183983 2.294098 -0.809489
v 0.197556 2.297540 -0.839251
v 0.184267 2.363274 -0.797283
v 0.177766 2.357790 -0.784176
v 0.190769 2.368758 -0.810390
v 0.177766 2.419807 -0.760994
v 0.171549 2.410578 -0.750623
v 0.183983 2.429037 -0.771366
v 0.139135 2.569906 -0.555553
v 0.134825 2.554268 -0.555096
v 0.143446 2.585545 -0.556010
v 0.076398 2.622114 -0.489131
v 0.078396 2.641001 -0.486849
v 0.074399 2.603226 -0.491413
v -0.000000 2.639345 -0.466498
v 0.000000 2.659570 -0.463692
v -0.000000 2.619121 -0.469304
v -0.076398 2.622114 -0.489131
v -0.078396 2.641001 -0.486849
v -0.074399 2.603226 -0.491413
v -0.139135 2.569906 -0.555553
v -0.143446 2.585545 -0.556010
v -0.134825 2.554268 -0.555096
v -0.177766 2.419807 -0.760994
v -0.183983 2.429037 -0.771366
v -0.171549 2.410578 -0.750623
v -0.184267 2.363274 -0.797283
v -0.190769 2.368758 -0.810390
v -0.177766 2.357790 -0.784176
v -0.190769 2.295819 -0.824370
v -0.197556 2.297540 -0.839251
v -0.183983 2.294098 -0.809489
v -0.184267 2.219467 -0.844827
v -0.190769 2.219146 -0.859854
v -0.177766 2.219788 -0.829801
v -0.177766 2.137180 -0.871087
v -0.183983 2.137187 -0.886114
v -0.171549 2.137172 -0.856061
v -0.158450 2.061289 -0.915625
v -0.163714 2.064775 -0.930144
v -0.153187 2.057803 -0.901106
v -0.139135 2.002964 -0.977013
v -0.134825 1.996619 -0.963077
v -0.143446 2.009310 -0.990948
v -0.073376 1.977524 -1.086434
v -0.078396 1.995473 -1.072080
v -0.074399 1.959574 -1.065211
v 0.000000 1.990098 -1.109701
v 0.000000 2.006289 -1.096156
v 0.000000 1.973906 -1.087669
v 0.073944 1.977524 -1.086434
v 0.078396 1.995473 -1.072080
v 0.074399 1.959574 -1.065211
v 0.069809 1.975935 -0.952208
v 0.134825 1.996619 -0.963077
v 0.117662 2.000340 -0.922827
v 0.126243 2.062284 -0.870097
v 0.134825 2.139765 -0.830521
v 0.072104 2.038735 -0.879091
v 0.074399 2.127049 -0.821216
v -0.000000 2.024746 -0.907823
v -0.000000 2.116485 -0.842254
v -0.000000 1.973955 -0.966234
v -0.072104 2.038735 -0.879091
v -0.074399 2.127049 -0.821216
v -0.069809 1.975935 -0.952208
v -0.126243 2.062284 -0.870097
v -0.117662 2.000340 -0.922827
v -0.134825 2.139765 -0.830521
v -0.139135 2.221624 -0.804777
v -0.143446 2.291242 -0.784794
v -0.076398 2.215338 -0.791318
v -0.078396 2.289462 -0.769405
v -0.000000 2.209241 -0.809562
v -0.000000 2.287337 -0.786382
v 0.076398 2.215338 -0.791318
v 0.078396 2.289462 -0.769405
v 0.139135 2.221624 -0.804777
v 0.143446 2.291242 -0.784794
v 0.139135 2.347506 -0.763159
v 0.134825 2.393093 -0.735215
v 0.076398 2.348417 -0.747321
v 0.074399 2.396146 -0.717952
v -0.000000 2.350205 -0.754219
v 0.000000 2.401707 -0.709493
v -0.076398 2.348417 -0.747321
v -0.074399 2.396146 -0.717952
v -0.139135 2.347506 -0.763159
v -0.134825 2.393093 -0.735215
v -0.117662 2.517433 -0.573669
v -0.069809 2.536122 -0.540546
v 0.000000 2.545510 -0.523908
v 0.069809 2.536122 -0.540546
v 0.117662 2.517433 -0.573669
v 0.074399 2.014855 -1.035059
v -0.000000 2.019256 -1.059647
v -0.074399 2.014855 -1.035059
v 0.000000 2.054944 -1.014929
v -0.069809 2.061718 -0.997288
v 0.000000 2.103276 -0.974595
v 0.000000 2.156359 -0.952104
v -0.072104 2.110784 -0.962276
v -0.074399 2.162802 -0.944277
v -0.126243 2.121661 -0.938651
v -0.117662 2.075203 -0.962168
v -0.134825 2.167864 -0.927237
v -0.153187 2.091716 -0.940261
v -0.171549 2.152678 -0.909432
v -0.134825 2.041035 -0.986418
v -0.177766 2.226497 -0.887807
v -0.183983 2.300982 -0.869013
v -0.139135 2.233842 -0.910418
v -0.143446 2.303838 -0.893708
v -0.076398 2.230948 -0.926290
v -0.078396 2.305618 -0.909097
v 0.000000 2.227522 -0.932277
v 0.000000 2.306214 -0.914250
v 0.076398 2.230948 -0.926290
v 0.078396 2.305618 -0.909097
v 0.074399 2.162802 -0.944277
v 0.139135 2.233842 -0.910418
v 0.143446 2.303838 -0.893708
v 0.177766 2.226497 -0.887807
v 0.183983 2.300982 -0.869013
v 0.177766 2.371920 -0.839728
v 0.171549 2.432681 -0.800664
v 0.139135 2.373239 -0.864332
v 0.134825 2.433149 -0.825898
v 0.076398 2.381294 -0.876583
v 0.074399 2.447113 -0.833335
v 0.000000 2.386399 -0.879750
v -0.000000 2.456367 -0.833239
v -0.076398 2.381294 -0.876583
v -0.074399 2.447113 -0.833335
v -0.139135 2.373239 -0.864332
v -0.134825 2.433149 -0.825898
v -0.177766 2.371920 -0.839728
v -0.171549 2.432681 -0.800664
v -0.134825 2.593234 -0.586341
v -0.117662 2.583111 -0.626332
v -0.074399 2.644755 -0.524713
v 0.000000 2.662881 -0.504393
v -0.069809 2.611380 -0.600891
v 0.000000 2.625580 -0.588111
v 0.069809 2.611380 -0.600891
v 0.117662 2.583111 -0.626332
v 0.074399 2.644755 -0.524713
v 0.134825 2.593234 -0.586341
v -0.753209 3.910750 0.256991
v -0.728925 3.934356 0.242745
v -0.789748 3.934044 0.224658
v -0.712820 3.879400 0.281472
v -0.779804 3.887144 0.266228
v -0.808067 3.917784 0.231021
v -0.746670 3.849356 0.293229
v -0.807690 3.864445 0.270102
v -0.827275 3.902149 0.233689
v -0.782161 3.820465 0.298159
v -0.835793 3.843525 0.268464
v -0.846633 3.887739 0.232560
v -0.817930 3.793840 0.296074
v -0.863035 3.825189 0.261376
v -0.865397 3.875109 0.227678
v -0.852602 3.770502 0.287053
v -0.888367 3.810141 0.249111
v -0.882847 3.864744 0.219230
v -0.884844 3.751350 0.271442
v -0.910818 3.798959 0.232140
v -0.898311 3.857042 0.207540
v -0.913418 3.737118 0.249842
v -0.926819 3.792074 0.216974
v -0.910349 3.852299 0.194890
v -0.932892 3.728354 0.232471
v -0.947032 3.789749 0.179765
v -0.924272 3.850698 0.169260
v -0.958619 3.725395 0.185113
v -0.958588 3.660110 0.185098
v -0.946940 3.596403 0.179722
v -0.928337 3.663590 0.240785
v -0.913327 3.600269 0.241598
v -0.906012 3.673895 0.259967
v -0.888884 3.611720 0.262125
v -0.872413 3.690630 0.285366
v -0.851550 3.630314 0.290346
v -0.834500 3.713151 0.303722
v -0.809424 3.655338 0.310742
v -0.793730 3.740592 0.314330
v -0.764123 3.685830 0.322529
v -0.751670 3.771901 0.316782
v -0.717389 3.720618 0.325254
v -0.709937 3.805872 0.310984
v -0.671017 3.758365 0.318812
v -0.670134 3.841201 0.297159
v -0.633790 3.876530 0.275839
v -0.626790 3.797620 0.303451
v -0.584455 3.750332 0.300104
v -0.586407 3.836876 0.279760
v -0.541585 3.792005 0.274955
v -0.551421 3.874623 0.248651
v -0.602303 3.910502 0.247841
v -0.504443 3.832078 0.241930
v -0.523174 3.909410 0.211319
v -0.576882 3.941810 0.214243
v -0.474457 3.869008 0.202298
v -0.502755 3.939902 0.169199
v -0.558505 3.969252 0.176336
v -0.452780 3.901378 0.157583
v -0.490946 3.964926 0.123909
v -0.547877 3.991773 0.135576
v -0.440243 3.927943 0.109504
v -0.488201 3.983521 0.077189
v -0.545407 4.008507 0.093529
v -0.437330 3.947683 0.059906
v -0.487964 3.994971 0.045272
v -0.545521 4.018812 0.064096
v -0.436877 3.959839 0.026459
v -0.513244 3.998837 -0.020451
v -0.568272 4.022292 0.004947
v -0.463714 3.963943 -0.043312
v -0.421585 3.918950 -0.062756
v -0.388475 3.865587 -0.078038
v -0.394222 3.914765 0.008381
v -0.361638 3.861482 -0.008268
v -0.394748 3.902371 0.042345
v -0.362091 3.849327 0.025180
v -0.397718 3.882245 0.092914
v -0.365004 3.829587 0.074777
v -0.410500 3.855159 0.141935
v -0.377541 3.803021 0.122857
v -0.432602 3.822155 0.187526
v -0.399218 3.770652 0.167572
v -0.463176 3.784501 0.227934
v -0.429204 3.733721 0.207203
v -0.501045 3.743644 0.261606
v -0.466346 3.693649 0.240228
v -0.544755 3.701154 0.287249
v -0.509216 3.651975 0.265378
v -0.592626 3.658664 0.303875
v -0.631406 3.708658 0.316412
v -0.556167 3.610302 0.281685
v -0.642818 3.617807 0.310848
v -0.680634 3.668586 0.323251
v -0.605395 3.570230 0.288524
v -0.693403 3.580153 0.307899
v -0.730247 3.631656 0.320358
v -0.655008 3.533299 0.285632
v -0.742436 3.547149 0.295141
v -0.778338 3.599286 0.307845
v -0.703099 3.500930 0.273119
v -0.788034 3.520063 0.273064
v -0.823059 3.572721 0.286193
v -0.747820 3.474364 0.251466
v -0.828443 3.499936 0.242518
v -0.862692 3.552981 0.256233
v -0.787453 3.454624 0.221506
v -0.854630 3.487543 0.220883
v -0.888439 3.540825 0.234878
v -0.813200 3.442469 0.200152
v -0.891013 3.483357 0.153909
v -0.924123 3.536721 0.169191
v -0.848884 3.438364 0.134464
v -0.799354 3.403470 0.111603
v -0.744326 3.380015 0.086205
v -0.765740 3.407336 0.173480
v -0.714075 3.383495 0.141892
v -0.741298 3.418787 0.194006
v -0.691750 3.393800 0.161074
v -0.703964 3.437381 0.222228
v -0.658151 3.410534 0.186473
v -0.661838 3.462405 0.242624
v -0.620238 3.433055 0.204829
v -0.616537 3.492897 0.254411
v -0.579468 3.460497 0.215437
v -0.569803 3.527685 0.257136
v -0.537408 3.491806 0.217889
v -0.523431 3.565432 0.250693
v -0.495675 3.525777 0.212091
v -0.479204 3.604687 0.235332
v -0.455872 3.561106 0.198266
v -0.438821 3.643943 0.211642
v -0.419528 3.596435 0.176946
v -0.403834 3.681690 0.180533
v -0.388041 3.630406 0.148948
v -0.375588 3.716478 0.143201
v -0.362620 3.661715 0.115350
v -0.355169 3.746969 0.101080
v -0.344243 3.689157 0.077443
v -0.343360 3.771993 0.055790
v -0.333615 3.711678 0.036683
v -0.340615 3.790588 0.009071
v -0.331145 3.728412 -0.005364
v -0.340378 3.802038 -0.022847
v -0.331259 3.738717 -0.034797
v -0.365658 3.805905 -0.088569
v -0.354010 3.742197 -0.093946
v -0.353979 3.676912 -0.093960
v -0.334631 3.673953 -0.043658
v -0.334045 3.665189 -0.017568
v -0.336146 3.650958 0.018190
v -0.345184 3.631805 0.052853
v -0.360813 3.608468 0.085091
v -0.382431 3.581842 0.113663
v -0.409209 3.552952 0.137473
v -0.440116 3.522907 0.155605
v -0.473966 3.492862 0.167362
v -0.509458 3.463972 0.172293
v -0.545226 3.437346 0.170207
v -0.579898 3.414009 0.161186
v -0.612141 3.394856 0.145575
v -0.640714 3.380625 0.123976
v -0.660189 3.371861 0.106604
v -0.685915 3.368902 0.059246
v -0.626683 4.033405 0.031907
v -0.686231 4.031751 0.059392
v -0.607334 4.030447 0.082209
v -0.671029 4.029426 0.098914
v -0.606749 4.021683 0.108299
v -0.669869 4.022540 0.120930
v -0.608849 4.007451 0.144056
v -0.671519 4.011358 0.149024
v -0.617887 3.988298 0.178720
v -0.678621 3.996310 0.176259
v -0.633516 3.964961 0.210957
v -0.690900 3.977974 0.201588
v -0.655135 3.938336 0.239530
v -0.707886 3.957055 0.224038
v -0.681912 3.909445 0.263340
v -0.758529 3.965940 0.201959
v -0.805117 3.964649 0.174143
v -0.773021 3.950305 0.214845
v -0.746829 3.980349 0.186496
v -0.799153 3.971995 0.166260
v -0.738371 3.992980 0.169049
v -0.794841 3.978434 0.157366
v -0.733479 4.003345 0.150289
v -0.792347 3.983718 0.147802
v -0.732342 4.011047 0.130937
v -0.791768 3.987645 0.137936
v -0.734159 4.015790 0.113569
v -0.794296 3.990062 0.125611
v -0.744630 4.017391 0.086346
v -0.799634 3.990879 0.111733
v -0.849130 3.953233 0.134578
v -0.821033 3.948389 0.185715
v -0.812505 3.956678 0.180712
v -0.891215 3.905899 0.154002
v -0.884117 3.906715 0.167068
v -0.875532 3.909133 0.178820
v -0.868494 3.913060 0.182948
v -0.859598 3.918344 0.187254
v -0.850033 3.924783 0.189743
v -0.840164 3.932129 0.190319
v -0.830372 3.940100 0.188958
v 0.753209 3.910750 0.256991
v 0.728924 3.934356 0.242745
v 0.789747 3.934044 0.224658
v 0.712820 3.879400 0.281472
v 0.779804 3.887144 0.266228
v 0.808067 3.917784 0.231021
v 0.746670 3.849356 0.293229
v 0.807690 3.864444 0.270102
v 0.827275 3.902149 0.233689
v 0.782161 3.820465 0.298159
v 0.835793 3.843525 0.268464
v 0.846633 3.887739 0.232561
v 0.817930 3.793840 0.296074
v 0.863034 3.825189 0.261376
v 0.865397 3.875109 0.227678
v 0.852602 3.770502 0.287053
v 0.888367 3.810141 0.249111
v 0.882846 3.864744 0.219230
v 0.884844 3.751350 0.271442
v 0.910817 3.798959 0.232140
v 0.898310 3.857042 0.207540
v 0.913418 3.737118 0.249842
v 0.926819 3.792074 0.216974
v 0.910349 3.852299 0.194890
v 0.932892 3.728354 0.232471
v 0.947032 3.789749 0.179765
v 0.924272 3.850697 0.169260
v 0.958619 3.725395 0.185113
v 0.958588 3.660110 0.185098
v 0.946940 3.596403 0.179722
v 0.928336 3.663590 0.240785
v 0.913326 3.600269 0.241598
v 0.906012 3.673895 0.259967
v 0.888884 3.611720 0.262125
v 0.872412 3.690630 0.285366
v 0.851550 3.630314 0.290346
v 0.834499 3.713151 0.303722
v 0.809424 3.655338 0.310742
v 0.793730 3.740593 0.314330
v 0.764123 3.685830 0.322529
v 0.751670 3.771901 0.316782
v 0.717388 3.720618 0.325254
v 0.709937 3.805872 0.310984
v 0.671017 3.758365 0.318812
v 0.670133 3.841201 0.297159
v 0.633790 3.876530 0.275839
v 0.626790 3.797620 0.303451
v 0.584454 3.750332 0.300104
v 0.586407 3.836876 0.279760
v 0.541584 3.792005 0.274955
v 0.551420 3.874623 0.248651
v 0.602303 3.910501 0.247841
v 0.504443 3.832078 0.241930
v 0.523174 3.909410 0.211319
v 0.576882 3.941810 0.214243
v 0.474457 3.869008 0.202298
v 0.502754 3.939902 0.169199
v 0.558504 3.969252 0.176336
v 0.452779 3.901378 0.157583
v 0.490945 3.964926 0.123909
v 0.547877 3.991773 0.135576
v 0.440243 3.927943 0.109503
v 0.488201 3.983521 0.077189
v 0.545407 4.008507 0.093529
v 0.437330 3.947683 0.059906
v 0.487964 3.994971 0.045272
v 0.545520 4.018812 0.064096
v 0.436877 3.959838 0.026459
v 0.513244 3.998837 -0.020451
v 0.568272 4.022292 0.004947
v 0.463714 3.963943 -0.043312
v 0.421585 3.918950 -0.062756
v 0.388475 3.865587 -0.078038
v 0.394222 3.914765 0.008381
v 0.361638 3.861482 -0.008268
v 0.394747 3.902371 0.042345
v 0.362091 3.849327 0.025180
v 0.397718 3.882244 0.092914
v 0.365004 3.829587 0.074777
v 0.410500 3.855159 0.141935
v 0.377541 3.803021 0.122857
v 0.432602 3.822155 0.187526
v 0.399218 3.770651 0.167572
v 0.463175 3.784501 0.227934
v 0.429204 3.733721 0.207203
v 0.501045 3.743644 0.261606
v 0.466346 3.693649 0.240228
v 0.544755 3.701154 0.287249
v 0.509216 3.651975 0.265378
v 0.592625 3.658664 0.303875
v 0.631406 3.708658 0.316412
v 0.556167 3.610302 0.281685
v 0.642818 3.617807 0.310848
v 0.680634 3.668586 0.323251
v 0.605395 3.570230 0.288524
v 0.693403 3.580153 0.307899
v 0.730246 3.631656 0.320358
v 0.655008 3.533299 0.285632
v 0.742436 3.547149 0.295141
v 0.778337 3.599286 0.307845
v 0.703099 3.500929 0.273119
v 0.788033 3.520063 0.273065
v 0.823059 3.572721 0.286193
v 0.747820 3.474364 0.251466
v 0.828443 3.499936 0.242518
v 0.862692 3.552981 0.256233
v 0.787453 3.454624 0.221506
v 0.854630 3.487543 0.220884
v 0.888439 3.540825 0.234878
v 0.813200 3.442469 0.200152
v 0.891013 3.483358 0.153909
v 0.924122 3.536721 0.169191
v 0.848884 3.438364 0.134464
v 0.799354 3.403470 0.111603
v 0.744326 3.380015 0.086205
v 0.765740 3.407336 0.173480
v 0.714075 3.383495 0.141893
v 0.741297 3.418787 0.194006
v 0.691750 3.393800 0.161074
v 0.703964 3.437381 0.222228
v 0.658151 3.410534 0.186473
v 0.661837 3.462405 0.242624
v 0.620238 3.433055 0.204829
v 0.616537 3.492897 0.254411
v 0.579468 3.460497 0.215437
v 0.569802 3.527685 0.257136
v 0.537408 3.491806 0.217889
v 0.523431 3.565432 0.250693
v 0.495675 3.525777 0.212091
v 0.479204 3.604687 0.235332
v 0.455872 3.561106 0.198266
v 0.438821 3.643943 0.211642
v 0.419528 3.596435 0.176946
v 0.403834 3.681690 0.180533
v 0.388041 3.630406 0.148948
v 0.375588 3.716477 0.143201
v 0.362620 3.661715 0.115350
v 0.355168 3.746969 0.101080
v 0.344243 3.689157 0.077443
v 0.343359 3.771993 0.055790
v 0.333615 3.711678 0.036683
v 0.340615 3.790588 0.009071
v 0.331145 3.728412 -0.005364
v 0.340378 3.802038 -0.022847
v 0.331259 3.738717 -0.034797
v 0.365658 3.805905 -0.088569
v 0.354010 3.742197 -0.093946
v 0.353979 3.676912 -0.093960
v 0.334630 3.673953 -0.043658
v 0.334045 3.665189 -0.017568
v 0.336146 3.650957 0.018190
v 0.345184 3.631805 0.052853
v 0.360812 3.608468 0.085091
v 0.382431 3.581842 0.113663
v 0.409208 3.552952 0.137473
v 0.440116 3.522907 0.155605
v 0.473966 3.492862 0.167362
v 0.509457 3.463972 0.172293
v 0.545226 3.437346 0.170207
v 0.579898 3.414009 0.161186
v 0.612140 3.394856 0.145575
v 0.640714 3.380625 0.123976
v 0.660189 3.371861 0.106604
v 0.685915 3.368902 0.059246
v 0.626682 4.033405 0.031907
v 0.686231 4.031751 0.059392
v 0.607334 4.030447 0.082209
v 0.671029 4.029426 0.098914
v 0.606749 4.021683 0.108299
v 0.669869 4.022540 0.120930
v 0.608849 4.007451 0.144056
v 0.671519 4.011358 0.149024
v 0.617887 3.988298 0.178720
v 0.678620 3.996310 0.176259
v 0.633516 3.964961 0.210957
v 0.690900 3.977974 0.201588
v 0.655134 3.938336 0.239530
v 0.707885 3.957055 0.224038
v 0.681912 3.909445 0.263340
v 0.758528 3.965940 0.201959
v 0.805117 3.964649 0.174143
v 0.773020 3.950305 0.214845
v 0.746828 3.980349 0.186496
v 0.799153 3.971995 0.166260
v 0.738370 3.992980 0.169049
v 0.794841 3.978434 0.157366
v 0.733479 4.003345 0.150289
v 0.792347 3.983718 0.147802
v 0.732342 4.011047 0.130937
v 0.791767 3.987645 0.137936
v 0.734158 4.015790 0.113569
v 0.794295 3.990062 0.125611
v 0.744630 4.017391 0.086346
v 0.799634 3.990879 0.111733
v 0.849129 3.953233 0.134578
v 0.821033 3.948389 0.185715
v 0.812505 3.956678 0.180712
v 0.891215 3.905899 0.154002
v 0.884117 3.906715 0.167068
v 0.875532 3.909133 0.178820
v 0.868494 3.913060 0.182948
v 0.859598 3.918344 0.187255
v 0.850032 3.924783 0.189743
v 0.840164 3.932129 0.190319
v 0.830372 3.940099 0.188958
v -0.151226 2.448582 -0.870483
v -0.157201 2.438857 -0.847179
v -0.157201 2.492962 -0.875590
v -0.123959 2.438857 -0.875590
v -0.096691 2.448582 -0.870483
v -0.123959 2.492962 -0.886307
v -0.123959 2.418448 -0.847179
v -0.123959 2.438857 -0.818767
v -0.090716 2.438857 -0.847179
v -0.096691 2.448582 -0.823874
v -0.078177 2.492962 -0.847179
v -0.090716 2.492962 -0.818767
v -0.090716 2.492962 -0.875590
v -0.123959 2.492962 -0.808050
v -0.157201 2.492962 -0.818767
v -0.151226 2.448582 -0.823874
v -0.169741 2.492962 -0.847179
v 0.151226 2.448582 -0.870483
v 0.157201 2.438857 -0.847179
v 0.157201 2.492962 -0.875590
v 0.123959 2.438857 -0.875590
v 0.096691 2.448582 -0.870483
v 0.123959 2.492962 -0.886307
v 0.123959 2.418448 -0.847179
v 0.123959 2.438857 -0.818767
v 0.090716 2.438857 -0.847179
v 0.096691 2.448582 -0.823874
v 0.078177 2.492962 -0.847179
v 0.090716 2.492962 -0.818767
v 0.090716 2.492962 -0.875590
v 0.123959 2.492962 -0.808050
v 0.157201 2.492962 -0.818767
v 0.151226 2.448582 -0.823874
v 0.169741 2.492962 -0.847179
v 0.497944 0.982702 -0.351099
v 0.557232 0.922036 -0.255033
v 0.525685 1.106946 -0.413800
v 0.332638 0.922036 -0.413800
v 0.000000 0.891562 -0.445296
v 0.331087 1.085163 -0.515149
v 0.348496 0.792225 -0.271803
v 0.362302 0.748273 -0.000000
v -0.000000 0.748273 -0.286404
v 0.000000 0.700296 -0.000000
v -0.348496 0.792225 -0.271803
v -0.362302 0.748273 0.000000
v -0.557232 0.922036 -0.255033
v -0.332638 0.922036 -0.413800
v -0.497944 0.982702 -0.351099
v -0.331087 1.085163 -0.515149
v 0.000000 1.066199 -0.560575
v -0.525685 1.106946 -0.413800
v -0.327794 1.261678 -0.537862
v -0.324501 1.438193 -0.560575
v -0.521766 1.272569 -0.429548
v 0.000000 1.252196 -0.585368
v 0.000000 1.438193 -0.610161
v 0.327794 1.261678 -0.537862
v 0.324501 1.438193 -0.560575
v 0.521766 1.272569 -0.429548
v 0.517848 1.438193 -0.445296
v 0.641144 1.261678 -0.279104
v 0.638335 1.438193 -0.286404
v 0.643953 1.085163 -0.271803
v 0.681337 1.252196 0.000000
v 0.678677 1.438193 -0.000000
v 0.683997 1.066199 0.000000
v 0.641144 1.261678 0.279104
v 0.638335 1.438193 0.286404
v 0.643953 1.085163 0.271804
v 0.521766 1.272569 0.508864
v 0.525685 1.106946 0.496208
v 0.517848 1.438193 0.469015
v 0.327794 1.279548 0.642292
v 0.324501 1.438193 0.588028
v 0.331087 1.102193 0.648280
v -0.000000 1.275361 0.681406
v -0.000000 1.438193 0.627877
v -0.000000 1.088384 0.687031
v -0.327794 1.279548 0.642292
v -0.324501 1.438193 0.588028
v -0.331087 1.102193 0.648280
v -0.521766 1.272569 0.508864
v -0.525685 1.106946 0.496208
v -0.517848 1.438193 0.469015
v -0.641144 1.261678 0.279104
v -0.638335 1.438193 0.286404
v -0.643953 1.085163 0.271803
v -0.681337 1.252196 -0.000000
v -0.678677 1.438193 -0.000000
v -0.683997 1.066199 -0.000000
v -0.641144 1.261678 -0.279104
v -0.638335 1.438193 -0.286404
v -0.643953 1.085163 -0.271804
v -0.601377 1.791222 -0.271804
v -0.517848 1.438193 -0.445296
v -0.492223 1.769440 -0.413800
v -0.486787 1.996506 -0.351099
v -0.312622 1.791222 -0.515149
v -0.000000 1.810187 -0.560575
v -0.298978 2.077945 -0.413800
v 0.000000 2.118853 -0.445296
v -0.312622 2.252203 -0.271804
v -0.324501 2.311204 -0.000000
v 0.000000 2.311204 -0.286404
v -0.537800 2.077945 -0.255033
v -0.563424 2.118853 0.000000
v -0.537800 2.077945 0.255033
v -0.638335 1.810187 0.000000
v -0.601377 1.791222 0.271804
v -0.492223 1.769440 0.443704
v -0.486787 2.022471 0.407020
v -0.312622 1.791222 0.551522
v 0.000000 1.810187 0.588028
v -0.298978 2.074255 0.495801
v 0.000000 2.093704 0.520708
v -0.312622 2.252203 0.271804
v -0.000000 2.311204 0.286404
v 0.312622 2.252203 0.271804
v 0.324501 2.311204 0.000000
v 0.298978 2.074255 0.495801
v 0.528684 2.077945 0.255033
v 0.554309 2.118853 -0.000000
v 0.477672 2.022471 0.407020
v 0.601377 1.791222 0.271804
v 0.638335 1.810187 -0.000000
v 0.492223 1.769440 0.443704
v 0.312622 1.791222 0.551522
v 0.601377 1.791222 -0.271803
v 0.492223 1.769440 -0.413800
v 0.528684 2.077945 -0.255033
v 0.477672 1.996506 -0.351099
v 0.312622 2.252203 -0.271804
v 0.298978 2.077945 -0.413800
v 0.312622 1.791222 -0.515149
v -0.587013 0.891562 -0.000000
v -0.557232 0.922036 0.255033
v -0.497944 0.982702 0.482359
v -0.348496 0.792225 0.271803
v 0.000000 0.748273 0.286404
v -0.332638 0.922036 0.545060
v -0.000000 0.891562 0.576556
v 0.332638 0.922036 0.545060
v 0.497944 0.982702 0.482359
v 0.348496 0.792225 0.271803
v 0.557232 0.922036 0.255033
v 0.587013 0.891562 0.000000
v -1.283899 1.381222 -0.207987
v -1.375732 1.336252 -0.109703
v -0.998859 1.714525 -0.124692
v -1.285399 1.259996 -0.243107
v -1.227545 1.131423 -0.267485
v -1.344799 1.194727 -0.121554
v -0.943942 1.677805 -0.147879
v -0.887458 1.640036 -0.171727
v -0.640470 2.121648 -0.110824
v -0.707479 2.123712 -0.099232
v -0.571548 2.119526 -0.122747
v -0.624721 2.150425 -0.053366
v -0.549401 2.139865 -0.061373
v -0.697951 2.160693 -0.045580
v -0.608972 2.179203 0.004093
v -0.527254 2.160204 -0.000000
v -0.688424 2.197675 0.008072
v -0.624721 2.150425 0.065531
v -0.640470 2.121648 0.126969
v -0.549401 2.139865 0.069446
v -0.697951 2.160693 0.061725
v -0.707479 2.123712 0.115377
v -1.019870 1.728574 0.062346
v -1.040881 1.742623 -0.000000
v -0.998859 1.714525 0.124692
v -1.375732 1.336252 0.109703
v -1.408930 1.239779 0.000000
v -1.284619 1.381269 0.199095
v -1.344799 1.194727 0.121554
v -1.404200 1.129459 -0.000000
v -1.285399 1.259996 0.243107
v -1.283823 1.047255 0.133743
v -1.317167 1.008702 -0.000000
v -1.227545 1.131423 0.267485
v -1.126456 1.047251 0.121723
v -1.001701 1.049382 0.109703
v -1.088576 1.127143 0.243445
v -1.164336 0.967360 -0.000000
v -1.052893 0.996581 -0.000000
v -1.126456 1.047251 -0.121723
v -1.283823 1.047255 -0.133743
v -1.001701 1.049382 -0.109703
v -1.088576 1.127143 -0.243445
v -1.002910 1.126353 -0.193628
v -0.831758 1.602792 -0.148209
v -0.776057 1.565548 -0.124692
v -0.543646 2.057517 -0.110989
v -0.515744 1.995508 -0.099232
v -0.517305 2.079154 -0.053477
v -0.485209 2.018442 -0.045580
v -0.490964 2.100790 0.004036
v -0.454673 2.041377 0.008072
v -0.517305 2.079154 0.065585
v -0.485209 2.018442 0.061724
v -0.543646 2.057517 0.127134
v -0.515744 1.995508 0.115377
v -0.571549 2.119526 0.138891
v -0.831758 1.602792 0.148209
v -0.887458 1.640036 0.171727
v -0.776057 1.565548 0.124692
v -1.012012 1.126949 0.195654
v -0.755046 1.551498 0.062346
v -0.734035 1.537449 -0.000000
v -0.755046 1.551498 -0.062346
v -0.943942 1.677805 0.147879
v -1.019870 1.728574 -0.062346
v 1.283899 1.381222 -0.207987
v 1.375732 1.336252 -0.109703
v 0.998860 1.714525 -0.124692
v 1.285399 1.259996 -0.243107
v 1.227545 1.131423 -0.267485
v 1.344800 1.194727 -0.121554
v 0.943942 1.677805 -0.147879
v 0.887458 1.640036 -0.171727
v 0.640470 2.121648 -0.110824
v 0.707479 2.123712 -0.099232
v 0.571549 2.119526 -0.122747
v 0.624721 2.150425 -0.053366
v 0.549401 2.139865 -0.061373
v 0.697951 2.160693 -0.045580
v 0.608973 2.179203 0.004093
v 0.527254 2.160204 -0.000000
v 0.688424 2.197675 0.008072
v 0.624721 2.150425 0.065531
v 0.640470 2.121648 0.126969
v 0.549401 2.139865 0.069446
v 0.697951 2.160693 0.061725
v 0.707479 2.123712 0.115377
v 1.019871 1.728574 0.062346
v 1.040882 1.742623 -0.000000
v 0.998860 1.714525 0.124692
v 1.375732 1.336252 0.109703
v 1.408930 1.239779 0.000000
v 1.284619 1.381269 0.199095
v 1.344800 1.194727 0.121554
v 1.404200 1.129459 -0.000000
v 1.285399 1.259996 0.243107
v 1.283824 1.047255 0.133743
v 1.317167 1.008702 -0.000000
v 1.227545 1.131423 0.267485
v 1.126456 1.047251 0.121723
v 1.001701 1.049382 0.109703
v 1.088576 1.127143 0.243445
v 1.164336 0.967360 -0.000000
v 1.052894 0.996581 -0.000000
v 1.126456 1.047251 -0.121723
v 1.283824 1.047255 -0.133743
v 1.001701 1.049382 -0.109703
v 1.088576 1.127143 -0.243445
v 1.002910 1.126353 -0.193628
v 0.831758 1.602792 -0.148209
v 0.776057 1.565547 -0.124692
v 0.543647 2.057517 -0.110989
v 0.515744 1.995507 -0.099232
v 0.517305 2.079153 -0.053477
v 0.485209 2.018442 -0.045580
v 0.490964 2.100790 0.004036
v 0.454673 2.041377 0.008072
v 0.517305 2.079153 0.065585
v 0.485209 2.018442 0.061724
v 0.543647 2.057517 0.127134
v 0.515744 1.995507 0.115377
v 0.571549 2.119526 0.138891
v 0.831758 1.602792 0.148209
v 0.887458 1.640036 0.171727
v 0.776057 1.565547 0.124692
v 1.012012 1.126949 0.195654
v 0.755046 1.551498 0.062346
v 0.734035 1.537449 -0.000000
v 0.755046 1.551498 -0.062346
v 0.943942 1.677805 0.147879
v 1.019871 1.728574 -0.062346
v -0.502438 0.155884 -0.207987
v -0.554594 0.118985 -0.109703
v -0.455281 0.474877 -0.135389
v -0.436918 0.127058 -0.243107
v -0.318447 0.076143 -0.267485
v -0.451693 0.050322 -0.142690
v -0.383572 0.473314 -0.160565
v -0.309817 0.471707 -0.186460
v -0.368646 0.819627 -0.118514
v -0.429740 0.796468 -0.106162
v -0.305809 0.843445 -0.131218
v -0.371249 0.842205 -0.057288
v -0.297801 0.863409 -0.065821
v -0.442659 0.821589 -0.048992
v -0.373852 0.864782 0.003937
v -0.289794 0.883372 -0.000424
v -0.455578 0.846709 0.008178
v -0.371249 0.842205 0.069403
v -0.368646 0.819626 0.134869
v -0.297801 0.863409 0.073575
v -0.442659 0.821589 0.065348
v -0.429740 0.796468 0.122518
v -0.482717 0.475475 0.067695
v -0.510152 0.476073 -0.000000
v -0.455281 0.474877 0.135389
v -0.554881 0.105837 0.109703
v -0.529548 0.073792 0.000000
v -0.504153 0.105852 0.199095
v -0.452141 0.029751 0.121554
v -0.465391 0.022988 -0.000000
v -0.437622 0.094757 0.243107
v -0.319873 0.010684 0.133743
v -0.326455 -0.002729 -0.000000
v -0.318447 0.076143 0.267485
v -0.188757 0.023215 0.121723
v -0.084783 0.088960 0.109703
v -0.200246 0.088913 0.243445
v -0.175999 0.015761 -0.000000
v -0.098587 0.061641 -0.000000
v -0.188309 0.043787 -0.142860
v -0.319873 0.010684 -0.133743
v -0.084366 0.108128 -0.109703
v -0.199542 0.121215 -0.243445
v -0.127250 0.150014 -0.193628
v -0.237085 0.470122 -0.160925
v -0.164353 0.468537 -0.135389
v -0.244926 0.817280 -0.118690
v -0.184043 0.791115 -0.106162
v -0.233921 0.839528 -0.057407
v -0.170041 0.815648 -0.048992
v -0.222917 0.861777 0.003877
v -0.156040 0.840182 0.008178
v -0.233921 0.839528 0.069461
v -0.170041 0.815648 0.065348
v -0.244926 0.817280 0.135046
v -0.184043 0.791115 0.122518
v -0.305809 0.843445 0.147574
v -0.237085 0.470122 0.160925
v -0.309817 0.471707 0.186460
v -0.164353 0.468537 0.135389
v -0.136270 0.098518 0.195654
v -0.136917 0.467939 0.067695
v -0.109481 0.467342 -0.000000
v -0.136917 0.467939 -0.067695
v -0.383572 0.473314 0.160565
v -0.482717 0.475475 -0.067695
v 0.502438 0.155884 -0.207987
v 0.554594 0.118985 -0.109703
v 0.455281 0.474877 -0.135389
v 0.436918 0.127058 -0.243107
v 0.318447 0.076143 -0.267485
v 0.451693 0.050322 -0.142690
v 0.383572 0.473314 -0.160565
v 0.309817 0.471707 -0.186460
v 0.368646 0.819627 -0.118514
v 0.429740 0.796468 -0.106162
v 0.305809 0.843445 -0.131218
v 0.371249 0.842205 -0.057288
v 0.297801 0.863409 -0.065821
v 0.442659 0.821589 -0.048992
v 0.373852 0.864782 0.003937
v 0.289794 0.883372 -0.000424
v 0.455578 0.846709 0.008178
v 0.371249 0.842205 0.069403
v 0.368646 0.819627 0.134869
v 0.297801 0.863409 0.073575
v 0.442659 0.821589 0.065348
v 0.429740 0.796468 0.122518
v 0.482717 0.475475 0.067695
v 0.510152 0.476073 -0.000000
v 0.455281 0.474877 0.135389
v 0.554881 0.105837 0.109703
v 0.529547 0.073792 0.000000
v 0.504153 0.105852 0.199095
v 0.452141 0.029751 0.121554
v 0.465391 0.022988 -0.000000
v 0.437622 0.094757 0.243107
v 0.319873 0.010684 0.133743
v 0.326455 -0.002729 -0.000000
v 0.318447 0.076143 0.267485
v 0.188757 0.023215 0.121723
v 0.084783 0.088960 0.109703
v 0.200246 0.088913 0.243445
v 0.175999 0.015761 -0.000000
v 0.098587 0.061641 -0.000000
v 0.188309 0.043787 -0.142860
v 0.319873 0.010684 -0.133743
v 0.084366 0.108128 -0.109703
v 0.199542 0.121215 -0.243445
v 0.127250 0.150014 -0.193628
v 0.237085 0.470122 -0.160925
v 0.164353 0.468537 -0.135389
v 0.244926 0.817280 -0.118690
v 0.184043 0.791115 -0.106162
v 0.233921 0.839528 -0.057407
v 0.170041 0.815648 -0.048992
v 0.222917 0.861777 0.003877
v 0.156040 0.840182 0.008178
v 0.233921 0.839528 0.069461
v 0.170041 0.815648 0.065348
v 0.244926 0.817280 0.135046
v 0.184043 0.791115 0.122518
v 0.305809 0.843445 0.147574
v 0.237085 0.470122 0.160925
v 0.309817 0.471707 0.186460
v 0.164353 0.468537 0.135389
v 0.136270 0.098518 0.195654
v 0.136917 0.467939 0.067695
v 0.109481 0.467342 -0.000000
v 0.136917 0.467939 -0.067695
v 0.383572 0.473314 0.160565
v 0.482717 0.475475 -0.067695
v -0.329126 2.970642 -0.620317
v -0.316971 2.970642 -0.621514
v -0.329126 2.980991 -0.639706
v -0.329126 2.956713 -0.603322
v -0.341282 2.970642 -0.621514
v -0.337499 2.980991 -0.640530
v -0.344597 2.956713 -0.604846
v -0.352970 2.970642 -0.625059
v -0.345550 2.980991 -0.642973
v -0.359474 2.956713 -0.609358
v -0.363742 2.970642 -0.630817
v -0.352970 2.980991 -0.646939
v -0.373184 2.956713 -0.616687
v -0.373184 2.970642 -0.638566
v -0.359474 2.980991 -0.652276
v -0.385201 2.956713 -0.626549
v -0.380932 2.970642 -0.648008
v -0.364811 2.980991 -0.658780
v -0.395063 2.956713 -0.638566
v -0.386690 2.970642 -0.658780
v -0.368777 2.980991 -0.666200
v -0.402391 2.956713 -0.652276
v -0.390236 2.970642 -0.670468
v -0.371219 2.980991 -0.674251
v -0.406904 2.956713 -0.667153
v -0.391433 2.970642 -0.682624
v -0.372044 2.980991 -0.682624
v -0.408428 2.956713 -0.682624
v -0.390236 2.970642 -0.694779
v -0.371219 2.980991 -0.690996
v -0.406904 2.956713 -0.698095
v -0.386690 2.970642 -0.706467
v -0.368777 2.980991 -0.699047
v -0.402391 2.956713 -0.712971
v -0.380933 2.970642 -0.717239
v -0.364811 2.980991 -0.706467
v -0.395063 2.956713 -0.726681
v -0.373184 2.970642 -0.726681
v -0.359474 2.980991 -0.712971
v -0.385201 2.956713 -0.738698
v -0.363742 2.970642 -0.734430
v -0.352970 2.980991 -0.718308
v -0.373184 2.956713 -0.748560
v -0.352970 2.970642 -0.740188
v -0.345550 2.980991 -0.722274
v -0.359474 2.956713 -0.755889
v -0.341282 2.970642 -0.743733
v -0.337499 2.980991 -0.724717
v -0.344597 2.956713 -0.760401
v -0.329126 2.970642 -0.744930
v -0.329126 2.980991 -0.725541
v -0.329126 2.956713 -0.761925
v -0.316971 2.970642 -0.743733
v -0.320753 2.980991 -0.724717
v -0.313655 2.956713 -0.760401
v -0.305282 2.970642 -0.740188
v -0.312702 2.980991 -0.722274
v -0.298779 2.956713 -0.755889
v -0.294510 2.970642 -0.734430
v -0.305282 2.980991 -0.718308
v -0.285069 2.956713 -0.748560
v -0.285069 2.970642 -0.726681
v -0.298779 2.980991 -0.712971
v -0.273051 2.956713 -0.738698
v -0.277320 2.970642 -0.717239
v -0.293441 2.980991 -0.706467
v -0.263189 2.956713 -0.726681
v -0.271562 2.970642 -0.706467
v -0.289475 2.980991 -0.699048
v -0.255861 2.956713 -0.712971
v -0.268017 2.970642 -0.694779
v -0.287033 2.980991 -0.690996
v -0.251348 2.956713 -0.698095
v -0.266819 2.970642 -0.682624
v -0.286208 2.980991 -0.682624
v -0.249825 2.956713 -0.682624
v -0.268017 2.970642 -0.670468
v -0.287033 2.980991 -0.674251
v -0.251348 2.956713 -0.667153
v -0.271562 2.970642 -0.658780
v -0.289475 2.980991 -0.666200
v -0.255861 2.956713 -0.652276
v -0.277320 2.970642 -0.648008
v -0.293441 2.980991 -0.658780
v -0.263189 2.956713 -0.638566
v -0.285069 2.970642 -0.638566
v -0.298779 2.980991 -0.652276
v -0.273051 2.956713 -0.626549
v -0.294510 2.970642 -0.630817
v -0.305282 2.980991 -0.646939
v -0.285069 2.956713 -0.616687
v -0.305282 2.970642 -0.625059
v -0.312702 2.980991 -0.642973
v -0.298779 2.956713 -0.609358
v -0.293441 2.939741 -0.596473
v -0.313655 2.956713 -0.604846
v -0.310934 2.939741 -0.591166
v -0.308912 2.920377 -0.581002
v -0.329126 2.939741 -0.589375
v -0.329126 2.920377 -0.579011
v -0.347318 2.939741 -0.591166
v -0.349340 2.920377 -0.581002
v -0.364811 2.939741 -0.596473
v -0.368777 2.920377 -0.586898
v -0.380932 2.939741 -0.605090
v -0.386690 2.920377 -0.596473
v -0.395063 2.939741 -0.616687
v -0.402391 2.920377 -0.609358
v -0.406660 2.939741 -0.630817
v -0.415277 2.920377 -0.625059
v -0.415277 2.939741 -0.646939
v -0.424852 2.920377 -0.642973
v -0.420583 2.939741 -0.664432
v -0.430748 2.920377 -0.662410
v -0.422375 2.939741 -0.682624
v -0.432739 2.920377 -0.682624
v -0.420583 2.939741 -0.700815
v -0.430748 2.920377 -0.702837
v -0.415277 2.939741 -0.718308
v -0.424852 2.920377 -0.722274
v -0.406660 2.939741 -0.734430
v -0.415277 2.920377 -0.740188
v -0.395063 2.939741 -0.748560
v -0.402391 2.920377 -0.755889
v -0.380933 2.939741 -0.760157
v -0.386690 2.920377 -0.768774
v -0.364811 2.939741 -0.768774
v -0.368777 2.920377 -0.778349
v -0.347318 2.939741 -0.774081
v -0.349340 2.920377 -0.784245
v -0.329126 2.939741 -0.775872
v -0.329126 2.920377 -0.786236
v -0.310934 2.939741 -0.774081
v -0.308912 2.920377 -0.784245
v -0.293441 2.939741 -0.768774
v -0.289475 2.920377 -0.778349
v -0.277320 2.939741 -0.760157
v -0.271562 2.920377 -0.768774
v -0.263189 2.939741 -0.748560
v -0.255861 2.920377 -0.755889
v -0.251593 2.939741 -0.734430
v -0.242975 2.920377 -0.740188
v -0.242975 2.939741 -0.718308
v -0.233401 2.920377 -0.722274
v -0.237669 2.939741 -0.700816
v -0.227504 2.920377 -0.702837
v -0.235877 2.939741 -0.682624
v -0.225514 2.920377 -0.682624
v -0.237669 2.939741 -0.664432
v -0.227504 2.920377 -0.662410
v -0.242975 2.939741 -0.646939
v -0.233401 2.920377 -0.642973
v -0.251593 2.939741 -0.630817
v -0.242975 2.920377 -0.625059
v -0.263189 2.939741 -0.616687
v -0.255861 2.920377 -0.609358
v -0.277320 2.939741 -0.605090
v -0.271562 2.920377 -0.596473
v -0.268017 2.899367 -0.591166
v -0.289475 2.920377 -0.586898
v -0.287033 2.899367 -0.581002
v -0.286208 2.877517 -0.579011
v -0.307667 2.899367 -0.574742
v -0.307247 2.877517 -0.572629
v -0.329126 2.899367 -0.572629
v -0.329126 2.877517 -0.570474
v -0.350585 2.899367 -0.574743
v -0.351005 2.877517 -0.572629
v -0.371219 2.899367 -0.581002
v -0.372044 2.877517 -0.579011
v -0.390236 2.899367 -0.591166
v -0.391433 2.877517 -0.589375
v -0.406904 2.899367 -0.604846
v -0.408428 2.877517 -0.603322
v -0.420583 2.899367 -0.621514
v -0.422375 2.877517 -0.620317
v -0.430748 2.899367 -0.640530
v -0.432739 2.877517 -0.639706
v -0.437007 2.899367 -0.661165
v -0.439121 2.877517 -0.660744
v -0.439121 2.899367 -0.682624
v -0.441276 2.877517 -0.682624
v -0.437007 2.899367 -0.704082
v -0.439121 2.877517 -0.704503
v -0.430748 2.899367 -0.724717
v -0.432739 2.877517 -0.725541
v -0.420583 2.899367 -0.743733
v -0.422375 2.877517 -0.744930
v -0.406904 2.899367 -0.760401
v -0.408428 2.877517 -0.761925
v -0.390236 2.899367 -0.774081
v -0.391433 2.877517 -0.775872
v -0.371219 2.899367 -0.784245
v -0.372044 2.877517 -0.786236
v -0.350585 2.899367 -0.790505
v -0.351006 2.877517 -0.792618
v -0.329126 2.899367 -0.792618
v -0.329126 2.877517 -0.794773
v -0.307667 2.899367 -0.790505
v -0.307247 2.877517 -0.792618
v -0.287033 2.899367 -0.784245
v -0.286209 2.877517 -0.786236
v -0.268017 2.899367 -0.774081
v -0.266819 2.877517 -0.775872
v -0.251348 2.899367 -0.760401
v -0.249825 2.877517 -0.761925
v -0.237669 2.899367 -0.743733
v -0.235877 2.877517 -0.744931
v -0.227505 2.899367 -0.724717
v -0.225514 2.877517 -0.725541
v -0.221245 2.899367 -0.704082
v -0.219132 2.877517 -0.704503
v -0.219132 2.899367 -0.682624
v -0.216977 2.877517 -0.682624
v -0.221245 2.899367 -0.661165
v -0.219132 2.877517 -0.660744
v -0.227504 2.899367 -0.640530
v -0.225514 2.877517 -0.639706
v -0.237669 2.899367 -0.621514
v -0.235877 2.877517 -0.620317
v -0.251348 2.899367 -0.604846
v -0.249825 2.877517 -0.603322
v -0.251348 2.855667 -0.604846
v -0.266819 2.877517 -0.589375
v -0.268017 2.855667 -0.591166
v -0.271562 2.834656 -0.596473
v -0.287033 2.855667 -0.581002
v -0.289475 2.834656 -0.586898
v -0.307667 2.855667 -0.574742
v -0.308912 2.834656 -0.581002
v -0.329126 2.855667 -0.572629
v -0.329126 2.834656 -0.579011
v -0.350585 2.855667 -0.574743
v -0.349340 2.834656 -0.581002
v -0.371219 2.855667 -0.581002
v -0.368777 2.834656 -0.586898
v -0.390236 2.855667 -0.591166
v -0.386690 2.834656 -0.596473
v -0.406904 2.855667 -0.604846
v -0.402391 2.834656 -0.609358
v -0.420583 2.855667 -0.621514
v -0.415277 2.834656 -0.625059
v -0.430748 2.855667 -0.640530
v -0.424852 2.834656 -0.642973
v -0.437007 2.855667 -0.661165
v -0.430748 2.834656 -0.662410
v -0.439121 2.855667 -0.682624
v -0.432739 2.834656 -0.682624
v -0.437007 2.855667 -0.704082
v -0.430748 2.834656 -0.702837
v -0.430748 2.855667 -0.724717
v -0.424852 2.834656 -0.722274
v -0.420583 2.855667 -0.743733
v -0.415277 2.834656 -0.740188
v -0.406904 2.855667 -0.760401
v -0.402391 2.834656 -0.755889
v -0.390236 2.855667 -0.774081
v -0.386690 2.834656 -0.768774
v -0.371219 2.855667 -0.784245
v -0.368777 2.834656 -0.778349
v -0.350585 2.855667 -0.790505
v -0.349340 2.834656 -0.784245
v -0.329126 2.855667 -0.792618
v -0.329126 2.834656 -0.786236
v -0.307667 2.855667 -0.790505
v -0.308912 2.834656 -0.784245
v -0.287033 2.855667 -0.784245
v -0.289475 2.834656 -0.778349
v -0.268017 2.855667 -0.774081
v -0.271562 2.834656 -0.768774
v -0.251348 2.855667 -0.760401
v -0.255861 2.834656 -0.755889
v -0.237669 2.855667 -0.743733
v -0.242975 2.834656 -0.740188
v -0.227505 2.855667 -0.724717
v -0.233401 2.834656 -0.722274
v -0.221245 2.855667 -0.704082
v -0.227504 2.834656 -0.702837
v -0.219132 2.855667 -0.682624
v -0.225514 2.834656 -0.682624
v -0.221245 2.855667 -0.661165
v -0.227504 2.834656 -0.662410
v -0.227504 2.855667 -0.640530
v -0.233401 2.834656 -0.642973
v -0.237669 2.855667 -0.621514
v -0.242975 2.834656 -0.625059
v -0.251593 2.815293 -0.630817
v -0.255861 2.834656 -0.609358
v -0.263189 2.815293 -0.616687
v -0.273051 2.798321 -0.626549
v -0.277320 2.815293 -0.605090
v -0.285069 2.798321 -0.616687
v -0.293441 2.815293 -0.596473
v -0.298779 2.798321 -0.609358
v -0.310934 2.815293 -0.591166
v -0.313655 2.798321 -0.604846
v -0.329126 2.815293 -0.589375
v -0.329126 2.798321 -0.603322
v -0.347318 2.815293 -0.591166
v -0.344597 2.798321 -0.604846
v -0.364811 2.815293 -0.596473
v -0.359474 2.798321 -0.609358
v -0.380932 2.815293 -0.605090
v -0.373184 2.798321 -0.616687
v -0.395063 2.815293 -0.616687
v -0.385201 2.798321 -0.626549
v -0.406660 2.815293 -0.630817
v -0.395063 2.798321 -0.638566
v -0.415277 2.815293 -0.646939
v -0.402391 2.798321 -0.652276
v -0.420583 2.815293 -0.664432
v -0.406904 2.798321 -0.667153
v -0.422375 2.815293 -0.682624
v -0.408428 2.798321 -0.682624
v -0.420583 2.815293 -0.700815
v -0.406904 2.798321 -0.698095
v -0.415277 2.815293 -0.718308
v -0.402391 2.798321 -0.712971
v -0.406660 2.815293 -0.734430
v -0.395063 2.798321 -0.726681
v -0.395063 2.815293 -0.748560
v -0.385201 2.798321 -0.738698
v -0.380933 2.815293 -0.760157
v -0.373184 2.798321 -0.748560
v -0.364811 2.815293 -0.768774
v -0.359474 2.798321 -0.755889
v -0.347318 2.815293 -0.774081
v -0.344597 2.798321 -0.760401
v -0.329126 2.815293 -0.775872
v -0.329126 2.798321 -0.761925
v -0.310934 2.815293 -0.774081
v -0.313655 2.798321 -0.760401
v -0.293441 2.815293 -0.768774
v -0.298779 2.798321 -0.755889
v -0.277320 2.815293 -0.760157
v -0.285069 2.798321 -0.748560
v -0.263189 2.815293 -0.748560
v -0.273051 2.798321 -0.738698
v -0.251593 2.815293 -0.734430
v -0.263189 2.798321 -0.726681
v -0.242975 2.815293 -0.718308
v -0.255861 2.798321 -0.712971
v -0.237669 2.815293 -0.700816
v -0.251348 2.798321 -0.698095
v -0.235877 2.815293 -0.682624
v -0.249825 2.798321 -0.682624
v -0.237669 2.815293 -0.664432
v -0.251348 2.798321 -0.667153
v -0.242975 2.815293 -0.646939
v -0.255861 2.798321 -0.652276
v -0.271562 2.784392 -0.658780
v -0.263189 2.798321 -0.638566
v -0.277320 2.784392 -0.648008
v -0.293441 2.774043 -0.658780
v -0.285069 2.784392 -0.638566
v -0.298779 2.774043 -0.652276
v -0.294510 2.784392 -0.630817
v -0.305282 2.774043 -0.646939
v -0.305282 2.784392 -0.625059
v -0.312702 2.774043 -0.642973
v -0.316971 2.784392 -0.621514
v -0.320753 2.774043 -0.640530
v -0.329126 2.784392 -0.620317
v -0.329126 2.774043 -0.639706
v -0.341282 2.784392 -0.621514
v -0.337499 2.774043 -0.640530
v -0.352970 2.784392 -0.625059
v -0.345550 2.774043 -0.642973
v -0.363742 2.784392 -0.630817
v -0.352970 2.774043 -0.646939
v -0.373184 2.784392 -0.638566
v -0.359474 2.774043 -0.652276
v -0.380932 2.784392 -0.648008
v -0.364811 2.774043 -0.658780
v -0.386690 2.784392 -0.658780
v -0.368777 2.774043 -0.666200
v -0.390236 2.784392 -0.670468
v -0.371219 2.774043 -0.674251
v -0.391433 2.784392 -0.682624
v -0.372044 2.774043 -0.682624
v -0.390236 2.784392 -0.694779
v -0.371219 2.774043 -0.690996
v -0.386690 2.784392 -0.706467
v -0.368777 2.774043 -0.699047
v -0.380933 2.784392 -0.717239
v -0.364811 2.774043 -0.706467
v -0.373184 2.784392 -0.726681
v -0.359474 2.774043 -0.712971
v -0.363742 2.784392 -0.734430
v -0.352970 2.774043 -0.718308
v -0.352970 2.784392 -0.740188
v -0.345550 2.774043 -0.722274
v -0.341282 2.784392 -0.743733
v -0.337499 2.774043 -0.724717
v -0.329126 2.784392 -0.744930
v -0.329126 2.774043 -0.725541
v -0.316971 2.784392 -0.743733
v -0.320753 2.774043 -0.724717
v -0.305282 2.784392 -0.740188
v -0.312702 2.774043 -0.722274
v -0.294510 2.784392 -0.734430
v -0.305282 2.774043 -0.718308
v -0.285069 2.784392 -0.726681
v -0.298779 2.774043 -0.712971
v -0.277320 2.784392 -0.717239
v -0.293441 2.774043 -0.706467
v -0.271562 2.784392 -0.706467
v -0.289475 2.774043 -0.699048
v -0.268017 2.784392 -0.694779
v -0.287033 2.774043 -0.690996
v -0.266819 2.784392 -0.682624
v -0.286208 2.774043 -0.682624
v -0.268017 2.784392 -0.670468
v -0.287033 2.774043 -0.674251
v -0.307667 2.767669 -0.678355
v -0.289475 2.774043 -0.666200
v -0.308912 2.767669 -0.674251
v -0.310934 2.767669 -0.670468
v -0.329126 2.765517 -0.682624
v -0.344597 2.767669 -0.698095
v -0.329126 2.767669 -0.660744
v -0.324858 2.767669 -0.661165
v -0.320753 2.767669 -0.662410
v -0.316971 2.767669 -0.664432
v -0.313655 2.767669 -0.667153
v -0.307247 2.767669 -0.682624
v -0.307667 2.767669 -0.686892
v -0.308912 2.767669 -0.690996
v -0.310934 2.767669 -0.694779
v -0.313655 2.767669 -0.698095
v -0.316971 2.767669 -0.700815
v -0.320753 2.767669 -0.702837
v -0.324858 2.767669 -0.704082
v -0.329126 2.767669 -0.704503
v -0.333395 2.767669 -0.704082
v -0.337499 2.767669 -0.702837
v -0.341282 2.767669 -0.700815
v -0.347318 2.767669 -0.694779
v -0.349340 2.767669 -0.690996
v -0.350585 2.767669 -0.686892
v -0.351005 2.767669 -0.682624
v -0.350585 2.767669 -0.678355
v -0.349340 2.767669 -0.674251
v -0.347318 2.767669 -0.670468
v -0.344597 2.767669 -0.667153
v -0.341282 2.767669 -0.664432
v -0.337499 2.767669 -0.662410
v -0.333395 2.767669 -0.661165
v -0.320753 2.987365 -0.662410
v -0.320753 2.980991 -0.640530
v -0.324858 2.987365 -0.661165
v -0.329126 2.989517 -0.682624
v -0.329126 2.987365 -0.660744
v -0.333395 2.987365 -0.661165
v -0.337499 2.987365 -0.662410
v -0.341282 2.987365 -0.664432
v -0.344597 2.987365 -0.667153
v -0.347318 2.987365 -0.670468
v -0.349340 2.987365 -0.674251
v -0.350585 2.987365 -0.678355
v -0.351005 2.987365 -0.682624
v -0.350585 2.987365 -0.686892
v -0.349340 2.987365 -0.690996
v -0.347318 2.987365 -0.694779
v -0.344597 2.987365 -0.698095
v -0.341282 2.987365 -0.700815
v -0.337499 2.987365 -0.702837
v -0.333395 2.987365 -0.704082
v -0.329126 2.987365 -0.704503
v -0.324858 2.987365 -0.704082
v -0.320753 2.987365 -0.702837
v -0.316971 2.987365 -0.700815
v -0.313655 2.987365 -0.698095
v -0.310934 2.987365 -0.694779
v -0.308912 2.987365 -0.690996
v -0.307667 2.987365 -0.686892
v -0.307247 2.987365 -0.682624
v -0.307667 2.987365 -0.678355
v -0.308912 2.987365 -0.674251
v -0.310934 2.987365 -0.670468
v -0.313655 2.987365 -0.667153
v -0.316971 2.987365 -0.664432
v 0.329126 2.970642 -0.620317
v 0.316971 2.970642 -0.621514
v 0.329126 2.980991 -0.639706
v 0.329126 2.956713 -0.603322
v 0.341282 2.970642 -0.621514
v 0.337499 2.980991 -0.640530
v 0.344597 2.956713 -0.604846
v 0.352970 2.970642 -0.625059
v 0.345550 2.980991 -0.642973
v 0.359474 2.956713 -0.609358
v 0.363742 2.970642 -0.630817
v 0.352970 2.980991 -0.646939
v 0.373184 2.956713 -0.616687
v 0.373184 2.970642 -0.638566
v 0.359474 2.980991 -0.652276
v 0.385201 2.956713 -0.626549
v 0.380933 2.970642 -0.648008
v 0.364811 2.980991 -0.658780
v 0.395063 2.956713 -0.638566
v 0.386690 2.970642 -0.658780
v 0.368777 2.980991 -0.666200
v 0.402391 2.956713 -0.652276
v 0.390236 2.970642 -0.670468
v 0.371219 2.980991 -0.674251
v 0.406904 2.956713 -0.667153
v 0.391433 2.970642 -0.682624
v 0.372044 2.980991 -0.682624
v 0.408428 2.956713 -0.682624
v 0.390236 2.970642 -0.694779
v 0.371219 2.980991 -0.690996
v 0.406904 2.956713 -0.698094
v 0.386690 2.970642 -0.706467
v 0.368777 2.980991 -0.699047
v 0.402391 2.956713 -0.712971
v 0.380933 2.970642 -0.717239
v 0.364811 2.980991 -0.706467
v 0.395063 2.956713 -0.726681
v 0.373184 2.970642 -0.726681
v 0.359474 2.980991 -0.712971
v 0.385201 2.956713 -0.738698
v 0.363742 2.970642 -0.734430
v 0.352970 2.980991 -0.718308
v 0.373184 2.956713 -0.748560
v 0.352970 2.970642 -0.740188
v 0.345550 2.980991 -0.722274
v 0.359474 2.956713 -0.755889
v 0.341282 2.970642 -0.743733
v 0.337499 2.980991 -0.724717
v 0.344597 2.956713 -0.760401
v 0.329126 2.970642 -0.744930
v 0.329126 2.980991 -0.725541
v 0.329126 2.956713 -0.761925
v 0.316971 2.970642 -0.743733
v 0.320753 2.980991 -0.724717
v 0.313655 2.956713 -0.760401
v 0.305282 2.970642 -0.740188
v 0.312702 2.980991 -0.722274
v 0.298779 2.956713 -0.755889
v 0.294510 2.970642 -0.734430
v 0.305282 2.980991 -0.718308
v 0.285069 2.956713 -0.748560
v 0.285069 2.970642 -0.726681
v 0.298779 2.980991 -0.712971
v 0.273051 2.956713 -0.738698
v 0.277320 2.970642 -0.717239
v 0.293441 2.980991 -0.706467
v 0.263189 2.956713 -0.726681
v 0.271562 2.970642 -0.706467
v 0.289475 2.980991 -0.699047
v 0.255861 2.956713 -0.712971
v 0.268016 2.970642 -0.694779
v 0.287033 2.980991 -0.690996
v 0.251348 2.956713 -0.698094
v 0.266819 2.970642 -0.682624
v 0.286208 2.980991 -0.682624
v 0.249825 2.956713 -0.682624
v 0.268016 2.970642 -0.670468
v 0.287033 2.980991 -0.674251
v 0.251348 2.956713 -0.667153
v 0.271562 2.970642 -0.658780
v 0.289475 2.980991 -0.666200
v 0.255861 2.956713 -0.652276
v 0.277320 2.970642 -0.648008
v 0.293441 2.980991 -0.658780
v 0.263189 2.956713 -0.638566
v 0.285069 2.970642 -0.638566
v 0.298779 2.980991 -0.652276
v 0.273051 2.956713 -0.626549
v 0.294510 2.970642 -0.630817
v 0.305282 2.980991 -0.646939
v 0.285069 2.956713 -0.616687
v 0.305282 2.970642 -0.625059
v 0.312702 2.980991 -0.642973
v 0.298779 2.956713 -0.609358
v 0.293441 2.939741 -0.596473
v 0.313655 2.956713 -0.604846
v 0.310934 2.939741 -0.591166
v 0.308912 2.920377 -0.581002
v 0.329126 2.939741 -0.589375
v 0.329126 2.920377 -0.579011
v 0.347318 2.939741 -0.591166
v 0.349340 2.920377 -0.581002
v 0.364811 2.939741 -0.596473
v 0.368777 2.920377 -0.586898
v 0.380933 2.939741 -0.605090
v 0.386690 2.920377 -0.596473
v 0.395063 2.939741 -0.616687
v 0.402391 2.920377 -0.609358
v 0.406660 2.939741 -0.630817
v 0.415277 2.920377 -0.625059
v 0.415277 2.939741 -0.646939
v 0.424852 2.920377 -0.642973
v 0.420583 2.939741 -0.664432
v 0.430748 2.920377 -0.662410
v 0.422375 2.939741 -0.682624
v 0.432739 2.920377 -0.682624
v 0.420583 2.939741 -0.700815
v 0.430748 2.920377 -0.702837
v 0.415277 2.939741 -0.718308
v 0.424852 2.920377 -0.722274
v 0.406660 2.939741 -0.734430
v 0.415277 2.920377 -0.740188
v 0.395063 2.939741 -0.748560
v 0.402391 2.920377 -0.755889
v 0.380933 2.939741 -0.760157
v 0.386690 2.920377 -0.768774
v 0.364811 2.939741 -0.768774
v 0.368777 2.920377 -0.778349
v 0.347318 2.939741 -0.774081
v 0.349340 2.920377 -0.784245
v 0.329126 2.939741 -0.775872
v 0.329126 2.920377 -0.786236
v 0.310934 2.939741 -0.774081
v 0.308912 2.920377 -0.784245
v 0.293441 2.939741 -0.768774
v 0.289475 2.920377 -0.778349
v 0.277320 2.939741 -0.760157
v 0.271562 2.920377 -0.768774
v 0.263189 2.939741 -0.748560
v 0.255861 2.920377 -0.755889
v 0.251593 2.939741 -0.734430
v 0.242975 2.920377 -0.740188
v 0.242975 2.939741 -0.718308
v 0.233401 2.920377 -0.722274
v 0.237669 2.939741 -0.700815
v 0.227505 2.920377 -0.702837
v 0.235877 2.939741 -0.682624
v 0.225514 2.920377 -0.682624
v 0.237669 2.939741 -0.664432
v 0.227505 2.920377 -0.662410
v 0.242975 2.939741 -0.646939
v 0.233401 2.920377 -0.642973
v 0.251593 2.939741 -0.630817
v 0.242975 2.920377 -0.625059
v 0.263189 2.939741 -0.616687
v 0.255861 2.920377 -0.609358
v 0.277320 2.939741 -0.605090
v 0.271562 2.920377 -0.596473
v 0.268016 2.899367 -0.591166
v 0.289475 2.920377 -0.586898
v 0.287033 2.899367 -0.581002
v 0.286208 2.877517 -0.579011
v 0.307667 2.899367 -0.574742
v 0.307247 2.877517 -0.572629
v 0.329126 2.899367 -0.572629
v 0.329126 2.877517 -0.570474
v 0.350585 2.899367 -0.574742
v 0.351005 2.877517 -0.572629
v 0.371219 2.899367 -0.581002
v 0.372044 2.877517 -0.579011
v 0.390236 2.899367 -0.591166
v 0.391433 2.877517 -0.589375
v 0.406904 2.899367 -0.604846
v 0.408428 2.877517 -0.603322
v 0.420583 2.899367 -0.621514
v 0.422375 2.877517 -0.620317
v 0.430748 2.899367 -0.640530
v 0.432739 2.877517 -0.639706
v 0.437007 2.899367 -0.661165
v 0.439121 2.877517 -0.660744
v 0.439121 2.899367 -0.682624
v 0.441276 2.877517 -0.682623
v 0.437007 2.899367 -0.704082
v 0.439121 2.877517 -0.704503
v 0.430748 2.899367 -0.724717
v 0.432739 2.877517 -0.725541
v 0.420583 2.899367 -0.743733
v 0.422375 2.877517 -0.744930
v 0.406904 2.899367 -0.760401
v 0.408428 2.877517 -0.761925
v 0.390236 2.899367 -0.774081
v 0.391433 2.877517 -0.775872
v 0.371219 2.899367 -0.784245
v 0.372044 2.877517 -0.786236
v 0.350585 2.899367 -0.790505
v 0.351006 2.877517 -0.792618
v 0.329126 2.899367 -0.792618
v 0.329126 2.877517 -0.794773
v 0.307667 2.899367 -0.790505
v 0.307247 2.877517 -0.792618
v 0.287033 2.899367 -0.784245
v 0.286209 2.877517 -0.786236
v 0.268017 2.899367 -0.774081
v 0.266819 2.877517 -0.775872
v 0.251348 2.899367 -0.760401
v 0.249825 2.877517 -0.761925
v 0.237669 2.899367 -0.743733
v 0.235877 2.877517 -0.744930
v 0.227505 2.899367 -0.724717
v 0.225514 2.877517 -0.725541
v 0.221245 2.899367 -0.704082
v 0.219132 2.877517 -0.704503
v 0.219132 2.899367 -0.682624
v 0.216977 2.877517 -0.682624
v 0.221245 2.899367 -0.661165
v 0.219132 2.877517 -0.660744
v 0.227505 2.899367 -0.640530
v 0.225514 2.877517 -0.639706
v 0.237669 2.899367 -0.621514
v 0.235877 2.877517 -0.620317
v 0.251348 2.899367 -0.604846
v 0.249825 2.877517 -0.603322
v 0.251348 2.855667 -0.604846
v 0.266819 2.877517 -0.589375
v 0.268016 2.855667 -0.591166
v 0.271562 2.834656 -0.596473
v 0.287033 2.855667 -0.581002
v 0.289475 2.834656 -0.586898
v 0.307667 2.855667 -0.574742
v 0.308912 2.834656 -0.581002
v 0.329126 2.855667 -0.572629
v 0.329126 2.834656 -0.579011
v 0.350585 2.855667 -0.574742
v 0.349340 2.834656 -0.581002
v 0.371219 2.855667 -0.581002
v 0.368777 2.834656 -0.586898
v 0.390236 2.855667 -0.591166
v 0.386690 2.834656 -0.596473
v 0.406904 2.855667 -0.604846
v 0.402391 2.834656 -0.609358
v 0.420583 2.855667 -0.621514
v 0.415277 2.834656 -0.625059
v 0.430748 2.855667 -0.640530
v 0.424852 2.834656 -0.642973
v 0.437007 2.855667 -0.661165
v 0.430748 2.834656 -0.662410
v 0.439121 2.855667 -0.682624
v 0.432739 2.834656 -0.682624
v 0.437007 2.855667 -0.704082
v 0.430748 2.834656 -0.702837
v 0.430748 2.855667 -0.724717
v 0.424852 2.834656 -0.722274
v 0.420583 2.855667 -0.743733
v 0.415277 2.834656 -0.740188
v 0.406904 2.855667 -0.760401
v 0.402391 2.834656 -0.755889
v 0.390236 2.855667 -0.774081
v 0.386690 2.834656 -0.768774
v 0.371219 2.855667 -0.784245
v 0.368777 2.834656 -0.778349
v 0.350585 2.855667 -0.790505
v 0.349340 2.834656 -0.784245
v 0.329126 2.855667 -0.792618
v 0.329126 2.834656 -0.786236
v 0.307667 2.855667 -0.790505
v 0.308912 2.834656 -0.784245
v 0.287033 2.855667 -0.784245
v 0.289475 2.834656 -0.778349
v 0.268017 2.855667 -0.774081
v 0.271562 2.834656 -0.768774
v 0.251348 2.855667 -0.760401
v 0.255861 2.834656 -0.755889
v 0.237669 2.855667 -0.743733
v 0.242975 2.834656 -0.740188
v 0.227505 2.855667 -0.724717
v 0.233401 2.834656 -0.722274
v 0.221245 2.855667 -0.704082
v 0.227505 2.834656 -0.702837
v 0.219132 2.855667 -0.682624
v 0.225514 2.834656 -0.682624
v 0.221245 2.855667 -0.661165
v 0.227505 2.834656 -0.662410
v 0.227505 2.855667 -0.640530
v 0.233401 2.834656 -0.642973
v 0.237669 2.855667 -0.621514
v 0.242975 2.834656 -0.625059
v 0.251593 2.815293 -0.630817
v 0.255861 2.834656 -0.609358
v 0.263189 2.815293 -0.616687
v 0.273051 2.798321 -0.626549
v 0.277320 2.815293 -0.605090
v 0.285069 2.798321 -0.616687
v 0.293441 2.815293 -0.596473
v 0.298779 2.798321 -0.609358
v 0.310934 2.815293 -0.591166
v 0.313655 2.798321 -0.604846
v 0.329126 2.815293 -0.589375
v 0.329126 2.798321 -0.603322
v 0.347318 2.815293 -0.591166
v 0.344597 2.798321 -0.604846
v 0.364811 2.815293 -0.596473
v 0.359474 2.798321 -0.609358
v 0.380933 2.815293 -0.605090
v 0.373184 2.798321 -0.616687
v 0.395063 2.815293 -0.616687
v 0.385201 2.798321 -0.626549
v 0.406660 2.815293 -0.630817
v 0.395063 2.798321 -0.638566
v 0.415277 2.815293 -0.646939
v 0.402391 2.798321 -0.652276
v 0.420583 2.815293 -0.664432
v 0.406904 2.798321 -0.667153
v 0.422375 2.815293 -0.682624
v 0.408428 2.798321 -0.682624
v 0.420583 2.815293 -0.700815
v 0.406904 2.798321 -0.698094
v 0.415277 2.815293 -0.718308
v 0.402391 2.798321 -0.712971
v 0.406660 2.815293 -0.734430
v 0.395063 2.798321 -0.726681
v 0.395063 2.815293 -0.748560
v 0.385201 2.798321 -0.738698
v 0.380933 2.815293 -0.760157
v 0.373184 2.798321 -0.748560
v 0.364811 2.815293 -0.768774
v 0.359474 2.798321 -0.755889
v 0.347318 2.815293 -0.774081
v 0.344597 2.798321 -0.760401
v 0.329126 2.815293 -0.775872
v 0.329126 2.798321 -0.761925
v 0.310934 2.815293 -0.774081
v 0.313655 2.798321 -0.760401
v 0.293441 2.815293 -0.768774
v 0.298779 2.798321 -0.755889
v 0.277320 2.815293 -0.760157
v 0.285069 2.798321 -0.748560
v 0.263189 2.815293 -0.748560
v 0.273051 2.798321 -0.738698
v 0.251593 2.815293 -0.734430
v 0.263189 2.798321 -0.726681
v 0.242975 2.815293 -0.718308
v 0.255861 2.798321 -0.712971
v 0.237669 2.815293 -0.700815
v 0.251348 2.798321 -0.698094
v 0.235877 2.815293 -0.682624
v 0.249825 2.798321 -0.682624
v 0.237669 2.815293 -0.664432
v 0.251348 2.798321 -0.667153
v 0.242975 2.815293 -0.646939
v 0.255861 2.798321 -0.652276
v 0.271562 2.784392 -0.658780
v 0.263189 2.798321 -0.638566
v 0.277320 2.784392 -0.648008
v 0.293441 2.774043 -0.658780
v 0.285069 2.784392 -0.638566
v 0.298779 2.774043 -0.652276
v 0.294510 2.784392 -0.630817
v 0.305282 2.774043 -0.646939
v 0.305282 2.784392 -0.625059
v 0.312702 2.774043 -0.642973
v 0.316971 2.784392 -0.621514
v 0.320753 2.774043 -0.640530
v 0.329126 2.784392 -0.620317
v 0.329126 2.774043 -0.639706
v 0.341282 2.784392 -0.621514
v 0.337499 2.774043 -0.640530
v 0.352970 2.784392 -0.625059
v 0.345550 2.774043 -0.642973
v 0.363742 2.784392 -0.630817
v 0.352970 2.774043 -0.646939
v 0.373184 2.784392 -0.638566
v 0.359474 2.774043 -0.652276
v 0.380933 2.784392 -0.648008
v 0.364811 2.774043 -0.658780
v 0.386690 2.784392 -0.658780
v 0.368777 2.774043 -0.666200
v 0.390236 2.784392 -0.670468
v 0.371219 2.774043 -0.674251
v 0.391433 2.784392 -0.682624
v 0.372044 2.774043 -0.682624
v 0.390236 2.784392 -0.694779
v 0.371219 2.774043 -0.690996
v 0.386690 2.784392 -0.706467
v 0.368777 2.774043 -0.699047
v 0.380933 2.784392 -0.717239
v 0.364811 2.774043 -0.706467
v 0.373184 2.784392 -0.726681
v 0.359474 2.774043 -0.712971
v 0.363742 2.784392 -0.734430
v 0.352970 2.774043 -0.718308
v 0.352970 2.784392 -0.740188
v 0.345550 2.774043 -0.722274
v 0.341282 2.784392 -0.743733
v 0.337499 2.774043 -0.724717
v 0.329126 2.784392 -0.744930
v 0.329126 2.774043 -0.725541
v 0.316971 2.784392 -0.743733
v 0.320753 2.774043 -0.724717
v 0.305282 2.784392 -0.740188
v 0.312702 2.774043 -0.722274
v 0.294510 2.784392 -0.734430
v 0.305282 2.774043 -0.718308
v 0.285069 2.784392 -0.726681
v 0.298779 2.774043 -0.712971
v 0.277320 2.784392 -0.717239
v 0.293441 2.774043 -0.706467
v 0.271562 2.784392 -0.706467
v 0.289475 2.774043 -0.699047
v 0.268016 2.784392 -0.694779
v 0.287033 2.774043 -0.690996
v 0.266819 2.784392 -0.682624
v 0.286208 2.774043 -0.682624
v 0.268016 2.784392 -0.670468
v 0.287033 2.774043 -0.674251
v 0.307667 2.767669 -0.678355
v 0.289475 2.774043 -0.666200
v 0.308912 2.767669 -0.674251
v 0.310934 2.767669 -0.670468
v 0.329126 2.765517 -0.682624
v 0.344597 2.767669 -0.698094
v 0.329126 2.767669 -0.660744
v 0.324858 2.767669 -0.661165
v 0.320753 2.767669 -0.662410
v 0.316971 2.767669 -0.664432
v 0.313655 2.767669 -0.667153
v 0.307247 2.767669 -0.682624
v 0.307667 2.767669 -0.686892
v 0.308912 2.767669 -0.690996
v 0.310934 2.767669 -0.694779
v 0.313655 2.767669 -0.698094
v 0.316971 2.767669 -0.700815
v 0.320753 2.767669 -0.702837
v 0.324858 2.767669 -0.704082
v 0.329126 2.767669 -0.704503
v 0.333395 2.767669 -0.704082
v 0.337499 2.767669 -0.702837
v 0.341282 2.767669 -0.700815
v 0.347318 2.767669 -0.694779
v 0.349340 2.767669 -0.690996
v 0.350585 2.767669 -0.686892
v 0.351006 2.767669 -0.682624
v 0.350585 2.767669 -0.678355
v 0.349340 2.767669 -0.674251
v 0.347318 2.767669 -0.670468
v 0.344597 2.767669 -0.667153
v 0.341282 2.767669 -0.664432
v 0.337499 2.767669 -0.662410
v 0.333395 2.767669 -0.661165
v 0.320753 2.987365 -0.662410
v 0.320753 2.980991 -0.640530
v 0.324858 2.987365 -0.661165
v 0.329126 2.989517 -0.682624
v 0.329126 2.987365 -0.660744
v 0.333395 2.987365 -0.661165
v 0.337499 2.987365 -0.662410
v 0.341282 2.987365 -0.664432
v 0.344597 2.987365 -0.667153
v 0.347318 2.987365 -0.670468
v 0.349340 2.987365 -0.674251
v 0.350585 2.987365 -0.678355
v 0.351006 2.987365 -0.682624
v 0.350585 2.987365 -0.686892
v 0.349340 2.987365 -0.690996
v 0.347318 2.987365 -0.694779
v 0.344597 2.987365 -0.698094
v 0.341282 2.987365 -0.700815
v 0.337499 2.987365 -0.702837
v 0.333395 2.987365 -0.704082
v 0.329126 2.987365 -0.704503
v 0.324858 2.987365 -0.704082
v 0.320753 2.987365 -0.702837
v 0.316971 2.987365 -0.700815
v 0.313655 2.987365 -0.698094
v 0.310934 2.987365 -0.694779
v 0.308912 2.987365 -0.690996
v 0.307667 2.987365 -0.686892
v 0.307247 2.987365 -0.682624
v 0.307667 2.987365 -0.678355
v 0.308912 2.987365 -0.674251
v 0.310934 2.987365 -0.670468
v 0.313655 2.987365 -0.667153
v 0.316971 2.987365 -0.664432
v -0.604062 2.775548 -0.513055
v -0.594046 2.775548 -0.519957
v -0.607934 2.781073 -0.519141
v -0.600667 2.768112 -0.507721
v -0.614556 2.775548 -0.506905
v -0.615163 2.781073 -0.514904
v -0.614023 2.768112 -0.499893
v -0.625125 2.775548 -0.501742
v -0.622443 2.781073 -0.511348
v -0.627475 2.768112 -0.493322
v -0.635362 2.775548 -0.497766
v -0.629495 2.781073 -0.508609
v -0.640505 2.768112 -0.488261
v -0.644876 2.775548 -0.495128
v -0.636048 2.781073 -0.506792
v -0.652614 2.768112 -0.484905
v -0.653299 2.775548 -0.493932
v -0.641850 2.781073 -0.505968
v -0.663334 2.768112 -0.483381
v -0.660308 2.775548 -0.494221
v -0.646678 2.781073 -0.506167
v -0.672255 2.768112 -0.483750
v -0.665634 2.775548 -0.495986
v -0.650346 2.781073 -0.507383
v -0.679034 2.768112 -0.485996
v -0.669072 2.775548 -0.499158
v -0.652714 2.781073 -0.509568
v -0.683409 2.768112 -0.490034
v -0.670490 2.775548 -0.503616
v -0.653691 2.781073 -0.512639
v -0.685214 2.768112 -0.495707
v -0.669833 2.775548 -0.509188
v -0.653239 2.781073 -0.516477
v -0.684378 2.768112 -0.502799
v -0.667127 2.775548 -0.515660
v -0.651375 2.781073 -0.520935
v -0.680934 2.768112 -0.511037
v -0.662476 2.775548 -0.522784
v -0.648171 2.781073 -0.525842
v -0.675015 2.768112 -0.520104
v -0.656058 2.775548 -0.530285
v -0.643750 2.781073 -0.531009
v -0.666846 2.768112 -0.529651
v -0.648121 2.775548 -0.537876
v -0.638283 2.781073 -0.536238
v -0.656744 2.768112 -0.539312
v -0.638968 2.775548 -0.545264
v -0.631979 2.781073 -0.541327
v -0.645095 2.768112 -0.548716
v -0.628952 2.775548 -0.552166
v -0.625080 2.781073 -0.546081
v -0.632347 2.768112 -0.557500
v -0.618458 2.775548 -0.558317
v -0.617851 2.781073 -0.550318
v -0.618991 2.768112 -0.565329
v -0.607889 2.775548 -0.563480
v -0.610571 2.781073 -0.553874
v -0.605539 2.768112 -0.571900
v -0.597652 2.775548 -0.567456
v -0.603519 2.781073 -0.556613
v -0.592508 2.768112 -0.576961
v -0.588138 2.775548 -0.570094
v -0.596966 2.781073 -0.558429
v -0.580400 2.768112 -0.580317
v -0.579715 2.775548 -0.571290
v -0.591164 2.781073 -0.559254
v -0.569680 2.768112 -0.581841
v -0.572706 2.775548 -0.571001
v -0.586336 2.781073 -0.559054
v -0.560759 2.768112 -0.581472
v -0.567380 2.775548 -0.569236
v -0.582668 2.781073 -0.557839
v -0.553980 2.768112 -0.579226
v -0.563942 2.775548 -0.566064
v -0.580300 2.781073 -0.555654
v -0.549605 2.768112 -0.575188
v -0.562524 2.775548 -0.561606
v -0.579323 2.781073 -0.552583
v -0.547800 2.768112 -0.569515
v -0.563181 2.775548 -0.556034
v -0.579775 2.781073 -0.548745
v -0.548636 2.768112 -0.562423
v -0.565887 2.775548 -0.549562
v -0.581639 2.781073 -0.544287
v -0.552079 2.768112 -0.554185
v -0.570538 2.775548 -0.542438
v -0.584843 2.781073 -0.539380
v -0.557999 2.768112 -0.545118
v -0.576956 2.775548 -0.534937
v -0.589263 2.781073 -0.534213
v -0.566168 2.768112 -0.535571
v -0.584893 2.775548 -0.527346
v -0.594731 2.781073 -0.528984
v -0.576270 2.768112 -0.525910
v -0.569194 2.759052 -0.524731
v -0.587919 2.768112 -0.516506
v -0.582892 2.759052 -0.513674
v -0.579155 2.748715 -0.511569
v -0.597881 2.759052 -0.503344
v -0.595811 2.748715 -0.500091
v -0.613587 2.759052 -0.494139
v -0.613262 2.748715 -0.489863
v -0.629404 2.759052 -0.486413
v -0.630838 2.748715 -0.481278
v -0.644726 2.759052 -0.480461
v -0.647862 2.748715 -0.474665
v -0.658964 2.759052 -0.476514
v -0.663682 2.748715 -0.470280
v -0.671570 2.759052 -0.474723
v -0.677689 2.748715 -0.468289
v -0.682060 2.759052 -0.475156
v -0.689345 2.748715 -0.468771
v -0.690030 2.759052 -0.477798
v -0.698202 2.748715 -0.471706
v -0.695176 2.759052 -0.482545
v -0.703919 2.748715 -0.476981
v -0.697298 2.759052 -0.489217
v -0.706277 2.748715 -0.484394
v -0.696315 2.759052 -0.497556
v -0.705185 2.748715 -0.493660
v -0.692266 2.759052 -0.507243
v -0.700686 2.748715 -0.504423
v -0.685305 2.759052 -0.517904
v -0.692951 2.748715 -0.516269
v -0.675700 2.759052 -0.529130
v -0.682279 2.748715 -0.528744
v -0.663820 2.759052 -0.540491
v -0.669079 2.748715 -0.541367
v -0.650122 2.759052 -0.551548
v -0.653858 2.748715 -0.553653
v -0.635133 2.759052 -0.561878
v -0.637203 2.748715 -0.565131
v -0.619427 2.759052 -0.571083
v -0.619752 2.748715 -0.575359
v -0.603610 2.759052 -0.578809
v -0.602176 2.748715 -0.583944
v -0.588288 2.759052 -0.584761
v -0.585151 2.748715 -0.590557
v -0.574050 2.759052 -0.588708
v -0.569332 2.748715 -0.594942
v -0.561444 2.759052 -0.590499
v -0.555325 2.748715 -0.596933
v -0.550954 2.759052 -0.590066
v -0.543669 2.748715 -0.596451
v -0.542984 2.759052 -0.587424
v -0.534812 2.748715 -0.593516
v -0.537838 2.759052 -0.582677
v -0.529095 2.748715 -0.588241
v -0.535716 2.759052 -0.576005
v -0.526737 2.748715 -0.580828
v -0.536699 2.759052 -0.567666
v -0.527829 2.748715 -0.571562
v -0.540748 2.759052 -0.557979
v -0.532328 2.748715 -0.560799
v -0.547709 2.759052 -0.547318
v -0.540063 2.748715 -0.548952
v -0.557314 2.759052 -0.536091
v -0.550735 2.748715 -0.536478
v -0.546684 2.737498 -0.536716
v -0.563935 2.748715 -0.523855
v -0.560697 2.737498 -0.523316
v -0.559604 2.725834 -0.523134
v -0.576855 2.737498 -0.510273
v -0.576078 2.725834 -0.509835
v -0.594536 2.737498 -0.498088
v -0.594106 2.725834 -0.497412
v -0.613062 2.737498 -0.487230
v -0.612995 2.725834 -0.486341
v -0.631720 2.737498 -0.478116
v -0.632018 2.725834 -0.477049
v -0.649794 2.737498 -0.471096
v -0.650446 2.725834 -0.469891
v -0.666588 2.737498 -0.466440
v -0.667569 2.725834 -0.465144
v -0.681458 2.737498 -0.464327
v -0.682730 2.725834 -0.462990
v -0.693832 2.737498 -0.464839
v -0.695346 2.725834 -0.463511
v -0.703234 2.737498 -0.467954
v -0.704933 2.725834 -0.466687
v -0.709303 2.737498 -0.473554
v -0.711121 2.725834 -0.472397
v -0.711806 2.737498 -0.481424
v -0.713673 2.725834 -0.480421
v -0.710647 2.737498 -0.491261
v -0.712492 2.725834 -0.490451
v -0.705870 2.737498 -0.502687
v -0.707621 2.725834 -0.502101
v -0.697659 2.737498 -0.515263
v -0.699249 2.725834 -0.514923
v -0.686330 2.737498 -0.528505
v -0.687698 2.725834 -0.528425
v -0.672317 2.737498 -0.541906
v -0.673410 2.725834 -0.542088
v -0.656159 2.737498 -0.554949
v -0.656936 2.725834 -0.555387
v -0.638478 2.737498 -0.567134
v -0.638908 2.725834 -0.567810
v -0.619952 2.737498 -0.577992
v -0.620019 2.725834 -0.578881
v -0.601294 2.737498 -0.587106
v -0.600996 2.725834 -0.588173
v -0.583220 2.737498 -0.594126
v -0.582568 2.725834 -0.595331
v -0.566426 2.737498 -0.598782
v -0.565445 2.725834 -0.600078
v -0.551556 2.737498 -0.600895
v -0.550284 2.725834 -0.602232
v -0.539182 2.737498 -0.600383
v -0.537667 2.725834 -0.601711
v -0.529780 2.737498 -0.597268
v -0.528081 2.725834 -0.598535
v -0.523711 2.737498 -0.591668
v -0.521893 2.725834 -0.592825
v -0.521208 2.737498 -0.583798
v -0.519341 2.725834 -0.584801
v -0.522367 2.737498 -0.573961
v -0.520522 2.725834 -0.574771
v -0.527144 2.737498 -0.562535
v -0.525393 2.725834 -0.563121
v -0.535355 2.737498 -0.549959
v -0.533765 2.725834 -0.550299
v -0.535355 2.714169 -0.549959
v -0.545316 2.725834 -0.536797
v -0.546684 2.714169 -0.536716
v -0.550735 2.702953 -0.536478
v -0.560697 2.714169 -0.523316
v -0.563935 2.702953 -0.523855
v -0.576855 2.714169 -0.510273
v -0.579155 2.702953 -0.511569
v -0.594536 2.714169 -0.498088
v -0.595811 2.702953 -0.500091
v -0.613062 2.714169 -0.487230
v -0.613262 2.702953 -0.489863
v -0.631720 2.714169 -0.478116
v -0.630838 2.702953 -0.481278
v -0.649794 2.714169 -0.471096
v -0.647862 2.702953 -0.474665
v -0.666588 2.714169 -0.466440
v -0.663682 2.702953 -0.470280
v -0.681458 2.714169 -0.464327
v -0.677689 2.702953 -0.468289
v -0.693832 2.714169 -0.464839
v -0.689345 2.702953 -0.468771
v -0.703234 2.714169 -0.467954
v -0.698202 2.702953 -0.471706
v -0.709303 2.714169 -0.473554
v -0.703919 2.702953 -0.476981
v -0.711806 2.714169 -0.481424
v -0.706277 2.702953 -0.484394
v -0.710647 2.714169 -0.491261
v -0.705185 2.702953 -0.493660
v -0.705870 2.714169 -0.502687
v -0.700686 2.702953 -0.504423
v -0.697659 2.714169 -0.515263
v -0.692951 2.702953 -0.516269
v -0.686330 2.714169 -0.528505
v -0.682279 2.702953 -0.528744
v -0.672317 2.714169 -0.541906
v -0.669079 2.702953 -0.541367
v -0.656159 2.714169 -0.554949
v -0.653858 2.702953 -0.553653
v -0.638478 2.714169 -0.567134
v -0.637203 2.702953 -0.565131
v -0.619952 2.714169 -0.577992
v -0.619752 2.702953 -0.575359
v -0.601294 2.714169 -0.587106
v -0.602176 2.702953 -0.583944
v -0.583220 2.714169 -0.594126
v -0.585151 2.702953 -0.590557
v -0.566426 2.714169 -0.598782
v -0.569332 2.702953 -0.594942
v -0.551556 2.714169 -0.600895
v -0.555325 2.702953 -0.596933
v -0.539182 2.714169 -0.600383
v -0.543669 2.702953 -0.596451
v -0.529780 2.714169 -0.597268
v -0.534812 2.702953 -0.593516
v -0.523711 2.714169 -0.591668
v -0.529095 2.702953 -0.588241
v -0.521208 2.714169 -0.583798
v -0.526737 2.702953 -0.580828
v -0.522367 2.714169 -0.573961
v -0.527829 2.702953 -0.571562
v -0.527144 2.714169 -0.562535
v -0.532328 2.702953 -0.560799
v -0.540748 2.692616 -0.557979
v -0.540063 2.702953 -0.548952
v -0.547709 2.692616 -0.547318
v -0.557999 2.683555 -0.545118
v -0.557314 2.692616 -0.536091
v -0.566168 2.683555 -0.535571
v -0.569194 2.692616 -0.524731
v -0.576270 2.683555 -0.525910
v -0.582892 2.692616 -0.513674
v -0.587919 2.683555 -0.516506
v -0.597881 2.692616 -0.503344
v -0.600667 2.683555 -0.507721
v -0.613587 2.692616 -0.494139
v -0.614023 2.683555 -0.499893
v -0.629404 2.692616 -0.486413
v -0.627475 2.683555 -0.493322
v -0.644726 2.692616 -0.480461
v -0.640505 2.683555 -0.488261
v -0.658964 2.692616 -0.476514
v -0.652614 2.683555 -0.484905
v -0.671570 2.692616 -0.474723
v -0.663334 2.683555 -0.483381
v -0.682060 2.692616 -0.475156
v -0.672255 2.683555 -0.483750
v -0.690030 2.692616 -0.477798
v -0.679034 2.683555 -0.485996
v -0.695176 2.692616 -0.482545
v -0.683409 2.683555 -0.490034
v -0.697298 2.692616 -0.489217
v -0.685214 2.683555 -0.495707
v -0.696315 2.692616 -0.497556
v -0.684378 2.683555 -0.502799
v -0.692266 2.692616 -0.507243
v -0.680934 2.683555 -0.511037
v -0.685305 2.692616 -0.517904
v -0.675015 2.683555 -0.520104
v -0.675700 2.692616 -0.529130
v -0.666846 2.683555 -0.529651
v -0.663820 2.692616 -0.540491
v -0.656744 2.683555 -0.539312
v -0.650122 2.692616 -0.551548
v -0.645095 2.683555 -0.548716
v -0.635133 2.692616 -0.561878
v -0.632347 2.683555 -0.557500
v -0.619427 2.692616 -0.571083
v -0.618991 2.683555 -0.565329
v -0.603610 2.692616 -0.578809
v -0.605539 2.683555 -0.571900
v -0.588288 2.692616 -0.584761
v -0.592508 2.683555 -0.576961
v -0.574050 2.692616 -0.588708
v -0.580400 2.683555 -0.580317
v -0.561444 2.692616 -0.590499
v -0.569680 2.683555 -0.581841
v -0.550954 2.692616 -0.590066
v -0.560759 2.683555 -0.581472
v -0.542984 2.692616 -0.587424
v -0.553980 2.683555 -0.579226
v -0.537838 2.692616 -0.582677
v -0.549605 2.683555 -0.575188
v -0.535716 2.692616 -0.576005
v -0.547800 2.683555 -0.569515
v -0.536699 2.692616 -0.567666
v -0.548636 2.683555 -0.562423
v -0.563181 2.676119 -0.556034
v -0.552079 2.683555 -0.554185
v -0.565887 2.676119 -0.549562
v -0.581639 2.670594 -0.544287
v -0.570538 2.676119 -0.542438
v -0.584843 2.670594 -0.539380
v -0.576956 2.676119 -0.534937
v -0.589263 2.670594 -0.534213
v -0.584893 2.676119 -0.527346
v -0.594731 2.670594 -0.528984
v -0.594046 2.676119 -0.519957
v -0.601035 2.670594 -0.523895
v -0.604062 2.676119 -0.513055
v -0.607934 2.670594 -0.519141
v -0.614556 2.676119 -0.506905
v -0.615163 2.670594 -0.514904
v -0.625125 2.676119 -0.501742
v -0.622443 2.670594 -0.511348
v -0.635362 2.676119 -0.497766
v -0.629495 2.670594 -0.508609
v -0.644876 2.676119 -0.495128
v -0.636048 2.670594 -0.506792
v -0.653299 2.676119 -0.493932
v -0.641850 2.670594 -0.505968
v -0.660308 2.676119 -0.494221
v -0.646678 2.670594 -0.506167
v -0.665634 2.676119 -0.495986
v -0.650346 2.670594 -0.507383
v -0.669072 2.676119 -0.499158
v -0.652714 2.670594 -0.509568
v -0.670490 2.676119 -0.503616
v -0.653691 2.670594 -0.512639
v -0.669833 2.676119 -0.509188
v -0.653239 2.670594 -0.516477
v -0.667127 2.676119 -0.515660
v -0.651375 2.670594 -0.520935
v -0.662476 2.676119 -0.522784
v -0.648171 2.670594 -0.525842
v -0.656058 2.676119 -0.530285
v -0.643750 2.670594 -0.531009
v -0.648121 2.676119 -0.537876
v -0.638283 2.670594 -0.536238
v -0.638968 2.676119 -0.545264
v -0.631979 2.670594 -0.541327
v -0.628952 2.676119 -0.552166
v -0.625080 2.670594 -0.546081
v -0.618458 2.676119 -0.558317
v -0.617851 2.670594 -0.550318
v -0.607889 2.676119 -0.563480
v -0.610571 2.670594 -0.553874
v -0.597652 2.676119 -0.567456
v -0.603519 2.670594 -0.556613
v -0.588138 2.676119 -0.570094
v -0.596966 2.670594 -0.558429
v -0.579715 2.676119 -0.571290
v -0.591164 2.670594 -0.559254
v -0.572706 2.676119 -0.571001
v -0.586336 2.670594 -0.559054
v -0.567380 2.676119 -0.569236
v -0.582668 2.670594 -0.557839
v -0.563942 2.676119 -0.566064
v -0.580300 2.670594 -0.555654
v -0.562524 2.676119 -0.561606
v -0.579323 2.670594 -0.552583
v -0.597551 2.667192 -0.542793
v -0.579775 2.670594 -0.548745
v -0.597781 2.667192 -0.540836
v -0.598731 2.667192 -0.538563
v -0.616507 2.666043 -0.532611
v -0.632649 2.667192 -0.529160
v -0.612137 2.667192 -0.525744
v -0.608620 2.667192 -0.528168
v -0.605406 2.667192 -0.530762
v -0.602618 2.667192 -0.533428
v -0.600365 2.667192 -0.536062
v -0.598049 2.667192 -0.544358
v -0.599256 2.667192 -0.545472
v -0.601126 2.667192 -0.546092
v -0.603587 2.667192 -0.546193
v -0.606545 2.667192 -0.545773
v -0.609886 2.667192 -0.544847
v -0.613481 2.667192 -0.543451
v -0.617192 2.667192 -0.541638
v -0.620877 2.667192 -0.539478
v -0.624394 2.667192 -0.537054
v -0.627608 2.667192 -0.534460
v -0.630396 2.667192 -0.531794
v -0.634282 2.667192 -0.526659
v -0.635233 2.667192 -0.524386
v -0.635463 2.667192 -0.522429
v -0.634965 2.667192 -0.520864
v -0.633758 2.667192 -0.519750
v -0.631888 2.667192 -0.519130
v -0.629426 2.667192 -0.519029
v -0.626469 2.667192 -0.519449
v -0.623128 2.667192 -0.520375
v -0.619533 2.667192 -0.521771
v -0.615822 2.667192 -0.523584
v -0.605406 2.784476 -0.530762
v -0.601035 2.781073 -0.523895
v -0.608620 2.784476 -0.528168
v -0.616507 2.785625 -0.532611
v -0.612137 2.784476 -0.525744
v -0.615822 2.784476 -0.523584
v -0.619533 2.784476 -0.521771
v -0.623128 2.784476 -0.520375
v -0.626469 2.784476 -0.519449
v -0.629426 2.784476 -0.519029
v -0.631888 2.784476 -0.519130
v -0.633758 2.784476 -0.519750
v -0.634965 2.784476 -0.520864
v -0.635463 2.784476 -0.522429
v -0.635233 2.784476 -0.524386
v -0.634282 2.784476 -0.526659
v -0.632649 2.784476 -0.529160
v -0.630396 2.784476 -0.531794
v -0.627608 2.784476 -0.534460
v -0.624394 2.784476 -0.537054
v -0.620877 2.784476 -0.539478
v -0.617192 2.784476 -0.541638
v -0.613481 2.784476 -0.543451
v -0.609886 2.784476 -0.544847
v -0.606545 2.784476 -0.545773
v -0.603587 2.784476 -0.546193
v -0.601126 2.784476 -0.546092
v -0.599256 2.784476 -0.545472
v -0.598049 2.784476 -0.544358
v -0.597551 2.784476 -0.542793
v -0.597781 2.784476 -0.540836
v -0.598731 2.784476 -0.538563
v -0.600365 2.784476 -0.536062
v -0.602618 2.784476 -0.533428
v 0.604061 2.775548 -0.513055
v 0.594046 2.775548 -0.519958
v 0.607934 2.781073 -0.519141
v 0.600667 2.768112 -0.507722
v 0.614556 2.775548 -0.506905
v 0.615163 2.781073 -0.514904
v 0.614023 2.768112 -0.499893
v 0.625125 2.775548 -0.501742
v 0.622443 2.781073 -0.511348
v 0.627475 2.768112 -0.493322
v 0.635362 2.775548 -0.497766
v 0.629495 2.781073 -0.508609
v 0.640505 2.768112 -0.488262
v 0.644876 2.775548 -0.495129
v 0.636048 2.781073 -0.506793
v 0.652613 2.768112 -0.484905
v 0.653299 2.775548 -0.493932
v 0.641850 2.781073 -0.505968
v 0.663334 2.768112 -0.483381
v 0.660308 2.775548 -0.494221
v 0.646677 2.781073 -0.506167
v 0.672255 2.768112 -0.483750
v 0.665634 2.775548 -0.495986
v 0.650346 2.781073 -0.507383
v 0.679034 2.768112 -0.485996
v 0.669072 2.775548 -0.499158
v 0.652714 2.781073 -0.509568
v 0.683409 2.768112 -0.490034
v 0.670490 2.775548 -0.503616
v 0.653691 2.781073 -0.512639
v 0.685214 2.768112 -0.495707
v 0.669833 2.775548 -0.509188
v 0.653239 2.781073 -0.516477
v 0.684378 2.768112 -0.502799
v 0.667127 2.775548 -0.515660
v 0.651375 2.781073 -0.520935
v 0.680934 2.768112 -0.511037
v 0.662476 2.775548 -0.522784
v 0.648171 2.781073 -0.525842
v 0.675014 2.768112 -0.520104
v 0.656058 2.775548 -0.530285
v 0.643750 2.781073 -0.531009
v 0.666846 2.768112 -0.529651
v 0.648121 2.775548 -0.537876
v 0.638283 2.781073 -0.536238
v 0.656743 2.768112 -0.539312
v 0.638968 2.775548 -0.545264
v 0.631978 2.781073 -0.541327
v 0.645095 2.768112 -0.548716
v 0.628952 2.775548 -0.552167
v 0.625079 2.781073 -0.546081
v 0.632347 2.768112 -0.557501
v 0.618458 2.775548 -0.558317
v 0.617851 2.781073 -0.550318
v 0.618991 2.768112 -0.565329
v 0.607889 2.775548 -0.563480
v 0.610571 2.781073 -0.553874
v 0.605539 2.768112 -0.571900
v 0.597651 2.775548 -0.567456
v 0.603519 2.781073 -0.556613
v 0.592508 2.768112 -0.576961
v 0.588138 2.775548 -0.570094
v 0.596966 2.781073 -0.558429
v 0.580400 2.768112 -0.580317
v 0.579715 2.775548 -0.571291
v 0.591164 2.781073 -0.559254
v 0.569680 2.768112 -0.581841
v 0.572706 2.775548 -0.571001
v 0.586336 2.781073 -0.559055
v 0.560759 2.768112 -0.581472
v 0.567380 2.775548 -0.569236
v 0.582668 2.781073 -0.557839
v 0.553980 2.768112 -0.579226
v 0.563942 2.775548 -0.566064
v 0.580300 2.781073 -0.555654
v 0.549605 2.768112 -0.575188
v 0.562524 2.775548 -0.561606
v 0.579323 2.781073 -0.552583
v 0.547800 2.768112 -0.569515
v 0.563181 2.775548 -0.556034
v 0.579775 2.781073 -0.548745
v 0.548636 2.768112 -0.562423
v 0.565887 2.775548 -0.549562
v 0.581639 2.781073 -0.544287
v 0.552079 2.768112 -0.554185
v 0.570538 2.775548 -0.542438
v 0.584843 2.781073 -0.539380
v 0.557999 2.768112 -0.545118
v 0.576955 2.775548 -0.534937
v 0.589263 2.781073 -0.534213
v 0.566168 2.768112 -0.535571
v 0.584893 2.775548 -0.527346
v 0.594731 2.781073 -0.528984
v 0.576270 2.768112 -0.525910
v 0.569194 2.759052 -0.524731
v 0.587919 2.768112 -0.516506
v 0.582892 2.759052 -0.513674
v 0.579155 2.748715 -0.511569
v 0.597881 2.759052 -0.503344
v 0.595811 2.748715 -0.500091
v 0.613586 2.759052 -0.494139
v 0.613262 2.748715 -0.489863
v 0.629404 2.759052 -0.486413
v 0.630838 2.748715 -0.481278
v 0.644726 2.759052 -0.480461
v 0.647862 2.748715 -0.474666
v 0.658964 2.759052 -0.476514
v 0.663682 2.748715 -0.470280
v 0.671570 2.759052 -0.474723
v 0.677689 2.748715 -0.468289
v 0.682060 2.759052 -0.475156
v 0.689345 2.748715 -0.468771
v 0.690030 2.759052 -0.477798
v 0.698202 2.748715 -0.471706
v 0.695176 2.759052 -0.482545
v 0.703919 2.748715 -0.476981
v 0.697298 2.759052 -0.489217
v 0.706277 2.748715 -0.484394
v 0.696315 2.759052 -0.497556
v 0.705185 2.748715 -0.493660
v 0.692266 2.759052 -0.507243
v 0.700685 2.748715 -0.504423
v 0.685305 2.759052 -0.517904
v 0.692951 2.748715 -0.516270
v 0.675700 2.759052 -0.529131
v 0.682279 2.748715 -0.528744
v 0.663820 2.759052 -0.540491
v 0.669079 2.748715 -0.541367
v 0.650122 2.759052 -0.551548
v 0.653858 2.748715 -0.553653
v 0.635133 2.759052 -0.561878
v 0.637203 2.748715 -0.565131
v 0.619427 2.759052 -0.571083
v 0.619752 2.748715 -0.575359
v 0.603610 2.759052 -0.578809
v 0.602176 2.748715 -0.583944
v 0.588288 2.759052 -0.584761
v 0.585151 2.748715 -0.590557
v 0.574050 2.759052 -0.588708
v 0.569331 2.748715 -0.594942
v 0.561444 2.759052 -0.590499
v 0.555324 2.748715 -0.596933
v 0.550954 2.759052 -0.590066
v 0.543669 2.748715 -0.596451
v 0.542983 2.759052 -0.587424
v 0.534812 2.748715 -0.593516
v 0.537838 2.759052 -0.582677
v 0.529095 2.748715 -0.588241
v 0.535716 2.759052 -0.576005
v 0.526737 2.748715 -0.580828
v 0.536699 2.759052 -0.567666
v 0.527829 2.748715 -0.571562
v 0.540748 2.759052 -0.557979
v 0.532328 2.748715 -0.560799
v 0.547709 2.759052 -0.547318
v 0.540063 2.748715 -0.548953
v 0.557314 2.759052 -0.536092
v 0.550735 2.748715 -0.536478
v 0.546684 2.737498 -0.536717
v 0.563935 2.748715 -0.523855
v 0.560697 2.737498 -0.523316
v 0.559604 2.725834 -0.523134
v 0.576855 2.737498 -0.510273
v 0.576078 2.725834 -0.509835
v 0.594536 2.737498 -0.498088
v 0.594106 2.725834 -0.497412
v 0.613062 2.737498 -0.487230
v 0.612995 2.725834 -0.486341
v 0.631720 2.737498 -0.478116
v 0.632018 2.725834 -0.477049
v 0.649794 2.737498 -0.471096
v 0.650446 2.725834 -0.469891
v 0.666588 2.737498 -0.466441
v 0.667569 2.725834 -0.465144
v 0.681458 2.737498 -0.464328
v 0.682730 2.725834 -0.462990
v 0.693832 2.737498 -0.464839
v 0.695346 2.725834 -0.463511
v 0.703234 2.737498 -0.467954
v 0.704933 2.725834 -0.466688
v 0.709303 2.737498 -0.473554
v 0.711121 2.725834 -0.472398
v 0.711806 2.737498 -0.481424
v 0.713673 2.725834 -0.480422
v 0.710647 2.737498 -0.491261
v 0.712492 2.725834 -0.490451
v 0.705871 2.737498 -0.502687
v 0.707621 2.725834 -0.502101
v 0.697659 2.737498 -0.515263
v 0.699249 2.725834 -0.514923
v 0.686330 2.737498 -0.528506
v 0.687697 2.725834 -0.528425
v 0.672317 2.737498 -0.541906
v 0.673410 2.725834 -0.542088
v 0.656159 2.737498 -0.554949
v 0.656936 2.725834 -0.555387
v 0.638478 2.737498 -0.567134
v 0.638908 2.725834 -0.567810
v 0.619952 2.737498 -0.577992
v 0.620019 2.725834 -0.578881
v 0.601294 2.737498 -0.587106
v 0.600996 2.725834 -0.588173
v 0.583220 2.737498 -0.594126
v 0.582568 2.725834 -0.595331
v 0.566426 2.737498 -0.598782
v 0.565445 2.725834 -0.600078
v 0.551556 2.737498 -0.600895
v 0.550283 2.725834 -0.602232
v 0.539182 2.737498 -0.600383
v 0.537667 2.725834 -0.601711
v 0.529780 2.737498 -0.597268
v 0.528081 2.725834 -0.598535
v 0.523711 2.737498 -0.591668
v 0.521893 2.725834 -0.592825
v 0.521208 2.737498 -0.583798
v 0.519341 2.725834 -0.584801
v 0.522367 2.737498 -0.573961
v 0.520522 2.725834 -0.574771
v 0.527143 2.737498 -0.562535
v 0.525393 2.725834 -0.563121
v 0.535355 2.737498 -0.549959
v 0.533765 2.725834 -0.550299
v 0.535355 2.714169 -0.549959
v 0.545316 2.725834 -0.536797
v 0.546684 2.714169 -0.536717
v 0.550735 2.702953 -0.536478
v 0.560697 2.714169 -0.523316
v 0.563935 2.702953 -0.523855
v 0.576855 2.714169 -0.510273
v 0.579155 2.702953 -0.511569
v 0.594536 2.714169 -0.498088
v 0.595811 2.702953 -0.500091
v 0.613062 2.714169 -0.487230
v 0.613262 2.702953 -0.489863
v 0.631720 2.714169 -0.478116
v 0.630838 2.702953 -0.481278
v 0.649794 2.714169 -0.471096
v 0.647862 2.702953 -0.474666
v 0.666588 2.714169 -0.466441
v 0.663682 2.702953 -0.470280
v 0.681458 2.714169 -0.464328
v 0.677689 2.702953 -0.468289
v 0.693832 2.714169 -0.464839
v 0.689345 2.702953 -0.468771
v 0.703234 2.714169 -0.467954
v 0.698202 2.702953 -0.471706
v 0.709303 2.714169 -0.473554
v 0.703919 2.702953 -0.476981
v 0.711806 2.714169 -0.481424
v 0.706277 2.702953 -0.484394
v 0.710647 2.714169 -0.491261
v 0.705185 2.702953 -0.493660
v 0.705871 2.714169 -0.502687
v 0.700685 2.702953 -0.504423
v 0.697659 2.714169 -0.515263
v 0.692951 2.702953 -0.516270
v 0.686330 2.714169 -0.528506
v 0.682279 2.702953 -0.528744
v 0.672317 2.714169 -0.541906
v 0.669079 2.702953 -0.541367
v 0.656159 2.714169 -0.554949
v 0.653858 2.702953 -0.553653
v 0.638478 2.714169 -0.567134
v 0.637203 2.702953 -0.565131
v 0.619952 2.714169 -0.577992
v 0.619752 2.702953 -0.575359
v 0.601294 2.714169 -0.587106
v 0.602176 2.702953 -0.583944
v 0.583220 2.714169 -0.594126
v 0.585151 2.702953 -0.590557
v 0.566426 2.714169 -0.598782
v 0.569331 2.702953 -0.594942
v 0.551556 2.714169 -0.600895
v 0.555324 2.702953 -0.596933
v 0.539182 2.714169 -0.600383
v 0.543669 2.702953 -0.596451
v 0.529780 2.714169 -0.597268
v 0.534812 2.702953 -0.593516
v 0.523711 2.714169 -0.591668
v 0.529095 2.702953 -0.588241
v 0.521208 2.714169 -0.583798
v 0.526737 2.702953 -0.580828
v 0.522367 2.714169 -0.573961
v 0.527829 2.702953 -0.571562
v 0.527143 2.714169 -0.562535
v 0.532328 2.702953 -0.560799
v 0.540748 2.692616 -0.557979
v 0.540063 2.702953 -0.548953
v 0.547709 2.692616 -0.547318
v 0.557999 2.683555 -0.545118
v 0.557314 2.692616 -0.536092
v 0.566168 2.683555 -0.535571
v 0.569194 2.692616 -0.524731
v 0.576270 2.683555 -0.525910
v 0.582892 2.692616 -0.513674
v 0.587919 2.683555 -0.516506
v 0.597881 2.692616 -0.503344
v 0.600667 2.683555 -0.507722
v 0.613586 2.692616 -0.494139
v 0.614023 2.683555 -0.499893
v 0.629404 2.692616 -0.486413
v 0.627475 2.683555 -0.493322
v 0.644726 2.692616 -0.480461
v 0.640505 2.683555 -0.488262
v 0.658964 2.692616 -0.476514
v 0.652613 2.683555 -0.484905
v 0.671570 2.692616 -0.474723
v 0.663334 2.683555 -0.483381
v 0.682060 2.692616 -0.475156
v 0.672255 2.683555 -0.483750
v 0.690030 2.692616 -0.477798
v 0.679034 2.683555 -0.485996
v 0.695176 2.692616 -0.482545
v 0.683409 2.683555 -0.490034
v 0.697298 2.692616 -0.489217
v 0.685214 2.683555 -0.495707
v 0.696315 2.692616 -0.497556
v 0.684378 2.683555 -0.502799
v 0.692266 2.692616 -0.507243
v 0.680934 2.683555 -0.511037
v 0.685305 2.692616 -0.517904
v 0.675014 2.683555 -0.520104
v 0.675700 2.692616 -0.529131
v 0.666846 2.683555 -0.529651
v 0.663820 2.692616 -0.540491
v 0.656743 2.683555 -0.539312
v 0.650122 2.692616 -0.551548
v 0.645095 2.683555 -0.548716
v 0.635133 2.692616 -0.561878
v 0.632347 2.683555 -0.557501
v 0.619427 2.692616 -0.571083
v 0.618991 2.683555 -0.565329
v 0.603610 2.692616 -0.578809
v 0.605539 2.683555 -0.571900
v 0.588288 2.692616 -0.584761
v 0.592508 2.683555 -0.576961
v 0.574050 2.692616 -0.588708
v 0.580400 2.683555 -0.580317
v 0.561444 2.692616 -0.590499
v 0.569680 2.683555 -0.581841
v 0.550954 2.692616 -0.590066
v 0.560759 2.683555 -0.581472
v 0.542983 2.692616 -0.587424
v 0.553980 2.683555 -0.579226
v 0.537838 2.692616 -0.582677
v 0.549605 2.683555 -0.575188
v 0.535716 2.692616 -0.576005
v 0.547800 2.683555 -0.569515
v 0.536699 2.692616 -0.567666
v 0.548636 2.683555 -0.562423
v 0.563181 2.676119 -0.556034
v 0.552079 2.683555 -0.554185
v 0.565887 2.676119 -0.549562
v 0.581639 2.670594 -0.544287
v 0.570538 2.676119 -0.542438
v 0.584843 2.670594 -0.539380
v 0.576955 2.676119 -0.534937
v 0.589263 2.670594 -0.534213
v 0.584893 2.676119 -0.527346
v 0.594731 2.670594 -0.528984
v 0.594046 2.676119 -0.519958
v 0.601035 2.670594 -0.523895
v 0.604061 2.676119 -0.513055
v 0.607934 2.670594 -0.519141
v 0.614556 2.676119 -0.506905
v 0.615163 2.670594 -0.514904
v 0.625125 2.676119 -0.501742
v 0.622443 2.670594 -0.511348
v 0.635362 2.676119 -0.497766
v 0.629495 2.670594 -0.508609
v 0.644876 2.676119 -0.495129
v 0.636048 2.670594 -0.506793
v 0.653299 2.676119 -0.493932
v 0.641850 2.670594 -0.505968
v 0.660308 2.676119 -0.494221
v 0.646677 2.670594 -0.506167
v 0.665634 2.676119 -0.495986
v 0.650346 2.670594 -0.507383
v 0.669072 2.676119 -0.499158
v 0.652714 2.670594 -0.509568
v 0.670490 2.676119 -0.503616
v 0.653691 2.670594 -0.512639
v 0.669833 2.676119 -0.509188
v 0.653239 2.670594 -0.516477
v 0.667127 2.676119 -0.515660
v 0.651375 2.670594 -0.520935
v 0.662476 2.676119 -0.522784
v 0.648171 2.670594 -0.525842
v 0.656058 2.676119 -0.530285
v 0.643750 2.670594 -0.531009
v 0.648121 2.676119 -0.537876
v 0.638283 2.670594 -0.536238
v 0.638968 2.676119 -0.545264
v 0.631978 2.670594 -0.541327
v 0.628952 2.676119 -0.552167
v 0.625079 2.670594 -0.546081
v 0.618458 2.676119 -0.558317
v 0.617851 2.670594 -0.550318
v 0.607889 2.676119 -0.563480
v 0.610571 2.670594 -0.553874
v 0.597651 2.676119 -0.567456
v 0.603519 2.670594 -0.556613
v 0.588138 2.676119 -0.570094
v 0.596966 2.670594 -0.558429
v 0.579715 2.676119 -0.571291
v 0.591164 2.670594 -0.559254
v 0.572706 2.676119 -0.571001
v 0.586336 2.670594 -0.559055
v 0.567380 2.676119 -0.569236
v 0.582668 2.670594 -0.557839
v 0.563942 2.676119 -0.566064
v 0.580300 2.670594 -0.555654
v 0.562524 2.676119 -0.561606
v 0.579323 2.670594 -0.552583
v 0.597551 2.667192 -0.542793
v 0.579775 2.670594 -0.548745
v 0.597781 2.667192 -0.540836
v 0.598731 2.667192 -0.538563
v 0.616507 2.666043 -0.532611
v 0.632649 2.667192 -0.529160
v 0.612137 2.667192 -0.525744
v 0.608620 2.667192 -0.528168
v 0.605406 2.667192 -0.530762
v 0.602618 2.667192 -0.533428
v 0.600365 2.667192 -0.536062
v 0.598049 2.667192 -0.544358
v 0.599256 2.667192 -0.545472
v 0.601126 2.667192 -0.546092
v 0.603587 2.667192 -0.546193
v 0.606545 2.667192 -0.545773
v 0.609886 2.667192 -0.544847
v 0.613481 2.667192 -0.543451
v 0.617192 2.667192 -0.541638
v 0.620877 2.667192 -0.539478
v 0.624394 2.667192 -0.537054
v 0.627608 2.667192 -0.534460
v 0.630396 2.667192 -0.531794
v 0.634282 2.667192 -0.526659
v 0.635233 2.667192 -0.524386
v 0.635463 2.667192 -0.522429
v 0.634965 2.667192 -0.520864
v 0.633758 2.667192 -0.519750
v 0.631888 2.667192 -0.519130
v 0.629426 2.667192 -0.519029
v 0.626469 2.667192 -0.519449
v 0.623128 2.667192 -0.520375
v 0.619533 2.667192 -0.521771
v 0.615822 2.667192 -0.523584
v 0.605406 2.784476 -0.530762
v 0.601035 2.781073 -0.523895
v 0.608620 2.784476 -0.528168
v 0.616507 2.785625 -0.532611
v 0.612137 2.784476 -0.525744
v 0.615822 2.784476 -0.523584
v 0.619533 2.784476 -0.521771
v 0.623128 2.784476 -0.520375
v 0.626469 2.784476 -0.519449
v 0.629426 2.784476 -0.519029
v 0.631888 2.784476 -0.519130
v 0.633758 2.784476 -0.519750
v 0.634965 2.784476 -0.520864
v 0.635463 2.784476 -0.522429
v 0.635233 2.784476 -0.524386
v 0.634282 2.784476 -0.526659
v 0.632649 2.784476 -0.529160
v 0.630396 2.784476 -0.531794
v 0.627608 2.784476 -0.534460
v 0.624394 2.784476 -0.537054
v 0.620877 2.784476 -0.539478
v 0.617192 2.784476 -0.541638
v 0.613481 2.784476 -0.543451
v 0.609886 2.784476 -0.544847
v 0.606545 2.784476 -0.545773
v 0.603587 2.784476 -0.546193
v 0.601126 2.784476 -0.546092
v 0.599256 2.784476 -0.545472
v 0.598049 2.784476 -0.544358
v 0.597551 2.784476 -0.542793
v 0.597781 2.784476 -0.540836
v 0.598731 2.784476 -0.538563
v 0.600365 2.784476 -0.536062
v 0.602618 2.784476 -0.533428
v -0.387378 3.121645 -0.747538
v -0.392769 3.112193 -0.693119
v -0.402714 3.179771 -0.754194
v -0.305147 3.097202 -0.785317
v -0.213117 3.097053 -0.803125
v -0.303508 3.164780 -0.810075
v -0.289811 3.071711 -0.725961
v -0.267944 3.097202 -0.668688
v -0.180322 3.082211 -0.760887
v -0.182601 3.097053 -0.707460
v -0.131597 3.144135 -0.776429
v -0.153064 3.149790 -0.705333
v -0.163010 3.217368 -0.766409
v -0.190267 3.149790 -0.821962
v -0.198917 3.207915 -0.807655
v -0.287835 3.232358 -0.790839
v -0.373177 3.232508 -0.752068
v -0.265968 3.257850 -0.733567
v -0.250632 3.232358 -0.674211
v -0.375457 3.247349 -0.698641
v -0.342661 3.232508 -0.656403
v -0.424182 3.185426 -0.683098
v -0.365511 3.179771 -0.637566
v -0.356862 3.121645 -0.651873
v -0.252271 3.164780 -0.649453
v -0.168401 3.207915 -0.711990
v 0.387378 3.121645 -0.747538
v 0.392769 3.112193 -0.693119
v 0.402714 3.179771 -0.754194
v 0.305147 3.097202 -0.785317
v 0.213117 3.097053 -0.803125
v 0.303508 3.164780 -0.810075
v 0.289811 3.071711 -0.725961
v 0.267944 3.097202 -0.668688
v 0.180322 3.082211 -0.760886
v 0.182601 3.097053 -0.707460
v 0.131597 3.144135 -0.776429
v 0.153064 3.149790 -0.705333
v 0.163010 3.217368 -0.766409
v 0.190267 3.149790 -0.821962
v 0.198917 3.207915 -0.807655
v 0.287835 3.232358 -0.790839
v 0.373177 3.232508 -0.752068
v 0.265968 3.257850 -0.733567
v 0.250632 3.232358 -0.674211
v 0.375457 3.247349 -0.698641
v 0.342661 3.232508 -0.656403
v 0.424182 3.185426 -0.683098
v 0.365511 3.179771 -0.637566
v 0.356862 3.121645 -0.651873
v 0.252271 3.164780 -0.649453
v 0.168401 3.207915 -0.711990
vn -0.0000 -0.8505 -0.5259
vn -0.0000 -0.5826 -0.8127
vn -0.0000 -0.1761 -0.9844
vn -0.0000 -0.0010 -1.0000
vn -0.0000 0.1744 -0.9847
vn -0.0000 0.6631 -0.7485
vn 0.0398 -0.9826 -0.1812
vn 0.0772 -0.9327 -0.3524
vn 0.1126 -0.8497 -0.5152
vn 0.1450 -0.7335 -0.6640
vn 0.1734 -0.5812 -0.7951
vn 0.1952 -0.3815 -0.9035
vn 0.2019 -0.1823 -0.9623
vn 0.1980 -0.0077 -0.9802
vn 0.1881 0.1676 -0.9678
vn 0.1677 0.4110 -0.8961
vn 0.1345 0.6642 -0.7354
vn 0.0962 0.8454 -0.5253
vn 0.0602 0.9429 -0.3274
vn 0.0388 0.9767 -0.2109
vn 0.0192 0.9943 -0.1044
vn 0.0779 -0.9823 -0.1703
vn 0.1510 -0.9314 -0.3312
vn 0.2202 -0.8472 -0.4836
vn 0.2829 -0.7299 -0.6222
vn 0.3378 -0.5772 -0.7435
vn 0.3779 -0.3865 -0.8413
vn 0.3914 -0.1998 -0.8983
vn 0.3867 -0.0267 -0.9218
vn 0.3700 0.1480 -0.9172
vn 0.3327 0.3986 -0.8546
vn 0.2654 0.6670 -0.6962
vn 0.1882 0.8488 -0.4940
vn 0.1183 0.9437 -0.3088
vn 0.0761 0.9771 -0.1988
vn 0.0376 0.9944 -0.0985
vn 0.1128 -0.9818 -0.1529
vn 0.2185 -0.9295 -0.2971
vn 0.3180 -0.8435 -0.4330
vn 0.4076 -0.7247 -0.5556
vn 0.4851 -0.5713 -0.6620
vn 0.5391 -0.3943 -0.7442
vn 0.5598 -0.2253 -0.7974
vn 0.5591 -0.0550 -0.8273
vn 0.5411 0.1180 -0.8326
vn 0.4918 0.3804 -0.7833
vn 0.3884 0.6708 -0.6318
vn 0.2725 0.8539 -0.4434
vn 0.1721 0.9449 -0.2784
vn 0.1106 0.9776 -0.1792
vn 0.0547 0.9945 -0.0888
vn 0.1432 -0.9812 -0.1296
vn 0.2771 -0.9273 -0.2518
vn 0.4023 -0.8392 -0.3660
vn 0.5141 -0.7186 -0.4683
vn 0.6099 -0.5646 -0.5561
vn 0.6725 -0.4035 -0.6205
vn 0.7002 -0.2544 -0.6670
vn 0.7080 -0.0879 -0.7007
vn 0.6945 0.0819 -0.7148
vn 0.6391 0.3587 -0.6803
vn 0.4996 0.6751 -0.5429
vn 0.3456 0.8599 -0.3758
vn 0.2195 0.9463 -0.2373
vn 0.1410 0.9782 -0.1526
vn 0.0697 0.9947 -0.0756
vn 0.1678 -0.9806 -0.1015
vn 0.3247 -0.9251 -0.1971
vn 0.4703 -0.8349 -0.2859
vn 0.5992 -0.7127 -0.3647
vn 0.7087 -0.5580 -0.4317
vn 0.7754 -0.4126 -0.4781
vn 0.8090 -0.2825 -0.5154
vn 0.8278 -0.1204 -0.5479
vn 0.8228 0.0448 -0.5665
vn 0.7672 0.3368 -0.5459
vn 0.5940 0.6790 -0.4313
vn 0.4049 0.8657 -0.2942
vn 0.2587 0.9477 -0.1869
vn 0.1661 0.9788 -0.1201
vn 0.0822 0.9948 -0.0596
vn -0.0000 -1.0000 -0.0000
vn 0.1860 -0.9801 -0.0698
vn 0.3597 -0.9232 -0.1353
vn 0.5200 -0.8314 -0.1960
vn 0.6609 -0.7078 -0.2494
vn 0.7796 -0.5527 -0.2944
vn 0.8476 -0.4203 -0.3241
vn 0.8855 -0.3055 -0.3501
vn 0.9148 -0.1477 -0.3758
vn 0.9194 0.0126 -0.3930
vn 0.8673 0.3183 -0.3827
vn 0.6668 0.6821 -0.3001
vn 0.4485 0.8707 -0.2020
vn 0.2880 0.9489 -0.1290
vn 0.1848 0.9793 -0.0828
vn 0.0915 0.9950 -0.0411
vn 0.1972 -0.9797 -0.0355
vn 0.3811 -0.9220 -0.0689
vn 0.5502 -0.8291 -0.0996
vn 0.6983 -0.7046 -0.1265
vn 0.8223 -0.5492 -0.1491
vn 0.8900 -0.4256 -0.1636
vn 0.9305 -0.3205 -0.1771
vn 0.9674 -0.1657 -0.1914
vn 0.9794 -0.0093 -0.2016
vn 0.9312 0.3063 -0.1976
vn 0.7131 0.6839 -0.1541
vn 0.4750 0.8740 -0.1028
vn 0.3062 0.9497 -0.0658
vn 0.1964 0.9796 -0.0423
vn 0.0972 0.9950 -0.0210
vn 0.2009 -0.9796 -0.0000
vn 0.3882 -0.9216 -0.0000
vn 0.5604 -0.8282 -0.0000
vn 0.7108 -0.7034 -0.0000
vn 0.8365 -0.5480 -0.0000
vn 0.9035 -0.4285 -0.0027
vn 0.9456 -0.3252 -0.0093
vn 0.9852 -0.1713 -0.0023
vn 0.9999 -0.0171 -0.0000
vn 0.9532 0.3023 -0.0000
vn 0.7290 0.6845 -0.0000
vn 0.4839 0.8751 -0.0000
vn 0.3123 0.9500 -0.0000
vn 0.2003 0.9797 -0.0000
vn 0.0992 0.9951 -0.0000
vn 0.1972 -0.9797 0.0355
vn 0.3811 -0.9220 0.0689
vn 0.5502 -0.8291 0.0996
vn 0.6983 -0.7046 0.1265
vn 0.8200 -0.5534 0.1458
vn 0.8800 -0.4500 0.1524
vn 0.9276 -0.2911 0.2343
vn 0.9639 -0.1257 0.2348
vn 0.9657 -0.0018 0.2595
vn 0.9241 0.3012 0.2350
vn 0.7164 0.6784 0.1628
vn 0.4750 0.8740 0.1028
vn 0.3062 0.9497 0.0658
vn 0.1964 0.9796 0.0423
vn 0.0972 0.9950 0.0210
vn 0.1860 -0.9801 0.0698
vn 0.3597 -0.9232 0.1353
vn 0.5200 -0.8314 0.1960
vn 0.6609 -0.7078 0.2494
vn 0.7769 -0.5548 0.2978
vn 0.8228 -0.4487 0.3487
vn 0.8475 -0.2231 0.4816
vn 0.8694 -0.0509 0.4915
vn 0.8830 0.0061 0.4694
vn 0.8589 0.2722 0.4338
vn 0.6883 0.6494 0.3234
vn 0.4485 0.8707 0.2020
vn 0.2880 0.9489 0.1290
vn 0.1848 0.9793 0.0828
vn 0.0915 0.9950 0.0411
vn 0.1678 -0.9806 0.1015
vn 0.3247 -0.9251 0.1971
vn 0.4703 -0.8349 0.2859
vn 0.5992 -0.7127 0.3647
vn 0.7116 -0.5489 0.4385
vn 0.7634 -0.3942 0.5117
vn 0.7469 -0.1253 0.6530
vn 0.7303 -0.0021 0.6831
vn 0.7687 -0.0262 0.6391
vn 0.7688 0.2321 0.5959
vn 0.6308 0.6133 0.4753
vn 0.4049 0.8657 0.2942
vn 0.2587 0.9477 0.1869
vn 0.1661 0.9788 0.1201
vn 0.0822 0.9948 0.0596
vn 0.1432 -0.9812 0.1296
vn 0.2771 -0.9273 0.2518
vn 0.4023 -0.8392 0.3660
vn 0.5141 -0.7186 0.4683
vn 0.6177 -0.5414 0.5704
vn 0.6674 -0.3200 0.6724
vn 0.6150 -0.0045 0.7885
vn 0.5888 0.0357 0.8075
vn 0.6273 -0.0805 0.7746
vn 0.6461 0.1816 0.7413
vn 0.5439 0.5738 0.6123
vn 0.3456 0.8599 0.3758
vn 0.2195 0.9463 0.2373
vn 0.1410 0.9782 0.1526
vn 0.0697 0.9947 0.0756
vn 0.1128 -0.9818 0.1529
vn 0.2185 -0.9295 0.2971
vn 0.3180 -0.8435 0.4330
vn 0.4076 -0.7247 0.5556
vn 0.4960 -0.5324 0.6860
vn 0.5373 -0.2355 0.8099
vn 0.4647 0.1143 0.8781
vn 0.4380 0.0496 0.8976
vn 0.6446 -0.1859 0.7416
vn 0.6744 0.1858 0.7146
vn 0.5215 0.5851 0.6210
vn 0.2727 0.8541 0.4428
vn 0.1721 0.9449 0.2784
vn 0.1106 0.9776 0.1792
vn 0.0547 0.9945 0.0888
vn 0.0779 -0.9823 0.1703
vn 0.1510 -0.9314 0.3312
vn 0.2202 -0.8472 0.4836
vn 0.2829 -0.7299 0.6222
vn 0.3484 -0.5240 0.7772
vn 0.3769 -0.1612 0.9121
vn 0.3079 0.2131 0.9273
vn 0.3752 -0.1207 0.9190
vn 0.5441 -0.5395 0.6426
vn 0.5932 0.0926 0.7997
vn 0.3144 0.6461 0.6954
vn 0.1824 0.8907 0.4163
vn 0.1183 0.9437 0.3088
vn 0.0761 0.9771 0.1988
vn 0.0376 0.9944 0.0985
vn 0.0398 -0.9826 0.1812
vn 0.0772 -0.9327 0.3524
vn 0.1126 -0.8497 0.5152
vn 0.1450 -0.7335 0.6640
vn 0.1803 -0.5184 0.8359
vn 0.1957 -0.1126 0.9742
vn 0.1535 0.2782 0.9482
vn 0.1919 -0.2872 0.9385
vn 0.2245 -0.6707 0.7069
vn 0.3632 -0.2109 0.9075
vn 0.1909 0.2745 0.9425
vn 0.0639 0.8723 0.4847
vn 0.0602 0.9429 0.3274
vn 0.0388 0.9767 0.2109
vn 0.0192 0.9943 0.1044
vn -0.0000 -0.9828 0.1848
vn -0.0000 -0.9331 0.3595
vn -0.0000 -0.8505 0.5259
vn -0.0000 -0.7348 0.6783
vn -0.0000 -0.5166 0.8562
vn -0.0000 -0.0959 0.9954
vn -0.0000 0.3013 0.9535
vn -0.0000 -0.3422 0.9396
vn -0.0000 -0.7958 0.6055
vn -0.0000 -0.3834 0.9236
vn -0.0000 0.3769 0.9263
vn -0.0000 0.8582 0.5133
vn -0.0000 0.9427 0.3337
vn -0.0000 0.9766 0.2149
vn -0.0000 0.9943 0.1064
vn -0.0398 -0.9826 0.1812
vn -0.0772 -0.9327 0.3524
vn -0.1126 -0.8497 0.5152
vn -0.1450 -0.7335 0.6640
vn -0.1803 -0.5184 0.8359
vn -0.1957 -0.1126 0.9742
vn -0.1535 0.2782 0.9482
vn -0.1919 -0.2872 0.9385
vn -0.2245 -0.6707 0.7069
vn -0.3632 -0.2109 0.9075
vn -0.1909 0.2745 0.9425
vn -0.0639 0.8723 0.4847
vn -0.0602 0.9429 0.3274
vn -0.0388 0.9767 0.2109
vn -0.0192 0.9943 0.1044
vn -0.0779 -0.9823 0.1703
vn -0.1510 -0.9314 0.3312
vn -0.2202 -0.8472 0.4836
vn -0.2829 -0.7299 0.6222
vn -0.3484 -0.5240 0.7772
vn -0.3769 -0.1612 0.9121
vn -0.3079 0.2131 0.9273
vn -0.3752 -0.1207 0.9190
vn -0.5441 -0.5395 0.6426
vn -0.5932 0.0926 0.7997
vn -0.3144 0.6461 0.6954
vn -0.1824 0.8907 0.4163
vn -0.1183 0.9437 0.3088
vn -0.0761 0.9771 0.1988
vn -0.0376 0.9944 0.0985
vn -0.1128 -0.9818 0.1529
vn -0.2185 -0.9295 0.2971
vn -0.3180 -0.8435 0.4330
vn -0.4076 -0.7247 0.5556
vn -0.4960 -0.5324 0.6860
vn -0.5373 -0.2355 0.8099
vn -0.4647 0.1143 0.8781
vn -0.4380 0.0496 0.8976
vn -0.6446 -0.1859 0.7416
vn -0.6744 0.1858 0.7146
vn -0.5215 0.5851 0.6210
vn -0.2727 0.8541 0.4428
vn -0.1721 0.9449 0.2784
vn -0.1106 0.9776 0.1792
vn -0.0547 0.9945 0.0888
vn -0.1432 -0.9812 0.1296
vn -0.2771 -0.9273 0.2518
vn -0.4023 -0.8392 0.3660
vn -0.5141 -0.7186 0.4683
vn -0.6177 -0.5414 0.5704
vn -0.6674 -0.3200 0.6724
vn -0.6150 -0.0045 0.7885
vn -0.5888 0.0357 0.8075
vn -0.6273 -0.0805 0.7746
vn -0.6461 0.1816 0.7413
vn -0.5439 0.5738 0.6123
vn -0.3456 0.8599 0.3758
vn -0.2195 0.9463 0.2373
vn -0.1410 0.9782 0.1526
vn -0.0697 0.9947 0.0756
vn -0.0000 1.0000 -0.0000
vn -0.1678 -0.9806 0.1015
vn -0.3247 -0.9251 0.1971
vn -0.4703 -0.8349 0.2859
vn -0.5992 -0.7127 0.3647
vn -0.7116 -0.5489 0.4385
vn -0.7634 -0.3942 0.5117
vn -0.7469 -0.1253 0.6530
vn -0.7303 -0.0021 0.6831
vn -0.7687 -0.0262 0.6391
vn -0.7688 0.2321 0.5959
vn -0.6308 0.6133 0.4753
vn -0.4049 0.8657 0.2942
vn -0.2587 0.9477 0.1869
vn -0.1661 0.9788 0.1201
vn -0.0822 0.9948 0.0596
vn -0.1860 -0.9801 0.0698
vn -0.3597 -0.9232 0.1353
vn -0.5200 -0.8314 0.1960
vn -0.6609 -0.7078 0.2494
vn -0.7769 -0.5548 0.2978
vn -0.8228 -0.4487 0.3487
vn -0.8475 -0.2231 0.4816
vn -0.8694 -0.0509 0.4915
vn -0.8830 0.0061 0.4694
vn -0.8589 0.2722 0.4338
vn -0.6883 0.6494 0.3234
vn -0.4485 0.8707 0.2020
vn -0.2880 0.9489 0.1290
vn -0.1848 0.9793 0.0828
vn -0.0915 0.9950 0.0411
vn -0.1972 -0.9797 0.0355
vn -0.3811 -0.9220 0.0689
vn -0.5502 -0.8291 0.0996
vn -0.6983 -0.7046 0.1265
vn -0.8200 -0.5534 0.1458
vn -0.8800 -0.4500 0.1524
vn -0.9276 -0.2911 0.2343
vn -0.9639 -0.1257 0.2348
vn -0.9657 -0.0018 0.2595
vn -0.9241 0.3012 0.2350
vn -0.7164 0.6784 0.1628
vn -0.4750 0.8740 0.1028
vn -0.3062 0.9497 0.0658
vn -0.1964 0.9796 0.0423
vn -0.0972 0.9950 0.0210
vn -0.2009 -0.9796 -0.0000
vn -0.3882 -0.9216 -0.0000
vn -0.5604 -0.8282 -0.0000
vn -0.7108 -0.7034 -0.0000
vn -0.8365 -0.5480 -0.0000
vn -0.9035 -0.4285 -0.0027
vn -0.9456 -0.3252 -0.0093
vn -0.9852 -0.1713 -0.0023
vn -0.9999 -0.0171 -0.0000
vn -0.9532 0.3023 -0.0000
vn -0.7290 0.6845 -0.0000
vn -0.4839 0.8751 -0.0000
vn -0.3123 0.9500 -0.0000
vn -0.2003 0.9797 -0.0000
vn -0.0992 0.9951 -0.0000
vn -0.1972 -0.9797 -0.0355
vn -0.3811 -0.9220 -0.0689
vn -0.5502 -0.8291 -0.0996
vn -0.6983 -0.7046 -0.1265
vn -0.8223 -0.5492 -0.1491
vn -0.8900 -0.4256 -0.1636
vn -0.9305 -0.3205 -0.1771
vn -0.9674 -0.1657 -0.1914
vn -0.9794 -0.0093 -0.2016
vn -0.9312 0.3063 -0.1976
vn -0.7131 0.6839 -0.1541
vn -0.4750 0.8740 -0.1028
vn -0.3062 0.9497 -0.0658
vn -0.1964 0.9796 -0.0423
vn -0.0972 0.9950 -0.0210
vn -0.1860 -0.9801 -0.0698
vn -0.3597 -0.9232 -0.1353
vn -0.5200 -0.8314 -0.1960
vn -0.6609 -0.7078 -0.2494
vn -0.7796 -0.5527 -0.2944
vn -0.8476 -0.4203 -0.3241
vn -0.8855 -0.3055 -0.3501
vn -0.9148 -0.1477 -0.3758
vn -0.9194 0.0126 -0.3930
vn -0.8673 0.3183 -0.3827
vn -0.6668 0.6821 -0.3001
vn -0.4485 0.8707 -0.2020
vn -0.2880 0.9489 -0.1290
vn -0.1848 0.9793 -0.0828
vn -0.0915 0.9950 -0.0411
vn -0.1678 -0.9806 -0.1015
vn -0.3247 -0.9251 -0.1971
vn -0.4703 -0.8349 -0.2859
vn -0.5992 -0.7127 -0.3647
vn -0.7087 -0.5580 -0.4317
vn -0.7754 -0.4126 -0.4781
vn -0.8090 -0.2825 -0.5154
vn -0.8278 -0.1204 -0.5479
vn -0.8228 0.0448 -0.5665
vn -0.7672 0.3368 -0.5459
vn -0.5940 0.6790 -0.4313
vn -0.4049 0.8657 -0.2942
vn -0.2587 0.9477 -0.1869
vn -0.1661 0.9788 -0.1201
vn -0.0822 0.9948 -0.0596
vn -0.1432 -0.9812 -0.1296
vn -0.2771 -0.9273 -0.2518
vn -0.4023 -0.8392 -0.3660
vn -0.5141 -0.7186 -0.4683
vn -0.6099 -0.5646 -0.5561
vn -0.6725 -0.4035 -0.6205
vn -0.7002 -0.2544 -0.6670
vn -0.7080 -0.0879 -0.7007
vn -0.6945 0.0819 -0.7148
vn -0.6391 0.3587 -0.6803
vn -0.4996 0.6751 -0.5429
vn -0.3456 0.8599 -0.3758
vn -0.2195 0.9463 -0.2373
vn -0.1410 0.9782 -0.1526
vn -0.0697 0.9947 -0.0756
vn -0.1128 -0.9818 -0.1529
vn -0.2185 -0.9295 -0.2971
vn -0.3180 -0.8435 -0.4330
vn -0.4076 -0.7247 -0.5556
vn -0.4851 -0.5713 -0.6620
vn -0.5391 -0.3943 -0.7442
vn -0.5598 -0.2253 -0.7974
vn -0.5591 -0.0550 -0.8273
vn -0.5411 0.1180 -0.8326
vn -0.4918 0.3804 -0.7833
vn -0.3884 0.6708 -0.6318
vn -0.2725 0.8539 -0.4434
vn -0.1721 0.9449 -0.2784
vn -0.1106 0.9776 -0.1792
vn -0.0547 0.9945 -0.0888
vn -0.0779 -0.9823 -0.1703
vn -0.1510 -0.9314 -0.3312
vn -0.2202 -0.8472 -0.4836
vn -0.2829 -0.7299 -0.6222
vn -0.3378 -0.5772 -0.7435
vn -0.3779 -0.3865 -0.8413
vn -0.3914 -0.1998 -0.8983
vn -0.3867 -0.0267 -0.9218
vn -0.3700 0.1480 -0.9172
vn -0.3327 0.3986 -0.8546
vn -0.2654 0.6670 -0.6962
vn -0.1882 0.8488 -0.4940
vn -0.1183 0.9437 -0.3088
vn -0.0761 0.9771 -0.1988
vn -0.0376 0.9944 -0.0985
vn -0.0398 -0.9826 -0.1812
vn -0.0772 -0.9327 -0.3524
vn -0.1126 -0.8497 -0.5152
vn -0.1450 -0.7335 -0.6640
vn -0.1734 -0.5812 -0.7951
vn -0.1952 -0.3815 -0.9035
vn -0.2019 -0.1823 -0.9623
vn -0.1980 -0.0077 -0.9802
vn -0.1881 0.1675 -0.9678
vn -0.1677 0.4110 -0.8961
vn -0.1346 0.6642 -0.7354
vn -0.0962 0.8454 -0.5253
vn -0.0602 0.9429 -0.3274
vn -0.0388 0.9767 -0.2109
vn -0.0192 0.9943 -0.1044
vn -0.0000 -0.9828 -0.1848
vn -0.0000 -0.9331 -0.3595
vn -0.0000 -0.7348 -0.6783
vn -0.0000 -0.3799 -0.9250
vn -0.0000 0.4156 -0.9096
vn -0.0000 0.8443 -0.5359
vn -0.0000 0.9427 -0.3337
vn -0.0000 0.9766 -0.2149
vn -0.0000 0.9943 -0.1064
vn 0.1172 0.7586 -0.6410
vn 0.2289 0.7652 -0.6017
vn 0.3305 0.7749 -0.5387
vn 0.4179 0.7861 -0.4553
vn 0.4882 0.7970 -0.3555
vn 0.5395 0.8060 -0.2436
vn 0.5705 0.8119 -0.1238
vn 0.5810 0.8139 -0.0000
vn 0.5705 0.8119 0.1238
vn 0.5395 0.8060 0.2436
vn 0.4882 0.7970 0.3555
vn 0.4179 0.7861 0.4553
vn 0.3558 0.7896 0.4999
vn 0.1778 0.6893 0.7023
vn -0.1935 0.0623 0.9791
vn -0.4016 0.9073 -0.1243
vn -0.7411 0.3940 0.5436
vn -0.1778 0.6893 0.7023
vn -0.3558 0.7896 0.4999
vn -0.4179 0.7861 0.4553
vn -0.4882 0.7970 0.3555
vn -0.5395 0.8060 0.2436
vn -0.5705 0.8119 0.1238
vn -0.5810 0.8139 -0.0000
vn -0.5705 0.8119 -0.1238
vn -0.5395 0.8060 -0.2436
vn -0.4882 0.7970 -0.3555
vn -0.4179 0.7861 -0.4553
vn -0.3305 0.7749 -0.5387
vn -0.2289 0.7652 -0.6017
vn -0.1172 0.7586 -0.6410
vn -0.0000 0.7562 -0.6544
vn -0.1421 0.9505 0.2762
vn -0.1098 0.2320 0.9665
vn -0.6760 0.4435 0.5885
vn -0.0000 0.1167 0.9932
vn -0.0000 0.9962 0.0872
vn 0.1098 0.2320 0.9665
vn 0.1421 0.9505 0.2762
vn 0.6760 0.4435 0.5885
vn 0.7411 0.3940 0.5436
vn 0.1935 0.0623 0.9791
vn 0.4016 0.9073 -0.1243
vn -0.0000 0.1335 0.9911
vn -0.0000 0.9905 -0.1374
vn -0.0000 -0.8286 -0.5598
vn 0.1092 -0.8286 -0.5490
vn -0.0000 -0.9217 -0.3879
vn -0.0000 -0.7041 -0.7101
vn -0.1092 -0.8286 -0.5490
vn -0.0757 -0.9217 -0.3804
vn -0.1385 -0.7041 -0.6965
vn -0.2142 -0.8286 -0.5172
vn -0.1484 -0.9217 -0.3584
vn -0.2718 -0.7041 -0.6561
vn -0.3110 -0.8286 -0.4654
vn -0.2155 -0.9217 -0.3225
vn -0.3945 -0.7041 -0.5905
vn -0.3958 -0.8286 -0.3958
vn -0.2743 -0.9217 -0.2743
vn -0.5021 -0.7041 -0.5022
vn -0.4654 -0.8286 -0.3110
vn -0.3225 -0.9217 -0.2155
vn -0.5905 -0.7041 -0.3945
vn -0.5172 -0.8286 -0.2142
vn -0.3584 -0.9217 -0.1484
vn -0.6561 -0.7041 -0.2718
vn -0.5490 -0.8286 -0.1092
vn -0.3804 -0.9217 -0.0757
vn -0.6965 -0.7041 -0.1385
vn -0.5598 -0.8286 -0.0000
vn -0.3879 -0.9217 -0.0000
vn -0.7101 -0.7041 -0.0000
vn -0.5490 -0.8286 0.1092
vn -0.3804 -0.9217 0.0757
vn -0.6965 -0.7041 0.1385
vn -0.5172 -0.8286 0.2142
vn -0.3583 -0.9217 0.1484
vn -0.6561 -0.7041 0.2718
vn -0.4654 -0.8286 0.3110
vn -0.3225 -0.9217 0.2155
vn -0.5904 -0.7041 0.3945
vn -0.3958 -0.8286 0.3958
vn -0.2743 -0.9217 0.2743
vn -0.5021 -0.7041 0.5022
vn -0.3110 -0.8286 0.4654
vn -0.2155 -0.9217 0.3225
vn -0.3945 -0.7041 0.5905
vn -0.2142 -0.8286 0.5172
vn -0.1484 -0.9217 0.3584
vn -0.2718 -0.7041 0.6561
vn -0.1092 -0.8286 0.5490
vn -0.0757 -0.9217 0.3804
vn -0.1385 -0.7041 0.6965
vn -0.0000 -0.8286 0.5598
vn -0.0000 -0.9217 0.3879
vn -0.0000 -0.7041 0.7101
vn 0.1092 -0.8286 0.5490
vn 0.0757 -0.9217 0.3804
vn 0.1385 -0.7041 0.6965
vn 0.2142 -0.8286 0.5172
vn 0.1484 -0.9217 0.3584
vn 0.2718 -0.7041 0.6561
vn 0.3110 -0.8286 0.4654
vn 0.2155 -0.9217 0.3225
vn 0.3945 -0.7041 0.5905
vn 0.3958 -0.8286 0.3958
vn 0.2743 -0.9217 0.2743
vn 0.5021 -0.7041 0.5022
vn 0.4654 -0.8286 0.3110
vn 0.3225 -0.9217 0.2155
vn 0.5905 -0.7041 0.3945
vn 0.5172 -0.8286 0.2142
vn 0.3583 -0.9217 0.1484
vn 0.6561 -0.7041 0.2718
vn 0.5490 -0.8286 0.1092
vn 0.3804 -0.9217 0.0757
vn 0.6965 -0.7041 0.1385
vn 0.5598 -0.8286 -0.0000
vn 0.3879 -0.9217 -0.0000
vn 0.7101 -0.7041 -0.0000
vn 0.5490 -0.8286 -0.1092
vn 0.3804 -0.9217 -0.0757
vn 0.6965 -0.7041 -0.1385
vn 0.5172 -0.8286 -0.2142
vn 0.3584 -0.9217 -0.1484
vn 0.6561 -0.7041 -0.2718
vn 0.4654 -0.8286 -0.3110
vn 0.3225 -0.9217 -0.2155
vn 0.5905 -0.7041 -0.3945
vn 0.3958 -0.8286 -0.3958
vn 0.2743 -0.9217 -0.2743
vn 0.5021 -0.7041 -0.5021
vn 0.3110 -0.8286 -0.4654
vn 0.2155 -0.9217 -0.3225
vn 0.3945 -0.7041 -0.5905
vn 0.2142 -0.8286 -0.5172
vn 0.1484 -0.9217 -0.3584
vn 0.2718 -0.7041 -0.6561
vn 0.3189 -0.5528 -0.7699
vn 0.1385 -0.7041 -0.6965
vn 0.1626 -0.5528 -0.8173
vn 0.1804 -0.3805 -0.9070
vn -0.0000 -0.5528 -0.8333
vn -0.0000 -0.3805 -0.9248
vn -0.1626 -0.5528 -0.8173
vn -0.1804 -0.3805 -0.9070
vn -0.3189 -0.5528 -0.7699
vn -0.3539 -0.3805 -0.8544
vn -0.4630 -0.5528 -0.6929
vn -0.5138 -0.3805 -0.7689
vn -0.5893 -0.5528 -0.5893
vn -0.6539 -0.3805 -0.6539
vn -0.6929 -0.5528 -0.4630
vn -0.7689 -0.3805 -0.5138
vn -0.7699 -0.5528 -0.3189
vn -0.8544 -0.3805 -0.3539
vn -0.8173 -0.5528 -0.1626
vn -0.9070 -0.3805 -0.1804
vn -0.8333 -0.5528 -0.0000
vn -0.9248 -0.3805 -0.0000
vn -0.8173 -0.5528 0.1626
vn -0.9070 -0.3805 0.1804
vn -0.7699 -0.5528 0.3189
vn -0.8544 -0.3805 0.3539
vn -0.6929 -0.5528 0.4630
vn -0.7689 -0.3805 0.5138
vn -0.5893 -0.5528 0.5893
vn -0.6539 -0.3805 0.6539
vn -0.4630 -0.5528 0.6929
vn -0.5138 -0.3805 0.7689
vn -0.3189 -0.5528 0.7699
vn -0.3539 -0.3805 0.8544
vn -0.1626 -0.5528 0.8173
vn -0.1804 -0.3805 0.9070
vn -0.0000 -0.5528 0.8333
vn -0.0000 -0.3805 0.9248
vn 0.1626 -0.5528 0.8173
vn 0.1804 -0.3805 0.9070
vn 0.3189 -0.5528 0.7699
vn 0.3539 -0.3805 0.8544
vn 0.4630 -0.5528 0.6929
vn 0.5138 -0.3805 0.7689
vn 0.5893 -0.5528 0.5893
vn 0.6539 -0.3805 0.6539
vn 0.6929 -0.5528 0.4630
vn 0.7689 -0.3805 0.5138
vn 0.7699 -0.5528 0.3189
vn 0.8544 -0.3805 0.3539
vn 0.8173 -0.5528 0.1626
vn 0.9070 -0.3805 0.1804
vn 0.8333 -0.5528 -0.0000
vn 0.9248 -0.3805 -0.0000
vn 0.8173 -0.5528 -0.1626
vn 0.9070 -0.3805 -0.1804
vn 0.7699 -0.5528 -0.3189
vn 0.8544 -0.3805 -0.3539
vn 0.6929 -0.5528 -0.4630
vn 0.7689 -0.3805 -0.5138
vn 0.5893 -0.5528 -0.5893
vn 0.6539 -0.3805 -0.6539
vn 0.4630 -0.5528 -0.6929
vn 0.5138 -0.3805 -0.7689
vn 0.5450 -0.1939 -0.8157
vn 0.3539 -0.3805 -0.8544
vn 0.3754 -0.1939 -0.9063
vn 0.3827 -0.0000 -0.9239
vn 0.1914 -0.1939 -0.9622
vn 0.1951 -0.0000 -0.9808
vn -0.0000 -0.1939 -0.9810
vn -0.0000 -0.0000 -1.0000
vn -0.1914 -0.1939 -0.9622
vn -0.1951 -0.0000 -0.9808
vn -0.3754 -0.1939 -0.9063
vn -0.3827 -0.0000 -0.9239
vn -0.5450 -0.1939 -0.8157
vn -0.5556 -0.0000 -0.8315
vn -0.6937 -0.1939 -0.6937
vn -0.7071 -0.0000 -0.7071
vn -0.8157 -0.1939 -0.5450
vn -0.8315 -0.0000 -0.5556
vn -0.9063 -0.1939 -0.3754
vn -0.9239 -0.0000 -0.3827
vn -0.9622 -0.1939 -0.1914
vn -0.9808 -0.0000 -0.1951
vn -0.9810 -0.1939 -0.0000
vn -1.0000 -0.0000 -0.0000
vn -0.9622 -0.1939 0.1914
vn -0.9808 -0.0000 0.1951
vn -0.9063 -0.1939 0.3754
vn -0.9239 -0.0000 0.3827
vn -0.8157 -0.1939 0.5450
vn -0.8315 -0.0000 0.5556
vn -0.6937 -0.1939 0.6937
vn -0.7071 -0.0000 0.7071
vn -0.5450 -0.1939 0.8157
vn -0.5556 -0.0000 0.8315
vn -0.3754 -0.1939 0.9063
vn -0.3827 -0.0000 0.9239
vn -0.1914 -0.1939 0.9622
vn -0.1951 -0.0000 0.9808
vn -0.0000 -0.1939 0.9810
vn -0.0000 -0.0000 1.0000
vn 0.1914 -0.1939 0.9622
vn 0.1951 -0.0000 0.9808
vn 0.3754 -0.1939 0.9063
vn 0.3827 -0.0000 0.9239
vn 0.5450 -0.1939 0.8157
vn 0.5556 -0.0000 0.8315
vn 0.6937 -0.1939 0.6937
vn 0.7071 -0.0000 0.7071
vn 0.8157 -0.1939 0.5450
vn 0.8315 -0.0000 0.5556
vn 0.9063 -0.1939 0.3754
vn 0.9239 -0.0000 0.3827
vn 0.9622 -0.1939 0.1914
vn 0.9808 -0.0000 0.1951
vn 0.9810 -0.1939 -0.0000
vn 1.0000 -0.0000 -0.0000
vn 0.9622 -0.1939 -0.1914
vn 0.9808 -0.0000 -0.1951
vn 0.9063 -0.1939 -0.3754
vn 0.9239 -0.0000 -0.3827
vn 0.8157 -0.1939 -0.5450
vn 0.8315 -0.0000 -0.5556
vn 0.6937 -0.1939 -0.6937
vn 0.7071 -0.0000 -0.7071
vn 0.6937 0.1939 -0.6937
vn 0.5556 -0.0000 -0.8315
vn 0.5450 0.1939 -0.8157
vn 0.5138 0.3805 -0.7689
vn 0.3754 0.1939 -0.9063
vn 0.3539 0.3805 -0.8544
vn 0.1914 0.1939 -0.9622
vn 0.1804 0.3805 -0.9070
vn -0.0000 0.1939 -0.9810
vn -0.0000 0.3805 -0.9248
vn -0.1914 0.1939 -0.9622
vn -0.1804 0.3805 -0.9070
vn -0.3754 0.1939 -0.9063
vn -0.3539 0.3805 -0.8544
vn -0.5450 0.1939 -0.8157
vn -0.5138 0.3805 -0.7689
vn -0.6937 0.1939 -0.6937
vn -0.6539 0.3805 -0.6539
vn -0.8157 0.1939 -0.5450
vn -0.7689 0.3805 -0.5138
vn -0.9063 0.1939 -0.3754
vn -0.8544 0.3805 -0.3539
vn -0.9622 0.1939 -0.1914
vn -0.9070 0.3805 -0.1804
vn -0.9810 0.1939 -0.0000
vn -0.9248 0.3805 -0.0000
vn -0.9622 0.1939 0.1914
vn -0.9070 0.3805 0.1804
vn -0.9063 0.1939 0.3754
vn -0.8544 0.3805 0.3539
vn -0.8157 0.1939 0.5450
vn -0.7689 0.3805 0.5138
vn -0.6937 0.1939 0.6937
vn -0.6539 0.3805 0.6539
vn -0.5450 0.1939 0.8157
vn -0.5138 0.3805 0.7689
vn -0.3754 0.1939 0.9063
vn -0.3539 0.3805 0.8544
vn -0.1914 0.1939 0.9622
vn -0.1804 0.3805 0.9070
vn -0.0000 0.1939 0.9810
vn -0.0000 0.3805 0.9248
vn 0.1914 0.1939 0.9622
vn 0.1804 0.3805 0.9070
vn 0.3754 0.1939 0.9063
vn 0.3539 0.3805 0.8544
vn 0.5450 0.1939 0.8157
vn 0.5138 0.3805 0.7689
vn 0.6937 0.1939 0.6937
vn 0.6539 0.3805 0.6539
vn 0.8157 0.1939 0.5450
vn 0.7689 0.3805 0.5138
vn 0.9063 0.1939 0.3754
vn 0.8544 0.3805 0.3539
vn 0.9622 0.1939 0.1914
vn 0.9070 0.3805 0.1804
vn 0.9810 0.1939 -0.0000
vn 0.9248 0.3805 -0.0000
vn 0.9622 0.1939 -0.1914
vn 0.9070 0.3805 -0.1804
vn 0.9063 0.1939 -0.3754
vn 0.8544 0.3805 -0.3539
vn 0.8157 0.1939 -0.5450
vn 0.7689 0.3805 -0.5138
vn 0.6929 0.5528 -0.4630
vn 0.6539 0.3805 -0.6539
vn 0.5893 0.5528 -0.5893
vn 0.5021 0.7041 -0.5021
vn 0.4630 0.5528 -0.6929
vn 0.3945 0.7041 -0.5905
vn 0.3189 0.5528 -0.7699
vn 0.2717 0.7041 -0.6561
vn 0.1626 0.5528 -0.8173
vn 0.1385 0.7041 -0.6965
vn -0.0000 0.5528 -0.8333
vn -0.0000 0.7041 -0.7101
vn -0.1626 0.5528 -0.8173
vn -0.1385 0.7041 -0.6965
vn -0.3189 0.5528 -0.7699
vn -0.2717 0.7041 -0.6561
vn -0.4630 0.5528 -0.6929
vn -0.3945 0.7041 -0.5905
vn -0.5893 0.5528 -0.5893
vn -0.5021 0.7041 -0.5021
vn -0.6929 0.5528 -0.4630
vn -0.5905 0.7041 -0.3945
vn -0.7699 0.5528 -0.3189
vn -0.6561 0.7041 -0.2718
vn -0.8173 0.5528 -0.1626
vn -0.6965 0.7041 -0.1385
vn -0.8333 0.5528 -0.0000
vn -0.7101 0.7041 -0.0000
vn -0.8173 0.5528 0.1626
vn -0.6965 0.7041 0.1385
vn -0.7699 0.5528 0.3189
vn -0.6561 0.7041 0.2718
vn -0.6929 0.5528 0.4630
vn -0.5905 0.7041 0.3945
vn -0.5893 0.5528 0.5893
vn -0.5021 0.7041 0.5022
vn -0.4630 0.5528 0.6929
vn -0.3945 0.7041 0.5905
vn -0.3189 0.5528 0.7699
vn -0.2718 0.7041 0.6561
vn -0.1626 0.5528 0.8173
vn -0.1385 0.7041 0.6965
vn -0.0000 0.5528 0.8333
vn -0.0000 0.7041 0.7101
vn 0.1626 0.5528 0.8173
vn 0.1385 0.7041 0.6965
vn 0.3189 0.5528 0.7699
vn 0.2718 0.7041 0.6561
vn 0.4630 0.5528 0.6929
vn 0.3945 0.7041 0.5905
vn 0.5893 0.5528 0.5893
vn 0.5021 0.7041 0.5022
vn 0.6929 0.5528 0.4630
vn 0.5905 0.7041 0.3945
vn 0.7699 0.5528 0.3189
vn 0.6561 0.7041 0.2718
vn 0.8173 0.5528 0.1626
vn 0.6965 0.7041 0.1385
vn 0.8333 0.5528 -0.0000
vn 0.7101 0.7041 -0.0000
vn 0.8173 0.5528 -0.1626
vn 0.6965 0.7041 -0.1385
vn 0.7699 0.5528 -0.3189
vn 0.6561 0.7041 -0.2718
vn 0.5172 0.8286 -0.2142
vn 0.5905 0.7041 -0.3945
vn 0.4654 0.8286 -0.3110
vn 0.3225 0.9217 -0.2155
vn 0.3958 0.8286 -0.3958
vn 0.2743 0.9217 -0.2743
vn 0.3110 0.8286 -0.4654
vn 0.2155 0.9217 -0.3225
vn 0.2142 0.8286 -0.5172
vn 0.1484 0.9217 -0.3584
vn 0.1092 0.8286 -0.5490
vn 0.0757 0.9217 -0.3804
vn -0.0000 0.8286 -0.5598
vn -0.0000 0.9217 -0.3879
vn -0.1092 0.8286 -0.5490
vn -0.0757 0.9217 -0.3804
vn -0.2142 0.8286 -0.5172
vn -0.1484 0.9217 -0.3584
vn -0.3110 0.8286 -0.4654
vn -0.2155 0.9217 -0.3225
vn -0.3958 0.8287 -0.3958
vn -0.2743 0.9217 -0.2743
vn -0.4654 0.8287 -0.3110
vn -0.3225 0.9217 -0.2155
vn -0.5172 0.8287 -0.2142
vn -0.3584 0.9217 -0.1484
vn -0.5490 0.8286 -0.1092
vn -0.3804 0.9217 -0.0757
vn -0.5598 0.8286 -0.0000
vn -0.3879 0.9217 -0.0000
vn -0.5490 0.8286 0.1092
vn -0.3804 0.9217 0.0757
vn -0.5172 0.8286 0.2142
vn -0.3584 0.9217 0.1484
vn -0.4654 0.8286 0.3110
vn -0.3225 0.9217 0.2155
vn -0.3958 0.8286 0.3958
vn -0.2743 0.9217 0.2743
vn -0.3110 0.8286 0.4654
vn -0.2155 0.9217 0.3225
vn -0.2142 0.8286 0.5172
vn -0.1484 0.9217 0.3584
vn -0.1092 0.8286 0.5490
vn -0.0757 0.9217 0.3804
vn -0.0000 0.8286 0.5598
vn -0.0000 0.9217 0.3879
vn 0.1092 0.8286 0.5490
vn 0.0757 0.9217 0.3804
vn 0.2142 0.8286 0.5172
vn 0.1484 0.9217 0.3584
vn 0.3110 0.8286 0.4654
vn 0.2155 0.9217 0.3225
vn 0.3958 0.8286 0.3958
vn 0.2743 0.9217 0.2743
vn 0.4654 0.8286 0.3110
vn 0.3225 0.9217 0.2155
vn 0.5172 0.8286 0.2142
vn 0.3584 0.9217 0.1484
vn 0.5490 0.8286 0.1092
vn 0.3804 0.9217 0.0757
vn 0.5598 0.8286 -0.0000
vn 0.3879 0.9217 -0.0000
vn 0.5490 0.8286 -0.1092
vn 0.3804 0.9217 -0.0757
vn 0.1971 0.9796 -0.0392
vn 0.3584 0.9217 -0.1484
vn 0.1857 0.9796 -0.0769
vn 0.1671 0.9796 -0.1117
vn -0.1421 0.9796 0.1421
vn -0.0000 0.9796 -0.2010
vn 0.0392 0.9796 -0.1971
vn 0.0769 0.9796 -0.1857
vn 0.1117 0.9796 -0.1671
vn 0.1421 0.9796 -0.1421
vn 0.2010 0.9796 -0.0000
vn 0.1971 0.9796 0.0392
vn 0.1857 0.9796 0.0769
vn 0.1671 0.9796 0.1117
vn 0.1421 0.9796 0.1421
vn 0.1117 0.9796 0.1671
vn 0.0769 0.9796 0.1857
vn 0.0392 0.9796 0.1971
vn -0.0000 0.9796 0.2010
vn -0.0392 0.9796 0.1971
vn -0.0769 0.9796 0.1857
vn -0.1117 0.9796 0.1671
vn -0.1671 0.9796 0.1117
vn -0.1857 0.9796 0.0769
vn -0.1971 0.9796 0.0392
vn -0.2010 0.9796 -0.0000
vn -0.1971 0.9796 -0.0392
vn -0.1857 0.9796 -0.0769
vn -0.1671 0.9796 -0.1117
vn -0.1421 0.9796 -0.1421
vn -0.1117 0.9796 -0.1671
vn -0.0769 0.9796 -0.1857
vn -0.0393 0.9796 -0.1971
vn 0.0769 -0.9796 -0.1857
vn 0.0757 -0.9217 -0.3804
vn 0.0392 -0.9796 -0.1971
vn -0.0000 -0.9796 -0.2010
vn -0.0392 -0.9796 -0.1971
vn -0.0769 -0.9796 -0.1857
vn -0.1116 -0.9796 -0.1671
vn -0.1421 -0.9796 -0.1421
vn -0.1671 -0.9796 -0.1117
vn -0.1857 -0.9796 -0.0769
vn -0.1971 -0.9796 -0.0392
vn -0.2010 -0.9796 -0.0000
vn -0.1971 -0.9796 0.0392
vn -0.1857 -0.9796 0.0769
vn -0.1671 -0.9796 0.1116
vn -0.1421 -0.9796 0.1421
vn -0.1116 -0.9796 0.1671
vn -0.0768 -0.9796 0.1857
vn -0.0392 -0.9796 0.1971
vn -0.0000 -0.9796 0.2010
vn 0.0392 -0.9796 0.1971
vn 0.0769 -0.9796 0.1857
vn 0.1116 -0.9796 0.1671
vn 0.1421 -0.9796 0.1421
vn 0.1671 -0.9796 0.1116
vn 0.1857 -0.9796 0.0769
vn 0.1971 -0.9796 0.0392
vn 0.2010 -0.9796 -0.0000
vn 0.1971 -0.9796 -0.0392
vn 0.1857 -0.9796 -0.0769
vn 0.1671 -0.9796 -0.1117
vn 0.1421 -0.9796 -0.1421
vn 0.1116 -0.9796 -0.1671
vn -0.2992 -0.5414 0.7857
vn -0.5652 -0.4346 0.7012
vn -0.2295 -0.6085 0.7596
vn -0.3362 -0.2955 0.8942
vn -0.3746 -0.1908 0.9073
vn -0.2230 -0.4287 0.8755
vn -0.6293 -0.2732 0.7275
vn -0.7266 -0.1157 0.6772
vn -0.9696 0.1915 0.1520
vn -0.9836 0.1770 0.0354
vn -0.8273 0.3044 0.4722
vn -0.8787 0.4255 -0.2165
vn -0.7620 0.4950 -0.4176
vn -0.8011 0.5961 0.0536
vn -0.8827 0.2999 -0.3619
vn -0.7333 0.3422 -0.5875
vn -0.9002 0.1880 -0.3928
vn -0.7374 0.2421 -0.6306
vn -0.9963 0.0853 0.0063
vn -0.9076 0.1296 -0.3994
vn -0.7565 0.2006 -0.6225
vn -0.9998 -0.0104 0.0141
vn -0.9081 0.1133 -0.4032
vn -0.7550 0.2327 -0.6131
vn -0.9942 -0.1078 -0.0009
vn -0.9080 0.1924 -0.3723
vn -0.7724 0.3580 -0.5246
vn -0.9815 -0.1911 -0.0083
vn -0.8032 0.2050 -0.5593
vn -0.6727 0.3903 -0.6286
vn -0.8989 -0.2719 -0.3434
vn -0.4649 0.1541 -0.8719
vn -0.5624 -0.5169 -0.6454
vn -0.3757 0.3553 -0.8559
vn -0.0000 0.1382 -0.9904
vn -0.0000 -0.6256 -0.7802
vn -0.0000 0.3374 -0.9414
vn 0.4649 0.1541 -0.8719
vn 0.5624 -0.5169 -0.6454
vn 0.3757 0.3553 -0.8559
vn 0.8032 0.2050 -0.5593
vn 0.8989 -0.2719 -0.3434
vn 0.6727 0.3903 -0.6286
vn 0.9080 0.1924 -0.3723
vn 0.9815 -0.1911 -0.0083
vn 0.7724 0.3580 -0.5245
vn 0.9081 0.1133 -0.4032
vn 0.9942 -0.1078 -0.0009
vn 0.7550 0.2327 -0.6131
vn 0.9075 0.1296 -0.3994
vn 0.9998 -0.0104 0.0141
vn 0.7565 0.2006 -0.6225
vn 0.9002 0.1880 -0.3928
vn 0.9963 0.0853 0.0063
vn 0.7374 0.2421 -0.6306
vn 0.8827 0.2999 -0.3619
vn 0.9836 0.1770 0.0354
vn 0.7333 0.3422 -0.5875
vn 0.8787 0.4255 -0.2165
vn 0.9696 0.1915 0.1520
vn 0.7620 0.4950 -0.4176
vn 0.8011 0.5961 0.0538
vn 0.6684 0.7302 -0.1413
vn 0.8273 0.3044 0.4722
vn 0.5069 0.1903 0.8407
vn 0.5406 -0.5894 0.6003
vn 0.3597 0.8852 0.2950
vn 0.0010 0.0438 0.9990
vn 0.0006 -0.8013 0.5982
vn 0.0001 0.9241 0.3821
vn -0.5117 0.1881 0.8383
vn -0.5338 -0.5995 0.5964
vn -0.3544 0.8886 0.2911
vn -0.0811 0.9163 -0.3922
vn -0.6684 0.7302 -0.1413
vn -0.3795 0.7709 -0.5116
vn -0.3725 0.5567 -0.7425
vn -0.3717 0.3717 -0.8507
vn 0.0301 0.6444 -0.7641
vn -0.0044 0.4222 -0.9065
vn -0.0000 0.6949 -0.7191
vn -0.0000 0.4674 -0.8840
vn -0.0000 0.9339 -0.3576
vn -0.0301 0.6444 -0.7641
vn 0.0044 0.4222 -0.9065
vn 0.0811 0.9163 -0.3922
vn 0.3725 0.5567 -0.7425
vn 0.3795 0.7709 -0.5116
vn 0.3717 0.3717 -0.8507
vn 0.3748 0.2859 -0.8819
vn 0.3826 0.2910 -0.8769
vn 0.0130 0.3004 -0.9537
vn 0.0364 0.3308 -0.9430
vn -0.0000 0.3059 -0.9521
vn -0.0000 0.3645 -0.9312
vn -0.0130 0.3004 -0.9537
vn -0.0364 0.3308 -0.9430
vn -0.3748 0.2859 -0.8819
vn -0.3826 0.2910 -0.8769
vn -0.3758 0.3817 -0.8444
vn -0.3705 0.5865 -0.7202
vn -0.0652 0.4392 -0.8960
vn -0.0798 0.6809 -0.7280
vn -0.0000 0.5103 -0.8600
vn -0.0000 0.7295 -0.6839
vn 0.0652 0.4392 -0.8960
vn 0.0798 0.6809 -0.7280
vn 0.3758 0.3817 -0.8444
vn 0.3705 0.5865 -0.7202
vn 0.3840 0.6643 -0.6413
vn 0.1660 0.6781 -0.7160
vn -0.0000 0.6837 -0.7297
vn -0.1660 0.6781 -0.7160
vn -0.3840 0.6643 -0.6413
vn -0.2811 -0.7631 0.5819
vn -0.0000 -0.8770 0.4805
vn 0.2811 -0.7631 0.5819
vn -0.0000 -0.6899 0.7239
vn 0.2295 -0.6085 0.7596
vn -0.0000 -0.5186 0.8550
vn -0.0000 -0.3198 0.9475
vn 0.2230 -0.4287 0.8755
vn 0.1748 -0.2687 0.9472
vn 0.3362 -0.2955 0.8942
vn 0.2992 -0.5414 0.7857
vn 0.3746 -0.1908 0.9073
vn 0.6293 -0.2732 0.7275
vn 0.7266 -0.1157 0.6772
vn 0.5652 -0.4346 0.7012
vn 0.7489 -0.1116 0.6532
vn 0.7449 -0.2065 0.6344
vn 0.3810 -0.1983 0.9030
vn 0.3780 -0.2864 0.8804
vn 0.1502 -0.2311 0.9613
vn 0.1474 -0.3066 0.9404
vn -0.0000 -0.2431 0.9700
vn -0.0000 -0.3099 0.9508
vn -0.1502 -0.2311 0.9613
vn -0.1474 -0.3066 0.9404
vn -0.1748 -0.2687 0.9472
vn -0.3810 -0.1983 0.9030
vn -0.3780 -0.2864 0.8804
vn -0.7489 -0.1116 0.6532
vn -0.7449 -0.2065 0.6344
vn -0.7159 -0.3742 0.5895
vn -0.6656 -0.5579 0.4956
vn -0.3621 -0.4487 0.8171
vn -0.3441 -0.6400 0.6870
vn -0.1468 -0.4709 0.8699
vn -0.1603 -0.6854 0.7103
vn -0.0000 -0.4775 0.8786
vn -0.0000 -0.7054 0.7088
vn 0.1468 -0.4709 0.8699
vn 0.1603 -0.6854 0.7103
vn 0.3621 -0.4487 0.8171
vn 0.3441 -0.6400 0.6870
vn 0.7159 -0.3742 0.5895
vn 0.6656 -0.5579 0.4956
vn 0.6586 -0.7146 0.2358
vn 0.3778 -0.7945 0.4754
vn 0.3757 -0.9127 0.1608
vn -0.0000 -0.9921 0.1255
vn 0.1828 -0.8612 0.4742
vn -0.0000 -0.8791 0.4767
vn -0.1828 -0.8612 0.4742
vn -0.3778 -0.7945 0.4754
vn -0.3757 -0.9127 0.1608
vn -0.6586 -0.7146 0.2358
vn 0.1724 -0.5814 -0.7952
vn 0.1106 -0.6459 -0.7553
vn 0.3198 -0.6752 -0.6647
vn 0.0307 -0.4714 -0.8814
vn 0.2457 -0.5205 -0.8177
vn 0.3725 -0.6313 -0.6802
vn 0.1194 -0.3974 -0.9098
vn 0.3292 -0.4645 -0.8221
vn 0.4323 -0.5907 -0.6813
vn 0.2203 -0.3286 -0.9184
vn 0.4211 -0.4140 -0.8070
vn 0.4974 -0.5542 -0.6674
vn 0.3324 -0.2655 -0.9050
vn 0.5188 -0.3700 -0.7707
vn 0.5656 -0.5226 -0.6379
vn 0.4534 -0.2093 -0.8664
vn 0.6185 -0.3335 -0.7115
vn 0.6335 -0.4958 -0.5940
vn 0.5791 -0.1614 -0.7991
vn 0.6954 -0.3145 -0.6462
vn 0.6951 -0.4798 -0.5355
vn 0.6681 -0.1373 -0.7313
vn 0.7898 -0.2937 -0.5384
vn 0.7567 -0.4672 -0.4573
vn 0.7931 -0.1089 -0.5992
vn 0.8721 -0.1700 0.4588
vn 0.8326 -0.2844 0.4752
vn 0.8911 -0.0808 0.4466
vn 0.9553 0.0770 0.2855
vn 0.9293 0.2235 0.2940
vn 0.7672 0.0813 -0.6363
vn 0.7128 0.2696 -0.6475
vn 0.6159 0.0427 -0.7867
vn 0.5426 0.2186 -0.8111
vn 0.5193 0.0121 -0.8545
vn 0.4425 0.1809 -0.8783
vn 0.3744 -0.0483 -0.9260
vn 0.2860 0.1077 -0.9522
vn 0.2373 -0.1169 -0.9644
vn 0.1398 0.0273 -0.9898
vn 0.1118 -0.1914 -0.9751
vn 0.0070 -0.0574 -0.9983
vn -0.0006 -0.2708 -0.9626
vn -0.1120 -0.1452 -0.9830
vn -0.0999 -0.3547 -0.9296
vn -0.1862 -0.4430 -0.8770
vn -0.2180 -0.2361 -0.9470
vn -0.3239 -0.1178 -0.9387
vn -0.3116 -0.3304 -0.8909
vn -0.4222 -0.2150 -0.8807
vn -0.3927 -0.4283 -0.8138
vn -0.2587 -0.5353 -0.8041
vn -0.5095 -0.3146 -0.8009
vn -0.4600 -0.5292 -0.7130
vn -0.3162 -0.6304 -0.7089
vn -0.5846 -0.4166 -0.6962
vn -0.5099 -0.6309 -0.5848
vn -0.3555 -0.7256 -0.5891
vn -0.6436 -0.5190 -0.5624
vn -0.5369 -0.7280 -0.4263
vn -0.3726 -0.8155 -0.4428
vn -0.6801 -0.6172 -0.3956
vn -0.5372 -0.7833 -0.3127
vn -0.3663 -0.8687 -0.3334
vn -0.6864 -0.6714 -0.2793
vn -0.5040 -0.8594 -0.0859
vn -0.3285 -0.9354 -0.1305
vn -0.6604 -0.7501 -0.0359
vn 0.0765 -0.5299 0.8446
vn 0.1723 -0.5869 0.7911
vn -0.0056 -0.4404 0.8978
vn -0.0399 -0.3302 0.9431
vn -0.0535 -0.2134 0.9755
vn -0.7912 -0.6113 0.0170
vn -0.8909 -0.4487 0.0705
vn -0.8103 -0.5372 -0.2340
vn -0.9056 -0.3849 -0.1781
vn -0.7992 -0.4869 -0.3525
vn -0.8919 -0.3404 -0.2979
vn -0.7558 -0.3932 -0.5236
vn -0.8452 -0.2556 -0.4694
vn -0.6903 -0.2948 -0.6607
vn -0.7772 -0.1648 -0.6073
vn -0.6102 -0.1957 -0.7677
vn -0.6953 -0.0717 -0.7151
vn -0.5193 -0.0975 -0.8490
vn -0.6038 0.0224 -0.7968
vn -0.4191 -0.0000 -0.9080
vn -0.5042 0.1178 -0.8555
vn -0.3092 0.0975 -0.9460
vn -0.2146 -0.0224 -0.9764
vn -0.3963 0.2150 -0.8926
vn -0.1884 0.1957 -0.9624
vn -0.0931 0.0717 -0.9931
vn -0.2789 0.3146 -0.9073
vn -0.0550 0.2948 -0.9540
vn 0.0420 0.1648 -0.9854
vn -0.1506 0.4166 -0.8965
vn 0.0918 0.3932 -0.9148
vn 0.1911 0.2556 -0.9477
vn -0.0104 0.5190 -0.8547
vn 0.2503 0.4869 -0.8368
vn 0.3519 0.3404 -0.8720
vn 0.1401 0.6172 -0.7742
vn 0.3474 0.5373 -0.7685
vn 0.4520 0.3847 -0.8048
vn 0.2328 0.6714 -0.7035
vn 0.5263 0.6115 -0.5909
vn 0.6318 0.4486 -0.6321
vn 0.4011 0.7501 -0.5258
vn 0.6855 0.4621 0.5627
vn 0.8767 0.3626 0.3161
vn 0.6232 0.4145 0.6632
vn 0.5074 0.4308 0.7463
vn 0.3877 0.3674 0.8454
vn 0.2616 0.8594 -0.4392
vn 0.1138 0.9354 -0.3347
vn 0.1106 0.7833 -0.6117
vn -0.0160 0.8687 -0.4950
vn 0.0240 0.7280 -0.6851
vn -0.0953 0.8155 -0.5708
vn -0.1142 0.6308 -0.7675
vn -0.2176 0.7256 -0.6528
vn -0.2442 0.5292 -0.8126
vn -0.3344 0.6304 -0.7005
vn -0.3645 0.4283 -0.8268
vn -0.4440 0.5353 -0.7185
vn -0.4759 0.3304 -0.8151
vn -0.5466 0.4430 -0.7106
vn -0.5792 0.2361 -0.7802
vn -0.6426 0.3547 -0.6792
vn -0.6754 0.1452 -0.7230
vn -0.7322 0.2708 -0.6250
vn -0.7643 0.0574 -0.6424
vn -0.8146 0.1914 -0.5475
vn -0.8439 -0.0273 -0.5358
vn -0.8878 0.1169 -0.4451
vn -0.9101 -0.1077 -0.4001
vn -0.9476 0.0483 -0.3159
vn -0.9555 -0.1809 -0.2331
vn -0.9872 -0.0121 -0.1592
vn -0.9692 -0.2186 -0.1133
vn -0.9982 -0.0427 -0.0417
vn -0.9552 -0.2696 0.1224
vn -0.9819 -0.0813 0.1710
vn -0.0352 -0.0727 0.9967
vn 0.0601 0.0202 0.9980
vn 0.1387 0.4313 0.8915
vn -0.8865 0.3888 0.2508
vn -0.8857 0.4414 0.1438
vn -0.8900 0.4508 0.0688
vn -0.8730 0.4875 -0.0167
vn -0.6194 0.7524 0.2242
vn -0.5394 0.7813 0.3140
vn -0.5457 0.7704 0.3296
vn -0.5568 0.7619 0.3310
vn -0.5493 0.7630 0.3407
vn -0.5857 0.7270 0.3585
vn -0.5748 0.7870 0.2243
vn -0.5611 0.8160 0.1386
vn -0.4045 0.9013 -0.1552
vn -0.3626 0.9268 -0.0976
vn -0.2679 0.9628 -0.0347
vn -0.0061 0.2731 0.9620
vn 0.2746 -0.6198 0.7352
vn 0.3895 -0.6215 0.6797
vn -0.1410 -0.9756 -0.1681
vn 0.0514 -0.9789 -0.1976
vn -0.1787 -0.9231 -0.3405
vn 0.0186 -0.9424 -0.3338
vn -0.1906 -0.8756 -0.4439
vn 0.0038 -0.9039 -0.4278
vn -0.1822 -0.7990 -0.5731
vn 0.0066 -0.8453 -0.5343
vn -0.1533 -0.7162 -0.6808
vn 0.0263 -0.7803 -0.6248
vn -0.1069 -0.6322 -0.7674
vn 0.0615 -0.7129 -0.6985
vn -0.0451 -0.5500 -0.8339
vn 0.2407 -0.7685 -0.5929
vn 0.4249 -0.7883 -0.4450
vn 0.2755 -0.7214 -0.6354
vn 0.2166 -0.8148 -0.5378
vn 0.4116 -0.8107 -0.4163
vn 0.2039 -0.8582 -0.4710
vn 0.4039 -0.8315 -0.3815
vn 0.2034 -0.8964 -0.3938
vn 0.4022 -0.8496 -0.3413
vn 0.2168 -0.9240 -0.3149
vn 0.4060 -0.8669 -0.2893
vn 0.2416 -0.9452 -0.2195
vn 0.4226 -0.8745 -0.2380
vn 0.4951 -0.5981 0.6302
vn 0.5997 -0.5466 0.5844
vn 0.6980 -0.4915 0.5208
vn 0.4660 -0.7419 -0.4821
vn 0.4432 -0.7652 -0.4670
vn 0.7699 -0.3868 0.5076
vn 0.6934 -0.6247 -0.3591
vn 0.6558 -0.6290 -0.4175
vn 0.6131 -0.6512 -0.4474
vn 0.5886 -0.6600 -0.4668
vn 0.5548 -0.6778 -0.4824
vn 0.5225 -0.6977 -0.4901
vn 0.4926 -0.7193 -0.4898
vn -0.1724 -0.5813 -0.7952
vn -0.1106 -0.6459 -0.7553
vn -0.3198 -0.6752 -0.6647
vn -0.0307 -0.4714 -0.8814
vn -0.2457 -0.5205 -0.8177
vn -0.3725 -0.6313 -0.6802
vn -0.1194 -0.3974 -0.9098
vn -0.3292 -0.4645 -0.8221
vn -0.4323 -0.5907 -0.6813
vn -0.2203 -0.3286 -0.9184
vn -0.4211 -0.4140 -0.8070
vn -0.4974 -0.5542 -0.6674
vn -0.3324 -0.2655 -0.9050
vn -0.5188 -0.3700 -0.7707
vn -0.5656 -0.5226 -0.6379
vn -0.4534 -0.2093 -0.8664
vn -0.6185 -0.3335 -0.7115
vn -0.6335 -0.4958 -0.5940
vn -0.5791 -0.1614 -0.7991
vn -0.6954 -0.3145 -0.6462
vn -0.6951 -0.4798 -0.5355
vn -0.6681 -0.1373 -0.7313
vn -0.7898 -0.2937 -0.5384
vn -0.7567 -0.4672 -0.4573
vn -0.7931 -0.1089 -0.5992
vn -0.8721 -0.1700 0.4588
vn -0.8326 -0.2844 0.4752
vn -0.8911 -0.0808 0.4466
vn -0.9553 0.0770 0.2855
vn -0.9293 0.2235 0.2940
vn -0.7672 0.0813 -0.6363
vn -0.7128 0.2696 -0.6475
vn -0.6159 0.0427 -0.7867
vn -0.5426 0.2186 -0.8111
vn -0.5193 0.0121 -0.8545
vn -0.4425 0.1809 -0.8783
vn -0.3744 -0.0483 -0.9260
vn -0.2860 0.1077 -0.9522
vn -0.2373 -0.1169 -0.9644
vn -0.1398 0.0273 -0.9898
vn -0.1118 -0.1914 -0.9751
vn -0.0070 -0.0574 -0.9983
vn 0.0006 -0.2708 -0.9626
vn 0.1120 -0.1452 -0.9830
vn 0.0999 -0.3547 -0.9296
vn 0.1862 -0.4430 -0.8770
vn 0.2180 -0.2361 -0.9470
vn 0.3239 -0.1178 -0.9387
vn 0.3116 -0.3304 -0.8909
vn 0.4222 -0.2150 -0.8807
vn 0.3927 -0.4283 -0.8138
vn 0.2587 -0.5353 -0.8041
vn 0.5095 -0.3146 -0.8009
vn 0.4600 -0.5292 -0.7130
vn 0.3162 -0.6304 -0.7089
vn 0.5846 -0.4166 -0.6962
vn 0.5099 -0.6309 -0.5848
vn 0.3555 -0.7256 -0.5891
vn 0.6436 -0.5190 -0.5624
vn 0.5369 -0.7280 -0.4263
vn 0.3726 -0.8155 -0.4428
vn 0.6801 -0.6172 -0.3956
vn 0.5372 -0.7833 -0.3127
vn 0.3663 -0.8687 -0.3334
vn 0.6864 -0.6715 -0.2793
vn 0.5040 -0.8594 -0.0859
vn 0.3285 -0.9354 -0.1305
vn 0.6604 -0.7501 -0.0359
vn -0.0765 -0.5299 0.8446
vn -0.1723 -0.5869 0.7911
vn 0.0056 -0.4404 0.8978
vn 0.0399 -0.3302 0.9431
vn 0.0535 -0.2134 0.9755
vn 0.7912 -0.6113 0.0170
vn 0.8909 -0.4487 0.0705
vn 0.8103 -0.5372 -0.2340
vn 0.9056 -0.3849 -0.1781
vn 0.7992 -0.4869 -0.3525
vn 0.8919 -0.3404 -0.2979
vn 0.7558 -0.3932 -0.5236
vn 0.8452 -0.2556 -0.4694
vn 0.6903 -0.2948 -0.6607
vn 0.7772 -0.1648 -0.6073
vn 0.6102 -0.1957 -0.7677
vn 0.6953 -0.0717 -0.7151
vn 0.5193 -0.0975 -0.8490
vn 0.6038 0.0224 -0.7968
vn 0.4191 -0.0000 -0.9080
vn 0.5042 0.1178 -0.8555
vn 0.3092 0.0975 -0.9460
vn 0.2146 -0.0224 -0.9764
vn 0.3963 0.2150 -0.8926
vn 0.1884 0.1957 -0.9624
vn 0.0931 0.0717 -0.9931
vn 0.2789 0.3146 -0.9073
vn 0.0550 0.2948 -0.9540
vn -0.0420 0.1648 -0.9854
vn 0.1506 0.4166 -0.8965
vn -0.0918 0.3932 -0.9148
vn -0.1911 0.2556 -0.9477
vn 0.0104 0.5190 -0.8547
vn -0.2503 0.4869 -0.8368
vn -0.3519 0.3404 -0.8720
vn -0.1401 0.6172 -0.7742
vn -0.3474 0.5373 -0.7685
vn -0.4520 0.3847 -0.8048
vn -0.2328 0.6714 -0.7035
vn -0.5263 0.6115 -0.5909
vn -0.6318 0.4486 -0.6321
vn -0.4011 0.7501 -0.5258
vn -0.6855 0.4621 0.5627
vn -0.8767 0.3626 0.3161
vn -0.6232 0.4145 0.6632
vn -0.5074 0.4307 0.7463
vn -0.3877 0.3674 0.8454
vn -0.2616 0.8594 -0.4392
vn -0.1138 0.9354 -0.3347
vn -0.1106 0.7833 -0.6117
vn 0.0160 0.8687 -0.4950
vn -0.0240 0.7280 -0.6851
vn 0.0953 0.8155 -0.5708
vn 0.1142 0.6309 -0.7675
vn 0.2176 0.7256 -0.6528
vn 0.2442 0.5292 -0.8126
vn 0.3344 0.6304 -0.7005
vn 0.3645 0.4283 -0.8268
vn 0.4440 0.5353 -0.7185
vn 0.4759 0.3304 -0.8151
vn 0.5466 0.4430 -0.7106
vn 0.5792 0.2361 -0.7802
vn 0.6426 0.3547 -0.6792
vn 0.6754 0.1452 -0.7230
vn 0.7322 0.2708 -0.6250
vn 0.7643 0.0574 -0.6424
vn 0.8146 0.1914 -0.5475
vn 0.8439 -0.0273 -0.5358
vn 0.8878 0.1169 -0.4451
vn 0.9101 -0.1077 -0.4001
vn 0.9476 0.0483 -0.3159
vn 0.9555 -0.1809 -0.2331
vn 0.9872 -0.0121 -0.1592
vn 0.9692 -0.2186 -0.1133
vn 0.9982 -0.0427 -0.0417
vn 0.9552 -0.2696 0.1224
vn 0.9819 -0.0813 0.1710
vn 0.0352 -0.0727 0.9967
vn -0.0601 0.0202 0.9980
vn -0.1387 0.4313 0.8915
vn 0.8865 0.3888 0.2508
vn 0.8857 0.4414 0.1438
vn 0.8900 0.4508 0.0688
vn 0.8730 0.4875 -0.0167
vn 0.6194 0.7524 0.2242
vn 0.5394 0.7813 0.3140
vn 0.5457 0.7704 0.3296
vn 0.5568 0.7619 0.3310
vn 0.5493 0.7630 0.3407
vn 0.5857 0.7270 0.3585
vn 0.5748 0.7870 0.2243
vn 0.5611 0.8160 0.1386
vn 0.4045 0.9013 -0.1552
vn 0.3626 0.9268 -0.0976
vn 0.2679 0.9628 -0.0347
vn 0.0061 0.2731 0.9620
vn -0.2746 -0.6198 0.7352
vn -0.3895 -0.6215 0.6797
vn 0.1410 -0.9756 -0.1681
vn -0.0514 -0.9789 -0.1976
vn 0.1787 -0.9231 -0.3405
vn -0.0186 -0.9424 -0.3338
vn 0.1906 -0.8756 -0.4439
vn -0.0038 -0.9039 -0.4278
vn 0.1822 -0.7990 -0.5731
vn -0.0066 -0.8453 -0.5343
vn 0.1533 -0.7162 -0.6808
vn -0.0263 -0.7803 -0.6248
vn 0.1069 -0.6322 -0.7674
vn -0.0615 -0.7129 -0.6985
vn 0.0451 -0.5500 -0.8339
vn -0.2407 -0.7685 -0.5929
vn -0.4249 -0.7883 -0.4450
vn -0.2755 -0.7214 -0.6354
vn -0.2166 -0.8148 -0.5378
vn -0.4116 -0.8107 -0.4163
vn -0.2039 -0.8582 -0.4710
vn -0.4039 -0.8315 -0.3815
vn -0.2034 -0.8964 -0.3938
vn -0.4022 -0.8496 -0.3413
vn -0.2168 -0.9240 -0.3149
vn -0.4060 -0.8669 -0.2893
vn -0.2416 -0.9452 -0.2195
vn -0.4226 -0.8745 -0.2380
vn -0.4951 -0.5981 0.6302
vn -0.5997 -0.5466 0.5844
vn -0.6980 -0.4915 0.5208
vn -0.4660 -0.7419 -0.4820
vn -0.4432 -0.7652 -0.4670
vn -0.7699 -0.3868 0.5076
vn -0.6934 -0.6247 -0.3591
vn -0.6558 -0.6290 -0.4174
vn -0.6131 -0.6512 -0.4473
vn -0.5886 -0.6600 -0.4668
vn -0.5548 -0.6778 -0.4824
vn -0.5225 -0.6977 -0.4901
vn -0.4926 -0.7193 -0.4898
vn 0.6012 0.4394 0.6675
vn 0.7739 0.6334 -0.0000
vn 0.5584 -0.5593 0.6127
vn -0.0000 0.5926 0.8055
vn -0.6012 0.4394 0.6675
vn -0.0000 -0.5781 0.8160
vn -0.0000 0.5926 -0.8055
vn -0.7739 0.6334 -0.0000
vn -0.6012 0.4394 -0.6675
vn -0.8353 -0.5498 -0.0000
vn -0.5584 -0.5593 -0.6127
vn -0.5584 -0.5593 0.6127
vn -0.0000 -0.5781 -0.8160
vn 0.5584 -0.5593 -0.6127
vn 0.6012 0.4394 -0.6675
vn 0.8353 -0.5498 -0.0000
vn -0.5259 0.5116 0.6795
vn -0.6656 0.6285 0.4024
vn -0.6115 0.2473 0.7516
vn -0.2925 0.6030 0.7422
vn -0.0000 0.6489 0.7608
vn -0.3083 0.3132 0.8982
vn -0.3196 0.8480 0.4229
vn -0.3416 0.9398 -0.0000
vn -0.0000 0.9006 0.4346
vn 0.3196 0.8480 0.4229
vn 0.3416 0.9398 -0.0000
vn 0.6656 0.6285 0.4024
vn 0.2925 0.6030 0.7422
vn 0.5259 0.5116 0.6795
vn 0.3083 0.3132 0.8982
vn -0.0000 0.3511 0.9363
vn 0.6115 0.2473 0.7516
vn 0.3263 0.1114 0.9387
vn 0.3323 -0.0067 0.9432
vn 0.6476 0.0569 0.7599
vn -0.0000 0.1299 0.9915
vn -0.0000 -0.0001 1.0000
vn -0.3263 0.1114 0.9387
vn -0.3323 -0.0067 0.9432
vn -0.6476 0.0569 0.7599
vn -0.6598 -0.0288 0.7509
vn -0.9170 0.0050 0.3989
vn -0.9188 -0.0533 0.3912
vn -0.8819 0.2367 0.4076
vn -0.9999 -0.0135 -0.0000
vn -0.9982 -0.0607 -0.0000
vn -0.9688 0.2480 -0.0000
vn -0.9474 -0.0150 -0.3196
vn -0.9329 -0.0550 -0.3558
vn -0.9301 0.2207 -0.2935
vn -0.7378 -0.0903 -0.6689
vn -0.7646 0.1272 -0.6318
vn -0.7117 -0.1262 -0.6911
vn -0.3433 -0.1737 -0.9230
vn -0.3388 -0.2046 -0.9183
vn -0.3428 0.2077 -0.9162
vn -0.0000 -0.1710 -0.9853
vn -0.0000 -0.2145 -0.9767
vn -0.0000 0.2417 -0.9704
vn 0.3433 -0.1737 -0.9230
vn 0.3388 -0.2046 -0.9183
vn 0.3428 0.2077 -0.9162
vn 0.7378 -0.0903 -0.6689
vn 0.7646 0.1272 -0.6318
vn 0.7117 -0.1262 -0.6911
vn 0.9474 -0.0150 -0.3196
vn 0.9329 -0.0550 -0.3558
vn 0.9301 0.2207 -0.2935
vn 0.9999 -0.0135 -0.0000
vn 0.9982 -0.0607 -0.0000
vn 0.9688 0.2480 -0.0000
vn 0.9170 0.0050 0.3989
vn 0.9188 -0.0533 0.3912
vn 0.8819 0.2367 0.4076
vn 0.9068 -0.1626 0.3890
vn 0.6598 -0.0288 0.7509
vn 0.6429 -0.1662 0.7477
vn 0.5997 -0.3397 0.7245
vn 0.3203 -0.2209 0.9212
vn -0.0000 -0.2415 0.9704
vn 0.2997 -0.4690 0.8308
vn -0.0000 -0.5032 0.8642
vn 0.3754 -0.7891 0.4863
vn 0.3737 -0.9276 -0.0000
vn -0.0000 -0.8879 0.4601
vn 0.7663 -0.4936 0.4113
vn 0.8347 -0.5507 -0.0000
vn 0.8079 -0.5118 -0.2922
vn 0.9853 -0.1709 -0.0000
vn 0.9310 -0.1473 -0.3338
vn 0.6895 -0.1137 -0.7153
vn 0.6744 -0.3851 -0.6299
vn 0.3218 -0.1445 -0.9357
vn -0.0000 -0.1627 -0.9867
vn 0.2856 -0.5007 -0.8172
vn -0.0000 -0.5200 -0.8542
vn 0.3714 -0.8359 -0.4042
vn -0.0000 -0.9146 -0.4043
vn -0.3801 -0.8323 -0.4034
vn -0.3819 -0.9242 -0.0000
vn -0.2945 -0.4993 -0.8149
vn -0.8054 -0.5154 -0.2926
vn -0.8331 -0.5531 -0.0000
vn -0.6747 -0.3905 -0.6264
vn -0.9284 -0.1620 -0.3345
vn -0.9827 -0.1855 -0.0000
vn -0.6897 -0.1247 -0.7133
vn -0.3242 -0.1470 -0.9345
vn -0.9039 -0.1771 0.3894
vn -0.6427 -0.1769 0.7454
vn -0.7646 -0.4960 0.4116
vn -0.5990 -0.3456 0.7224
vn -0.3832 -0.7862 0.4848
vn -0.3078 -0.4674 0.8288
vn -0.3225 -0.2232 0.9199
vn 0.7275 0.6861 -0.0000
vn 0.7052 0.6634 -0.2503
vn 0.6504 0.5118 -0.5614
vn 0.3235 0.9018 -0.2865
vn -0.0000 0.9522 -0.3056
vn 0.2921 0.6943 -0.6577
vn -0.0000 0.7248 -0.6889
vn -0.2921 0.6943 -0.6577
vn -0.6504 0.5118 -0.5614
vn -0.3235 0.9018 -0.2865
vn -0.7052 0.6634 -0.2503
vn -0.7275 0.6861 -0.0000
vn 0.5087 -0.4403 0.7398
vn 0.9126 -0.3360 0.2330
vn 0.4937 -0.4974 0.7134
vn 0.5216 -0.0465 0.8519
vn 0.2647 0.3959 0.8793
vn 0.8433 0.2031 0.4976
vn 0.1947 -0.2911 0.9367
vn -0.0782 -0.1154 0.9902
vn 0.1012 -0.5972 0.7957
vn 0.4202 -0.5859 0.6929
vn -0.3474 -0.5208 0.7798
vn -0.0737 -0.8844 0.4608
vn -0.5304 -0.7125 0.4594
vn 0.4072 -0.7921 0.4548
vn -0.1901 -0.9817 0.0140
vn -0.6083 -0.7925 0.0446
vn 0.2791 -0.9602 -0.0078
vn -0.1019 -0.8914 -0.4417
vn 0.0988 -0.5918 -0.8000
vn -0.5276 -0.7305 -0.4336
vn 0.4011 -0.7962 -0.4530
vn 0.4245 -0.5730 -0.7011
vn 0.7078 -0.6011 -0.3711
vn 0.7635 -0.6458 0.0017
vn 0.5055 -0.4834 -0.7147
vn 0.9096 -0.3394 -0.2398
vn 0.9947 -0.1025 -0.0000
vn 0.5249 -0.4645 -0.7133
vn 0.8433 0.2031 -0.4976
vn 0.9534 0.3016 -0.0000
vn 0.5233 -0.0606 -0.8500
vn 0.4683 0.7024 -0.5360
vn 0.5750 0.8182 -0.0000
vn 0.2647 0.3959 -0.8793
vn -0.0971 0.8468 -0.5230
vn -0.5781 0.7402 -0.3434
vn -0.2775 0.4622 -0.8422
vn -0.0404 0.9992 -0.0000
vn -0.4473 0.8944 -0.0000
vn -0.0965 0.8473 0.5222
vn 0.4683 0.7024 0.5360
vn -0.5730 0.7479 0.3352
vn -0.2668 0.4608 0.8465
vn -0.5749 0.4723 0.6681
vn -0.3451 0.0794 0.9352
vn -0.6393 0.2782 0.7169
vn -0.5964 -0.1291 0.7922
vn -0.7082 0.1415 0.6917
vn -0.7926 -0.3541 0.4965
vn -0.8836 0.0632 0.4639
vn -0.8680 -0.4951 0.0370
vn -0.9955 -0.0946 0.0054
vn -0.7785 -0.3808 -0.4990
vn -0.8780 0.0661 -0.4740
vn -0.5960 -0.1319 -0.7921
vn -0.7003 0.1449 -0.6990
vn -0.3556 -0.5251 -0.7731
vn -0.3373 0.0924 -0.9369
vn -0.0702 -0.1033 -0.9922
vn -0.6342 0.2943 -0.7150
vn -0.5644 0.4732 -0.6764
vn -0.8231 0.4275 -0.3738
vn -0.8890 0.4579 0.0017
vn -0.8279 0.4202 0.3715
vn 0.2075 -0.2776 -0.9380
vn 0.7036 -0.6066 0.3700
vn -0.5087 -0.4403 0.7398
vn -0.9126 -0.3360 0.2330
vn -0.4937 -0.4974 0.7134
vn -0.5216 -0.0465 0.8519
vn -0.2647 0.3959 0.8793
vn -0.8433 0.2031 0.4976
vn -0.1947 -0.2911 0.9367
vn 0.0782 -0.1154 0.9902
vn -0.1012 -0.5972 0.7957
vn -0.4202 -0.5859 0.6929
vn 0.3474 -0.5208 0.7798
vn 0.0737 -0.8844 0.4608
vn 0.5304 -0.7125 0.4594
vn -0.4072 -0.7921 0.4548
vn 0.1901 -0.9817 0.0140
vn 0.6083 -0.7925 0.0446
vn -0.2791 -0.9602 -0.0078
vn 0.1019 -0.8914 -0.4417
vn -0.0988 -0.5918 -0.8000
vn 0.5276 -0.7305 -0.4336
vn -0.4011 -0.7962 -0.4530
vn -0.4245 -0.5730 -0.7011
vn -0.7078 -0.6011 -0.3711
vn -0.7635 -0.6458 0.0017
vn -0.5055 -0.4834 -0.7147
vn -0.9096 -0.3394 -0.2398
vn -0.9947 -0.1025 -0.0000
vn -0.5249 -0.4645 -0.7133
vn -0.8433 0.2031 -0.4976
vn -0.9534 0.3016 -0.0000
vn -0.5233 -0.0606 -0.8500
vn -0.4683 0.7024 -0.5360
vn -0.5750 0.8182 -0.0000
vn -0.2647 0.3959 -0.8793
vn 0.0971 0.8468 -0.5230
vn 0.5781 0.7402 -0.3434
vn 0.2775 0.4622 -0.8422
vn 0.0404 0.9992 -0.0000
vn 0.4473 0.8944 -0.0000
vn 0.0965 0.8473 0.5222
vn -0.4683 0.7024 0.5360
vn 0.5730 0.7479 0.3352
vn 0.2668 0.4608 0.8465
vn 0.5749 0.4723 0.6681
vn 0.3451 0.0794 0.9352
vn 0.6393 0.2782 0.7169
vn 0.5964 -0.1291 0.7922
vn 0.7082 0.1415 0.6917
vn 0.7926 -0.3541 0.4965
vn 0.8836 0.0632 0.4639
vn 0.8680 -0.4951 0.0370
vn 0.9955 -0.0946 0.0054
vn 0.7785 -0.3808 -0.4990
vn 0.8780 0.0661 -0.4740
vn 0.5960 -0.1319 -0.7921
vn 0.7003 0.1449 -0.6990
vn 0.3556 -0.5251 -0.7731
vn 0.3373 0.0924 -0.9369
vn 0.0702 -0.1033 -0.9922
vn 0.6342 0.2943 -0.7150
vn 0.5644 0.4732 -0.6764
vn 0.8231 0.4275 -0.3738
vn 0.8890 0.4579 0.0017
vn 0.8279 0.4202 0.3715
vn -0.2075 -0.2776 -0.9380
vn -0.7036 -0.6066 0.3700
vn 0.6964 0.0926 0.7116
vn 0.9270 0.3008 0.2241
vn 0.6801 -0.1921 0.7075
vn 0.4093 0.2312 0.8827
vn 0.0104 0.4690 0.8832
vn 0.4377 0.8177 0.3740
vn 0.3206 -0.1915 0.9277
vn -0.0057 -0.1988 0.9800
vn 0.3676 -0.5676 0.7367
vn 0.6294 -0.4180 0.6551
vn -0.0138 -0.6759 0.7369
vn 0.3217 -0.8835 0.3406
vn -0.0593 -0.9462 0.3182
vn 0.7061 -0.5819 0.4035
vn 0.2646 -0.9643 0.0108
vn -0.0807 -0.9964 0.0247
vn 0.7006 -0.7135 -0.0096
vn 0.3072 -0.8955 -0.3220
vn 0.3664 -0.5578 -0.7447
vn -0.0600 -0.9554 -0.2892
vn 0.7016 -0.5882 -0.4023
vn 0.6257 -0.4052 -0.6666
vn 0.9156 -0.1596 -0.3690
vn 0.9858 -0.1676 0.0014
vn 0.6805 -0.1585 -0.7154
vn 0.9345 0.2982 -0.1945
vn 0.8521 0.5219 0.0389
vn 0.7021 0.2709 -0.6585
vn 0.3705 0.8894 -0.2679
vn 0.4187 0.9064 0.0560
vn 0.3871 0.3489 -0.8535
vn 0.0211 0.9556 -0.2939
vn 0.0454 0.9988 0.0196
vn 0.0106 0.4495 -0.8932
vn -0.3171 0.9061 -0.2800
vn -0.8989 0.3570 -0.2540
vn -0.3943 0.3623 -0.8446
vn -0.3405 0.9392 0.0449
vn -0.8284 0.5585 0.0419
vn -0.4128 0.8192 0.3980
vn 0.0363 0.9603 0.2767
vn -0.9017 0.3285 0.2811
vn -0.4374 0.2346 0.8681
vn -0.7328 0.1052 0.6722
vn -0.3337 -0.1741 0.9265
vn -0.6856 -0.1599 0.7102
vn -0.3805 -0.5490 0.7442
vn -0.6432 -0.3903 0.6588
vn -0.3682 -0.8505 0.3755
vn -0.7369 -0.5417 0.4045
vn -0.3287 -0.9444 0.0105
vn -0.7410 -0.6714 -0.0114
vn -0.3490 -0.8676 -0.3542
vn -0.7314 -0.5501 -0.4030
vn -0.3773 -0.5435 -0.7499
vn -0.6389 -0.3778 -0.6701
vn -0.0167 -0.6733 -0.7392
vn -0.3359 -0.1385 -0.9317
vn -0.0050 -0.1678 -0.9858
vn -0.6882 -0.1302 -0.7137
vn -0.7004 0.2832 -0.6551
vn -0.9210 -0.1247 -0.3690
vn -0.9911 -0.1330 0.0009
vn -0.9193 -0.1377 0.3688
vn 0.3279 -0.1519 -0.9324
vn 0.9134 -0.1703 0.3697
vn -0.6964 0.0926 0.7116
vn -0.9270 0.3008 0.2241
vn -0.6801 -0.1921 0.7075
vn -0.4093 0.2312 0.8827
vn -0.0104 0.4690 0.8832
vn -0.4377 0.8177 0.3740
vn -0.3206 -0.1915 0.9277
vn 0.0057 -0.1988 0.9800
vn -0.3676 -0.5676 0.7367
vn -0.6294 -0.4180 0.6551
vn 0.0138 -0.6759 0.7369
vn -0.3217 -0.8835 0.3406
vn 0.0593 -0.9462 0.3182
vn -0.7061 -0.5819 0.4035
vn -0.2646 -0.9643 0.0108
vn 0.0807 -0.9964 0.0247
vn -0.7006 -0.7135 -0.0096
vn -0.3072 -0.8955 -0.3220
vn -0.3664 -0.5578 -0.7447
vn 0.0600 -0.9554 -0.2892
vn -0.7016 -0.5882 -0.4023
vn -0.6257 -0.4052 -0.6666
vn -0.9156 -0.1596 -0.3690
vn -0.9858 -0.1676 0.0014
vn -0.6805 -0.1585 -0.7154
vn -0.9345 0.2982 -0.1945
vn -0.8521 0.5219 0.0389
vn -0.7021 0.2709 -0.6585
vn -0.3705 0.8894 -0.2679
vn -0.4187 0.9064 0.0560
vn -0.3871 0.3489 -0.8535
vn -0.0211 0.9556 -0.2939
vn -0.0454 0.9988 0.0196
vn -0.0106 0.4495 -0.8932
vn 0.3171 0.9061 -0.2800
vn 0.8989 0.3570 -0.2540
vn 0.3943 0.3623 -0.8446
vn 0.3405 0.9392 0.0449
vn 0.8284 0.5585 0.0419
vn 0.4128 0.8192 0.3980
vn -0.0363 0.9603 0.2767
vn 0.9017 0.3285 0.2811
vn 0.4374 0.2346 0.8681
vn 0.7328 0.1052 0.6722
vn 0.3337 -0.1741 0.9265
vn 0.6856 -0.1599 0.7102
vn 0.3805 -0.5490 0.7442
vn 0.6432 -0.3903 0.6588
vn 0.3682 -0.8505 0.3755
vn 0.7369 -0.5417 0.4045
vn 0.3287 -0.9444 0.0105
vn 0.7410 -0.6714 -0.0114
vn 0.3490 -0.8676 -0.3542
vn 0.7314 -0.5501 -0.4030
vn 0.3773 -0.5435 -0.7499
vn 0.6389 -0.3778 -0.6701
vn 0.0167 -0.6733 -0.7392
vn 0.3359 -0.1385 -0.9317
vn 0.0050 -0.1678 -0.9858
vn 0.6882 -0.1302 -0.7137
vn 0.7004 0.2832 -0.6551
vn 0.9210 -0.1247 -0.3690
vn 0.9911 -0.1330 0.0009
vn 0.9193 -0.1377 0.3688
vn -0.3279 -0.1519 -0.9324
vn -0.9134 -0.1703 0.3697
vn -0.0000 -0.8290 -0.5593
vn -0.1091 -0.8290 -0.5485
vn -0.0000 -0.9219 -0.3875
vn -0.0000 -0.7045 -0.7097
vn 0.1091 -0.8290 -0.5485
vn 0.0756 -0.9219 -0.3800
vn 0.1385 -0.7045 -0.6960
vn 0.2140 -0.8290 -0.5167
vn 0.1483 -0.9219 -0.3580
vn 0.2716 -0.7045 -0.6557
vn 0.3107 -0.8290 -0.4650
vn 0.2153 -0.9219 -0.3222
vn 0.3943 -0.7045 -0.5901
vn 0.3955 -0.8290 -0.3955
vn 0.2740 -0.9219 -0.2740
vn 0.5018 -0.7045 -0.5018
vn 0.4650 -0.8290 -0.3107
vn 0.3221 -0.9219 -0.2153
vn 0.5901 -0.7045 -0.3943
vn 0.5167 -0.8290 -0.2140
vn 0.3580 -0.9219 -0.1483
vn 0.6557 -0.7045 -0.2716
vn 0.5485 -0.8290 -0.1091
vn 0.3800 -0.9219 -0.0756
vn 0.6960 -0.7045 -0.1385
vn 0.5593 -0.8290 -0.0000
vn 0.3874 -0.9219 -0.0000
vn 0.7097 -0.7045 -0.0000
vn 0.5485 -0.8290 0.1091
vn 0.3800 -0.9219 0.0756
vn 0.6961 -0.7045 0.1385
vn 0.5167 -0.8290 0.2140
vn 0.3580 -0.9219 0.1483
vn 0.6557 -0.7045 0.2716
vn 0.4650 -0.8290 0.3107
vn 0.3221 -0.9219 0.2153
vn 0.5901 -0.7045 0.3943
vn 0.3955 -0.8290 0.3955
vn 0.2740 -0.9219 0.2740
vn 0.5018 -0.7045 0.5018
vn 0.3107 -0.8290 0.4650
vn 0.2152 -0.9219 0.3222
vn 0.3943 -0.7045 0.5901
vn 0.2140 -0.8290 0.5167
vn 0.1483 -0.9219 0.3580
vn 0.2716 -0.7045 0.6557
vn 0.1091 -0.8290 0.5485
vn 0.0756 -0.9219 0.3800
vn 0.1385 -0.7045 0.6960
vn -0.0000 -0.8290 0.5593
vn -0.0000 -0.9219 0.3875
vn -0.0000 -0.7045 0.7097
vn -0.1091 -0.8290 0.5485
vn -0.0756 -0.9219 0.3800
vn -0.1385 -0.7045 0.6960
vn -0.2140 -0.8290 0.5167
vn -0.1483 -0.9219 0.3580
vn -0.2716 -0.7045 0.6557
vn -0.3107 -0.8290 0.4650
vn -0.2153 -0.9219 0.3222
vn -0.3943 -0.7045 0.5901
vn -0.3955 -0.8290 0.3955
vn -0.2740 -0.9219 0.2740
vn -0.5018 -0.7045 0.5018
vn -0.4650 -0.8290 0.3107
vn -0.3221 -0.9219 0.2153
vn -0.5901 -0.7045 0.3943
vn -0.5167 -0.8290 0.2140
vn -0.3580 -0.9219 0.1483
vn -0.6557 -0.7045 0.2716
vn -0.5485 -0.8290 0.1091
vn -0.3800 -0.9219 0.0756
vn -0.6960 -0.7045 0.1385
vn -0.5593 -0.8290 -0.0000
vn -0.3874 -0.9219 -0.0000
vn -0.7097 -0.7045 -0.0000
vn -0.5485 -0.8290 -0.1091
vn -0.3800 -0.9219 -0.0756
vn -0.6960 -0.7045 -0.1385
vn -0.5167 -0.8290 -0.2140
vn -0.3580 -0.9219 -0.1483
vn -0.6557 -0.7045 -0.2716
vn -0.4650 -0.8290 -0.3107
vn -0.3222 -0.9219 -0.2153
vn -0.5901 -0.7045 -0.3943
vn -0.3955 -0.8290 -0.3955
vn -0.2740 -0.9219 -0.2740
vn -0.5018 -0.7045 -0.5018
vn -0.3107 -0.8290 -0.4650
vn -0.2152 -0.9219 -0.3222
vn -0.3943 -0.7045 -0.5901
vn -0.2140 -0.8290 -0.5167
vn -0.1483 -0.9219 -0.3580
vn -0.2716 -0.7045 -0.6557
vn -0.3188 -0.5533 -0.7696
vn -0.1384 -0.7045 -0.6960
vn -0.1625 -0.5533 -0.8170
vn -0.1804 -0.3810 -0.9068
vn -0.0000 -0.5533 -0.8330
vn -0.0000 -0.3810 -0.9246
vn 0.1625 -0.5533 -0.8170
vn 0.1804 -0.3810 -0.9068
vn 0.3188 -0.5533 -0.7696
vn 0.3538 -0.3810 -0.8542
vn 0.4628 -0.5533 -0.6926
vn 0.5137 -0.3810 -0.7688
vn 0.5890 -0.5533 -0.5890
vn 0.6538 -0.3810 -0.6538
vn 0.6926 -0.5533 -0.4628
vn 0.7688 -0.3810 -0.5137
vn 0.7696 -0.5533 -0.3188
vn 0.8542 -0.3810 -0.3538
vn 0.8170 -0.5533 -0.1625
vn 0.9068 -0.3810 -0.1804
vn 0.8330 -0.5533 -0.0000
vn 0.9246 -0.3810 -0.0000
vn 0.8170 -0.5533 0.1625
vn 0.9068 -0.3810 0.1804
vn 0.7696 -0.5533 0.3188
vn 0.8542 -0.3810 0.3538
vn 0.6926 -0.5533 0.4628
vn 0.7688 -0.3810 0.5137
vn 0.5890 -0.5533 0.5890
vn 0.6538 -0.3810 0.6538
vn 0.4628 -0.5533 0.6926
vn 0.5137 -0.3810 0.7688
vn 0.3188 -0.5533 0.7696
vn 0.3538 -0.3810 0.8542
vn 0.1625 -0.5533 0.8170
vn 0.1804 -0.3810 0.9068
vn -0.0000 -0.5533 0.8330
vn -0.0000 -0.3810 0.9246
vn -0.1625 -0.5533 0.8170
vn -0.1804 -0.3810 0.9068
vn -0.3188 -0.5533 0.7696
vn -0.3538 -0.3810 0.8542
vn -0.4628 -0.5533 0.6926
vn -0.5137 -0.3810 0.7688
vn -0.5890 -0.5533 0.5890
vn -0.6538 -0.3810 0.6538
vn -0.6926 -0.5533 0.4628
vn -0.7688 -0.3810 0.5137
vn -0.7696 -0.5533 0.3188
vn -0.8542 -0.3810 0.3538
vn -0.8170 -0.5533 0.1625
vn -0.9068 -0.3810 0.1804
vn -0.8330 -0.5533 -0.0000
vn -0.9246 -0.3810 -0.0000
vn -0.8170 -0.5533 -0.1625
vn -0.9068 -0.3810 -0.1804
vn -0.7696 -0.5533 -0.3188
vn -0.8542 -0.3810 -0.3538
vn -0.6926 -0.5533 -0.4628
vn -0.7688 -0.3810 -0.5137
vn -0.5890 -0.5533 -0.5890
vn -0.6538 -0.3810 -0.6538
vn -0.4628 -0.5533 -0.6926
vn -0.5137 -0.3810 -0.7688
vn -0.5450 -0.1942 -0.8156
vn -0.3538 -0.3810 -0.8542
vn -0.3754 -0.1942 -0.9063
vn -0.1914 -0.1942 -0.9621
vn -0.0000 -0.1942 -0.9810
vn 0.1914 -0.1942 -0.9621
vn 0.3754 -0.1942 -0.9063
vn 0.5450 -0.1942 -0.8156
vn 0.6936 -0.1942 -0.6936
vn 0.8156 -0.1942 -0.5450
vn 0.9063 -0.1942 -0.3754
vn 0.9621 -0.1942 -0.1914
vn 0.9810 -0.1942 -0.0000
vn 0.9621 -0.1942 0.1914
vn 0.9063 -0.1942 0.3754
vn 0.8156 -0.1942 0.5450
vn 0.6936 -0.1942 0.6936
vn 0.5450 -0.1942 0.8156
vn 0.3754 -0.1942 0.9063
vn 0.1914 -0.1942 0.9621
vn -0.0000 -0.1942 0.9810
vn -0.1914 -0.1942 0.9621
vn -0.3754 -0.1942 0.9063
vn -0.5450 -0.1942 0.8156
vn -0.6936 -0.1942 0.6936
vn -0.8156 -0.1942 0.5450
vn -0.9063 -0.1942 0.3754
vn -0.9621 -0.1942 0.1914
vn -0.9810 -0.1942 -0.0000
vn -0.9621 -0.1942 -0.1914
vn -0.9063 -0.1942 -0.3754
vn -0.8156 -0.1942 -0.5450
vn -0.6937 -0.1942 -0.6936
vn -0.6936 0.1942 -0.6936
vn -0.5450 0.1942 -0.8156
vn -0.5137 0.3810 -0.7688
vn -0.3754 0.1942 -0.9063
vn -0.3538 0.3810 -0.8542
vn -0.1914 0.1942 -0.9621
vn -0.1804 0.3810 -0.9068
vn -0.0000 0.1942 -0.9810
vn -0.0000 0.3810 -0.9246
vn 0.1914 0.1942 -0.9621
vn 0.1804 0.3810 -0.9068
vn 0.3754 0.1942 -0.9063
vn 0.3538 0.3810 -0.8542
vn 0.5450 0.1942 -0.8156
vn 0.5137 0.3810 -0.7688
vn 0.6936 0.1942 -0.6937
vn 0.6538 0.3810 -0.6538
vn 0.8156 0.1942 -0.5450
vn 0.7688 0.3810 -0.5137
vn 0.9063 0.1942 -0.3754
vn 0.8542 0.3810 -0.3538
vn 0.9621 0.1942 -0.1914
vn 0.9068 0.3810 -0.1804
vn 0.9810 0.1942 -0.0000
vn 0.9246 0.3810 -0.0000
vn 0.9621 0.1942 0.1914
vn 0.9068 0.3810 0.1804
vn 0.9063 0.1942 0.3754
vn 0.8542 0.3810 0.3538
vn 0.8156 0.1942 0.5450
vn 0.7688 0.3810 0.5137
vn 0.6936 0.1942 0.6937
vn 0.6538 0.3810 0.6538
vn 0.5450 0.1942 0.8156
vn 0.5137 0.3810 0.7688
vn 0.3754 0.1942 0.9063
vn 0.3538 0.3810 0.8542
vn 0.1914 0.1942 0.9621
vn 0.1804 0.3810 0.9068
vn -0.0000 0.1942 0.9810
vn -0.0000 0.3810 0.9246
vn -0.1914 0.1942 0.9621
vn -0.1804 0.3810 0.9068
vn -0.3754 0.1942 0.9063
vn -0.3538 0.3810 0.8542
vn -0.5450 0.1942 0.8156
vn -0.5137 0.3810 0.7688
vn -0.6936 0.1942 0.6937
vn -0.6538 0.3810 0.6538
vn -0.8156 0.1942 0.5450
vn -0.7688 0.3810 0.5137
vn -0.9063 0.1942 0.3754
vn -0.8542 0.3810 0.3538
vn -0.9621 0.1942 0.1914
vn -0.9068 0.3810 0.1804
vn -0.9810 0.1942 -0.0000
vn -0.9246 0.3810 -0.0000
vn -0.9621 0.1942 -0.1914
vn -0.9068 0.3810 -0.1804
vn -0.9063 0.1942 -0.3754
vn -0.8542 0.3810 -0.3538
vn -0.8156 0.1942 -0.5450
vn -0.7688 0.3810 -0.5137
vn -0.6926 0.5533 -0.4628
vn -0.6538 0.3810 -0.6538
vn -0.5890 0.5533 -0.5890
vn -0.5018 0.7045 -0.5018
vn -0.4628 0.5533 -0.6926
vn -0.3943 0.7045 -0.5901
vn -0.3188 0.5533 -0.7696
vn -0.2716 0.7045 -0.6557
vn -0.1625 0.5533 -0.8170
vn -0.1385 0.7045 -0.6960
vn -0.0000 0.5533 -0.8330
vn -0.0000 0.7045 -0.7097
vn 0.1625 0.5533 -0.8170
vn 0.1384 0.7045 -0.6960
vn 0.3188 0.5533 -0.7696
vn 0.2716 0.7045 -0.6557
vn 0.4628 0.5533 -0.6926
vn 0.3943 0.7045 -0.5901
vn 0.5890 0.5533 -0.5890
vn 0.5018 0.7045 -0.5018
vn 0.6926 0.5533 -0.4628
vn 0.5901 0.7045 -0.3943
vn 0.7696 0.5533 -0.3188
vn 0.6557 0.7045 -0.2716
vn 0.8170 0.5533 -0.1625
vn 0.6960 0.7045 -0.1385
vn 0.8330 0.5533 -0.0000
vn 0.7097 0.7045 -0.0000
vn 0.8170 0.5533 0.1625
vn 0.6960 0.7045 0.1385
vn 0.7696 0.5533 0.3188
vn 0.6557 0.7045 0.2716
vn 0.6926 0.5533 0.4628
vn 0.5901 0.7045 0.3943
vn 0.5890 0.5533 0.5890
vn 0.5018 0.7045 0.5018
vn 0.4628 0.5533 0.6926
vn 0.3943 0.7045 0.5901
vn 0.3188 0.5533 0.7696
vn 0.2716 0.7045 0.6557
vn 0.1625 0.5533 0.8170
vn 0.1384 0.7045 0.6960
vn -0.0000 0.5533 0.8330
vn -0.0000 0.7045 0.7097
vn -0.1625 0.5533 0.8170
vn -0.1384 0.7045 0.6960
vn -0.3188 0.5533 0.7696
vn -0.2716 0.7045 0.6557
vn -0.4628 0.5533 0.6926
vn -0.3943 0.7045 0.5901
vn -0.5890 0.5533 0.5890
vn -0.5018 0.7045 0.5018
vn -0.6926 0.5533 0.4628
vn -0.5901 0.7045 0.3943
vn -0.7696 0.5533 0.3188
vn -0.6557 0.7045 0.2716
vn -0.8170 0.5533 0.1625
vn -0.6960 0.7045 0.1385
vn -0.8330 0.5533 -0.0000
vn -0.7097 0.7045 -0.0000
vn -0.8170 0.5533 -0.1625
vn -0.6960 0.7045 -0.1385
vn -0.7696 0.5533 -0.3188
vn -0.6557 0.7045 -0.2716
vn -0.5167 0.8290 -0.2140
vn -0.5901 0.7045 -0.3943
vn -0.4650 0.8290 -0.3107
vn -0.3222 0.9219 -0.2153
vn -0.3955 0.8290 -0.3955
vn -0.2740 0.9219 -0.2740
vn -0.3107 0.8290 -0.4650
vn -0.2153 0.9219 -0.3222
vn -0.2140 0.8290 -0.5167
vn -0.1483 0.9219 -0.3580
vn -0.1091 0.8290 -0.5485
vn -0.0756 0.9219 -0.3800
vn -0.0000 0.8290 -0.5593
vn -0.0000 0.9219 -0.3875
vn 0.1091 0.8290 -0.5485
vn 0.0756 0.9219 -0.3800
vn 0.2140 0.8290 -0.5167
vn 0.1483 0.9219 -0.3580
vn 0.3107 0.8290 -0.4650
vn 0.2153 0.9219 -0.3222
vn 0.3955 0.8290 -0.3955
vn 0.2740 0.9219 -0.2740
vn 0.4650 0.8290 -0.3107
vn 0.3222 0.9219 -0.2153
vn 0.5167 0.8290 -0.2140
vn 0.3580 0.9219 -0.1483
vn 0.5485 0.8290 -0.1091
vn 0.3800 0.9219 -0.0756
vn 0.5593 0.8290 -0.0000
vn 0.3874 0.9219 -0.0000
vn 0.5485 0.8290 0.1091
vn 0.3800 0.9219 0.0756
vn 0.5167 0.8290 0.2140
vn 0.3580 0.9219 0.1483
vn 0.4650 0.8290 0.3107
vn 0.3221 0.9219 0.2153
vn 0.3955 0.8290 0.3955
vn 0.2740 0.9219 0.2740
vn 0.3107 0.8290 0.4650
vn 0.2152 0.9219 0.3222
vn 0.2140 0.8290 0.5167
vn 0.1483 0.9219 0.3580
vn 0.1091 0.8290 0.5485
vn 0.0756 0.9219 0.3800
vn -0.0000 0.8290 0.5593
vn -0.0000 0.9219 0.3875
vn -0.1091 0.8290 0.5485
vn -0.0756 0.9219 0.3800
vn -0.2140 0.8290 0.5167
vn -0.1483 0.9219 0.3580
vn -0.3107 0.8290 0.4650
vn -0.2152 0.9219 0.3222
vn -0.3955 0.8290 0.3955
vn -0.2740 0.9219 0.2740
vn -0.4650 0.8290 0.3107
vn -0.3222 0.9219 0.2153
vn -0.5167 0.8290 0.2140
vn -0.3580 0.9219 0.1483
vn -0.5485 0.8290 0.1091
vn -0.3800 0.9219 0.0756
vn -0.5593 0.8290 -0.0000
vn -0.3874 0.9219 -0.0000
vn -0.5485 0.8290 -0.1091
vn -0.3800 0.9219 -0.0756
vn -0.1969 0.9797 -0.0392
vn -0.3580 0.9219 -0.1483
vn -0.1854 0.9797 -0.0768
vn -0.1669 0.9796 -0.1115
vn 0.1419 0.9796 0.1419
vn -0.0000 0.9796 -0.2007
vn -0.0392 0.9796 -0.1969
vn -0.0768 0.9796 -0.1854
vn -0.1115 0.9796 -0.1669
vn -0.1419 0.9796 -0.1419
vn -0.2007 0.9796 -0.0000
vn -0.1969 0.9797 0.0392
vn -0.1854 0.9796 0.0768
vn -0.1669 0.9796 0.1115
vn -0.1420 0.9796 0.1419
vn -0.1115 0.9796 0.1669
vn -0.0768 0.9796 0.1854
vn -0.0392 0.9796 0.1969
vn -0.0000 0.9796 0.2007
vn 0.0392 0.9796 0.1969
vn 0.0768 0.9796 0.1854
vn 0.1115 0.9797 0.1669
vn 0.1669 0.9796 0.1115
vn 0.1854 0.9796 0.0768
vn 0.1969 0.9796 0.0392
vn 0.2007 0.9796 -0.0000
vn 0.1969 0.9797 -0.0392
vn 0.1854 0.9796 -0.0768
vn 0.1669 0.9796 -0.1115
vn 0.1420 0.9796 -0.1419
vn 0.1115 0.9796 -0.1669
vn 0.0768 0.9796 -0.1854
vn 0.0392 0.9796 -0.1969
vn -0.0768 -0.9796 -0.1854
vn -0.0756 -0.9219 -0.3800
vn -0.0391 -0.9797 -0.1969
vn -0.0000 -0.9796 -0.2007
vn 0.0392 -0.9796 -0.1969
vn 0.0768 -0.9796 -0.1854
vn 0.1115 -0.9796 -0.1669
vn 0.1419 -0.9796 -0.1419
vn 0.1669 -0.9797 -0.1115
vn 0.1854 -0.9796 -0.0768
vn 0.1969 -0.9796 -0.0392
vn 0.2007 -0.9796 -0.0000
vn 0.1969 -0.9796 0.0392
vn 0.1854 -0.9796 0.0768
vn 0.1669 -0.9796 0.1115
vn 0.1419 -0.9796 0.1419
vn 0.1115 -0.9796 0.1669
vn 0.0768 -0.9796 0.1854
vn 0.0392 -0.9796 0.1969
vn -0.0000 -0.9796 0.2007
vn -0.0391 -0.9797 0.1969
vn -0.0768 -0.9797 0.1854
vn -0.1115 -0.9796 0.1669
vn -0.1419 -0.9796 0.1419
vn -0.1669 -0.9796 0.1115
vn -0.1854 -0.9796 0.0768
vn -0.1969 -0.9796 0.0392
vn -0.2007 -0.9796 -0.0000
vn -0.1969 -0.9796 -0.0392
vn -0.1855 -0.9796 -0.0768
vn -0.1669 -0.9796 -0.1115
vn -0.1419 -0.9796 -0.1419
vn -0.1116 -0.9796 -0.1669
vn -0.2153 -0.9219 -0.3222
vn -0.3221 -0.9219 -0.2153
vn -0.6961 -0.7045 -0.1385
vn -0.6961 -0.7045 0.1385
vn -0.3222 -0.9219 0.2153
vn -0.2152 -0.9219 0.3222
vn -0.1384 -0.7045 0.6960
vn 0.3222 -0.9219 0.2153
vn 0.6960 -0.7045 0.1385
vn 0.6961 -0.7045 -0.1385
vn -0.6936 -0.1942 -0.6936
vn -0.6937 -0.1942 0.6936
vn -0.6936 0.1942 0.6936
vn -0.1384 0.7045 -0.6960
vn -0.2152 0.9219 -0.3222
vn -0.2153 0.9219 0.3222
vn 0.2153 0.9219 0.3222
vn 0.3222 0.9219 0.2153
vn 0.1969 0.9796 -0.0392
vn 0.1969 0.9797 0.0392
vn 0.1420 0.9796 0.1419
vn 0.1115 0.9796 0.1669
vn -0.1969 0.9796 0.0392
vn -0.1969 0.9796 -0.0392
vn -0.1855 0.9796 -0.0768
vn -0.1420 0.9796 -0.1419
vn 0.0391 -0.9797 -0.1969
vn -0.0392 -0.9796 -0.1969
vn -0.0769 -0.9796 -0.1854
vn -0.1115 -0.9796 -0.1669
vn -0.1669 -0.9797 -0.1115
vn -0.1854 -0.9797 -0.0768
vn -0.1855 -0.9796 0.0768
vn -0.1116 -0.9796 0.1669
vn -0.0768 -0.9796 0.1854
vn -0.0391 -0.9796 0.1969
vn 0.0391 -0.9797 0.1969
vn 0.0768 -0.9797 0.1854
vn 0.1116 -0.9796 0.1669
vn 0.1854 -0.9797 0.0768
vn 0.1669 -0.9796 -0.1115
vn 0.1116 -0.9796 -0.1669
vn -0.3705 -0.7237 -0.5822
vn -0.4090 -0.7294 -0.5484
vn -0.2734 -0.8606 -0.4296
vn -0.4397 -0.5738 -0.6909
vn -0.3236 -0.7293 -0.6028
vn -0.2386 -0.8641 -0.4431
vn -0.3848 -0.5803 -0.7177
vn -0.2677 -0.7461 -0.6096
vn -0.1963 -0.8743 -0.4440
vn -0.3207 -0.6000 -0.7329
vn -0.2015 -0.7733 -0.6012
vn -0.1462 -0.8903 -0.4313
vn -0.2444 -0.6331 -0.7345
vn -0.1234 -0.8094 -0.5741
vn -0.0887 -0.9106 -0.4038
vn -0.1517 -0.6797 -0.7177
vn -0.0320 -0.8513 -0.5237
vn -0.0242 -0.9327 -0.3598
vn -0.0379 -0.7378 -0.6740
vn 0.0722 -0.8929 -0.4444
vn 0.0462 -0.9534 -0.2983
vn 0.0998 -0.8007 -0.5908
vn 0.1849 -0.9251 -0.3317
vn 0.1200 -0.9684 -0.2186
vn 0.2565 -0.8533 -0.4539
vn 0.2936 -0.9375 -0.1868
vn 0.1910 -0.9740 -0.1215
vn 0.4089 -0.8747 -0.2602
vn 0.3788 -0.9251 -0.0270
vn 0.2488 -0.9684 -0.0161
vn 0.5198 -0.8533 -0.0402
vn 0.4331 -0.8929 0.1228
vn 0.2898 -0.9534 0.0845
vn 0.5774 -0.8007 0.1598
vn 0.4609 -0.8513 0.2508
vn 0.3157 -0.9327 0.1743
vn 0.5945 -0.7378 0.3198
vn 0.4679 -0.8094 0.3549
vn 0.3282 -0.9106 0.2514
vn 0.5859 -0.6797 0.4413
vn 0.4593 -0.7733 0.4372
vn 0.3288 -0.8903 0.3151
vn 0.5619 -0.6331 0.5324
vn 0.4389 -0.7461 0.5007
vn 0.3191 -0.8743 0.3658
vn 0.5281 -0.6000 0.6009
vn 0.4090 -0.7294 0.5484
vn 0.3004 -0.8641 0.4038
vn 0.4873 -0.5803 0.6525
vn 0.3705 -0.7237 0.5822
vn 0.2734 -0.8606 0.4296
vn 0.4397 -0.5738 0.6909
vn 0.3236 -0.7294 0.6028
vn 0.2386 -0.8641 0.4431
vn 0.3848 -0.5803 0.7177
vn 0.2677 -0.7461 0.6096
vn 0.1963 -0.8743 0.4440
vn 0.3207 -0.6000 0.7329
vn 0.2015 -0.7733 0.6012
vn 0.1462 -0.8903 0.4313
vn 0.2444 -0.6331 0.7345
vn 0.1234 -0.8094 0.5741
vn 0.0887 -0.9106 0.4037
vn 0.1517 -0.6797 0.7177
vn 0.0320 -0.8513 0.5237
vn 0.0242 -0.9327 0.3598
vn 0.0379 -0.7378 0.6740
vn -0.0722 -0.8929 0.4444
vn -0.0462 -0.9534 0.2983
vn -0.0998 -0.8007 0.5908
vn -0.1849 -0.9251 0.3317
vn -0.1200 -0.9684 0.2186
vn -0.2565 -0.8533 0.4539
vn -0.2936 -0.9375 0.1868
vn -0.1910 -0.9740 0.1215
vn -0.4089 -0.8747 0.2602
vn -0.3788 -0.9251 0.0270
vn -0.2488 -0.9684 0.0161
vn -0.5199 -0.8533 0.0402
vn -0.4331 -0.8929 -0.1228
vn -0.2898 -0.9534 -0.0845
vn -0.5774 -0.8007 -0.1598
vn -0.4609 -0.8513 -0.2508
vn -0.3157 -0.9327 -0.1743
vn -0.5945 -0.7378 -0.3198
vn -0.4679 -0.8094 -0.3549
vn -0.3282 -0.9106 -0.2514
vn -0.5859 -0.6797 -0.4413
vn -0.4593 -0.7733 -0.4372
vn -0.3288 -0.8903 -0.3151
vn -0.5619 -0.6331 -0.5324
vn -0.4389 -0.7461 -0.5007
vn -0.3191 -0.8743 -0.3658
vn -0.5281 -0.6000 -0.6009
vn -0.5907 -0.4483 -0.6709
vn -0.4873 -0.5803 -0.6525
vn -0.5405 -0.4299 -0.7233
vn -0.5742 -0.2831 -0.7682
vn -0.4863 -0.4239 -0.7641
vn -0.5157 -0.2786 -0.8102
vn -0.4263 -0.4299 -0.7959
vn -0.4528 -0.2831 -0.8455
vn -0.3577 -0.4483 -0.8192
vn -0.3817 -0.2970 -0.8753
vn -0.2756 -0.4804 -0.8326
vn -0.2966 -0.3220 -0.8991
vn -0.1734 -0.5281 -0.8313
vn -0.1885 -0.3608 -0.9134
vn -0.0417 -0.5923 -0.8046
vn -0.0433 -0.4167 -0.9080
vn 0.1288 -0.6687 -0.7323
vn 0.1572 -0.4894 -0.8578
vn 0.3356 -0.7389 -0.5843
vn 0.4177 -0.5628 -0.7133
vn 0.5391 -0.7692 -0.3431
vn 0.6772 -0.5964 -0.4310
vn 0.6714 -0.7389 -0.0566
vn 0.8230 -0.5628 -0.0764
vn 0.7179 -0.6687 0.1934
vn 0.8436 -0.4894 0.2209
vn 0.7113 -0.5923 0.3785
vn 0.8042 -0.4167 0.4238
vn 0.6796 -0.5281 0.5091
vn 0.7477 -0.3608 0.5575
vn 0.6376 -0.4804 0.6023
vn 0.6889 -0.3220 0.6494
vn 0.5907 -0.4483 0.6709
vn 0.6313 -0.2970 0.7164
vn 0.5405 -0.4299 0.7233
vn 0.5742 -0.2831 0.7682
vn 0.4863 -0.4239 0.7641
vn 0.5157 -0.2786 0.8102
vn 0.4263 -0.4299 0.7959
vn 0.4528 -0.2831 0.8455
vn 0.3577 -0.4483 0.8192
vn 0.3816 -0.2970 0.8753
vn 0.2756 -0.4804 0.8326
vn 0.2966 -0.3220 0.8991
vn 0.1734 -0.5281 0.8313
vn 0.1885 -0.3608 0.9134
vn 0.0417 -0.5923 0.8046
vn 0.0433 -0.4167 0.9080
vn -0.1288 -0.6687 0.7323
vn -0.1572 -0.4894 0.8578
vn -0.3356 -0.7389 0.5843
vn -0.4177 -0.5628 0.7133
vn -0.5391 -0.7692 0.3431
vn -0.6772 -0.5964 0.4310
vn -0.6714 -0.7389 0.0566
vn -0.8230 -0.5628 0.0764
vn -0.7180 -0.6687 -0.1934
vn -0.8436 -0.4894 -0.2209
vn -0.7113 -0.5923 -0.3785
vn -0.8042 -0.4167 -0.4238
vn -0.6796 -0.5281 -0.5091
vn -0.7477 -0.3608 -0.5575
vn -0.6376 -0.4804 -0.6023
vn -0.6889 -0.3220 -0.6494
vn -0.7186 -0.1613 -0.6765
vn -0.6313 -0.2970 -0.7164
vn -0.6541 -0.1477 -0.7418
vn -0.6614 -0.0000 -0.7500
vn -0.5929 -0.1403 -0.7930
vn -0.5988 -0.0000 -0.8009
vn -0.5318 -0.1379 -0.8356
vn -0.5369 -0.0000 -0.8436
vn -0.4673 -0.1403 -0.8729
vn -0.4720 -0.0000 -0.8816
vn -0.3951 -0.1477 -0.9067
vn -0.3994 -0.0000 -0.9168
vn -0.3085 -0.1613 -0.9374
vn -0.3124 -0.0000 -0.9499
vn -0.1973 -0.1830 -0.9631
vn -0.2002 -0.0000 -0.9798
vn -0.0435 -0.2158 -0.9755
vn -0.0434 -0.0000 -0.9991
vn 0.1797 -0.2615 -0.9483
vn 0.1887 -0.0000 -0.9820
vn 0.4870 -0.3111 -0.8162
vn 0.5155 -0.0000 -0.8569
vn 0.7951 -0.3344 -0.5060
vn 0.8436 -0.0000 -0.5369
vn 0.9456 -0.3111 -0.0955
vn 0.9946 -0.0000 -0.1042
vn 0.9352 -0.2615 0.2388
vn 0.9695 -0.0000 0.2449
vn 0.8652 -0.2158 0.4525
vn 0.8867 -0.0000 0.4624
vn 0.7889 -0.1830 0.5866
vn 0.8028 -0.0000 0.5962
vn 0.7186 -0.1613 0.6765
vn 0.7283 -0.0000 0.6853
vn 0.6541 -0.1477 0.7419
vn 0.6614 -0.0000 0.7500
vn 0.5929 -0.1403 0.7930
vn 0.5988 -0.0000 0.8009
vn 0.5318 -0.1379 0.8356
vn 0.5369 -0.0000 0.8436
vn 0.4673 -0.1403 0.8729
vn 0.4720 -0.0000 0.8816
vn 0.3951 -0.1477 0.9067
vn 0.3994 -0.0000 0.9168
vn 0.3085 -0.1613 0.9374
vn 0.3124 -0.0000 0.9499
vn 0.1973 -0.1830 0.9631
vn 0.2002 -0.0000 0.9798
vn 0.0435 -0.2158 0.9755
vn 0.0434 -0.0000 0.9991
vn -0.1797 -0.2615 0.9483
vn -0.1887 -0.0000 0.9820
vn -0.4870 -0.3111 0.8162
vn -0.5155 -0.0000 0.8569
vn -0.7951 -0.3344 0.5060
vn -0.8436 -0.0000 0.5369
vn -0.9456 -0.3111 0.0955
vn -0.9946 -0.0000 0.1042
vn -0.9352 -0.2615 -0.2388
vn -0.9695 -0.0000 -0.2449
vn -0.8652 -0.2158 -0.4525
vn -0.8867 -0.0000 -0.4624
vn -0.7889 -0.1830 -0.5866
vn -0.8028 -0.0000 -0.5962
vn -0.7889 0.1830 -0.5866
vn -0.7283 -0.0000 -0.6853
vn -0.7186 0.1613 -0.6765
vn -0.6889 0.3220 -0.6494
vn -0.6541 0.1477 -0.7419
vn -0.6313 0.2970 -0.7164
vn -0.5929 0.1403 -0.7930
vn -0.5742 0.2831 -0.7682
vn -0.5318 0.1379 -0.8356
vn -0.5156 0.2786 -0.8102
vn -0.4673 0.1403 -0.8729
vn -0.4527 0.2831 -0.8455
vn -0.3951 0.1477 -0.9067
vn -0.3816 0.2970 -0.8753
vn -0.3085 0.1613 -0.9374
vn -0.2966 0.3220 -0.8991
vn -0.1973 0.1830 -0.9631
vn -0.1885 0.3608 -0.9134
vn -0.0435 0.2158 -0.9755
vn -0.0433 0.4167 -0.9080
vn 0.1797 0.2615 -0.9483
vn 0.1572 0.4894 -0.8578
vn 0.4870 0.3111 -0.8162
vn 0.4177 0.5628 -0.7133
vn 0.7951 0.3344 -0.5060
vn 0.6772 0.5964 -0.4310
vn 0.9456 0.3111 -0.0955
vn 0.8230 0.5628 -0.0764
vn 0.9352 0.2615 0.2388
vn 0.8436 0.4894 0.2209
vn 0.8652 0.2158 0.4525
vn 0.8042 0.4167 0.4238
vn 0.7889 0.1830 0.5866
vn 0.7477 0.3608 0.5575
vn 0.7186 0.1613 0.6765
vn 0.6889 0.3220 0.6494
vn 0.6541 0.1477 0.7419
vn 0.6313 0.2970 0.7164
vn 0.5929 0.1403 0.7930
vn 0.5742 0.2831 0.7682
vn 0.5318 0.1379 0.8356
vn 0.5157 0.2786 0.8102
vn 0.4673 0.1403 0.8729
vn 0.4528 0.2831 0.8455
vn 0.3951 0.1477 0.9067
vn 0.3816 0.2970 0.8753
vn 0.3085 0.1613 0.9374
vn 0.2966 0.3220 0.8991
vn 0.1973 0.1830 0.9631
vn 0.1885 0.3608 0.9134
vn 0.0435 0.2158 0.9755
vn 0.0433 0.4167 0.9080
vn -0.1797 0.2615 0.9483
vn -0.1572 0.4894 0.8578
vn -0.4870 0.3111 0.8162
vn -0.4177 0.5628 0.7133
vn -0.7951 0.3344 0.5060
vn -0.6772 0.5964 0.4310
vn -0.9456 0.3111 0.0955
vn -0.8230 0.5628 0.0764
vn -0.9352 0.2615 -0.2388
vn -0.8436 0.4894 -0.2209
vn -0.8652 0.2158 -0.4525
vn -0.8042 0.4167 -0.4238
vn -0.7113 0.5923 -0.3785
vn -0.7477 0.3608 -0.5575
vn -0.6796 0.5281 -0.5091
vn -0.5859 0.6797 -0.4413
vn -0.6375 0.4804 -0.6023
vn -0.5619 0.6331 -0.5324
vn -0.5907 0.4483 -0.6709
vn -0.5281 0.6000 -0.6009
vn -0.5405 0.4299 -0.7233
vn -0.4873 0.5803 -0.6525
vn -0.4863 0.4239 -0.7641
vn -0.4397 0.5738 -0.6909
vn -0.4263 0.4299 -0.7959
vn -0.3848 0.5803 -0.7177
vn -0.3577 0.4483 -0.8192
vn -0.3207 0.6000 -0.7329
vn -0.2756 0.4804 -0.8326
vn -0.2444 0.6331 -0.7345
vn -0.1734 0.5281 -0.8313
vn -0.1517 0.6797 -0.7177
vn -0.0417 0.5923 -0.8046
vn -0.0379 0.7378 -0.6740
vn 0.1288 0.6687 -0.7323
vn 0.0998 0.8007 -0.5908
vn 0.3356 0.7389 -0.5843
vn 0.2565 0.8533 -0.4539
vn 0.5391 0.7692 -0.3431
vn 0.4089 0.8747 -0.2602
vn 0.6714 0.7389 -0.0566
vn 0.5198 0.8533 -0.0402
vn 0.7179 0.6687 0.1934
vn 0.5774 0.8007 0.1598
vn 0.7113 0.5923 0.3785
vn 0.5945 0.7378 0.3198
vn 0.6796 0.5281 0.5091
vn 0.5859 0.6797 0.4413
vn 0.6375 0.4804 0.6023
vn 0.5619 0.6331 0.5324
vn 0.5907 0.4483 0.6709
vn 0.5281 0.6000 0.6009
vn 0.5405 0.4299 0.7233
vn 0.4873 0.5803 0.6525
vn 0.4863 0.4239 0.7641
vn 0.4397 0.5738 0.6909
vn 0.4263 0.4299 0.7959
vn 0.3848 0.5803 0.7177
vn 0.3577 0.4483 0.8192
vn 0.3207 0.6000 0.7329
vn 0.2756 0.4804 0.8326
vn 0.2444 0.6331 0.7345
vn 0.1734 0.5281 0.8313
vn 0.1517 0.6797 0.7177
vn 0.0417 0.5923 0.8046
vn 0.0379 0.7378 0.6740
vn -0.1288 0.6687 0.7323
vn -0.0998 0.8007 0.5908
vn -0.3356 0.7389 0.5843
vn -0.2565 0.8533 0.4539
vn -0.5391 0.7692 0.3431
vn -0.4089 0.8747 0.2602
vn -0.6714 0.7389 0.0566
vn -0.5198 0.8533 0.0402
vn -0.7179 0.6687 -0.1934
vn -0.5774 0.8007 -0.1598
vn -0.4331 0.8929 -0.1228
vn -0.5945 0.7378 -0.3198
vn -0.4609 0.8513 -0.2508
vn -0.3157 0.9327 -0.1743
vn -0.4679 0.8094 -0.3549
vn -0.3282 0.9106 -0.2514
vn -0.4593 0.7733 -0.4371
vn -0.3288 0.8903 -0.3152
vn -0.4389 0.7461 -0.5007
vn -0.3191 0.8743 -0.3658
vn -0.4090 0.7293 -0.5484
vn -0.3004 0.8641 -0.4038
vn -0.3705 0.7237 -0.5822
vn -0.2734 0.8606 -0.4296
vn -0.3236 0.7293 -0.6028
vn -0.2386 0.8641 -0.4431
vn -0.2677 0.7461 -0.6096
vn -0.1962 0.8743 -0.4440
vn -0.2015 0.7733 -0.6012
vn -0.1462 0.8903 -0.4313
vn -0.1234 0.8094 -0.5741
vn -0.0887 0.9106 -0.4038
vn -0.0320 0.8513 -0.5237
vn -0.0242 0.9327 -0.3598
vn 0.0722 0.8929 -0.4444
vn 0.0462 0.9534 -0.2983
vn 0.1849 0.9251 -0.3317
vn 0.1200 0.9684 -0.2186
vn 0.2936 0.9375 -0.1868
vn 0.1910 0.9740 -0.1215
vn 0.3788 0.9251 -0.0270
vn 0.2488 0.9684 -0.0161
vn 0.4331 0.8929 0.1228
vn 0.2898 0.9534 0.0845
vn 0.4609 0.8513 0.2508
vn 0.3157 0.9327 0.1743
vn 0.4679 0.8094 0.3549
vn 0.3282 0.9106 0.2514
vn 0.4593 0.7733 0.4371
vn 0.3288 0.8903 0.3152
vn 0.4389 0.7461 0.5007
vn 0.3191 0.8743 0.3658
vn 0.4090 0.7293 0.5484
vn 0.3004 0.8641 0.4038
vn 0.3705 0.7237 0.5822
vn 0.2734 0.8606 0.4296
vn 0.3236 0.7293 0.6028
vn 0.2386 0.8641 0.4431
vn 0.2677 0.7461 0.6096
vn 0.1962 0.8743 0.4440
vn 0.2015 0.7733 0.6012
vn 0.1462 0.8903 0.4313
vn 0.1234 0.8094 0.5741
vn 0.0887 0.9106 0.4038
vn 0.0320 0.8513 0.5237
vn 0.0242 0.9327 0.3598
vn -0.0722 0.8929 0.4444
vn -0.0462 0.9534 0.2983
vn -0.1849 0.9251 0.3317
vn -0.1200 0.9684 0.2186
vn -0.2935 0.9375 0.1868
vn -0.1910 0.9740 0.1216
vn -0.3788 0.9251 0.0270
vn -0.2488 0.9684 0.0161
vn -0.1270 0.9919 0.0066
vn -0.2898 0.9534 -0.0845
vn -0.1485 0.9879 -0.0457
vn -0.1631 0.9822 -0.0927
vn 0.1715 0.9760 0.1340
vn -0.1475 0.9616 -0.2317
vn -0.1611 0.9626 -0.2180
vn -0.1700 0.9655 -0.1971
vn -0.1737 0.9702 -0.1690
vn -0.1715 0.9760 -0.1340
vn -0.0970 0.9934 0.0617
vn -0.0597 0.9919 0.1123
vn -0.0215 0.9879 0.1539
vn 0.0149 0.9822 0.1870
vn 0.0488 0.9760 0.2121
vn 0.0796 0.9702 0.2289
vn 0.1066 0.9655 0.2375
vn 0.1293 0.9626 0.2382
vn 0.1475 0.9616 0.2317
vn 0.1611 0.9626 0.2180
vn 0.1700 0.9655 0.1971
vn 0.1737 0.9702 0.1690
vn 0.1631 0.9822 0.0927
vn 0.1485 0.9879 0.0457
vn 0.1270 0.9919 -0.0065
vn 0.0970 0.9934 -0.0617
vn 0.0597 0.9919 -0.1123
vn 0.0215 0.9879 -0.1539
vn -0.0149 0.9822 -0.1870
vn -0.0488 0.9760 -0.2121
vn -0.0796 0.9702 -0.2289
vn -0.1066 0.9655 -0.2375
vn -0.1293 0.9626 -0.2382
vn -0.1701 -0.9655 -0.1971
vn -0.3004 -0.8641 -0.4038
vn -0.1611 -0.9626 -0.2180
vn -0.1474 -0.9616 -0.2317
vn -0.1293 -0.9626 -0.2382
vn -0.1066 -0.9655 -0.2375
vn -0.0795 -0.9702 -0.2289
vn -0.0489 -0.9760 -0.2121
vn -0.0150 -0.9822 -0.1870
vn 0.0215 -0.9879 -0.1539
vn 0.0598 -0.9919 -0.1123
vn 0.0970 -0.9934 -0.0617
vn 0.1270 -0.9919 -0.0065
vn 0.1485 -0.9879 0.0457
vn 0.1632 -0.9822 0.0927
vn 0.1714 -0.9760 0.1340
vn 0.1737 -0.9702 0.1690
vn 0.1701 -0.9655 0.1971
vn 0.1611 -0.9626 0.2180
vn 0.1474 -0.9616 0.2317
vn 0.1293 -0.9626 0.2382
vn 0.1066 -0.9655 0.2375
vn 0.0795 -0.9702 0.2289
vn 0.0489 -0.9760 0.2121
vn 0.0150 -0.9822 0.1870
vn -0.0215 -0.9879 0.1539
vn -0.0598 -0.9919 0.1123
vn -0.0970 -0.9934 0.0617
vn -0.1270 -0.9919 0.0066
vn -0.1485 -0.9879 -0.0457
vn -0.1632 -0.9822 -0.0927
vn -0.1714 -0.9760 -0.1340
vn -0.1737 -0.9702 -0.1690
vn 0.3705 -0.7237 -0.5822
vn 0.4090 -0.7294 -0.5484
vn 0.2734 -0.8606 -0.4296
vn 0.4397 -0.5738 -0.6909
vn 0.3236 -0.7294 -0.6028
vn 0.2386 -0.8641 -0.4431
vn 0.3848 -0.5803 -0.7177
vn 0.2677 -0.7461 -0.6096
vn 0.1963 -0.8743 -0.4440
vn 0.3207 -0.6000 -0.7329
vn 0.2015 -0.7733 -0.6012
vn 0.1463 -0.8903 -0.4313
vn 0.2444 -0.6331 -0.7345
vn 0.1234 -0.8094 -0.5741
vn 0.0888 -0.9106 -0.4037
vn 0.1517 -0.6797 -0.7177
vn 0.0320 -0.8513 -0.5237
vn 0.0242 -0.9327 -0.3598
vn 0.0379 -0.7378 -0.6740
vn -0.0721 -0.8929 -0.4444
vn -0.0462 -0.9534 -0.2983
vn -0.0998 -0.8007 -0.5908
vn -0.1849 -0.9251 -0.3317
vn -0.1200 -0.9684 -0.2186
vn -0.2565 -0.8533 -0.4539
vn -0.2935 -0.9375 -0.1868
vn -0.1910 -0.9740 -0.1215
vn -0.4089 -0.8747 -0.2602
vn -0.3787 -0.9251 -0.0270
vn -0.2488 -0.9684 -0.0161
vn -0.5199 -0.8533 -0.0402
vn -0.4331 -0.8929 0.1228
vn -0.2898 -0.9534 0.0845
vn -0.5774 -0.8007 0.1598
vn -0.4609 -0.8513 0.2508
vn -0.3157 -0.9327 0.1743
vn -0.5945 -0.7378 0.3198
vn -0.4679 -0.8094 0.3549
vn -0.3282 -0.9106 0.2514
vn -0.5859 -0.6797 0.4413
vn -0.4593 -0.7733 0.4371
vn -0.3288 -0.8903 0.3151
vn -0.5619 -0.6331 0.5324
vn -0.4389 -0.7461 0.5007
vn -0.3191 -0.8743 0.3658
vn -0.5281 -0.6000 0.6009
vn -0.4090 -0.7294 0.5484
vn -0.3004 -0.8641 0.4038
vn -0.4873 -0.5803 0.6525
vn -0.3705 -0.7237 0.5822
vn -0.2734 -0.8606 0.4296
vn -0.4397 -0.5738 0.6909
vn -0.3236 -0.7294 0.6028
vn -0.2387 -0.8641 0.4431
vn -0.3848 -0.5803 0.7177
vn -0.2677 -0.7461 0.6096
vn -0.1963 -0.8743 0.4440
vn -0.3207 -0.6000 0.7329
vn -0.2015 -0.7733 0.6012
vn -0.1463 -0.8903 0.4313
vn -0.2444 -0.6331 0.7345
vn -0.1234 -0.8094 0.5741
vn -0.0888 -0.9106 0.4037
vn -0.1517 -0.6797 0.7177
vn -0.0320 -0.8513 0.5237
vn -0.0242 -0.9327 0.3598
vn -0.0379 -0.7378 0.6740
vn 0.0722 -0.8929 0.4444
vn 0.0462 -0.9534 0.2983
vn 0.0998 -0.8007 0.5908
vn 0.1849 -0.9251 0.3317
vn 0.1200 -0.9684 0.2186
vn 0.2565 -0.8533 0.4539
vn 0.2936 -0.9375 0.1868
vn 0.1910 -0.9740 0.1215
vn 0.4089 -0.8747 0.2602
vn 0.3788 -0.9251 0.0270
vn 0.2488 -0.9684 0.0161
vn 0.5199 -0.8533 0.0402
vn 0.4331 -0.8929 -0.1228
vn 0.2897 -0.9534 -0.0845
vn 0.5774 -0.8007 -0.1598
vn 0.4609 -0.8513 -0.2508
vn 0.3157 -0.9327 -0.1743
vn 0.5945 -0.7378 -0.3198
vn 0.4679 -0.8094 -0.3549
vn 0.3282 -0.9106 -0.2514
vn 0.5859 -0.6797 -0.4413
vn 0.4593 -0.7733 -0.4372
vn 0.3288 -0.8903 -0.3152
vn 0.5619 -0.6331 -0.5324
vn 0.4389 -0.7461 -0.5007
vn 0.3191 -0.8743 -0.3658
vn 0.5281 -0.6000 -0.6009
vn 0.5907 -0.4483 -0.6709
vn 0.4873 -0.5803 -0.6525
vn 0.5405 -0.4299 -0.7233
vn 0.5742 -0.2831 -0.7682
vn 0.4863 -0.4239 -0.7641
vn 0.5157 -0.2786 -0.8102
vn 0.4264 -0.4299 -0.7959
vn 0.4528 -0.2831 -0.8455
vn 0.3577 -0.4483 -0.8192
vn 0.3816 -0.2970 -0.8753
vn 0.2756 -0.4804 -0.8326
vn 0.2966 -0.3220 -0.8991
vn 0.1734 -0.5281 -0.8313
vn 0.1885 -0.3608 -0.9134
vn 0.0417 -0.5923 -0.8046
vn 0.0433 -0.4167 -0.9080
vn -0.1288 -0.6687 -0.7323
vn -0.1571 -0.4894 -0.8578
vn -0.3356 -0.7389 -0.5843
vn -0.4177 -0.5628 -0.7133
vn -0.5391 -0.7692 -0.3431
vn -0.6772 -0.5964 -0.4310
vn -0.6714 -0.7389 -0.0566
vn -0.8230 -0.5628 -0.0764
vn -0.7179 -0.6687 0.1934
vn -0.8436 -0.4894 0.2209
vn -0.7113 -0.5923 0.3785
vn -0.8042 -0.4167 0.4238
vn -0.6796 -0.5281 0.5091
vn -0.7477 -0.3608 0.5575
vn -0.6375 -0.4804 0.6023
vn -0.6889 -0.3220 0.6494
vn -0.5907 -0.4483 0.6709
vn -0.6313 -0.2970 0.7164
vn -0.5405 -0.4299 0.7233
vn -0.5742 -0.2831 0.7682
vn -0.4863 -0.4239 0.7641
vn -0.5156 -0.2786 0.8102
vn -0.4263 -0.4299 0.7959
vn -0.4528 -0.2831 0.8455
vn -0.3577 -0.4483 0.8192
vn -0.3817 -0.2970 0.8753
vn -0.2756 -0.4804 0.8326
vn -0.2966 -0.3220 0.8991
vn -0.1734 -0.5281 0.8313
vn -0.1885 -0.3608 0.9134
vn -0.0417 -0.5923 0.8046
vn -0.0433 -0.4167 0.9080
vn 0.1288 -0.6687 0.7323
vn 0.1572 -0.4894 0.8578
vn 0.3356 -0.7389 0.5843
vn 0.4177 -0.5628 0.7133
vn 0.5391 -0.7692 0.3431
vn 0.6772 -0.5964 0.4310
vn 0.6714 -0.7389 0.0566
vn 0.8230 -0.5628 0.0764
vn 0.7179 -0.6687 -0.1934
vn 0.8436 -0.4894 -0.2209
vn 0.7113 -0.5923 -0.3785
vn 0.8042 -0.4167 -0.4238
vn 0.6796 -0.5281 -0.5091
vn 0.7477 -0.3608 -0.5575
vn 0.6375 -0.4804 -0.6023
vn 0.6889 -0.3220 -0.6494
vn 0.7186 -0.1613 -0.6765
vn 0.6313 -0.2970 -0.7164
vn 0.6541 -0.1477 -0.7419
vn 0.6614 -0.0000 -0.7500
vn 0.5929 -0.1403 -0.7930
vn 0.5988 -0.0000 -0.8009
vn 0.5318 -0.1379 -0.8356
vn 0.5369 -0.0000 -0.8436
vn 0.4673 -0.1403 -0.8729
vn 0.4720 -0.0000 -0.8816
vn 0.3951 -0.1477 -0.9067
vn 0.3994 -0.0000 -0.9168
vn 0.3085 -0.1613 -0.9374
vn 0.3124 -0.0000 -0.9499
vn 0.1973 -0.1830 -0.9631
vn 0.2002 -0.0000 -0.9798
vn 0.0435 -0.2158 -0.9755
vn 0.0434 -0.0000 -0.9991
vn -0.1797 -0.2615 -0.9483
vn -0.1887 -0.0000 -0.9820
vn -0.4870 -0.3111 -0.8162
vn -0.5155 -0.0000 -0.8569
vn -0.7951 -0.3344 -0.5060
vn -0.8436 -0.0000 -0.5369
vn -0.9456 -0.3111 -0.0955
vn -0.9946 -0.0000 -0.1042
vn -0.9352 -0.2615 0.2388
vn -0.9695 -0.0000 0.2449
vn -0.8652 -0.2158 0.4525
vn -0.8867 -0.0000 0.4624
vn -0.7889 -0.1830 0.5866
vn -0.8028 -0.0000 0.5962
vn -0.7186 -0.1613 0.6765
vn -0.7283 -0.0000 0.6853
vn -0.6541 -0.1477 0.7418
vn -0.6614 -0.0000 0.7500
vn -0.5929 -0.1403 0.7930
vn -0.5988 -0.0000 0.8009
vn -0.5318 -0.1379 0.8356
vn -0.5369 -0.0000 0.8436
vn -0.4673 -0.1403 0.8729
vn -0.4720 -0.0000 0.8816
vn -0.3951 -0.1477 0.9067
vn -0.3994 -0.0000 0.9168
vn -0.3085 -0.1613 0.9374
vn -0.3124 -0.0000 0.9499
vn -0.1973 -0.1830 0.9631
vn -0.2002 -0.0000 0.9798
vn -0.0435 -0.2158 0.9755
vn -0.0434 -0.0000 0.9991
vn 0.1797 -0.2615 0.9483
vn 0.1887 -0.0000 0.9820
vn 0.4870 -0.3111 0.8162
vn 0.5155 -0.0000 0.8569
vn 0.7951 -0.3344 0.5060
vn 0.8436 -0.0000 0.5369
vn 0.9456 -0.3111 0.0955
vn 0.9946 -0.0000 0.1042
vn 0.9352 -0.2615 -0.2388
vn 0.9695 -0.0000 -0.2449
vn 0.8652 -0.2158 -0.4525
vn 0.8867 -0.0000 -0.4624
vn 0.7889 -0.1830 -0.5866
vn 0.8028 -0.0000 -0.5962
vn 0.7889 0.1830 -0.5866
vn 0.7283 -0.0000 -0.6853
vn 0.7186 0.1613 -0.6765
vn 0.6889 0.3220 -0.6494
vn 0.6541 0.1477 -0.7419
vn 0.6313 0.2970 -0.7164
vn 0.5929 0.1403 -0.7930
vn 0.5742 0.2831 -0.7682
vn 0.5318 0.1379 -0.8356
vn 0.5157 0.2786 -0.8102
vn 0.4673 0.1403 -0.8729
vn 0.4528 0.2831 -0.8455
vn 0.3951 0.1477 -0.9067
vn 0.3817 0.2970 -0.8753
vn 0.3085 0.1613 -0.9374
vn 0.2966 0.3220 -0.8991
vn 0.1973 0.1830 -0.9631
vn 0.1885 0.3608 -0.9134
vn 0.0435 0.2158 -0.9755
vn 0.0433 0.4167 -0.9080
vn -0.1797 0.2615 -0.9483
vn -0.1571 0.4894 -0.8578
vn -0.4870 0.3111 -0.8162
vn -0.4177 0.5628 -0.7133
vn -0.7951 0.3344 -0.5060
vn -0.6772 0.5964 -0.4310
vn -0.9456 0.3111 -0.0955
vn -0.8230 0.5628 -0.0764
vn -0.9352 0.2615 0.2388
vn -0.8436 0.4894 0.2209
vn -0.8652 0.2158 0.4525
vn -0.8042 0.4167 0.4238
vn -0.7889 0.1830 0.5866
vn -0.7477 0.3608 0.5575
vn -0.7186 0.1613 0.6765
vn -0.6889 0.3220 0.6494
vn -0.6541 0.1477 0.7419
vn -0.6313 0.2970 0.7164
vn -0.5929 0.1403 0.7930
vn -0.5742 0.2831 0.7682
vn -0.5318 0.1379 0.8356
vn -0.5157 0.2786 0.8102
vn -0.4673 0.1403 0.8729
vn -0.4528 0.2831 0.8455
vn -0.3951 0.1477 0.9067
vn -0.3816 0.2970 0.8753
vn -0.3085 0.1613 0.9374
vn -0.2966 0.3220 0.8991
vn -0.1973 0.1830 0.9631
vn -0.1885 0.3608 0.9134
vn -0.0435 0.2158 0.9755
vn -0.0433 0.4167 0.9080
vn 0.1797 0.2615 0.9483
vn 0.1572 0.4894 0.8578
vn 0.4870 0.3111 0.8162
vn 0.4177 0.5628 0.7133
vn 0.7951 0.3344 0.5060
vn 0.6772 0.5964 0.4310
vn 0.9456 0.3111 0.0955
vn 0.8230 0.5628 0.0764
vn 0.9352 0.2615 -0.2388
vn 0.8436 0.4894 -0.2209
vn 0.8652 0.2158 -0.4525
vn 0.8042 0.4167 -0.4238
vn 0.7113 0.5923 -0.3785
vn 0.7477 0.3608 -0.5575
vn 0.6796 0.5281 -0.5091
vn 0.5859 0.6797 -0.4413
vn 0.6375 0.4804 -0.6023
vn 0.5619 0.6331 -0.5324
vn 0.5907 0.4483 -0.6709
vn 0.5281 0.6000 -0.6009
vn 0.5405 0.4299 -0.7233
vn 0.4873 0.5803 -0.6525
vn 0.4863 0.4239 -0.7641
vn 0.4397 0.5738 -0.6909
vn 0.4263 0.4299 -0.7959
vn 0.3848 0.5803 -0.7177
vn 0.3577 0.4483 -0.8192
vn 0.3207 0.6000 -0.7329
vn 0.2756 0.4804 -0.8326
vn 0.2444 0.6331 -0.7345
vn 0.1734 0.5281 -0.8313
vn 0.1517 0.6797 -0.7177
vn 0.0417 0.5923 -0.8046
vn 0.0379 0.7378 -0.6740
vn -0.1288 0.6687 -0.7323
vn -0.0998 0.8007 -0.5908
vn -0.3356 0.7389 -0.5843
vn -0.2565 0.8533 -0.4539
vn -0.5390 0.7692 -0.3431
vn -0.4089 0.8747 -0.2602
vn -0.6714 0.7389 -0.0566
vn -0.5198 0.8533 -0.0402
vn -0.7179 0.6687 0.1934
vn -0.5774 0.8007 0.1598
vn -0.7113 0.5923 0.3785
vn -0.5945 0.7378 0.3198
vn -0.6796 0.5281 0.5091
vn -0.5859 0.6797 0.4413
vn -0.6375 0.4804 0.6023
vn -0.5619 0.6331 0.5324
vn -0.5907 0.4483 0.6709
vn -0.5281 0.6000 0.6009
vn -0.5405 0.4299 0.7233
vn -0.4873 0.5803 0.6525
vn -0.4863 0.4239 0.7641
vn -0.4397 0.5738 0.6909
vn -0.4263 0.4299 0.7959
vn -0.3848 0.5803 0.7177
vn -0.3577 0.4483 0.8192
vn -0.3207 0.6000 0.7329
vn -0.2756 0.4804 0.8326
vn -0.2444 0.6331 0.7345
vn -0.1734 0.5281 0.8313
vn -0.1517 0.6797 0.7177
vn -0.0417 0.5923 0.8046
vn -0.0379 0.7378 0.6740
vn 0.1288 0.6687 0.7323
vn 0.0998 0.8007 0.5907
vn 0.3356 0.7389 0.5843
vn 0.2565 0.8533 0.4539
vn 0.5391 0.7692 0.3431
vn 0.4089 0.8747 0.2602
vn 0.6714 0.7389 0.0566
vn 0.5199 0.8533 0.0402
vn 0.7179 0.6687 -0.1934
vn 0.5774 0.8007 -0.1598
vn 0.4331 0.8929 -0.1228
vn 0.5945 0.7378 -0.3198
vn 0.4609 0.8513 -0.2508
vn 0.3157 0.9327 -0.1743
vn 0.4679 0.8094 -0.3549
vn 0.3282 0.9106 -0.2514
vn 0.4593 0.7733 -0.4371
vn 0.3288 0.8903 -0.3152
vn 0.4389 0.7461 -0.5007
vn 0.3191 0.8743 -0.3658
vn 0.4090 0.7293 -0.5484
vn 0.3004 0.8641 -0.4038
vn 0.3705 0.7237 -0.5822
vn 0.2734 0.8606 -0.4296
vn 0.3236 0.7293 -0.6028
vn 0.2386 0.8641 -0.4431
vn 0.2677 0.7461 -0.6096
vn 0.1962 0.8743 -0.4440
vn 0.2015 0.7733 -0.6012
vn 0.1462 0.8903 -0.4313
vn 0.1234 0.8094 -0.5741
vn 0.0887 0.9106 -0.4038
vn 0.0320 0.8513 -0.5237
vn 0.0242 0.9327 -0.3598
vn -0.0721 0.8929 -0.4444
vn -0.0462 0.9534 -0.2983
vn -0.1849 0.9251 -0.3317
vn -0.1199 0.9684 -0.2186
vn -0.2936 0.9375 -0.1868
vn -0.1910 0.9740 -0.1216
vn -0.3788 0.9251 -0.0270
vn -0.2488 0.9684 -0.0161
vn -0.4331 0.8929 0.1228
vn -0.2897 0.9534 0.0845
vn -0.4609 0.8513 0.2508
vn -0.3157 0.9327 0.1743
vn -0.4679 0.8094 0.3549
vn -0.3282 0.9106 0.2514
vn -0.4593 0.7733 0.4371
vn -0.3288 0.8903 0.3152
vn -0.4389 0.7461 0.5007
vn -0.3191 0.8743 0.3658
vn -0.4090 0.7293 0.5484
vn -0.3004 0.8641 0.4038
vn -0.3705 0.7237 0.5822
vn -0.2734 0.8606 0.4296
vn -0.3236 0.7293 0.6028
vn -0.2386 0.8641 0.4431
vn -0.2677 0.7461 0.6096
vn -0.1963 0.8743 0.4440
vn -0.2015 0.7733 0.6012
vn -0.1463 0.8903 0.4313
vn -0.1234 0.8094 0.5741
vn -0.0887 0.9106 0.4038
vn -0.0320 0.8513 0.5237
vn -0.0242 0.9327 0.3598
vn 0.0721 0.8929 0.4444
vn 0.0462 0.9534 0.2983
vn 0.1849 0.9251 0.3317
vn 0.1200 0.9684 0.2186
vn 0.2936 0.9375 0.1868
vn 0.1910 0.9740 0.1216
vn 0.3788 0.9251 0.0270
vn 0.2488 0.9684 0.0161
vn 0.1270 0.9919 0.0066
vn 0.2897 0.9534 -0.0845
vn 0.1485 0.9879 -0.0457
vn 0.1631 0.9822 -0.0927
vn -0.1715 0.9760 0.1340
vn 0.1475 0.9616 -0.2317
vn 0.1611 0.9626 -0.2180
vn 0.1700 0.9655 -0.1971
vn 0.1737 0.9702 -0.1690
vn 0.1715 0.9760 -0.1340
vn 0.0971 0.9934 0.0617
vn 0.0598 0.9919 0.1123
vn 0.0215 0.9879 0.1539
vn -0.0149 0.9822 0.1870
vn -0.0488 0.9760 0.2121
vn -0.0795 0.9702 0.2289
vn -0.1065 0.9655 0.2375
vn -0.1293 0.9626 0.2382
vn -0.1474 0.9616 0.2317
vn -0.1611 0.9626 0.2180
vn -0.1700 0.9655 0.1971
vn -0.1737 0.9702 0.1690
vn -0.1631 0.9822 0.0927
vn -0.1485 0.9879 0.0457
vn -0.1271 0.9919 -0.0065
vn -0.0970 0.9934 -0.0617
vn -0.0597 0.9919 -0.1123
vn -0.0214 0.9879 -0.1539
vn 0.0150 0.9822 -0.1870
vn 0.0488 0.9760 -0.2121
vn 0.0795 0.9702 -0.2289
vn 0.1065 0.9655 -0.2375
vn 0.1293 0.9626 -0.2383
vn 0.1701 -0.9655 -0.1971
vn 0.3004 -0.8641 -0.4038
vn 0.1611 -0.9626 -0.2180
vn 0.1474 -0.9616 -0.2317
vn 0.1293 -0.9626 -0.2383
vn 0.1066 -0.9655 -0.2375
vn 0.0796 -0.9702 -0.2289
vn 0.0488 -0.9760 -0.2121
vn 0.0149 -0.9822 -0.1870
vn -0.0214 -0.9879 -0.1539
vn -0.0596 -0.9919 -0.1123
vn -0.0970 -0.9934 -0.0617
vn -0.1271 -0.9919 -0.0065
vn -0.1485 -0.9879 0.0457
vn -0.1632 -0.9822 0.0927
vn -0.1714 -0.9760 0.1340
vn -0.1737 -0.9702 0.1690
vn -0.1700 -0.9655 0.1971
vn -0.1611 -0.9626 0.2180
vn -0.1474 -0.9616 0.2317
vn -0.1293 -0.9626 0.2382
vn -0.1066 -0.9655 0.2375
vn -0.0795 -0.9702 0.2289
vn -0.0488 -0.9760 0.2121
vn -0.0149 -0.9822 0.1870
vn 0.0215 -0.9879 0.1539
vn 0.0597 -0.9919 0.1123
vn 0.0969 -0.9934 0.0617
vn 0.1270 -0.9919 0.0066
vn 0.1485 -0.9879 -0.0457
vn 0.1632 -0.9822 -0.0927
vn 0.1714 -0.9760 -0.1340
vn 0.1737 -0.9702 -0.1690
vn 0.6953 0.5463 0.4671
vn 0.6929 0.6863 -0.2210
vn 0.8107 -0.0801 0.5799
vn 0.3085 0.6782 0.6670
vn -0.1413 0.6643 0.7340
vn 0.3039 -0.0000 0.9527
vn 0.1270 0.9911 -0.0405
vn -0.1347 0.6782 -0.7225
vn -0.4956 0.8540 0.1581
vn -0.5402 0.6643 -0.5166
vn -0.9442 0.1333 0.3012
vn -0.8107 0.0801 -0.5799
vn -0.6929 -0.6863 0.2210
vn -0.3252 0.0801 0.9423
vn -0.2963 -0.5463 0.7834
vn 0.1347 -0.6782 0.7225
vn 0.5402 -0.6643 0.5166
vn -0.1269 -0.9911 0.0405
vn -0.3085 -0.6782 -0.6670
vn 0.4956 -0.8540 -0.1581
vn 0.1413 -0.6643 -0.7340
vn 0.9442 -0.1333 -0.3012
vn 0.3252 -0.0801 -0.9423
vn 0.2963 0.5463 -0.7834
vn -0.3039 -0.0000 -0.9527
vn -0.6953 -0.5463 -0.4671
vn -0.6953 0.5463 0.4671
vn -0.6929 0.6863 -0.2210
vn -0.8107 -0.0801 0.5799
vn -0.3085 0.6782 0.6670
vn 0.1413 0.6643 0.7340
vn -0.3039 -0.0000 0.9527
vn -0.1269 0.9911 -0.0405
vn 0.1347 0.6782 -0.7225
vn 0.4956 0.8540 0.1581
vn 0.5402 0.6643 -0.5166
vn 0.9442 0.1333 0.3012
vn 0.8107 0.0801 -0.5799
vn 0.6929 -0.6863 0.2210
vn 0.3252 0.0801 0.9423
vn 0.2963 -0.5463 0.7834
vn -0.1347 -0.6782 0.7225
vn -0.5402 -0.6643 0.5166
vn 0.1269 -0.9911 0.0405
vn 0.3085 -0.6782 -0.6670
vn -0.4956 -0.8540 -0.1581
vn -0.1413 -0.6643 -0.7340
vn -0.9442 -0.1333 -0.3012
vn -0.3252 -0.0801 -0.9423
vn -0.2963 0.5463 -0.7834
vn 0.3039 -0.0000 -0.9527
vn 0.6953 -0.5463 -0.4671
vt 0.307297 0.930443
vt 0.298510 0.934837
vt 0.307297 0.934837
vt 0.373203 0.930443
vt 0.368810 0.934837
vt 0.373203 0.934837
vt 0.316085 0.930443
vt 0.316085 0.934837
vt 0.386385 0.930443
vt 0.377597 0.934837
vt 0.386385 0.934837
vt 0.324872 0.930443
vt 0.324872 0.934837
vt 0.395172 0.930443
vt 0.395172 0.934837
vt 0.333660 0.934837
vt 0.403960 0.930443
vt 0.403960 0.934837
vt 0.342447 0.934837
vt 0.333660 0.930443
vt 0.280935 0.934837
vt 0.280935 0.930443
vt 0.272147 0.932640
vt 0.412747 0.932640
vt 0.351235 0.934837
vt 0.342447 0.930443
vt 0.289722 0.930443
vt 0.289722 0.934837
vt 0.360022 0.934837
vt 0.351235 0.930443
vt 0.298510 0.930443
vt 0.368810 0.930443
vt 0.360022 0.930443
vt 0.351235 0.926049
vt 0.298510 0.926049
vt 0.368810 0.926049
vt 0.307297 0.926049
vt 0.373203 0.926049
vt 0.316085 0.926049
vt 0.386385 0.926049
vt 0.377597 0.930443
vt 0.324872 0.926049
vt 0.395172 0.926049
vt 0.403960 0.926049
vt 0.333660 0.926049
vt 0.280935 0.926049
vt 0.272147 0.928246
vt 0.412747 0.928246
vt 0.342447 0.926049
vt 0.289722 0.926049
vt 0.395172 0.921656
vt 0.324872 0.921656
vt 0.403960 0.921656
vt 0.333660 0.921656
vt 0.280935 0.921656
vt 0.272147 0.923852
vt 0.412747 0.923852
vt 0.342447 0.921656
vt 0.289722 0.921656
vt 0.360022 0.926049
vt 0.351235 0.921656
vt 0.298510 0.921656
vt 0.368810 0.921656
vt 0.307297 0.921656
vt 0.373203 0.921656
vt 0.316085 0.921656
vt 0.386385 0.921656
vt 0.377597 0.926049
vt 0.368810 0.917262
vt 0.360022 0.921656
vt 0.307297 0.917262
vt 0.373203 0.917262
vt 0.316085 0.917262
vt 0.386385 0.917262
vt 0.377597 0.921656
vt 0.324872 0.917262
vt 0.395172 0.917262
vt 0.403960 0.917262
vt 0.333660 0.917262
vt 0.280935 0.917262
vt 0.272147 0.919459
vt 0.412747 0.919459
vt 0.342447 0.917262
vt 0.289722 0.917262
vt 0.351235 0.917262
vt 0.298510 0.917262
vt 0.403960 0.912868
vt 0.333660 0.912868
vt 0.280935 0.912868
vt 0.272147 0.915065
vt 0.412747 0.915065
vt 0.342447 0.912868
vt 0.289722 0.912868
vt 0.360022 0.917262
vt 0.351235 0.912868
vt 0.298510 0.912868
vt 0.368810 0.912868
vt 0.307297 0.912868
vt 0.373203 0.912868
vt 0.316085 0.912868
vt 0.386385 0.912868
vt 0.377597 0.917262
vt 0.324872 0.912868
vt 0.395172 0.912868
vt 0.307297 0.908474
vt 0.373203 0.908474
vt 0.316085 0.908474
vt 0.386385 0.908474
vt 0.377597 0.912868
vt 0.324872 0.908474
vt 0.395172 0.908474
vt 0.403960 0.908474
vt 0.333660 0.908474
vt 0.280935 0.908474
vt 0.272147 0.910671
vt 0.412747 0.910671
vt 0.342447 0.908474
vt 0.289722 0.908474
vt 0.360022 0.912868
vt 0.351235 0.908474
vt 0.298510 0.908474
vt 0.368810 0.908474
vt 0.333660 0.904080
vt 0.280935 0.904080
vt 0.272147 0.906277
vt 0.412747 0.906277
vt 0.403960 0.904080
vt 0.342447 0.904080
vt 0.289722 0.904080
vt 0.360022 0.908474
vt 0.351235 0.904080
vt 0.298510 0.904080
vt 0.368810 0.904080
vt 0.307297 0.904080
vt 0.373203 0.904080
vt 0.316085 0.904080
vt 0.386385 0.904080
vt 0.377597 0.908474
vt 0.324872 0.904080
vt 0.395172 0.904080
vt 0.373203 0.899687
vt 0.316085 0.899687
vt 0.386385 0.899687
vt 0.377597 0.904080
vt 0.324872 0.899687
vt 0.395172 0.899687
vt 0.403960 0.899687
vt 0.333660 0.899687
vt 0.280935 0.899687
vt 0.272147 0.901884
vt 0.412747 0.901884
vt 0.342447 0.899687
vt 0.289722 0.899687
vt 0.360022 0.904080
vt 0.351235 0.899687
vt 0.298510 0.899687
vt 0.368810 0.899687
vt 0.307297 0.899687
vt 0.280935 0.895293
vt 0.272147 0.897490
vt 0.412747 0.897490
vt 0.403960 0.895293
vt 0.351235 0.895293
vt 0.360022 0.895293
vt 0.360022 0.899687
vt 0.289722 0.895293
vt 0.298510 0.895293
vt 0.368810 0.895293
vt 0.307297 0.895293
vt 0.377597 0.895293
vt 0.377597 0.899687
vt 0.316085 0.895293
vt 0.386385 0.895293
vt 0.324872 0.895293
vt 0.395172 0.895293
vt 0.342447 0.895293
vt 0.307297 0.890899
vt 0.377597 0.890899
vt 0.316085 0.890899
vt 0.386385 0.890899
vt 0.333660 0.895293
vt 0.324872 0.890899
vt 0.395172 0.890899
vt 0.342447 0.890899
vt 0.280935 0.890899
vt 0.272147 0.893096
vt 0.412747 0.893096
vt 0.403960 0.890899
vt 0.351235 0.890899
vt 0.289722 0.890899
vt 0.360022 0.890899
vt 0.298510 0.890899
vt 0.373203 0.895293
vt 0.368810 0.890899
vt 0.351235 0.886505
vt 0.280935 0.886505
vt 0.289722 0.886506
vt 0.360022 0.886505
vt 0.298510 0.886506
vt 0.373203 0.890899
vt 0.368810 0.886505
vt 0.307297 0.886506
vt 0.377597 0.886505
vt 0.324872 0.886506
vt 0.386385 0.886505
vt 0.333660 0.886505
vt 0.333660 0.890899
vt 0.395172 0.886505
vt 0.342447 0.886505
vt 0.272147 0.888703
vt 0.412747 0.888703
vt 0.403960 0.886505
vt 0.377597 0.882112
vt 0.324872 0.882112
vt 0.316085 0.886506
vt 0.386385 0.882112
vt 0.333660 0.882112
vt 0.395172 0.882112
vt 0.342447 0.882112
vt 0.280935 0.882112
vt 0.272147 0.884309
vt 0.412747 0.884309
vt 0.403960 0.882112
vt 0.351235 0.882112
vt 0.289722 0.882112
vt 0.360022 0.882112
vt 0.298510 0.882112
vt 0.373203 0.886505
vt 0.368810 0.882112
vt 0.307297 0.882112
vt 0.351235 0.877718
vt 0.289722 0.877718
vt 0.360022 0.877718
vt 0.298510 0.877718
vt 0.373203 0.882112
vt 0.368810 0.877718
vt 0.316085 0.882112
vt 0.307297 0.877718
vt 0.377597 0.877718
vt 0.324872 0.877718
vt 0.386385 0.877718
vt 0.333660 0.877718
vt 0.395172 0.877718
vt 0.342447 0.877718
vt 0.280935 0.877718
vt 0.272147 0.879915
vt 0.412747 0.879915
vt 0.403960 0.877718
vt 0.386385 0.873324
vt 0.333660 0.873324
vt 0.395172 0.873324
vt 0.342447 0.873324
vt 0.280935 0.873324
vt 0.272147 0.875521
vt 0.412747 0.875521
vt 0.403960 0.873324
vt 0.360022 0.873324
vt 0.289722 0.873324
vt 0.368810 0.873324
vt 0.298510 0.873324
vt 0.373204 0.873324
vt 0.373203 0.877718
vt 0.316085 0.877718
vt 0.307297 0.873324
vt 0.377597 0.873324
vt 0.324872 0.873324
vt 0.289722 0.868930
vt 0.368810 0.868930
vt 0.298510 0.868930
vt 0.377597 0.864537
vt 0.375387 0.860143
vt 0.375381 0.864537
vt 0.316085 0.873324
vt 0.307297 0.868930
vt 0.377597 0.868930
vt 0.324872 0.868930
vt 0.386385 0.868930
vt 0.333660 0.868930
vt 0.395172 0.868930
vt 0.342447 0.868930
vt 0.280935 0.868930
vt 0.272147 0.871127
vt 0.412747 0.871127
vt 0.403960 0.868930
vt 0.351235 0.873324
vt 0.360022 0.868930
vt 0.333660 0.864537
vt 0.395172 0.864537
vt 0.342447 0.864537
vt 0.280935 0.864537
vt 0.272147 0.866734
vt 0.412747 0.866734
vt 0.403960 0.864537
vt 0.351235 0.868930
vt 0.351235 0.864537
vt 0.289722 0.864537
vt 0.368810 0.864537
vt 0.298510 0.864537
vt 0.375387 0.868930
vt 0.316085 0.868930
vt 0.307297 0.864537
vt 0.324872 0.864537
vt 0.386385 0.864537
vt 0.360022 0.860143
vt 0.360022 0.864537
vt 0.307297 0.860143
vt 0.373204 0.855749
vt 0.373203 0.857697
vt 0.316085 0.860143
vt 0.316085 0.864537
vt 0.386385 0.860143
vt 0.395172 0.860143
vt 0.324872 0.860143
vt 0.403960 0.860143
vt 0.333660 0.860143
vt 0.280935 0.860143
vt 0.272147 0.862340
vt 0.412747 0.862340
vt 0.351235 0.860143
vt 0.289722 0.860143
vt 0.298510 0.860143
vt 0.403960 0.855749
vt 0.342447 0.860143
vt 0.333660 0.855749
vt 0.280935 0.855749
vt 0.272147 0.857946
vt 0.412747 0.857946
vt 0.351235 0.855749
vt 0.289722 0.855749
vt 0.298510 0.855749
vt 0.368810 0.860143
vt 0.360022 0.855749
vt 0.307297 0.855749
vt 0.371020 0.868930
vt 0.373203 0.871376
vt 0.375383 0.869205
vt 0.316085 0.855749
vt 0.386385 0.855749
vt 0.377597 0.860143
vt 0.395172 0.855749
vt 0.324872 0.855749
vt 0.307297 0.851355
vt 0.368810 0.851355
vt 0.368810 0.855749
vt 0.316085 0.851355
vt 0.386385 0.851355
vt 0.377597 0.855749
vt 0.395172 0.851355
vt 0.324872 0.851355
vt 0.403960 0.851356
vt 0.342447 0.855749
vt 0.333660 0.851355
vt 0.280935 0.851356
vt 0.272147 0.853552
vt 0.412747 0.853552
vt 0.351235 0.851355
vt 0.289722 0.851355
vt 0.298510 0.851355
vt 0.360022 0.851355
vt 0.342447 0.851355
vt 0.333660 0.846962
vt 0.280935 0.846962
vt 0.272147 0.849159
vt 0.412747 0.849159
vt 0.403960 0.846962
vt 0.351235 0.846962
vt 0.289722 0.846962
vt 0.360022 0.846962
vt 0.298510 0.846962
vt 0.368810 0.846962
vt 0.307297 0.846962
vt 0.373203 0.846962
vt 0.373203 0.851355
vt 0.316085 0.846962
vt 0.386385 0.846962
vt 0.377597 0.851356
vt 0.395172 0.846962
vt 0.324872 0.846962
vt 0.373204 0.842568
vt 0.316085 0.842568
vt 0.386385 0.842568
vt 0.377597 0.846962
vt 0.395172 0.842568
vt 0.324872 0.842568
vt 0.403960 0.842568
vt 0.342447 0.846962
vt 0.333660 0.842568
vt 0.280935 0.842568
vt 0.272147 0.844765
vt 0.412747 0.844765
vt 0.351235 0.842568
vt 0.289722 0.842568
vt 0.360022 0.842568
vt 0.298510 0.842568
vt 0.368810 0.842568
vt 0.307297 0.842568
vt 0.412747 0.840371
vt 0.403960 0.838174
vt 0.342447 0.838174
vt 0.342447 0.842568
vt 0.289722 0.838174
vt 0.360022 0.838174
vt 0.298510 0.838174
vt 0.368810 0.838174
vt 0.307297 0.838174
vt 0.373203 0.838174
vt 0.316085 0.838174
vt 0.386385 0.838174
vt 0.377597 0.842568
vt 0.395172 0.838174
vt 0.324872 0.838174
vt 0.333660 0.838174
vt 0.280935 0.838174
vt 0.272147 0.840371
vt 0.386385 0.833780
vt 0.377597 0.838174
vt 0.324872 0.833780
vt 0.395172 0.833780
vt 0.333660 0.833780
vt 0.403960 0.833780
vt 0.280935 0.833780
vt 0.272147 0.835977
vt 0.412747 0.835977
vt 0.351235 0.838174
vt 0.342447 0.833780
vt 0.289722 0.833780
vt 0.360022 0.833780
vt 0.298510 0.833780
vt 0.368810 0.833780
vt 0.307297 0.833780
vt 0.373203 0.833780
vt 0.316085 0.833780
vt 0.289722 0.829387
vt 0.351235 0.829387
vt 0.351235 0.833780
vt 0.298510 0.829387
vt 0.368810 0.829387
vt 0.307297 0.829387
vt 0.373203 0.829387
vt 0.316085 0.829387
vt 0.386385 0.829387
vt 0.377597 0.833780
vt 0.324872 0.829387
vt 0.395172 0.829387
vt 0.333660 0.829387
vt 0.403960 0.829387
vt 0.280935 0.829387
vt 0.272147 0.831584
vt 0.412747 0.831584
vt 0.342447 0.829387
vt 0.324872 0.969987
vt 0.316085 0.965593
vt 0.316085 0.969987
vt 0.395172 0.969987
vt 0.386385 0.965593
vt 0.386385 0.969987
vt 0.333660 0.965593
vt 0.333660 0.969987
vt 0.403960 0.969987
vt 0.395172 0.965593
vt 0.342447 0.965593
vt 0.342447 0.969987
vt 0.280935 0.969987
vt 0.280935 0.965593
vt 0.272147 0.967790
vt 0.412747 0.967790
vt 0.403960 0.965593
vt 0.351235 0.965593
vt 0.351235 0.969987
vt 0.289722 0.969987
vt 0.360022 0.965593
vt 0.360022 0.969987
vt 0.298510 0.969987
vt 0.289722 0.965593
vt 0.368810 0.969987
vt 0.307297 0.969987
vt 0.298510 0.965593
vt 0.373203 0.969987
vt 0.368810 0.965593
vt 0.307297 0.965593
vt 0.377597 0.965593
vt 0.377597 0.969987
vt 0.360022 0.961199
vt 0.289722 0.961199
vt 0.298510 0.961199
vt 0.373204 0.965593
vt 0.368810 0.961199
vt 0.307297 0.961199
vt 0.377597 0.961199
vt 0.324872 0.965593
vt 0.316085 0.961199
vt 0.386385 0.961199
vt 0.333660 0.961199
vt 0.395172 0.961199
vt 0.342447 0.961199
vt 0.280935 0.961199
vt 0.272147 0.963396
vt 0.412747 0.963396
vt 0.403960 0.961199
vt 0.351235 0.961199
vt 0.386385 0.956806
vt 0.333660 0.956806
vt 0.324872 0.961199
vt 0.395172 0.956806
vt 0.342447 0.956806
vt 0.280935 0.956806
vt 0.272147 0.959003
vt 0.412747 0.959003
vt 0.403960 0.956806
vt 0.351235 0.956806
vt 0.360022 0.956806
vt 0.289722 0.956806
vt 0.298510 0.956806
vt 0.373204 0.961199
vt 0.368810 0.956806
vt 0.307297 0.956806
vt 0.377597 0.956806
vt 0.316085 0.956806
vt 0.289722 0.952412
vt 0.360022 0.952412
vt 0.298510 0.952412
vt 0.373204 0.956806
vt 0.368810 0.952412
vt 0.307297 0.952412
vt 0.377597 0.952412
vt 0.324872 0.956806
vt 0.316085 0.952412
vt 0.386385 0.952412
vt 0.333660 0.952412
vt 0.395172 0.952412
vt 0.342447 0.952412
vt 0.280935 0.952412
vt 0.272147 0.954609
vt 0.412747 0.954609
vt 0.403960 0.952412
vt 0.351235 0.952412
vt 0.333660 0.948018
vt 0.324872 0.952412
vt 0.395172 0.948018
vt 0.342447 0.948018
vt 0.280935 0.948018
vt 0.272147 0.950215
vt 0.412747 0.950215
vt 0.403960 0.948018
vt 0.351235 0.948018
vt 0.360022 0.948018
vt 0.289722 0.948018
vt 0.298510 0.948018
vt 0.373204 0.952412
vt 0.368810 0.948018
vt 0.307297 0.948018
vt 0.377597 0.948018
vt 0.316085 0.948018
vt 0.386385 0.948018
vt 0.360022 0.943624
vt 0.298510 0.943624
vt 0.373204 0.948018
vt 0.368810 0.943624
vt 0.307297 0.943624
vt 0.377597 0.943624
vt 0.324872 0.948018
vt 0.316085 0.943624
vt 0.386385 0.943624
vt 0.333660 0.943624
vt 0.395172 0.943624
vt 0.342447 0.943624
vt 0.280935 0.943624
vt 0.272147 0.945821
vt 0.412747 0.945821
vt 0.403960 0.943624
vt 0.351235 0.943624
vt 0.289722 0.943624
vt 0.395172 0.939231
vt 0.342447 0.939231
vt 0.280935 0.939231
vt 0.272147 0.941427
vt 0.412747 0.941427
vt 0.403960 0.939231
vt 0.351235 0.939231
vt 0.360022 0.939231
vt 0.289722 0.939231
vt 0.298510 0.939231
vt 0.373204 0.943624
vt 0.368810 0.939231
vt 0.307297 0.939231
vt 0.377597 0.939231
vt 0.324872 0.943624
vt 0.316085 0.939231
vt 0.386385 0.939231
vt 0.333660 0.939231
vt 0.373203 0.939231
vt 0.324872 0.939231
vt 0.272147 0.937034
vt 0.412747 0.937034
vt 0.377597 0.829387
vt 0.371020 0.860143
vt 0.371026 0.864537
vt 0.371020 0.868930
vt 0.888553 0.493966
vt 0.883680 0.497818
vt 0.888553 0.502248
vt 0.375382 0.864537
vt 0.371020 0.860143
vt 0.803125 0.097994
vt 0.807834 0.088577
vt 0.803125 0.088577
vt 0.803125 0.107410
vt 0.807834 0.097994
vt 0.798417 0.088577
vt 0.798417 0.097994
vt 0.798417 0.107410
vt 0.793708 0.088577
vt 0.793709 0.097994
vt 0.793709 0.107410
vt 0.789000 0.088577
vt 0.789000 0.097994
vt 0.789000 0.107410
vt 0.784292 0.088577
vt 0.784292 0.097994
vt 0.784292 0.107410
vt 0.779583 0.088577
vt 0.779584 0.097994
vt 0.779584 0.107410
vt 0.774875 0.088577
vt 0.774875 0.097994
vt 0.774875 0.107410
vt 0.770167 0.088577
vt 0.770167 0.097994
vt 0.770167 0.107410
vt 0.765458 0.088577
vt 0.765458 0.097994
vt 0.765458 0.107410
vt 0.911418 0.097994
vt 0.916127 0.088577
vt 0.911418 0.088577
vt 0.911418 0.107410
vt 0.916127 0.097994
vt 0.906710 0.097994
vt 0.906710 0.088577
vt 0.906710 0.107410
vt 0.902001 0.097994
vt 0.902001 0.088577
vt 0.902001 0.107410
vt 0.897293 0.097994
vt 0.897293 0.088577
vt 0.897293 0.107410
vt 0.892585 0.097994
vt 0.892585 0.088577
vt 0.892585 0.107410
vt 0.887877 0.097994
vt 0.887877 0.088577
vt 0.887877 0.107410
vt 0.883168 0.097994
vt 0.883168 0.088577
vt 0.883168 0.107410
vt 0.878460 0.097994
vt 0.878460 0.088577
vt 0.878460 0.107410
vt 0.873751 0.088577
vt 0.873751 0.097994
vt 0.873751 0.107410
vt 0.869042 0.088577
vt 0.869042 0.097994
vt 0.869042 0.107410
vt 0.864334 0.088577
vt 0.864334 0.097994
vt 0.864334 0.107410
vt 0.859626 0.088577
vt 0.859626 0.097994
vt 0.859626 0.107410
vt 0.854917 0.088577
vt 0.854917 0.097994
vt 0.854917 0.107410
vt 0.850209 0.088577
vt 0.850209 0.097994
vt 0.850209 0.107410
vt 0.845501 0.088577
vt 0.845501 0.097994
vt 0.845501 0.107410
vt 0.840792 0.088577
vt 0.840792 0.097994
vt 0.840792 0.107410
vt 0.836084 0.097994
vt 0.836084 0.088577
vt 0.836084 0.107410
vt 0.831376 0.097994
vt 0.831376 0.088577
vt 0.831376 0.107410
vt 0.826667 0.097994
vt 0.826667 0.088577
vt 0.826667 0.107410
vt 0.821959 0.097994
vt 0.821959 0.088577
vt 0.821959 0.107410
vt 0.817251 0.097994
vt 0.817251 0.088577
vt 0.817251 0.107410
vt 0.812542 0.097994
vt 0.812542 0.088577
vt 0.812542 0.107410
vt 0.807834 0.107410
vt 0.807834 0.116827
vt 0.812542 0.116827
vt 0.803125 0.116827
vt 0.803125 0.126245
vt 0.807834 0.126244
vt 0.798417 0.116827
vt 0.798417 0.126245
vt 0.793709 0.116827
vt 0.793709 0.126245
vt 0.789000 0.116827
vt 0.789000 0.126245
vt 0.784292 0.116827
vt 0.784292 0.126245
vt 0.779584 0.116827
vt 0.779584 0.126245
vt 0.774875 0.116827
vt 0.774875 0.126245
vt 0.770167 0.116827
vt 0.770167 0.126245
vt 0.765458 0.116827
vt 0.765458 0.126244
vt 0.911418 0.116827
vt 0.916127 0.107410
vt 0.911418 0.126245
vt 0.916127 0.116827
vt 0.906710 0.116827
vt 0.906710 0.126245
vt 0.902001 0.116827
vt 0.902001 0.126245
vt 0.897293 0.116827
vt 0.897293 0.126245
vt 0.892585 0.116827
vt 0.892585 0.126245
vt 0.887877 0.116827
vt 0.887877 0.126245
vt 0.883168 0.116827
vt 0.883168 0.126245
vt 0.878460 0.116827
vt 0.878460 0.126245
vt 0.873751 0.116827
vt 0.873751 0.126245
vt 0.869042 0.116827
vt 0.869042 0.126245
vt 0.864334 0.116827
vt 0.864334 0.126245
vt 0.859626 0.116827
vt 0.859626 0.126245
vt 0.854917 0.116827
vt 0.854917 0.126245
vt 0.850209 0.116827
vt 0.850209 0.126245
vt 0.845501 0.116827
vt 0.845501 0.126245
vt 0.840792 0.116827
vt 0.840792 0.126245
vt 0.836084 0.116827
vt 0.836084 0.126245
vt 0.831376 0.116827
vt 0.831376 0.126245
vt 0.826667 0.116827
vt 0.826667 0.126245
vt 0.821959 0.116827
vt 0.821959 0.126245
vt 0.817251 0.116827
vt 0.817251 0.126245
vt 0.812542 0.126245
vt 0.812542 0.135661
vt 0.817251 0.135661
vt 0.807834 0.135661
vt 0.807834 0.145078
vt 0.812542 0.145078
vt 0.803125 0.135661
vt 0.803125 0.145078
vt 0.798417 0.135661
vt 0.798417 0.145078
vt 0.793709 0.135661
vt 0.793709 0.145078
vt 0.789000 0.135661
vt 0.789000 0.145078
vt 0.784292 0.135661
vt 0.784292 0.145078
vt 0.779584 0.135661
vt 0.779584 0.145078
vt 0.774875 0.135661
vt 0.774875 0.145078
vt 0.770167 0.135661
vt 0.770167 0.145078
vt 0.765458 0.135661
vt 0.765458 0.145078
vt 0.911418 0.135661
vt 0.916127 0.126244
vt 0.911418 0.145078
vt 0.916127 0.135661
vt 0.906710 0.135661
vt 0.906710 0.145078
vt 0.902001 0.135661
vt 0.902001 0.145078
vt 0.897293 0.135661
vt 0.897293 0.145078
vt 0.892585 0.135661
vt 0.892585 0.145078
vt 0.887877 0.135661
vt 0.887877 0.145078
vt 0.883168 0.135661
vt 0.883168 0.145078
vt 0.878460 0.135661
vt 0.878460 0.145078
vt 0.873751 0.135661
vt 0.873751 0.145078
vt 0.869042 0.135661
vt 0.869042 0.145078
vt 0.864334 0.135661
vt 0.864334 0.145078
vt 0.859626 0.135661
vt 0.859626 0.145078
vt 0.854917 0.135661
vt 0.854917 0.145078
vt 0.850209 0.135661
vt 0.850209 0.145078
vt 0.845501 0.135661
vt 0.845501 0.145078
vt 0.840792 0.135661
vt 0.840792 0.145078
vt 0.836084 0.135661
vt 0.836084 0.145078
vt 0.831376 0.135661
vt 0.831376 0.145078
vt 0.826667 0.135661
vt 0.826667 0.145078
vt 0.821959 0.135661
vt 0.821959 0.145078
vt 0.817251 0.145078
vt 0.821959 0.154495
vt 0.817251 0.154495
vt 0.826667 0.154495
vt 0.812542 0.154495
vt 0.817251 0.163911
vt 0.812542 0.163911
vt 0.821959 0.163911
vt 0.807834 0.154495
vt 0.807834 0.163911
vt 0.803125 0.154495
vt 0.803125 0.163911
vt 0.798417 0.154495
vt 0.798417 0.163911
vt 0.793709 0.154495
vt 0.793709 0.163911
vt 0.789000 0.154495
vt 0.789000 0.163911
vt 0.784292 0.154495
vt 0.784292 0.163911
vt 0.779584 0.154495
vt 0.779584 0.163911
vt 0.774875 0.154495
vt 0.774875 0.163911
vt 0.770167 0.154495
vt 0.770167 0.163911
vt 0.765458 0.154495
vt 0.765458 0.163911
vt 0.916127 0.154495
vt 0.911418 0.154495
vt 0.916127 0.163911
vt 0.911418 0.163911
vt 0.906710 0.154495
vt 0.906710 0.163911
vt 0.902001 0.154495
vt 0.902001 0.163911
vt 0.897293 0.154495
vt 0.897293 0.163911
vt 0.892585 0.154495
vt 0.892585 0.163911
vt 0.887877 0.154495
vt 0.887877 0.163911
vt 0.883168 0.154495
vt 0.883168 0.163911
vt 0.878460 0.154495
vt 0.878460 0.163911
vt 0.873751 0.154495
vt 0.873751 0.163911
vt 0.869042 0.154495
vt 0.869042 0.163911
vt 0.864334 0.154495
vt 0.864334 0.163911
vt 0.859626 0.154495
vt 0.859626 0.163911
vt 0.854917 0.154495
vt 0.854917 0.163911
vt 0.850209 0.154495
vt 0.850209 0.163911
vt 0.845501 0.154495
vt 0.845501 0.163911
vt 0.840792 0.154495
vt 0.840792 0.163911
vt 0.836084 0.154495
vt 0.836084 0.163911
vt 0.831376 0.154495
vt 0.831376 0.163911
vt 0.826667 0.163911
vt 0.826667 0.173328
vt 0.821959 0.173328
vt 0.831376 0.173328
vt 0.817251 0.173328
vt 0.821959 0.182745
vt 0.817251 0.182745
vt 0.826667 0.182745
vt 0.812542 0.173328
vt 0.812542 0.182745
vt 0.807834 0.173328
vt 0.807834 0.182745
vt 0.803125 0.173328
vt 0.803125 0.182745
vt 0.798417 0.173328
vt 0.798417 0.182745
vt 0.793709 0.173328
vt 0.793709 0.182745
vt 0.789000 0.173328
vt 0.789000 0.182745
vt 0.784292 0.173328
vt 0.784292 0.182745
vt 0.779584 0.173328
vt 0.779584 0.182745
vt 0.774875 0.173328
vt 0.774875 0.182745
vt 0.770167 0.173328
vt 0.770167 0.182745
vt 0.765458 0.173328
vt 0.765458 0.182745
vt 0.916127 0.173328
vt 0.911418 0.173328
vt 0.916127 0.182745
vt 0.911418 0.182745
vt 0.906710 0.173328
vt 0.906710 0.182745
vt 0.902001 0.173328
vt 0.902001 0.182745
vt 0.897293 0.173328
vt 0.897293 0.182745
vt 0.892585 0.173328
vt 0.892585 0.182745
vt 0.887877 0.173328
vt 0.887877 0.182745
vt 0.883168 0.173328
vt 0.883168 0.182745
vt 0.878460 0.173328
vt 0.878460 0.182745
vt 0.873751 0.173328
vt 0.873751 0.182745
vt 0.869042 0.173328
vt 0.869042 0.182745
vt 0.864334 0.173328
vt 0.864334 0.182745
vt 0.859626 0.173328
vt 0.859626 0.182745
vt 0.854917 0.173328
vt 0.854917 0.182745
vt 0.850209 0.173328
vt 0.850209 0.182745
vt 0.845501 0.173328
vt 0.845501 0.182745
vt 0.840792 0.173328
vt 0.840792 0.182745
vt 0.836084 0.173328
vt 0.836084 0.182745
vt 0.831376 0.182745
vt 0.831376 0.192162
vt 0.826667 0.192162
vt 0.836084 0.192162
vt 0.821959 0.192162
vt 0.826667 0.201578
vt 0.821959 0.201578
vt 0.831376 0.201578
vt 0.817251 0.192162
vt 0.817251 0.201578
vt 0.812542 0.192162
vt 0.812542 0.201578
vt 0.807834 0.192162
vt 0.807834 0.201578
vt 0.803125 0.192161
vt 0.803125 0.201578
vt 0.798417 0.192162
vt 0.798417 0.201578
vt 0.793709 0.192162
vt 0.793709 0.201578
vt 0.789000 0.192162
vt 0.789000 0.201578
vt 0.784292 0.192162
vt 0.784292 0.201578
vt 0.779584 0.192162
vt 0.779584 0.201578
vt 0.774875 0.192162
vt 0.774875 0.201578
vt 0.770167 0.192161
vt 0.770167 0.201578
vt 0.765458 0.192162
vt 0.765458 0.201578
vt 0.916127 0.192162
vt 0.911418 0.192162
vt 0.916127 0.201578
vt 0.911418 0.201578
vt 0.906710 0.192162
vt 0.906710 0.201578
vt 0.902001 0.192162
vt 0.902001 0.201578
vt 0.897293 0.192162
vt 0.897293 0.201578
vt 0.892585 0.192162
vt 0.892585 0.201578
vt 0.887877 0.192162
vt 0.887877 0.201578
vt 0.883168 0.192162
vt 0.883168 0.201578
vt 0.878460 0.192162
vt 0.878460 0.201578
vt 0.873751 0.192162
vt 0.873751 0.201578
vt 0.869042 0.192162
vt 0.869043 0.201578
vt 0.864334 0.192161
vt 0.864334 0.201578
vt 0.859626 0.192162
vt 0.859626 0.201578
vt 0.854918 0.192162
vt 0.854917 0.201578
vt 0.850209 0.192161
vt 0.850209 0.201578
vt 0.845501 0.192162
vt 0.845501 0.201578
vt 0.840792 0.192162
vt 0.840792 0.201578
vt 0.836084 0.201578
vt 0.836084 0.210995
vt 0.831376 0.210995
vt 0.840792 0.210995
vt 0.826667 0.210995
vt 0.829022 0.220412
vt 0.833730 0.220412
vt 0.894939 0.220412
vt 0.897293 0.210995
vt 0.892585 0.210995
vt 0.899647 0.220412
vt 0.902001 0.210995
vt 0.805480 0.220412
vt 0.807834 0.210995
vt 0.803125 0.210995
vt 0.800771 0.220412
vt 0.798417 0.210995
vt 0.810188 0.220412
vt 0.812542 0.210995
vt 0.814896 0.220412
vt 0.817251 0.210995
vt 0.819605 0.220412
vt 0.821959 0.210995
vt 0.824313 0.220412
vt 0.838438 0.220412
vt 0.843147 0.220412
vt 0.845501 0.210995
vt 0.847855 0.220412
vt 0.850209 0.210995
vt 0.852563 0.220412
vt 0.854917 0.210995
vt 0.857272 0.220412
vt 0.859626 0.210995
vt 0.861980 0.220412
vt 0.864334 0.210995
vt 0.866689 0.220412
vt 0.869042 0.210995
vt 0.871397 0.220412
vt 0.873751 0.210995
vt 0.876105 0.220412
vt 0.878460 0.210995
vt 0.880814 0.220412
vt 0.883168 0.210995
vt 0.885522 0.220412
vt 0.887876 0.210995
vt 0.890231 0.220412
vt 0.904356 0.220412
vt 0.906710 0.210995
vt 0.909064 0.220412
vt 0.911418 0.210995
vt 0.913773 0.220412
vt 0.916127 0.210995
vt 0.767812 0.220412
vt 0.770167 0.210995
vt 0.765458 0.210995
vt 0.772521 0.220412
vt 0.774875 0.210995
vt 0.777229 0.220412
vt 0.779583 0.210995
vt 0.781938 0.220412
vt 0.784292 0.210995
vt 0.786646 0.220412
vt 0.789000 0.210995
vt 0.791354 0.220412
vt 0.793709 0.210995
vt 0.796063 0.220412
vt 0.812542 0.079160
vt 0.807834 0.079160
vt 0.817251 0.079160
vt 0.803125 0.079160
vt 0.810188 0.069743
vt 0.805479 0.069743
vt 0.798417 0.079160
vt 0.800771 0.069743
vt 0.793709 0.079160
vt 0.796063 0.069743
vt 0.789000 0.079160
vt 0.791354 0.069743
vt 0.784292 0.079160
vt 0.786646 0.069743
vt 0.779583 0.079160
vt 0.781938 0.069743
vt 0.774875 0.079160
vt 0.777229 0.069743
vt 0.770167 0.079160
vt 0.772521 0.069743
vt 0.765458 0.079160
vt 0.767812 0.069743
vt 0.916127 0.079160
vt 0.911418 0.079160
vt 0.913773 0.069743
vt 0.906710 0.079160
vt 0.909064 0.069743
vt 0.902001 0.079160
vt 0.904356 0.069743
vt 0.897293 0.079160
vt 0.899647 0.069743
vt 0.892585 0.079160
vt 0.894939 0.069743
vt 0.887876 0.079160
vt 0.890231 0.069743
vt 0.883168 0.079160
vt 0.885522 0.069743
vt 0.878460 0.079160
vt 0.880814 0.069743
vt 0.873751 0.079160
vt 0.876105 0.069743
vt 0.869043 0.079160
vt 0.871397 0.069743
vt 0.864334 0.079160
vt 0.866689 0.069743
vt 0.859626 0.079160
vt 0.861980 0.069743
vt 0.854917 0.079160
vt 0.857272 0.069743
vt 0.850209 0.079160
vt 0.852563 0.069743
vt 0.845501 0.079160
vt 0.847855 0.069743
vt 0.840792 0.079160
vt 0.843147 0.069743
vt 0.836084 0.079160
vt 0.838438 0.069743
vt 0.831376 0.079160
vt 0.833730 0.069743
vt 0.826667 0.079160
vt 0.829022 0.069743
vt 0.821959 0.079160
vt 0.824313 0.069743
vt 0.819605 0.069743
vt 0.814896 0.069743
vt 0.028098 0.203597
vt 0.044053 0.219552
vt 0.044053 0.203597
vt 0.091916 0.028098
vt 0.099893 0.044053
vt 0.099894 0.028098
vt 0.091916 0.283370
vt 0.099893 0.267415
vt 0.091916 0.267415
vt 0.107871 0.044053
vt 0.107871 0.028098
vt 0.099894 0.283370
vt 0.107871 0.267415
vt 0.107871 0.060007
vt 0.091916 0.044053
vt 0.099893 0.060007
vt 0.099893 0.067985
vt 0.091916 0.067985
vt 0.091916 0.060007
vt 0.099893 0.075962
vt 0.107871 0.067985
vt 0.091916 0.075962
vt 0.107871 0.075962
vt 0.115848 0.067985
vt 0.115848 0.060007
vt 0.115848 0.075962
vt 0.123825 0.067985
vt 0.123825 0.060007
vt 0.123825 0.075962
vt 0.131802 0.067985
vt 0.131802 0.060007
vt 0.131802 0.075962
vt 0.139780 0.067985
vt 0.139780 0.060007
vt 0.155734 0.075962
vt 0.155734 0.067985
vt 0.155734 0.060007
vt 0.203598 0.171688
vt 0.219552 0.179666
vt 0.219552 0.171688
vt 0.203598 0.179666
vt 0.219552 0.187643
vt 0.187643 0.179666
vt 0.203598 0.187643
vt 0.187643 0.171688
vt 0.171688 0.187643
vt 0.171688 0.179666
vt 0.171688 0.171688
vt 0.155734 0.187643
vt 0.155734 0.179666
vt 0.155734 0.171688
vt 0.139780 0.187643
vt 0.139779 0.179666
vt 0.139780 0.171688
vt 0.131802 0.179666
vt 0.131802 0.171688
vt 0.123825 0.179666
vt 0.131802 0.187643
vt 0.123825 0.171688
vt 0.115848 0.179666
vt 0.123825 0.187643
vt 0.115848 0.171688
vt 0.107871 0.179666
vt 0.115848 0.187643
vt 0.107871 0.171688
vt 0.099893 0.179666
vt 0.107871 0.187643
vt 0.099893 0.171688
vt 0.091916 0.179666
vt 0.099893 0.187643
vt 0.091916 0.171688
vt 0.075962 0.171688
vt 0.075962 0.187643
vt 0.075962 0.179666
vt 0.060007 0.187643
vt 0.060007 0.179666
vt 0.060007 0.171688
vt 0.044053 0.179666
vt 0.044053 0.171688
vt 0.028098 0.179666
vt 0.044053 0.187643
vt 0.028098 0.171688
vt 0.060007 0.155734
vt 0.044053 0.155734
vt 0.028098 0.155734
vt 0.091916 0.091916
vt 0.099893 0.107871
vt 0.099893 0.091916
vt 0.107871 0.107871
vt 0.107871 0.091916
vt 0.107871 0.123825
vt 0.091916 0.107871
vt 0.099893 0.123825
vt 0.099893 0.139780
vt 0.091916 0.139780
vt 0.091916 0.123825
vt 0.099893 0.155734
vt 0.107871 0.139780
vt 0.091916 0.155734
vt 0.107871 0.155734
vt 0.115848 0.155734
vt 0.115848 0.139780
vt 0.123825 0.139780
vt 0.123825 0.155734
vt 0.123825 0.123825
vt 0.115848 0.123825
vt 0.115848 0.107871
vt 0.123825 0.107871
vt 0.115848 0.091916
vt 0.123825 0.091916
vt 0.131802 0.091916
vt 0.139780 0.075962
vt 0.131802 0.107871
vt 0.139780 0.091916
vt 0.131802 0.123825
vt 0.139780 0.107871
vt 0.139780 0.139779
vt 0.139780 0.123825
vt 0.131802 0.139780
vt 0.139780 0.155734
vt 0.131802 0.155734
vt 0.155734 0.155734
vt 0.155734 0.139780
vt 0.171688 0.155734
vt 0.155734 0.123825
vt 0.187643 0.155734
vt 0.155734 0.107871
vt 0.203597 0.155734
vt 0.155734 0.091916
vt 0.219552 0.155734
vt 0.075962 0.155734
vt 0.060007 0.203597
vt 0.028098 0.187643
vt 0.060007 0.219552
vt 0.075962 0.203597
vt 0.099894 0.251461
vt 0.091916 0.251461
vt 0.091916 0.235506
vt 0.099893 0.235506
vt 0.107871 0.251461
vt 0.107871 0.235506
vt 0.099893 0.219552
vt 0.107871 0.219552
vt 0.091916 0.219552
vt 0.099893 0.203597
vt 0.091916 0.203597
vt 0.107871 0.203597
vt 0.091916 0.187643
vt 0.075962 0.219552
vt 0.115848 0.203597
vt 0.123825 0.203597
vt 0.123825 0.219552
vt 0.115848 0.235506
vt 0.115848 0.219552
vt 0.123825 0.235506
vt 0.123825 0.251461
vt 0.115848 0.251461
vt 0.115848 0.267415
vt 0.115848 0.283370
vt 0.123825 0.267415
vt 0.107871 0.283370
vt 0.115848 0.044053
vt 0.123825 0.028098
vt 0.115848 0.028098
vt 0.123825 0.044053
vt 0.131802 0.044053
vt 0.131802 0.028098
vt 0.139780 0.044053
vt 0.139780 0.028098
vt 0.131802 0.267415
vt 0.139780 0.283370
vt 0.139780 0.267415
vt 0.131802 0.283370
vt 0.131802 0.251461
vt 0.139780 0.251461
vt 0.139780 0.235506
vt 0.131802 0.235506
vt 0.139780 0.219552
vt 0.131802 0.219552
vt 0.131802 0.203597
vt 0.139780 0.203597
vt 0.155734 0.203597
vt 0.155734 0.219552
vt 0.171688 0.203597
vt 0.171688 0.219552
vt 0.187643 0.203597
vt 0.187643 0.187643
vt 0.187643 0.219552
vt 0.155734 0.235506
vt 0.155734 0.267415
vt 0.155734 0.251461
vt 0.203598 0.203597
vt 0.155734 0.283370
vt 0.203597 0.219552
vt 0.219552 0.203597
vt 0.155734 0.028098
vt 0.155734 0.044053
vt 0.092031 0.923210
vt 0.084620 0.919504
vt 0.092031 0.919504
vt 0.099441 0.923210
vt 0.099441 0.919504
vt 0.092031 0.926915
vt 0.084620 0.923210
vt 0.099441 0.926915
vt 0.084620 0.930621
vt 0.092031 0.930621
vt 0.099441 0.930621
vt 0.084620 0.934326
vt 0.092031 0.934326
vt 0.099441 0.934326
vt 0.084620 0.938032
vt 0.092031 0.938032
vt 0.099441 0.938032
vt 0.084620 0.941737
vt 0.092031 0.941737
vt 0.099441 0.941737
vt 0.084620 0.945443
vt 0.092031 0.945443
vt 0.099441 0.945443
vt 0.084620 0.949148
vt 0.092031 0.949148
vt 0.099441 0.949148
vt 0.092031 0.952854
vt 0.099441 0.952854
vt 0.158729 0.930621
vt 0.099441 0.834278
vt 0.129085 0.834278
vt 0.106852 0.952854
vt 0.106852 0.949148
vt 0.114264 0.952854
vt 0.114264 0.949148
vt 0.106852 0.945443
vt 0.114264 0.945443
vt 0.106852 0.941737
vt 0.114264 0.941737
vt 0.106852 0.938032
vt 0.114264 0.938032
vt 0.106852 0.934326
vt 0.114264 0.934326
vt 0.106852 0.930621
vt 0.114264 0.930621
vt 0.106852 0.926915
vt 0.114264 0.926915
vt 0.106852 0.923210
vt 0.114264 0.923210
vt 0.106852 0.919504
vt 0.114264 0.919504
vt 0.121674 0.926915
vt 0.121674 0.923210
vt 0.121674 0.919504
vt 0.106852 0.915799
vt 0.114264 0.915799
vt 0.121674 0.915799
vt 0.106852 0.912093
vt 0.114264 0.912093
vt 0.121674 0.912093
vt 0.106852 0.908388
vt 0.114264 0.908388
vt 0.121674 0.908388
vt 0.106852 0.904682
vt 0.114264 0.904682
vt 0.121674 0.904682
vt 0.106852 0.900977
vt 0.114264 0.900977
vt 0.121674 0.900977
vt 0.106852 0.897271
vt 0.114264 0.897271
vt 0.121674 0.897271
vt 0.114264 0.893566
vt 0.121674 0.893566
vt 0.129085 0.893566
vt 0.129085 0.897271
vt 0.136496 0.893566
vt 0.136496 0.897271
vt 0.129085 0.900977
vt 0.136496 0.900977
vt 0.129085 0.904682
vt 0.136496 0.904682
vt 0.129085 0.908388
vt 0.136496 0.908388
vt 0.129085 0.912093
vt 0.136496 0.912093
vt 0.129085 0.915799
vt 0.136496 0.915799
vt 0.129085 0.919504
vt 0.136496 0.919504
vt 0.129085 0.923210
vt 0.136496 0.923210
vt 0.129085 0.926915
vt 0.136496 0.926915
vt 0.129085 0.930621
vt 0.136496 0.930621
vt 0.129085 0.934326
vt 0.121674 0.930621
vt 0.136496 0.934326
vt 0.129085 0.938032
vt 0.121674 0.934326
vt 0.136496 0.938032
vt 0.129085 0.941737
vt 0.121674 0.938032
vt 0.136496 0.941737
vt 0.129085 0.945443
vt 0.121674 0.941737
vt 0.136496 0.945443
vt 0.129085 0.949148
vt 0.121674 0.945443
vt 0.136496 0.949148
vt 0.129085 0.952854
vt 0.121674 0.949148
vt 0.136496 0.952854
vt 0.143907 0.952854
vt 0.143907 0.949148
vt 0.151318 0.952854
vt 0.151318 0.949148
vt 0.143907 0.945443
vt 0.151318 0.945443
vt 0.143907 0.941737
vt 0.151318 0.941737
vt 0.143907 0.938032
vt 0.151318 0.938032
vt 0.143907 0.934326
vt 0.151318 0.934326
vt 0.143907 0.930621
vt 0.151318 0.930621
vt 0.143907 0.926915
vt 0.151318 0.926915
vt 0.143907 0.923210
vt 0.151318 0.923210
vt 0.143907 0.919504
vt 0.151318 0.919504
vt 0.143907 0.915799
vt 0.151318 0.915799
vt 0.143907 0.912093
vt 0.151318 0.912093
vt 0.143907 0.908388
vt 0.151318 0.908388
vt 0.143907 0.904682
vt 0.151318 0.904682
vt 0.143907 0.900977
vt 0.151318 0.900977
vt 0.143907 0.897271
vt 0.151318 0.897271
vt 0.143907 0.893566
vt 0.151318 0.893566
vt 0.158729 0.897271
vt 0.158729 0.893566
vt 0.158729 0.900977
vt 0.158729 0.904682
vt 0.158729 0.908388
vt 0.158729 0.912093
vt 0.158729 0.915799
vt 0.158729 0.919504
vt 0.158729 0.923210
vt 0.158729 0.926915
vt 0.158729 0.934326
vt 0.158729 0.938032
vt 0.158729 0.941737
vt 0.158729 0.945443
vt 0.158729 0.949148
vt 0.158729 0.952854
vt 0.121674 0.952854
vt 0.099442 0.897271
vt 0.106852 0.893566
vt 0.092031 0.897271
vt 0.099441 0.893566
vt 0.099441 0.900977
vt 0.099441 0.904682
vt 0.092031 0.900977
vt 0.099441 0.908388
vt 0.092031 0.904682
vt 0.099441 0.912093
vt 0.092031 0.908388
vt 0.099441 0.915799
vt 0.092031 0.912093
vt 0.092031 0.915799
vt 0.084620 0.915799
vt 0.084620 0.912093
vt 0.077209 0.915799
vt 0.077209 0.912093
vt 0.077209 0.908388
vt 0.084620 0.908388
vt 0.077209 0.904682
vt 0.084620 0.904682
vt 0.077209 0.900977
vt 0.084620 0.900977
vt 0.077209 0.897271
vt 0.084620 0.897271
vt 0.084620 0.893566
vt 0.092031 0.893566
vt 0.069798 0.895418
vt 0.077209 0.893566
vt 0.069798 0.902829
vt 0.069798 0.899124
vt 0.077209 0.923210
vt 0.069798 0.921357
vt 0.077209 0.919504
vt 0.077209 0.926915
vt 0.069798 0.925062
vt 0.069798 0.917652
vt 0.069798 0.913946
vt 0.069798 0.910240
vt 0.069798 0.906535
vt 0.077209 0.952854
vt 0.069798 0.951001
vt 0.077209 0.949148
vt 0.069798 0.947296
vt 0.077209 0.945443
vt 0.069798 0.943590
vt 0.077209 0.941737
vt 0.069798 0.939885
vt 0.077209 0.938032
vt 0.069798 0.936179
vt 0.077209 0.934326
vt 0.069798 0.932474
vt 0.077209 0.930621
vt 0.069798 0.928768
vt 0.084620 0.926915
vt 0.084620 0.952854
vt 0.949846 0.349547
vt 0.957198 0.353223
vt 0.957198 0.349547
vt 0.942494 0.349547
vt 0.949846 0.353223
vt 0.949846 0.345871
vt 0.957198 0.345871
vt 0.942494 0.345871
vt 0.957198 0.342195
vt 0.949846 0.342195
vt 0.942494 0.342195
vt 0.957198 0.338519
vt 0.949846 0.338519
vt 0.942494 0.338519
vt 0.957198 0.334843
vt 0.949846 0.334843
vt 0.942494 0.334843
vt 0.957198 0.331167
vt 0.949846 0.331167
vt 0.942494 0.331167
vt 0.957198 0.327492
vt 0.949846 0.327492
vt 0.942494 0.327492
vt 0.957198 0.323816
vt 0.949846 0.323816
vt 0.942494 0.323816
vt 0.949846 0.320140
vt 0.957198 0.320140
vt 0.942494 0.320140
vt 0.883680 0.342195
vt 0.913087 0.437769
vt 0.942494 0.437769
vt 0.935142 0.320140
vt 0.927791 0.320140
vt 0.935142 0.323816
vt 0.935142 0.327492
vt 0.927791 0.327492
vt 0.927791 0.323816
vt 0.935142 0.331167
vt 0.927791 0.331167
vt 0.935142 0.334843
vt 0.927791 0.334843
vt 0.935142 0.338519
vt 0.927791 0.338519
vt 0.935142 0.342195
vt 0.927791 0.342195
vt 0.935142 0.345871
vt 0.927791 0.345871
vt 0.935142 0.349547
vt 0.942494 0.353223
vt 0.927791 0.349547
vt 0.935143 0.353223
vt 0.920439 0.345871
vt 0.920439 0.349547
vt 0.927791 0.353223
vt 0.935142 0.356899
vt 0.920439 0.353223
vt 0.927791 0.356899
vt 0.935142 0.360575
vt 0.920439 0.356899
vt 0.927791 0.360575
vt 0.935142 0.364251
vt 0.920439 0.360575
vt 0.927791 0.364251
vt 0.935142 0.367927
vt 0.920439 0.364251
vt 0.927791 0.367927
vt 0.935143 0.371602
vt 0.920439 0.367927
vt 0.927791 0.371602
vt 0.935142 0.375278
vt 0.920439 0.371602
vt 0.927791 0.375278
vt 0.927791 0.378954
vt 0.920439 0.378954
vt 0.920439 0.375278
vt 0.913087 0.378954
vt 0.913087 0.375278
vt 0.905735 0.378954
vt 0.905735 0.375278
vt 0.913087 0.371602
vt 0.905735 0.371602
vt 0.913087 0.367927
vt 0.905735 0.367927
vt 0.913087 0.364251
vt 0.905735 0.364251
vt 0.913087 0.360575
vt 0.905735 0.360575
vt 0.913087 0.356899
vt 0.905735 0.356899
vt 0.913087 0.353223
vt 0.905735 0.353223
vt 0.913087 0.349547
vt 0.905735 0.349547
vt 0.913087 0.345871
vt 0.905735 0.345871
vt 0.913087 0.342195
vt 0.920439 0.342195
vt 0.905735 0.342195
vt 0.913087 0.338519
vt 0.920439 0.338519
vt 0.905735 0.338519
vt 0.913087 0.334843
vt 0.920439 0.334843
vt 0.905736 0.334843
vt 0.913087 0.331167
vt 0.920439 0.331167
vt 0.905735 0.331167
vt 0.913087 0.327492
vt 0.920439 0.327492
vt 0.905735 0.327492
vt 0.913087 0.323816
vt 0.920439 0.323816
vt 0.905735 0.323816
vt 0.913087 0.320140
vt 0.920439 0.320140
vt 0.905735 0.320140
vt 0.898383 0.320140
vt 0.891032 0.320140
vt 0.898383 0.323816
vt 0.891032 0.323816
vt 0.898383 0.327492
vt 0.891032 0.327492
vt 0.898383 0.331167
vt 0.891032 0.331167
vt 0.898383 0.334843
vt 0.891032 0.334843
vt 0.898383 0.338519
vt 0.891032 0.338519
vt 0.898383 0.342195
vt 0.891032 0.342195
vt 0.898383 0.345871
vt 0.891032 0.345871
vt 0.898383 0.349547
vt 0.891032 0.349547
vt 0.898383 0.353223
vt 0.891032 0.356899
vt 0.891032 0.353223
vt 0.898383 0.360575
vt 0.898383 0.356899
vt 0.891032 0.360575
vt 0.898383 0.364251
vt 0.891032 0.364251
vt 0.898383 0.367927
vt 0.891032 0.367927
vt 0.898383 0.371602
vt 0.891032 0.371602
vt 0.898383 0.375278
vt 0.891031 0.375278
vt 0.898383 0.378954
vt 0.883680 0.375278
vt 0.891032 0.378954
vt 0.883680 0.371602
vt 0.883680 0.367927
vt 0.883680 0.364251
vt 0.883680 0.360575
vt 0.883680 0.356899
vt 0.883680 0.353223
vt 0.883680 0.349547
vt 0.883680 0.345871
vt 0.883680 0.338519
vt 0.883680 0.334843
vt 0.883680 0.331168
vt 0.883680 0.327492
vt 0.883680 0.323816
vt 0.883680 0.320140
vt 0.935142 0.378954
vt 0.942494 0.375278
vt 0.942494 0.378954
vt 0.949846 0.375278
vt 0.942494 0.371602
vt 0.949846 0.371602
vt 0.942494 0.367927
vt 0.949846 0.367927
vt 0.942494 0.364251
vt 0.949846 0.364251
vt 0.942494 0.360575
vt 0.949846 0.360575
vt 0.942494 0.356899
vt 0.949846 0.356899
vt 0.957198 0.356899
vt 0.957198 0.360575
vt 0.964550 0.356899
vt 0.964550 0.353223
vt 0.964550 0.360575
vt 0.964550 0.364251
vt 0.957198 0.364251
vt 0.964550 0.367927
vt 0.957198 0.367927
vt 0.964550 0.371602
vt 0.957198 0.371602
vt 0.964550 0.375278
vt 0.957198 0.375278
vt 0.957198 0.378954
vt 0.949846 0.378954
vt 0.964550 0.378954
vt 0.971902 0.377116
vt 0.971902 0.369764
vt 0.971902 0.373440
vt 0.964550 0.349547
vt 0.971902 0.351385
vt 0.964550 0.345871
vt 0.971902 0.347709
vt 0.971902 0.355061
vt 0.971902 0.358737
vt 0.971902 0.362413
vt 0.971902 0.366089
vt 0.964550 0.320140
vt 0.964550 0.323816
vt 0.971902 0.321978
vt 0.964550 0.327492
vt 0.971902 0.325654
vt 0.964550 0.331168
vt 0.971902 0.329330
vt 0.964550 0.334843
vt 0.971902 0.333005
vt 0.964550 0.338519
vt 0.971902 0.336681
vt 0.964550 0.342195
vt 0.971902 0.340357
vt 0.971902 0.344033
vt 0.479348 0.028098
vt 0.508829 0.057579
vt 0.479348 0.057579
vt 0.420387 0.175501
vt 0.449868 0.204982
vt 0.420387 0.204982
vt 0.508829 0.234462
vt 0.479348 0.263943
vt 0.479348 0.234462
vt 0.479348 0.204982
vt 0.479348 0.175501
vt 0.449868 0.175501
vt 0.449868 0.146021
vt 0.420387 0.146021
vt 0.508829 0.175501
vt 0.479348 0.146021
vt 0.508829 0.146021
vt 0.508829 0.116540
vt 0.479348 0.116540
vt 0.479348 0.087060
vt 0.334710 0.028098
vt 0.364190 0.057579
vt 0.364190 0.028098
vt 0.275749 0.175501
vt 0.305229 0.204982
vt 0.305229 0.175501
vt 0.334710 0.263943
vt 0.364190 0.234462
vt 0.334710 0.234462
vt 0.334710 0.204982
vt 0.364190 0.204982
vt 0.334710 0.175501
vt 0.305229 0.146021
vt 0.275749 0.146021
vt 0.334710 0.146021
vt 0.364190 0.175501
vt 0.364190 0.146021
vt 0.364190 0.263943
vt 0.364190 0.087060
vt 0.364190 0.116540
vt 0.334710 0.116540
vt 0.334710 0.087060
vt 0.334710 0.057579
vt 0.540744 0.320140
vt 0.552784 0.332179
vt 0.552784 0.320140
vt 0.492587 0.464611
vt 0.504627 0.452572
vt 0.492587 0.452572
vt 0.540744 0.512769
vt 0.552784 0.500729
vt 0.540744 0.500729
vt 0.540744 0.488690
vt 0.552784 0.488690
vt 0.504626 0.464612
vt 0.516666 0.452572
vt 0.516666 0.440533
vt 0.504627 0.440533
vt 0.492587 0.440533
vt 0.528705 0.452572
vt 0.528705 0.440533
vt 0.528705 0.464612
vt 0.540744 0.452572
vt 0.540744 0.440533
vt 0.540744 0.464611
vt 0.552784 0.476651
vt 0.540744 0.476651
vt 0.552784 0.464611
vt 0.558803 0.488690
vt 0.558803 0.476651
vt 0.558803 0.464611
vt 0.564823 0.476651
vt 0.564823 0.464611
vt 0.564823 0.500729
vt 0.564823 0.488690
vt 0.558803 0.500729
vt 0.564823 0.512769
vt 0.558803 0.512769
vt 0.558803 0.320140
vt 0.564823 0.332179
vt 0.564823 0.320140
vt 0.558803 0.332179
vt 0.564823 0.344218
vt 0.558803 0.344218
vt 0.558803 0.356258
vt 0.552784 0.356258
vt 0.552784 0.344218
vt 0.564823 0.368297
vt 0.564823 0.356258
vt 0.552784 0.368297
vt 0.552784 0.380336
vt 0.558803 0.368297
vt 0.564823 0.380336
vt 0.558803 0.380336
vt 0.564823 0.392376
vt 0.558803 0.392376
vt 0.558803 0.404415
vt 0.552784 0.404415
vt 0.552784 0.392376
vt 0.558803 0.416454
vt 0.564823 0.404415
vt 0.552784 0.416454
vt 0.558803 0.428493
vt 0.564823 0.416454
vt 0.564823 0.440533
vt 0.564823 0.428493
vt 0.552784 0.428493
vt 0.558803 0.440533
vt 0.558803 0.452572
vt 0.552784 0.452572
vt 0.552784 0.440533
vt 0.564823 0.452572
vt 0.576862 0.452572
vt 0.576862 0.440533
vt 0.576862 0.464611
vt 0.588902 0.464611
vt 0.588902 0.452572
vt 0.576862 0.476651
vt 0.576862 0.488690
vt 0.588901 0.476651
vt 0.600941 0.464612
vt 0.600941 0.452572
vt 0.612980 0.464611
vt 0.612980 0.452572
vt 0.625019 0.440533
vt 0.612980 0.428493
vt 0.588901 0.440533
vt 0.600941 0.440533
vt 0.588902 0.428493
vt 0.576862 0.428493
vt 0.600941 0.428493
vt 0.576862 0.416454
vt 0.588902 0.416454
vt 0.576862 0.404415
vt 0.588901 0.404415
vt 0.576862 0.392376
vt 0.588901 0.392376
vt 0.612980 0.416454
vt 0.600941 0.416454
vt 0.625019 0.428493
vt 0.625019 0.416454
vt 0.637058 0.440533
vt 0.637058 0.428493
vt 0.637058 0.416454
vt 0.576862 0.344218
vt 0.588901 0.356258
vt 0.588901 0.344218
vt 0.576862 0.356258
vt 0.588901 0.368297
vt 0.576862 0.368297
vt 0.576862 0.380336
vt 0.588901 0.380336
vt 0.576862 0.332179
vt 0.588901 0.332179
vt 0.576862 0.320140
vt 0.588901 0.320140
vt 0.625019 0.464612
vt 0.637058 0.452572
vt 0.625019 0.452572
vt 0.588901 0.500729
vt 0.588901 0.488690
vt 0.576862 0.500729
vt 0.588901 0.512769
vt 0.576862 0.512769
vt 0.540744 0.428493
vt 0.528705 0.428493
vt 0.540744 0.416454
vt 0.528705 0.416454
vt 0.516666 0.428493
vt 0.516666 0.416454
vt 0.540744 0.404415
vt 0.540744 0.392376
vt 0.540744 0.380336
vt 0.504626 0.416454
vt 0.540744 0.368297
vt 0.492587 0.416454
vt 0.504627 0.428493
vt 0.492587 0.428493
vt 0.540744 0.356258
vt 0.540744 0.344218
vt 0.540744 0.332179
vt 0.737998 0.320140
vt 0.760369 0.331325
vt 0.737998 0.331325
vt 0.693255 0.443181
vt 0.704284 0.454367
vt 0.693255 0.454367
vt 0.760369 0.488081
vt 0.737998 0.499109
vt 0.737998 0.488081
vt 0.704284 0.443181
vt 0.715627 0.454367
vt 0.760369 0.476738
vt 0.737998 0.476738
vt 0.782740 0.488081
vt 0.782740 0.499109
vt 0.760369 0.499109
vt 0.827483 0.443181
vt 0.816454 0.454367
vt 0.816454 0.443181
vt 0.805111 0.454367
vt 0.805112 0.443181
vt 0.816455 0.431996
vt 0.805112 0.431996
vt 0.827483 0.431996
vt 0.805112 0.420810
vt 0.816454 0.420810
vt 0.805111 0.409624
vt 0.816454 0.409624
vt 0.827483 0.420810
vt 0.760369 0.353696
vt 0.782740 0.364882
vt 0.760369 0.364882
vt 0.760369 0.342511
vt 0.782740 0.353696
vt 0.737998 0.353696
vt 0.737998 0.342511
vt 0.737998 0.364882
vt 0.704284 0.420810
vt 0.693255 0.431996
vt 0.693255 0.420810
vt 0.704284 0.409624
vt 0.693255 0.409624
vt 0.715627 0.420810
vt 0.704284 0.431996
vt 0.715627 0.409624
vt 0.726812 0.431996
vt 0.715627 0.431996
vt 0.726813 0.420810
vt 0.737998 0.431996
vt 0.737998 0.409624
vt 0.726812 0.409624
vt 0.715627 0.443181
vt 0.726813 0.443181
vt 0.737998 0.454367
vt 0.726812 0.454367
vt 0.760369 0.465552
vt 0.737998 0.465552
vt 0.782740 0.465552
vt 0.782740 0.454367
vt 0.760369 0.454367
vt 0.793926 0.454367
vt 0.793926 0.443181
vt 0.782740 0.443181
vt 0.793926 0.431996
vt 0.782740 0.431996
vt 0.793926 0.420810
vt 0.782740 0.420810
vt 0.782740 0.409624
vt 0.793926 0.409624
vt 0.760369 0.398439
vt 0.760369 0.409624
vt 0.760369 0.387253
vt 0.782740 0.398439
vt 0.737998 0.398439
vt 0.737998 0.387253
vt 0.760369 0.420810
vt 0.737998 0.420810
vt 0.760369 0.431996
vt 0.760369 0.443181
vt 0.737998 0.443181
vt 0.737998 0.375910
vt 0.782740 0.375910
vt 0.760369 0.375910
vt 0.782740 0.331325
vt 0.782740 0.320140
vt 0.760369 0.320140
vt 0.382843 0.534328
vt 0.356070 0.520942
vt 0.356070 0.534328
vt 0.436390 0.387074
vt 0.423192 0.373687
vt 0.423192 0.387074
vt 0.382843 0.320140
vt 0.356070 0.333338
vt 0.382843 0.333338
vt 0.409617 0.373687
vt 0.409617 0.387074
vt 0.356070 0.346913
vt 0.382843 0.346913
vt 0.329296 0.333338
vt 0.329296 0.346913
vt 0.329296 0.320140
vt 0.288947 0.373687
vt 0.275749 0.387074
vt 0.288947 0.387074
vt 0.302522 0.373687
vt 0.302522 0.387074
vt 0.288947 0.400461
vt 0.302522 0.400460
vt 0.275749 0.400460
vt 0.302522 0.413847
vt 0.288947 0.413847
vt 0.275749 0.413847
vt 0.302522 0.427234
vt 0.288947 0.427234
vt 0.275749 0.427234
vt 0.356070 0.494168
vt 0.329296 0.480781
vt 0.329296 0.494168
vt 0.356070 0.507555
vt 0.329296 0.507555
vt 0.382843 0.494168
vt 0.382843 0.507555
vt 0.382843 0.480781
vt 0.436390 0.400460
vt 0.423192 0.413847
vt 0.436390 0.413847
vt 0.423192 0.427234
vt 0.436390 0.427234
vt 0.423192 0.400461
vt 0.409617 0.413847
vt 0.409617 0.427234
vt 0.396230 0.400461
vt 0.396230 0.413847
vt 0.396230 0.427234
vt 0.382843 0.400461
vt 0.382843 0.413847
vt 0.382843 0.427234
vt 0.409617 0.400460
vt 0.396230 0.387074
vt 0.382843 0.373687
vt 0.382843 0.387074
vt 0.356070 0.360300
vt 0.356070 0.373687
vt 0.382843 0.360300
vt 0.329296 0.360300
vt 0.329296 0.373687
vt 0.315909 0.373687
vt 0.315909 0.387074
vt 0.329296 0.387074
vt 0.315909 0.400461
vt 0.329296 0.400460
vt 0.315909 0.413847
vt 0.329296 0.413847
vt 0.329296 0.427234
vt 0.315909 0.427234
vt 0.356070 0.440621
vt 0.329296 0.440621
vt 0.356070 0.454008
vt 0.329296 0.454008
vt 0.382843 0.440621
vt 0.382843 0.454008
vt 0.356070 0.413847
vt 0.356070 0.427234
vt 0.356070 0.400461
vt 0.356070 0.387074
vt 0.382843 0.467583
vt 0.356070 0.467583
vt 0.329296 0.467583
vt 0.356070 0.480781
vt 0.382843 0.520942
vt 0.329296 0.520942
vt 0.329296 0.534328
vt 0.115459 0.595436
vt 0.138290 0.606851
vt 0.115459 0.606851
vt 0.081052 0.721004
vt 0.069798 0.732420
vt 0.069798 0.721004
vt 0.138290 0.766827
vt 0.115459 0.778081
vt 0.115459 0.766827
vt 0.092628 0.732420
vt 0.081052 0.732420
vt 0.138290 0.755251
vt 0.115459 0.755251
vt 0.161121 0.766827
vt 0.161121 0.778081
vt 0.138290 0.778081
vt 0.195527 0.721004
vt 0.206782 0.732420
vt 0.195527 0.732420
vt 0.183951 0.732420
vt 0.183951 0.721004
vt 0.195527 0.709589
vt 0.183951 0.709589
vt 0.206782 0.721004
vt 0.183951 0.698174
vt 0.206782 0.698174
vt 0.195527 0.698174
vt 0.183951 0.686758
vt 0.206782 0.686758
vt 0.195527 0.686758
vt 0.138290 0.629682
vt 0.161121 0.641097
vt 0.138290 0.641097
vt 0.138290 0.618266
vt 0.161121 0.629682
vt 0.115459 0.629682
vt 0.115459 0.618266
vt 0.115459 0.641097
vt 0.081053 0.698174
vt 0.069798 0.709589
vt 0.069798 0.698174
vt 0.069798 0.686758
vt 0.092628 0.709589
vt 0.081052 0.709589
vt 0.081052 0.686758
vt 0.092628 0.698174
vt 0.104044 0.698174
vt 0.104044 0.686758
vt 0.092628 0.686758
vt 0.115459 0.709589
vt 0.104044 0.709589
vt 0.115459 0.686758
vt 0.092628 0.721004
vt 0.104044 0.721004
vt 0.115459 0.732420
vt 0.104044 0.732420
vt 0.138290 0.743835
vt 0.115459 0.743835
vt 0.161121 0.743835
vt 0.161121 0.732420
vt 0.138290 0.732420
vt 0.172536 0.732420
vt 0.172536 0.721004
vt 0.161121 0.721004
vt 0.172536 0.709589
vt 0.161121 0.709589
vt 0.172536 0.698174
vt 0.161121 0.698174
vt 0.161121 0.686758
vt 0.172536 0.686758
vt 0.138290 0.675343
vt 0.138290 0.686758
vt 0.138290 0.663928
vt 0.161121 0.675343
vt 0.115459 0.675343
vt 0.115459 0.663928
vt 0.138290 0.698174
vt 0.115459 0.698174
vt 0.138290 0.709589
vt 0.138290 0.721004
vt 0.115459 0.721004
vt 0.115459 0.652352
vt 0.161121 0.652352
vt 0.138290 0.652352
vt 0.161121 0.606851
vt 0.161121 0.595436
vt 0.138290 0.595436
vt 0.321415 0.590525
vt 0.344248 0.601942
vt 0.344248 0.590525
vt 0.275749 0.727524
vt 0.287005 0.716107
vt 0.275749 0.716107
vt 0.321415 0.773190
vt 0.344248 0.761934
vt 0.321415 0.761934
vt 0.298582 0.727524
vt 0.298582 0.716107
vt 0.344248 0.750356
vt 0.321415 0.750356
vt 0.367081 0.761934
vt 0.367081 0.750356
vt 0.367081 0.773190
vt 0.401491 0.716107
vt 0.412747 0.727524
vt 0.412747 0.716107
vt 0.389914 0.727524
vt 0.389914 0.716107
vt 0.401491 0.704691
vt 0.389914 0.704691
vt 0.412747 0.704691
vt 0.389914 0.693274
vt 0.401491 0.693274
vt 0.412747 0.693274
vt 0.389914 0.681858
vt 0.401491 0.681858
vt 0.412747 0.681858
vt 0.344248 0.624775
vt 0.367081 0.636191
vt 0.367081 0.624775
vt 0.344248 0.613358
vt 0.367081 0.613358
vt 0.321415 0.624775
vt 0.321415 0.613358
vt 0.344248 0.636192
vt 0.275749 0.704691
vt 0.287005 0.693274
vt 0.275749 0.693274
vt 0.275749 0.681858
vt 0.287005 0.681858
vt 0.298582 0.704691
vt 0.298582 0.693274
vt 0.298582 0.681858
vt 0.309999 0.693274
vt 0.309999 0.681858
vt 0.321415 0.704691
vt 0.321415 0.693274
vt 0.321415 0.681858
vt 0.309999 0.704691
vt 0.309999 0.716107
vt 0.321415 0.727524
vt 0.321415 0.716107
vt 0.344248 0.738940
vt 0.344248 0.727524
vt 0.321415 0.738940
vt 0.367081 0.738940
vt 0.367081 0.727524
vt 0.378497 0.727524
vt 0.378498 0.716107
vt 0.367081 0.716107
vt 0.378498 0.704691
vt 0.367081 0.704691
vt 0.378498 0.693274
vt 0.367081 0.693274
vt 0.367081 0.681858
vt 0.378497 0.681858
vt 0.344248 0.670441
vt 0.367081 0.670441
vt 0.344248 0.659024
vt 0.367081 0.659024
vt 0.321415 0.670441
vt 0.321415 0.659024
vt 0.344248 0.693274
vt 0.344248 0.681858
vt 0.344248 0.704691
vt 0.344248 0.716107
vt 0.321415 0.647447
vt 0.344248 0.647447
vt 0.367081 0.647447
vt 0.321415 0.636191
vt 0.287005 0.704691
vt 0.321415 0.601942
vt 0.367081 0.601942
vt 0.367081 0.590525
vt 0.759635 0.681967
vt 0.750218 0.677258
vt 0.759635 0.677258
vt 0.769051 0.681967
vt 0.769051 0.677258
vt 0.750218 0.686675
vt 0.759635 0.686675
vt 0.769051 0.686675
vt 0.750218 0.691384
vt 0.759635 0.691384
vt 0.769051 0.691384
vt 0.750218 0.696092
vt 0.759635 0.696092
vt 0.769051 0.696092
vt 0.750218 0.700801
vt 0.759635 0.700801
vt 0.769051 0.700801
vt 0.750218 0.705509
vt 0.759635 0.705509
vt 0.769051 0.705509
vt 0.750218 0.710217
vt 0.759635 0.710217
vt 0.769051 0.710217
vt 0.750218 0.714926
vt 0.759635 0.714926
vt 0.769051 0.714926
vt 0.750218 0.719634
vt 0.759635 0.719634
vt 0.769051 0.719634
vt 0.759635 0.573674
vt 0.750218 0.568965
vt 0.759635 0.568965
vt 0.769051 0.573674
vt 0.769051 0.568965
vt 0.759635 0.578382
vt 0.750218 0.573674
vt 0.769051 0.578382
vt 0.759635 0.583091
vt 0.750218 0.578382
vt 0.769051 0.583091
vt 0.759635 0.587799
vt 0.750218 0.583091
vt 0.769051 0.587799
vt 0.759635 0.592507
vt 0.750218 0.587799
vt 0.769051 0.592508
vt 0.759635 0.597216
vt 0.750218 0.592508
vt 0.769051 0.597216
vt 0.759635 0.601924
vt 0.750218 0.597216
vt 0.769051 0.601924
vt 0.759635 0.606633
vt 0.750218 0.601924
vt 0.769051 0.606633
vt 0.750218 0.611341
vt 0.759635 0.611341
vt 0.769051 0.611341
vt 0.750218 0.616050
vt 0.759635 0.616050
vt 0.769051 0.616050
vt 0.750218 0.620758
vt 0.759635 0.620758
vt 0.769051 0.620758
vt 0.750218 0.625466
vt 0.759635 0.625467
vt 0.769051 0.625467
vt 0.750218 0.630175
vt 0.759635 0.630175
vt 0.769051 0.630175
vt 0.750218 0.634883
vt 0.759635 0.634883
vt 0.769051 0.634883
vt 0.750218 0.639591
vt 0.759635 0.639591
vt 0.769051 0.639591
vt 0.750218 0.644300
vt 0.759635 0.644300
vt 0.769051 0.644300
vt 0.759635 0.649008
vt 0.769051 0.649008
vt 0.759635 0.653716
vt 0.750218 0.649008
vt 0.769051 0.653716
vt 0.759635 0.658425
vt 0.750218 0.653716
vt 0.769051 0.658425
vt 0.759635 0.663133
vt 0.750218 0.658425
vt 0.769051 0.663133
vt 0.759635 0.667842
vt 0.750218 0.663133
vt 0.769051 0.667842
vt 0.759635 0.672550
vt 0.750218 0.667841
vt 0.769051 0.672550
vt 0.750218 0.672550
vt 0.778468 0.677258
vt 0.778468 0.672550
vt 0.778468 0.667841
vt 0.778468 0.681967
vt 0.787885 0.681967
vt 0.787885 0.677258
vt 0.787885 0.672550
vt 0.778468 0.686675
vt 0.787885 0.686675
vt 0.778468 0.691384
vt 0.787885 0.691384
vt 0.778468 0.696092
vt 0.787885 0.696092
vt 0.778468 0.700801
vt 0.787885 0.700801
vt 0.778468 0.705509
vt 0.787885 0.705509
vt 0.778468 0.710217
vt 0.787885 0.710217
vt 0.778468 0.714926
vt 0.787885 0.714926
vt 0.778468 0.719634
vt 0.787885 0.719634
vt 0.778468 0.573674
vt 0.778468 0.568965
vt 0.787885 0.573674
vt 0.787885 0.568965
vt 0.778468 0.578382
vt 0.787885 0.578382
vt 0.778468 0.583091
vt 0.787885 0.583091
vt 0.778468 0.587799
vt 0.787885 0.587799
vt 0.778468 0.592508
vt 0.787885 0.592508
vt 0.778468 0.597216
vt 0.787885 0.597216
vt 0.778468 0.601924
vt 0.787885 0.601924
vt 0.778468 0.606633
vt 0.787885 0.606633
vt 0.778468 0.611341
vt 0.787885 0.611341
vt 0.778468 0.616050
vt 0.787885 0.616050
vt 0.778468 0.620758
vt 0.787885 0.620758
vt 0.778468 0.625466
vt 0.787885 0.625466
vt 0.778468 0.630175
vt 0.787885 0.630175
vt 0.778468 0.634883
vt 0.787885 0.634883
vt 0.778468 0.639591
vt 0.787885 0.639591
vt 0.778468 0.644300
vt 0.787885 0.644300
vt 0.778468 0.649008
vt 0.787885 0.649008
vt 0.778468 0.653717
vt 0.787885 0.653716
vt 0.778468 0.658425
vt 0.787885 0.658425
vt 0.778468 0.663133
vt 0.787885 0.663133
vt 0.787885 0.667841
vt 0.797302 0.672550
vt 0.797302 0.667842
vt 0.797302 0.663133
vt 0.797302 0.677258
vt 0.806719 0.677258
vt 0.806719 0.672550
vt 0.806719 0.667841
vt 0.797302 0.681967
vt 0.806719 0.681967
vt 0.797302 0.686675
vt 0.806719 0.686675
vt 0.797302 0.691384
vt 0.806719 0.691384
vt 0.797302 0.696092
vt 0.806719 0.696092
vt 0.797302 0.700801
vt 0.806719 0.700801
vt 0.797302 0.705509
vt 0.806719 0.705509
vt 0.797302 0.710217
vt 0.806719 0.710217
vt 0.797302 0.714926
vt 0.806719 0.714926
vt 0.797302 0.719634
vt 0.806719 0.719634
vt 0.797302 0.573674
vt 0.797302 0.568965
vt 0.806719 0.573674
vt 0.806719 0.568965
vt 0.797302 0.578382
vt 0.806719 0.578382
vt 0.797302 0.583091
vt 0.806719 0.583091
vt 0.797302 0.587799
vt 0.806719 0.587799
vt 0.797302 0.592508
vt 0.806719 0.592508
vt 0.797302 0.597216
vt 0.806719 0.597216
vt 0.797302 0.601924
vt 0.806719 0.601924
vt 0.797302 0.606633
vt 0.806719 0.606633
vt 0.797302 0.611341
vt 0.806719 0.611341
vt 0.797302 0.616050
vt 0.806719 0.616050
vt 0.797302 0.620758
vt 0.806719 0.620758
vt 0.797302 0.625466
vt 0.806719 0.625466
vt 0.797302 0.630175
vt 0.806719 0.630175
vt 0.797302 0.634883
vt 0.806719 0.634883
vt 0.797302 0.639591
vt 0.806719 0.639591
vt 0.797302 0.644300
vt 0.806719 0.644300
vt 0.797302 0.649008
vt 0.806719 0.649008
vt 0.797302 0.653716
vt 0.806719 0.653716
vt 0.797302 0.658425
vt 0.806719 0.658425
vt 0.806719 0.663133
vt 0.816135 0.663133
vt 0.816135 0.667841
vt 0.816135 0.658425
vt 0.816135 0.672550
vt 0.825552 0.667841
vt 0.825552 0.672550
vt 0.825552 0.663133
vt 0.816135 0.677258
vt 0.825552 0.677258
vt 0.816135 0.681967
vt 0.825552 0.681967
vt 0.816135 0.686675
vt 0.825552 0.686675
vt 0.816135 0.691384
vt 0.825552 0.691384
vt 0.816135 0.696092
vt 0.825552 0.696092
vt 0.816135 0.700801
vt 0.825552 0.700801
vt 0.816135 0.705509
vt 0.825552 0.705509
vt 0.816135 0.710217
vt 0.825552 0.710217
vt 0.816135 0.714926
vt 0.825552 0.714926
vt 0.816135 0.719634
vt 0.825552 0.719634
vt 0.816135 0.568965
vt 0.816135 0.573674
vt 0.825552 0.568965
vt 0.825552 0.573674
vt 0.816135 0.578382
vt 0.825552 0.578382
vt 0.816135 0.583091
vt 0.825552 0.583091
vt 0.816135 0.587799
vt 0.825552 0.587799
vt 0.816135 0.592508
vt 0.825552 0.592508
vt 0.816135 0.597216
vt 0.825552 0.597216
vt 0.816135 0.601924
vt 0.825552 0.601924
vt 0.816135 0.606633
vt 0.825552 0.606633
vt 0.816135 0.611341
vt 0.825552 0.611341
vt 0.816135 0.616050
vt 0.825552 0.616050
vt 0.816135 0.620758
vt 0.825552 0.620758
vt 0.816135 0.625466
vt 0.825552 0.625466
vt 0.816135 0.630175
vt 0.825552 0.630175
vt 0.816135 0.634883
vt 0.825552 0.634883
vt 0.816135 0.639591
vt 0.825552 0.639591
vt 0.816135 0.644300
vt 0.825552 0.644300
vt 0.816135 0.649008
vt 0.825552 0.649008
vt 0.816135 0.653716
vt 0.825552 0.653716
vt 0.825552 0.658425
vt 0.834969 0.658425
vt 0.834969 0.663133
vt 0.834969 0.653716
vt 0.834969 0.667841
vt 0.844386 0.663133
vt 0.844386 0.667841
vt 0.844386 0.658425
vt 0.834969 0.672550
vt 0.844386 0.672550
vt 0.834969 0.677258
vt 0.844386 0.677258
vt 0.834969 0.681967
vt 0.844386 0.681967
vt 0.834969 0.686675
vt 0.844386 0.686675
vt 0.834969 0.691384
vt 0.844386 0.691384
vt 0.834969 0.696092
vt 0.844386 0.696092
vt 0.834969 0.700801
vt 0.844386 0.700801
vt 0.834969 0.705509
vt 0.844386 0.705509
vt 0.834969 0.710217
vt 0.844386 0.710217
vt 0.834969 0.714926
vt 0.844386 0.714926
vt 0.834969 0.719634
vt 0.844386 0.719634
vt 0.834969 0.568965
vt 0.834969 0.573674
vt 0.844386 0.568965
vt 0.844386 0.573674
vt 0.834969 0.578382
vt 0.844386 0.578382
vt 0.834969 0.583091
vt 0.844386 0.583091
vt 0.834969 0.587799
vt 0.844386 0.587799
vt 0.834969 0.592508
vt 0.844386 0.592508
vt 0.834969 0.597216
vt 0.844386 0.597216
vt 0.834969 0.601924
vt 0.844386 0.601924
vt 0.834969 0.606633
vt 0.844386 0.606633
vt 0.834969 0.611341
vt 0.844386 0.611341
vt 0.834969 0.616050
vt 0.844386 0.616050
vt 0.834969 0.620758
vt 0.844386 0.620758
vt 0.834969 0.625466
vt 0.844386 0.625466
vt 0.834969 0.630175
vt 0.844386 0.630175
vt 0.834969 0.634883
vt 0.844386 0.634883
vt 0.834969 0.639591
vt 0.844386 0.639591
vt 0.834969 0.644300
vt 0.844386 0.644300
vt 0.834969 0.649008
vt 0.844386 0.649008
vt 0.844386 0.653716
vt 0.853802 0.653716
vt 0.853802 0.658425
vt 0.853802 0.649008
vt 0.853802 0.663133
vt 0.863219 0.658425
vt 0.863219 0.663133
vt 0.863219 0.653716
vt 0.853802 0.667841
vt 0.863219 0.667841
vt 0.853802 0.672550
vt 0.863219 0.672550
vt 0.853802 0.677258
vt 0.863219 0.677258
vt 0.853802 0.681967
vt 0.863219 0.681967
vt 0.853802 0.686675
vt 0.863219 0.686675
vt 0.853802 0.691384
vt 0.863219 0.691384
vt 0.853802 0.696092
vt 0.863219 0.696092
vt 0.853802 0.700801
vt 0.863219 0.700801
vt 0.853802 0.705509
vt 0.863219 0.705509
vt 0.853802 0.710217
vt 0.863219 0.710217
vt 0.853802 0.714926
vt 0.863219 0.714926
vt 0.853802 0.719634
vt 0.863219 0.719634
vt 0.853802 0.568965
vt 0.853802 0.573674
vt 0.863219 0.568965
vt 0.863219 0.573674
vt 0.853802 0.578382
vt 0.863219 0.578382
vt 0.853802 0.583091
vt 0.863219 0.583091
vt 0.853802 0.587799
vt 0.863219 0.587799
vt 0.853802 0.592508
vt 0.863219 0.592508
vt 0.853802 0.597216
vt 0.863219 0.597216
vt 0.853802 0.601924
vt 0.863219 0.601924
vt 0.853802 0.606633
vt 0.863219 0.606633
vt 0.853802 0.611341
vt 0.863219 0.611341
vt 0.853802 0.616050
vt 0.863219 0.616050
vt 0.853802 0.620758
vt 0.863219 0.620758
vt 0.853802 0.625466
vt 0.863219 0.625466
vt 0.853802 0.630175
vt 0.863219 0.630175
vt 0.853802 0.634883
vt 0.863219 0.634883
vt 0.853802 0.639591
vt 0.863219 0.639591
vt 0.853802 0.644300
vt 0.863219 0.644300
vt 0.863219 0.649008
vt 0.872636 0.649008
vt 0.872636 0.653716
vt 0.872636 0.644300
vt 0.872636 0.658425
vt 0.882053 0.656071
vt 0.882053 0.651362
vt 0.882053 0.590153
vt 0.872636 0.592508
vt 0.872636 0.587799
vt 0.882053 0.585445
vt 0.872636 0.583091
vt 0.882053 0.679613
vt 0.872636 0.681967
vt 0.872636 0.677258
vt 0.882053 0.684321
vt 0.872636 0.686675
vt 0.882053 0.674904
vt 0.872636 0.672550
vt 0.882053 0.670196
vt 0.872636 0.667842
vt 0.882053 0.665488
vt 0.872636 0.663133
vt 0.882053 0.660779
vt 0.882053 0.646654
vt 0.882053 0.641945
vt 0.872636 0.639591
vt 0.882053 0.637237
vt 0.872636 0.634883
vt 0.882053 0.632529
vt 0.872636 0.630175
vt 0.882053 0.627820
vt 0.872636 0.625466
vt 0.882053 0.623112
vt 0.872636 0.620758
vt 0.882053 0.618404
vt 0.872636 0.616050
vt 0.882053 0.613695
vt 0.872636 0.611341
vt 0.882053 0.608987
vt 0.872636 0.606633
vt 0.882053 0.604278
vt 0.872636 0.601924
vt 0.882053 0.599570
vt 0.872636 0.597216
vt 0.882053 0.594862
vt 0.882053 0.580736
vt 0.872636 0.578382
vt 0.882053 0.576028
vt 0.872636 0.573674
vt 0.882053 0.571320
vt 0.872636 0.568965
vt 0.882053 0.717280
vt 0.872636 0.719634
vt 0.872636 0.714926
vt 0.882053 0.712571
vt 0.872636 0.710217
vt 0.882053 0.707863
vt 0.872636 0.705509
vt 0.882053 0.703155
vt 0.872636 0.700801
vt 0.882053 0.698446
vt 0.872636 0.696092
vt 0.882053 0.693738
vt 0.872636 0.691384
vt 0.882053 0.689029
vt 0.740801 0.672550
vt 0.740801 0.667842
vt 0.750218 0.681967
vt 0.740801 0.677258
vt 0.731384 0.674904
vt 0.740801 0.681967
vt 0.731384 0.679613
vt 0.740801 0.686675
vt 0.731384 0.684321
vt 0.740801 0.691384
vt 0.731384 0.689029
vt 0.740801 0.696092
vt 0.731384 0.693738
vt 0.740801 0.700801
vt 0.731384 0.698446
vt 0.740801 0.705509
vt 0.731384 0.703155
vt 0.740801 0.710217
vt 0.731384 0.707863
vt 0.740801 0.714926
vt 0.731384 0.712571
vt 0.740801 0.719634
vt 0.731384 0.717280
vt 0.740801 0.568965
vt 0.740801 0.573674
vt 0.731384 0.571320
vt 0.740801 0.578382
vt 0.731384 0.576028
vt 0.740801 0.583091
vt 0.731384 0.580737
vt 0.740801 0.587799
vt 0.731384 0.585445
vt 0.740801 0.592508
vt 0.731384 0.590153
vt 0.740801 0.597216
vt 0.731384 0.594862
vt 0.740801 0.601924
vt 0.731384 0.599570
vt 0.750218 0.606633
vt 0.740801 0.606633
vt 0.731384 0.604278
vt 0.740801 0.611341
vt 0.731384 0.608987
vt 0.740801 0.616050
vt 0.731384 0.613695
vt 0.740801 0.620758
vt 0.731384 0.618404
vt 0.740801 0.625466
vt 0.731384 0.623112
vt 0.740801 0.630175
vt 0.731384 0.627820
vt 0.740801 0.634883
vt 0.731384 0.632529
vt 0.740801 0.639591
vt 0.731384 0.637237
vt 0.740801 0.644300
vt 0.731384 0.641945
vt 0.740801 0.649008
vt 0.731384 0.646654
vt 0.740801 0.653716
vt 0.731384 0.651362
vt 0.740801 0.658425
vt 0.731384 0.656071
vt 0.740801 0.663133
vt 0.731384 0.660779
vt 0.731384 0.665488
vt 0.731384 0.670196
vt 0.769051 0.804082
vt 0.773760 0.794665
vt 0.769051 0.794665
vt 0.769051 0.813498
vt 0.773760 0.804082
vt 0.764343 0.794665
vt 0.764343 0.804081
vt 0.764343 0.813498
vt 0.759634 0.794665
vt 0.759634 0.804082
vt 0.759634 0.813498
vt 0.754926 0.794665
vt 0.754926 0.804082
vt 0.754926 0.813498
vt 0.750218 0.794665
vt 0.750218 0.804082
vt 0.750218 0.813498
vt 0.745509 0.794665
vt 0.745509 0.804081
vt 0.745509 0.813498
vt 0.740801 0.794665
vt 0.740801 0.804082
vt 0.740801 0.813498
vt 0.736093 0.794665
vt 0.736093 0.804081
vt 0.736093 0.813498
vt 0.731384 0.794665
vt 0.731384 0.804082
vt 0.731384 0.813498
vt 0.877344 0.804082
vt 0.882052 0.794665
vt 0.877344 0.794665
vt 0.877344 0.813498
vt 0.882052 0.804082
vt 0.872636 0.804082
vt 0.872636 0.794665
vt 0.872636 0.813498
vt 0.867927 0.804081
vt 0.867927 0.794665
vt 0.867927 0.813498
vt 0.863219 0.804082
vt 0.863219 0.794665
vt 0.863219 0.813498
vt 0.858511 0.804082
vt 0.858511 0.794665
vt 0.858511 0.813498
vt 0.853802 0.804081
vt 0.853802 0.794665
vt 0.853802 0.813498
vt 0.849094 0.804082
vt 0.849094 0.794665
vt 0.849094 0.813498
vt 0.844385 0.804081
vt 0.844385 0.794665
vt 0.844385 0.813498
vt 0.839677 0.794665
vt 0.839677 0.804082
vt 0.839677 0.813498
vt 0.834969 0.794665
vt 0.834969 0.804081
vt 0.834969 0.813498
vt 0.830260 0.794665
vt 0.830260 0.804081
vt 0.830260 0.813498
vt 0.825552 0.794665
vt 0.825552 0.804082
vt 0.825552 0.813498
vt 0.820844 0.794665
vt 0.820844 0.804082
vt 0.820844 0.813498
vt 0.816135 0.794665
vt 0.816135 0.804082
vt 0.816135 0.813498
vt 0.811427 0.794665
vt 0.811427 0.804082
vt 0.811427 0.813498
vt 0.806718 0.794665
vt 0.806718 0.804082
vt 0.806718 0.813498
vt 0.802010 0.804082
vt 0.802010 0.794665
vt 0.802010 0.813498
vt 0.797301 0.804082
vt 0.797301 0.794665
vt 0.797301 0.813498
vt 0.792593 0.804082
vt 0.792593 0.794665
vt 0.792593 0.813498
vt 0.787885 0.804082
vt 0.787885 0.794665
vt 0.787885 0.813498
vt 0.783176 0.804082
vt 0.783176 0.794665
vt 0.783176 0.813498
vt 0.778468 0.804082
vt 0.778468 0.794665
vt 0.778468 0.813498
vt 0.773760 0.813498
vt 0.773760 0.822915
vt 0.778468 0.822915
vt 0.769051 0.822915
vt 0.769051 0.832332
vt 0.773760 0.832332
vt 0.764343 0.822915
vt 0.764343 0.832332
vt 0.759634 0.822915
vt 0.759634 0.832332
vt 0.754926 0.822915
vt 0.754926 0.832332
vt 0.750218 0.822915
vt 0.750218 0.832332
vt 0.745509 0.822915
vt 0.745509 0.832332
vt 0.740801 0.822915
vt 0.740801 0.832332
vt 0.736093 0.822915
vt 0.736093 0.832332
vt 0.731384 0.822915
vt 0.731384 0.832332
vt 0.877344 0.822915
vt 0.882052 0.813498
vt 0.877344 0.832332
vt 0.882052 0.822915
vt 0.872636 0.822915
vt 0.872636 0.832332
vt 0.867927 0.822915
vt 0.867927 0.832332
vt 0.863219 0.822915
vt 0.863219 0.832332
vt 0.858511 0.822915
vt 0.858511 0.832332
vt 0.853802 0.822915
vt 0.853802 0.832332
vt 0.849094 0.822915
vt 0.849094 0.832332
vt 0.844385 0.822915
vt 0.844385 0.832332
vt 0.839677 0.822915
vt 0.839677 0.832332
vt 0.834969 0.822915
vt 0.834969 0.832332
vt 0.830260 0.822915
vt 0.830260 0.832332
vt 0.825552 0.822915
vt 0.825552 0.832332
vt 0.820844 0.822915
vt 0.820844 0.832332
vt 0.816135 0.822915
vt 0.816135 0.832332
vt 0.811427 0.822915
vt 0.811427 0.832332
vt 0.806718 0.822915
vt 0.806718 0.832332
vt 0.802010 0.822915
vt 0.802010 0.832332
vt 0.797301 0.822915
vt 0.797301 0.832332
vt 0.792593 0.822915
vt 0.792593 0.832332
vt 0.787885 0.822915
vt 0.787885 0.832332
vt 0.783176 0.822915
vt 0.783176 0.832332
vt 0.778468 0.832332
vt 0.778468 0.841749
vt 0.783176 0.841749
vt 0.773760 0.841749
vt 0.773760 0.851166
vt 0.778468 0.851166
vt 0.769051 0.841749
vt 0.769051 0.851166
vt 0.764343 0.841749
vt 0.764343 0.851166
vt 0.759634 0.841749
vt 0.759634 0.851166
vt 0.754926 0.841749
vt 0.754926 0.851166
vt 0.750218 0.841749
vt 0.750218 0.851166
vt 0.745509 0.841749
vt 0.745509 0.851166
vt 0.740801 0.841749
vt 0.740801 0.851166
vt 0.736093 0.841749
vt 0.736093 0.851166
vt 0.731384 0.841749
vt 0.731384 0.851165
vt 0.877344 0.841749
vt 0.882052 0.832332
vt 0.877344 0.851166
vt 0.882052 0.841748
vt 0.872636 0.841749
vt 0.872636 0.851166
vt 0.867927 0.841749
vt 0.867927 0.851166
vt 0.863219 0.841749
vt 0.863219 0.851166
vt 0.858511 0.841749
vt 0.858511 0.851166
vt 0.853802 0.841748
vt 0.853802 0.851166
vt 0.849094 0.841749
vt 0.849094 0.851166
vt 0.844385 0.841749
vt 0.844385 0.851166
vt 0.839677 0.841749
vt 0.839677 0.851166
vt 0.834969 0.841749
vt 0.834969 0.851166
vt 0.830260 0.841749
vt 0.830260 0.851166
vt 0.825552 0.841749
vt 0.825552 0.851166
vt 0.820844 0.841748
vt 0.820844 0.851166
vt 0.816135 0.841749
vt 0.816135 0.851166
vt 0.811427 0.841749
vt 0.811427 0.851166
vt 0.806718 0.841748
vt 0.806718 0.851166
vt 0.802010 0.841749
vt 0.802010 0.851166
vt 0.797301 0.841748
vt 0.797301 0.851166
vt 0.792593 0.841749
vt 0.792593 0.851166
vt 0.787885 0.841749
vt 0.787885 0.851166
vt 0.783176 0.851166
vt 0.787885 0.860582
vt 0.783176 0.860582
vt 0.792593 0.860582
vt 0.778468 0.860582
vt 0.783176 0.869999
vt 0.778468 0.869999
vt 0.787885 0.869999
vt 0.773760 0.860582
vt 0.773760 0.869999
vt 0.769051 0.860582
vt 0.769051 0.869999
vt 0.764343 0.860582
vt 0.764343 0.869999
vt 0.759634 0.860582
vt 0.759634 0.869999
vt 0.754926 0.860582
vt 0.754926 0.869999
vt 0.750218 0.860582
vt 0.750218 0.869999
vt 0.745509 0.860582
vt 0.745509 0.869999
vt 0.740801 0.860582
vt 0.740801 0.869999
vt 0.736093 0.860582
vt 0.736093 0.869999
vt 0.731384 0.860582
vt 0.731384 0.869999
vt 0.882052 0.860582
vt 0.877344 0.860582
vt 0.882052 0.869999
vt 0.877344 0.869999
vt 0.872636 0.860582
vt 0.872636 0.869999
vt 0.867927 0.860582
vt 0.867927 0.869999
vt 0.863219 0.860582
vt 0.863219 0.869999
vt 0.858511 0.860582
vt 0.858511 0.869999
vt 0.853802 0.860582
vt 0.853802 0.869999
vt 0.849094 0.860582
vt 0.849094 0.869999
vt 0.844385 0.860582
vt 0.844385 0.869999
vt 0.839677 0.860582
vt 0.839677 0.869999
vt 0.834969 0.860582
vt 0.834969 0.869999
vt 0.830260 0.860582
vt 0.830260 0.869999
vt 0.825552 0.860582
vt 0.825552 0.869999
vt 0.820844 0.860582
vt 0.820844 0.869999
vt 0.816135 0.860582
vt 0.816135 0.869999
vt 0.811427 0.860582
vt 0.811427 0.869999
vt 0.806718 0.860582
vt 0.806718 0.869999
vt 0.802010 0.860582
vt 0.802010 0.869999
vt 0.797301 0.860582
vt 0.797301 0.869999
vt 0.792593 0.869999
vt 0.792593 0.879416
vt 0.787885 0.879416
vt 0.797301 0.879416
vt 0.783176 0.879416
vt 0.787885 0.888832
vt 0.783176 0.888832
vt 0.792593 0.888832
vt 0.778468 0.879416
vt 0.778468 0.888832
vt 0.773760 0.879416
vt 0.773760 0.888832
vt 0.769051 0.879416
vt 0.769051 0.888832
vt 0.764343 0.879416
vt 0.764343 0.888832
vt 0.759634 0.879416
vt 0.759634 0.888832
vt 0.754926 0.879416
vt 0.754926 0.888832
vt 0.750218 0.879416
vt 0.750218 0.888832
vt 0.745509 0.879416
vt 0.745509 0.888832
vt 0.740801 0.879416
vt 0.740801 0.888832
vt 0.736093 0.879416
vt 0.736093 0.888832
vt 0.731384 0.879416
vt 0.731384 0.888832
vt 0.882052 0.879416
vt 0.877344 0.879416
vt 0.882052 0.888832
vt 0.877344 0.888832
vt 0.872636 0.879416
vt 0.872636 0.888832
vt 0.867927 0.879416
vt 0.867927 0.888832
vt 0.863219 0.879416
vt 0.863219 0.888832
vt 0.858511 0.879416
vt 0.858511 0.888832
vt 0.853802 0.879416
vt 0.853802 0.888832
vt 0.849094 0.879416
vt 0.849094 0.888832
vt 0.844385 0.879416
vt 0.844385 0.888832
vt 0.839677 0.879416
vt 0.839677 0.888832
vt 0.834969 0.879416
vt 0.834969 0.888832
vt 0.830260 0.879416
vt 0.830260 0.888832
vt 0.825552 0.879416
vt 0.825552 0.888832
vt 0.820844 0.879416
vt 0.820844 0.888832
vt 0.816135 0.879416
vt 0.816135 0.888832
vt 0.811427 0.879416
vt 0.811427 0.888832
vt 0.806718 0.879416
vt 0.806718 0.888832
vt 0.802010 0.879416
vt 0.802010 0.888832
vt 0.797301 0.888832
vt 0.797301 0.898249
vt 0.792593 0.898249
vt 0.802010 0.898249
vt 0.787885 0.898249
vt 0.792593 0.907666
vt 0.787885 0.907666
vt 0.797301 0.907666
vt 0.783176 0.898249
vt 0.783176 0.907666
vt 0.778468 0.898249
vt 0.778468 0.907666
vt 0.773760 0.898249
vt 0.773760 0.907666
vt 0.769051 0.898249
vt 0.769051 0.907666
vt 0.764343 0.898249
vt 0.764343 0.907666
vt 0.759635 0.898249
vt 0.759634 0.907666
vt 0.754926 0.898249
vt 0.754926 0.907666
vt 0.750218 0.898249
vt 0.750218 0.907666
vt 0.745509 0.898249
vt 0.745509 0.907666
vt 0.740801 0.898249
vt 0.740801 0.907666
vt 0.736093 0.898249
vt 0.736093 0.907666
vt 0.731384 0.898249
vt 0.731384 0.907666
vt 0.882053 0.898249
vt 0.877344 0.898249
vt 0.882053 0.907666
vt 0.877344 0.907666
vt 0.872636 0.898249
vt 0.872636 0.907666
vt 0.867927 0.898249
vt 0.867927 0.907666
vt 0.863219 0.898249
vt 0.863219 0.907666
vt 0.858511 0.898249
vt 0.858511 0.907666
vt 0.853802 0.898249
vt 0.853802 0.907666
vt 0.849094 0.898249
vt 0.849094 0.907666
vt 0.844385 0.898249
vt 0.844385 0.907666
vt 0.839677 0.898249
vt 0.839677 0.907666
vt 0.834969 0.898249
vt 0.834969 0.907666
vt 0.830260 0.898249
vt 0.830260 0.907666
vt 0.825552 0.898249
vt 0.825552 0.907666
vt 0.820844 0.898249
vt 0.820844 0.907666
vt 0.816135 0.898249
vt 0.816135 0.907666
vt 0.811427 0.898249
vt 0.811427 0.907666
vt 0.806718 0.898249
vt 0.806718 0.907666
vt 0.802010 0.907666
vt 0.802010 0.917083
vt 0.797301 0.917083
vt 0.806718 0.917083
vt 0.792593 0.917083
vt 0.794947 0.926500
vt 0.799656 0.926500
vt 0.860865 0.926500
vt 0.863219 0.917083
vt 0.858511 0.917083
vt 0.865573 0.926500
vt 0.867927 0.917083
vt 0.771406 0.926500
vt 0.773760 0.917083
vt 0.769051 0.917083
vt 0.766697 0.926500
vt 0.764343 0.917083
vt 0.776114 0.926500
vt 0.778468 0.917083
vt 0.780822 0.926500
vt 0.783176 0.917083
vt 0.785531 0.926500
vt 0.787885 0.917083
vt 0.790239 0.926500
vt 0.804364 0.926500
vt 0.809073 0.926500
vt 0.811427 0.917083
vt 0.813781 0.926500
vt 0.816135 0.917083
vt 0.818489 0.926500
vt 0.820844 0.917083
vt 0.823198 0.926500
vt 0.825552 0.917083
vt 0.827906 0.926500
vt 0.830260 0.917083
vt 0.832614 0.926500
vt 0.834969 0.917083
vt 0.837323 0.926500
vt 0.839677 0.917083
vt 0.842031 0.926500
vt 0.844385 0.917083
vt 0.846740 0.926500
vt 0.849094 0.917083
vt 0.851448 0.926500
vt 0.853802 0.917083
vt 0.856156 0.926500
vt 0.870281 0.926500
vt 0.872636 0.917083
vt 0.874990 0.926500
vt 0.877344 0.917083
vt 0.879698 0.926500
vt 0.882053 0.917083
vt 0.733738 0.926500
vt 0.736093 0.917083
vt 0.731384 0.917083
vt 0.738447 0.926500
vt 0.740801 0.917083
vt 0.743155 0.926500
vt 0.745509 0.917083
vt 0.747863 0.926500
vt 0.750218 0.917083
vt 0.752572 0.926500
vt 0.754926 0.917083
vt 0.757280 0.926500
vt 0.759634 0.917083
vt 0.761989 0.926500
vt 0.778468 0.785248
vt 0.773760 0.785248
vt 0.783176 0.785248
vt 0.769051 0.785248
vt 0.776114 0.775831
vt 0.771406 0.775831
vt 0.764343 0.785248
vt 0.766697 0.775831
vt 0.759634 0.785248
vt 0.761988 0.775831
vt 0.754926 0.785248
vt 0.757280 0.775831
vt 0.750218 0.785248
vt 0.752572 0.775831
vt 0.745509 0.785248
vt 0.747863 0.775831
vt 0.740801 0.785248
vt 0.743155 0.775831
vt 0.736093 0.785248
vt 0.738447 0.775831
vt 0.731384 0.785248
vt 0.733738 0.775831
vt 0.882052 0.785248
vt 0.877344 0.785248
vt 0.879698 0.775831
vt 0.872636 0.785248
vt 0.874990 0.775831
vt 0.867927 0.785248
vt 0.870281 0.775831
vt 0.863219 0.785248
vt 0.865573 0.775831
vt 0.858511 0.785248
vt 0.860865 0.775831
vt 0.853802 0.785248
vt 0.856156 0.775831
vt 0.849094 0.785248
vt 0.851448 0.775831
vt 0.844385 0.785248
vt 0.846739 0.775831
vt 0.839677 0.785248
vt 0.842031 0.775831
vt 0.834969 0.785248
vt 0.837323 0.775831
vt 0.830260 0.785248
vt 0.832614 0.775831
vt 0.825552 0.785248
vt 0.827906 0.775831
vt 0.820844 0.785248
vt 0.823198 0.775831
vt 0.816135 0.785248
vt 0.818489 0.775831
vt 0.811427 0.785248
vt 0.813781 0.775831
vt 0.806718 0.785248
vt 0.809073 0.775831
vt 0.802010 0.785248
vt 0.804364 0.775831
vt 0.797301 0.785248
vt 0.799656 0.775831
vt 0.792593 0.785248
vt 0.794947 0.775831
vt 0.787885 0.785248
vt 0.790239 0.775831
vt 0.785531 0.775831
vt 0.780822 0.775831
vt 0.605588 0.930181
vt 0.600880 0.939598
vt 0.600880 0.930181
vt 0.605588 0.920764
vt 0.600880 0.920764
vt 0.610297 0.939598
vt 0.610297 0.930181
vt 0.610297 0.920764
vt 0.615005 0.939598
vt 0.615005 0.930181
vt 0.615005 0.920764
vt 0.619714 0.939598
vt 0.619714 0.930181
vt 0.619714 0.920764
vt 0.624422 0.939598
vt 0.624422 0.930181
vt 0.624422 0.920764
vt 0.629131 0.939598
vt 0.629130 0.930181
vt 0.629131 0.920764
vt 0.633839 0.939598
vt 0.633839 0.930181
vt 0.633839 0.920764
vt 0.638547 0.939598
vt 0.638547 0.930181
vt 0.638547 0.920764
vt 0.643256 0.939598
vt 0.643256 0.930181
vt 0.643256 0.920764
vt 0.497296 0.930181
vt 0.492587 0.939598
vt 0.492587 0.930181
vt 0.497296 0.920764
vt 0.492587 0.920764
vt 0.502004 0.930181
vt 0.497296 0.939598
vt 0.502004 0.920764
vt 0.506713 0.930181
vt 0.502004 0.939598
vt 0.506713 0.920764
vt 0.511421 0.930181
vt 0.506712 0.939598
vt 0.511421 0.920764
vt 0.516130 0.930181
vt 0.511421 0.939598
vt 0.516129 0.920764
vt 0.520838 0.930181
vt 0.516129 0.939598
vt 0.520838 0.920764
vt 0.525546 0.930181
vt 0.520838 0.939598
vt 0.525546 0.920764
vt 0.530254 0.930181
vt 0.525546 0.939598
vt 0.530254 0.920764
vt 0.534963 0.939598
vt 0.534963 0.930181
vt 0.534963 0.920764
vt 0.539671 0.939598
vt 0.539671 0.930181
vt 0.539671 0.920764
vt 0.544380 0.939598
vt 0.544380 0.930181
vt 0.544380 0.920764
vt 0.549088 0.939598
vt 0.549088 0.930181
vt 0.549088 0.920764
vt 0.553796 0.939598
vt 0.553796 0.930181
vt 0.553796 0.920764
vt 0.558505 0.939598
vt 0.558505 0.930181
vt 0.558505 0.920764
vt 0.563213 0.939598
vt 0.563213 0.930181
vt 0.563213 0.920764
vt 0.567921 0.939598
vt 0.567921 0.930181
vt 0.567921 0.920764
vt 0.572630 0.930181
vt 0.572630 0.920764
vt 0.577338 0.930181
vt 0.572630 0.939598
vt 0.577338 0.920764
vt 0.582047 0.930181
vt 0.577338 0.939598
vt 0.582047 0.920764
vt 0.586755 0.930181
vt 0.582046 0.939598
vt 0.586755 0.920764
vt 0.591463 0.930181
vt 0.586755 0.939598
vt 0.591463 0.920764
vt 0.596172 0.930181
vt 0.591464 0.939598
vt 0.596172 0.920764
vt 0.596172 0.939598
vt 0.600880 0.911348
vt 0.596172 0.911347
vt 0.591464 0.911348
vt 0.605588 0.911347
vt 0.605588 0.901931
vt 0.600880 0.901931
vt 0.596172 0.901931
vt 0.610297 0.911347
vt 0.610297 0.901931
vt 0.615005 0.911347
vt 0.615005 0.901931
vt 0.619714 0.911347
vt 0.619714 0.901931
vt 0.624422 0.911347
vt 0.624422 0.901931
vt 0.629131 0.911347
vt 0.629131 0.901931
vt 0.633839 0.911347
vt 0.633839 0.901931
vt 0.638547 0.911347
vt 0.638547 0.901931
vt 0.643256 0.911347
vt 0.643256 0.901931
vt 0.497296 0.911347
vt 0.492587 0.911347
vt 0.497296 0.901931
vt 0.492587 0.901931
vt 0.502004 0.911347
vt 0.502004 0.901931
vt 0.506713 0.911347
vt 0.506713 0.901931
vt 0.511421 0.911347
vt 0.511421 0.901931
vt 0.516129 0.911347
vt 0.516130 0.901931
vt 0.520838 0.911347
vt 0.520838 0.901931
vt 0.525546 0.911347
vt 0.525546 0.901931
vt 0.530254 0.911347
vt 0.530254 0.901931
vt 0.534963 0.911347
vt 0.534963 0.901931
vt 0.539671 0.911347
vt 0.539671 0.901931
vt 0.544380 0.911348
vt 0.544380 0.901931
vt 0.549088 0.911347
vt 0.549088 0.901931
vt 0.553796 0.911347
vt 0.553796 0.901931
vt 0.558505 0.911347
vt 0.558505 0.901931
vt 0.563213 0.911347
vt 0.563213 0.901931
vt 0.567921 0.911347
vt 0.567921 0.901931
vt 0.572630 0.911347
vt 0.572630 0.901931
vt 0.577338 0.911348
vt 0.577338 0.901931
vt 0.582046 0.911347
vt 0.582046 0.901931
vt 0.586755 0.911347
vt 0.586755 0.901931
vt 0.591463 0.901931
vt 0.596172 0.892514
vt 0.591463 0.892514
vt 0.586755 0.892514
vt 0.600880 0.892514
vt 0.600880 0.883097
vt 0.596172 0.883097
vt 0.591464 0.883097
vt 0.605588 0.892514
vt 0.605588 0.883097
vt 0.610297 0.892514
vt 0.610297 0.883097
vt 0.615005 0.892514
vt 0.615005 0.883097
vt 0.619714 0.892514
vt 0.619714 0.883097
vt 0.624422 0.892514
vt 0.624422 0.883097
vt 0.629131 0.892514
vt 0.629131 0.883097
vt 0.633839 0.892514
vt 0.633839 0.883097
vt 0.638547 0.892514
vt 0.638547 0.883097
vt 0.643256 0.892514
vt 0.643256 0.883097
vt 0.497296 0.892514
vt 0.492587 0.892514
vt 0.497296 0.883097
vt 0.492587 0.883097
vt 0.502004 0.892514
vt 0.502004 0.883097
vt 0.506713 0.892514
vt 0.506713 0.883097
vt 0.511421 0.892514
vt 0.511421 0.883097
vt 0.516129 0.892514
vt 0.516129 0.883097
vt 0.520838 0.892514
vt 0.520838 0.883097
vt 0.525546 0.892514
vt 0.525546 0.883097
vt 0.530254 0.892514
vt 0.530254 0.883097
vt 0.534963 0.892514
vt 0.534963 0.883097
vt 0.539671 0.892514
vt 0.539671 0.883097
vt 0.544380 0.892514
vt 0.544380 0.883097
vt 0.549088 0.892514
vt 0.549088 0.883097
vt 0.553796 0.892514
vt 0.553796 0.883097
vt 0.558505 0.892514
vt 0.558505 0.883097
vt 0.563213 0.892514
vt 0.563213 0.883097
vt 0.567921 0.892514
vt 0.567921 0.883097
vt 0.572630 0.892514
vt 0.572630 0.883097
vt 0.577338 0.892514
vt 0.577338 0.883097
vt 0.582046 0.892514
vt 0.582046 0.883097
vt 0.586755 0.883097
vt 0.586755 0.873680
vt 0.591463 0.873680
vt 0.582046 0.873680
vt 0.596172 0.873680
vt 0.591463 0.864263
vt 0.596172 0.864263
vt 0.586755 0.864263
vt 0.600880 0.873680
vt 0.600880 0.864263
vt 0.605588 0.873680
vt 0.605588 0.864263
vt 0.610297 0.873680
vt 0.610297 0.864263
vt 0.615005 0.873680
vt 0.615005 0.864263
vt 0.619714 0.873680
vt 0.619714 0.864263
vt 0.624422 0.873680
vt 0.624422 0.864263
vt 0.629131 0.873680
vt 0.629131 0.864263
vt 0.633839 0.873680
vt 0.633839 0.864263
vt 0.638547 0.873680
vt 0.638547 0.864263
vt 0.643256 0.873680
vt 0.643256 0.864263
vt 0.492587 0.873680
vt 0.497296 0.873680
vt 0.492587 0.864264
vt 0.497296 0.864264
vt 0.502004 0.873680
vt 0.502004 0.864264
vt 0.506713 0.873680
vt 0.506713 0.864264
vt 0.511421 0.873680
vt 0.511421 0.864264
vt 0.516129 0.873680
vt 0.516130 0.864264
vt 0.520838 0.873680
vt 0.520838 0.864264
vt 0.525546 0.873680
vt 0.525546 0.864264
vt 0.530254 0.873680
vt 0.530254 0.864264
vt 0.534963 0.873680
vt 0.534963 0.864264
vt 0.539671 0.873680
vt 0.539671 0.864264
vt 0.544380 0.873680
vt 0.544380 0.864264
vt 0.549088 0.873680
vt 0.549088 0.864264
vt 0.553796 0.873680
vt 0.553796 0.864264
vt 0.558505 0.873680
vt 0.558505 0.864263
vt 0.563213 0.873680
vt 0.563213 0.864263
vt 0.567921 0.873680
vt 0.567921 0.864263
vt 0.572630 0.873680
vt 0.572630 0.864263
vt 0.577338 0.873680
vt 0.577338 0.864263
vt 0.582046 0.864263
vt 0.582046 0.854847
vt 0.586755 0.854847
vt 0.577338 0.854847
vt 0.591463 0.854847
vt 0.586755 0.845430
vt 0.591463 0.845430
vt 0.582046 0.845430
vt 0.596172 0.854847
vt 0.596172 0.845430
vt 0.600880 0.854847
vt 0.600880 0.845430
vt 0.605588 0.854847
vt 0.605588 0.845430
vt 0.610297 0.854847
vt 0.610297 0.845430
vt 0.615005 0.854847
vt 0.615005 0.845430
vt 0.619714 0.854847
vt 0.619714 0.845430
vt 0.624422 0.854847
vt 0.624422 0.845430
vt 0.629131 0.854847
vt 0.629131 0.845430
vt 0.633839 0.854847
vt 0.633839 0.845430
vt 0.638547 0.854847
vt 0.638547 0.845430
vt 0.643256 0.854847
vt 0.643256 0.845430
vt 0.492587 0.854847
vt 0.497296 0.854847
vt 0.492587 0.845430
vt 0.497296 0.845430
vt 0.502004 0.854847
vt 0.502004 0.845430
vt 0.506713 0.854847
vt 0.506713 0.845430
vt 0.511421 0.854847
vt 0.511421 0.845430
vt 0.516129 0.854847
vt 0.516129 0.845430
vt 0.520838 0.854847
vt 0.520838 0.845430
vt 0.525546 0.854847
vt 0.525546 0.845430
vt 0.530254 0.854847
vt 0.530254 0.845430
vt 0.534963 0.854847
vt 0.534963 0.845430
vt 0.539671 0.854847
vt 0.539671 0.845430
vt 0.544380 0.854847
vt 0.544380 0.845430
vt 0.549088 0.854847
vt 0.549088 0.845430
vt 0.553796 0.854847
vt 0.553796 0.845430
vt 0.558505 0.854847
vt 0.558505 0.845430
vt 0.563213 0.854847
vt 0.563213 0.845430
vt 0.567921 0.854847
vt 0.567921 0.845430
vt 0.572630 0.854847
vt 0.572630 0.845430
vt 0.577338 0.845430
vt 0.577338 0.836013
vt 0.582046 0.836013
vt 0.572630 0.836013
vt 0.586755 0.836013
vt 0.582046 0.826596
vt 0.586755 0.826596
vt 0.577338 0.826596
vt 0.591463 0.836013
vt 0.591463 0.826596
vt 0.596171 0.836013
vt 0.596171 0.826596
vt 0.600880 0.836013
vt 0.600880 0.826596
vt 0.605588 0.836013
vt 0.605588 0.826596
vt 0.610297 0.836013
vt 0.610297 0.826596
vt 0.615005 0.836013
vt 0.615005 0.826596
vt 0.619714 0.836013
vt 0.619714 0.826596
vt 0.624422 0.836013
vt 0.624422 0.826596
vt 0.629131 0.836013
vt 0.629130 0.826596
vt 0.633839 0.836013
vt 0.633839 0.826596
vt 0.638547 0.836013
vt 0.638547 0.826596
vt 0.643256 0.836013
vt 0.643256 0.826596
vt 0.492587 0.836013
vt 0.497296 0.836013
vt 0.492587 0.826596
vt 0.497296 0.826596
vt 0.502004 0.836013
vt 0.502004 0.826596
vt 0.506713 0.836013
vt 0.506713 0.826596
vt 0.511421 0.836013
vt 0.511421 0.826596
vt 0.516129 0.836013
vt 0.516129 0.826596
vt 0.520838 0.836013
vt 0.520838 0.826596
vt 0.525546 0.836013
vt 0.525546 0.826596
vt 0.530254 0.836013
vt 0.530254 0.826596
vt 0.534963 0.836013
vt 0.534963 0.826596
vt 0.539671 0.836013
vt 0.539671 0.826596
vt 0.544380 0.836013
vt 0.544380 0.826596
vt 0.549088 0.836013
vt 0.549088 0.826596
vt 0.553796 0.836013
vt 0.553796 0.826596
vt 0.558505 0.836013
vt 0.558505 0.826596
vt 0.563213 0.836013
vt 0.563213 0.826596
vt 0.567921 0.836013
vt 0.567921 0.826596
vt 0.572630 0.826596
vt 0.572630 0.817180
vt 0.577338 0.817180
vt 0.567921 0.817180
vt 0.582046 0.817180
vt 0.579692 0.807763
vt 0.574984 0.807763
vt 0.513775 0.807763
vt 0.516129 0.817180
vt 0.511421 0.817180
vt 0.509067 0.807763
vt 0.506712 0.817180
vt 0.603234 0.807763
vt 0.605588 0.817180
vt 0.600880 0.817180
vt 0.607943 0.807763
vt 0.610297 0.817180
vt 0.598526 0.807763
vt 0.596172 0.817180
vt 0.593818 0.807763
vt 0.591463 0.817180
vt 0.589109 0.807763
vt 0.586755 0.817180
vt 0.584401 0.807763
vt 0.570276 0.807763
vt 0.565567 0.807763
vt 0.563213 0.817180
vt 0.560859 0.807763
vt 0.558505 0.817180
vt 0.556151 0.807763
vt 0.553796 0.817180
vt 0.551442 0.807763
vt 0.549088 0.817180
vt 0.546734 0.807763
vt 0.544380 0.817180
vt 0.542026 0.807763
vt 0.539671 0.817180
vt 0.537317 0.807763
vt 0.534963 0.817180
vt 0.532608 0.807763
vt 0.530254 0.817180
vt 0.527900 0.807763
vt 0.525546 0.817180
vt 0.523192 0.807763
vt 0.520838 0.817180
vt 0.518483 0.807763
vt 0.504358 0.807763
vt 0.502004 0.817180
vt 0.499650 0.807763
vt 0.497296 0.817180
vt 0.494942 0.807763
vt 0.492587 0.817180
vt 0.640901 0.807763
vt 0.643256 0.817180
vt 0.638547 0.817180
vt 0.636193 0.807763
vt 0.633839 0.817180
vt 0.631485 0.807763
vt 0.629131 0.817180
vt 0.626776 0.807763
vt 0.624422 0.817180
vt 0.622068 0.807763
vt 0.619714 0.817180
vt 0.617360 0.807763
vt 0.615005 0.817180
vt 0.612651 0.807763
vt 0.596172 0.949014
vt 0.591463 0.949014
vt 0.605588 0.939598
vt 0.600880 0.949014
vt 0.598526 0.958431
vt 0.605588 0.949014
vt 0.603234 0.958431
vt 0.610297 0.949014
vt 0.607943 0.958431
vt 0.615005 0.949014
vt 0.612651 0.958431
vt 0.619714 0.949014
vt 0.617360 0.958431
vt 0.624422 0.949014
vt 0.622068 0.958431
vt 0.629131 0.949014
vt 0.626776 0.958431
vt 0.633839 0.949014
vt 0.631485 0.958431
vt 0.638547 0.949014
vt 0.636193 0.958431
vt 0.643256 0.949014
vt 0.640901 0.958431
vt 0.492587 0.949014
vt 0.497296 0.949014
vt 0.494942 0.958431
vt 0.502004 0.949014
vt 0.499650 0.958431
vt 0.506712 0.949014
vt 0.504358 0.958431
vt 0.511421 0.949014
vt 0.509067 0.958431
vt 0.516129 0.949014
vt 0.513775 0.958431
vt 0.520838 0.949014
vt 0.518483 0.958431
vt 0.525546 0.949014
vt 0.523192 0.958431
vt 0.530254 0.939598
vt 0.530254 0.949014
vt 0.527900 0.958431
vt 0.534963 0.949014
vt 0.532608 0.958431
vt 0.539671 0.949014
vt 0.537317 0.958431
vt 0.544380 0.949014
vt 0.542026 0.958431
vt 0.549088 0.949014
vt 0.546734 0.958431
vt 0.553796 0.949014
vt 0.551442 0.958431
vt 0.558505 0.949014
vt 0.556151 0.958431
vt 0.563213 0.949014
vt 0.560859 0.958431
vt 0.567921 0.949014
vt 0.565567 0.958431
vt 0.572630 0.949014
vt 0.570276 0.958431
vt 0.577338 0.949014
vt 0.574984 0.958431
vt 0.582047 0.949014
vt 0.579692 0.958431
vt 0.586755 0.949014
vt 0.584401 0.958431
vt 0.589109 0.958431
vt 0.593818 0.958431
vt 0.538237 0.603203
vt 0.543944 0.591790
vt 0.538237 0.591790
vt 0.538237 0.614616
vt 0.543944 0.603203
vt 0.532531 0.591790
vt 0.532531 0.603203
vt 0.532531 0.614616
vt 0.526825 0.591790
vt 0.526825 0.603203
vt 0.526825 0.614616
vt 0.521118 0.591790
vt 0.521118 0.603203
vt 0.521118 0.614616
vt 0.515412 0.591790
vt 0.515412 0.603203
vt 0.515412 0.614616
vt 0.509706 0.591790
vt 0.509706 0.603203
vt 0.509706 0.614616
vt 0.504000 0.591790
vt 0.504000 0.603203
vt 0.504000 0.614616
vt 0.498294 0.591790
vt 0.498294 0.603203
vt 0.498294 0.614616
vt 0.492587 0.591790
vt 0.492587 0.603203
vt 0.492587 0.614616
vt 0.669481 0.603203
vt 0.675187 0.591790
vt 0.669481 0.591790
vt 0.669481 0.614615
vt 0.675187 0.603203
vt 0.663775 0.603203
vt 0.663775 0.591790
vt 0.663775 0.614615
vt 0.658069 0.603203
vt 0.658069 0.591790
vt 0.658069 0.614615
vt 0.652362 0.603203
vt 0.652362 0.591790
vt 0.652362 0.614615
vt 0.646656 0.603203
vt 0.646656 0.591790
vt 0.646656 0.614615
vt 0.640950 0.603203
vt 0.640950 0.591790
vt 0.640950 0.614615
vt 0.635244 0.603203
vt 0.635244 0.591790
vt 0.635244 0.614615
vt 0.629537 0.603203
vt 0.629537 0.591790
vt 0.629537 0.614615
vt 0.623831 0.591790
vt 0.623831 0.603203
vt 0.623831 0.614615
vt 0.618125 0.591790
vt 0.618125 0.603203
vt 0.618125 0.614615
vt 0.612419 0.591790
vt 0.612419 0.603203
vt 0.612419 0.614615
vt 0.606712 0.591790
vt 0.606712 0.603203
vt 0.606712 0.614615
vt 0.601006 0.591790
vt 0.601006 0.603203
vt 0.601006 0.614615
vt 0.595300 0.591790
vt 0.595300 0.603203
vt 0.595300 0.614615
vt 0.589593 0.591790
vt 0.589593 0.603203
vt 0.589593 0.614615
vt 0.583887 0.591790
vt 0.583887 0.603203
vt 0.583887 0.614615
vt 0.578181 0.603203
vt 0.578181 0.591790
vt 0.578181 0.614615
vt 0.572475 0.603203
vt 0.572475 0.591790
vt 0.572475 0.614615
vt 0.566769 0.603203
vt 0.566769 0.591790
vt 0.566769 0.614615
vt 0.561062 0.603203
vt 0.561062 0.591790
vt 0.561062 0.614616
vt 0.555356 0.603203
vt 0.555356 0.591790
vt 0.555356 0.614616
vt 0.549650 0.603203
vt 0.549650 0.591790
vt 0.549650 0.614616
vt 0.543944 0.614616
vt 0.543944 0.626028
vt 0.549650 0.626028
vt 0.538237 0.626028
vt 0.538237 0.637441
vt 0.543944 0.637441
vt 0.532531 0.626028
vt 0.532531 0.637441
vt 0.526825 0.626028
vt 0.526825 0.637441
vt 0.521118 0.626028
vt 0.521118 0.637441
vt 0.515412 0.626028
vt 0.515412 0.637441
vt 0.509706 0.626028
vt 0.509706 0.637441
vt 0.504000 0.626028
vt 0.504000 0.637441
vt 0.498294 0.626028
vt 0.498294 0.637441
vt 0.492587 0.626028
vt 0.492587 0.637441
vt 0.669481 0.626028
vt 0.675187 0.614615
vt 0.669481 0.637441
vt 0.675187 0.626028
vt 0.663775 0.626028
vt 0.663775 0.637441
vt 0.658069 0.626028
vt 0.658069 0.637441
vt 0.652362 0.626028
vt 0.652362 0.637441
vt 0.646656 0.626028
vt 0.646656 0.637441
vt 0.640950 0.626028
vt 0.640950 0.637441
vt 0.635244 0.626028
vt 0.635244 0.637441
vt 0.629537 0.626028
vt 0.629537 0.637441
vt 0.623831 0.626028
vt 0.623831 0.637441
vt 0.618125 0.626028
vt 0.618125 0.637441
vt 0.612419 0.626028
vt 0.612419 0.637441
vt 0.606712 0.626028
vt 0.606712 0.637441
vt 0.601006 0.626028
vt 0.601006 0.637441
vt 0.595300 0.626028
vt 0.595300 0.637441
vt 0.589593 0.626028
vt 0.589593 0.637441
vt 0.583887 0.626028
vt 0.583887 0.637441
vt 0.578181 0.626028
vt 0.578181 0.637441
vt 0.572475 0.626028
vt 0.572475 0.637441
vt 0.566769 0.626028
vt 0.566769 0.637441
vt 0.561062 0.626028
vt 0.561062 0.637441
vt 0.555356 0.626028
vt 0.555356 0.637441
vt 0.549650 0.637441
vt 0.549650 0.648853
vt 0.555356 0.648853
vt 0.543944 0.648853
vt 0.543944 0.660266
vt 0.549650 0.660266
vt 0.538237 0.648853
vt 0.538237 0.660266
vt 0.532531 0.648853
vt 0.532531 0.660266
vt 0.526825 0.648853
vt 0.526825 0.660266
vt 0.521118 0.648853
vt 0.521119 0.660266
vt 0.515412 0.648853
vt 0.515412 0.660266
vt 0.509706 0.648853
vt 0.509706 0.660266
vt 0.504000 0.648853
vt 0.504000 0.660266
vt 0.498294 0.648853
vt 0.498294 0.660266
vt 0.492587 0.648853
vt 0.492587 0.660266
vt 0.669481 0.648853
vt 0.675187 0.637441
vt 0.669481 0.660266
vt 0.675187 0.648853
vt 0.663775 0.648853
vt 0.663775 0.660266
vt 0.658069 0.648853
vt 0.658069 0.660266
vt 0.652362 0.648853
vt 0.652362 0.660266
vt 0.646656 0.648853
vt 0.646656 0.660266
vt 0.640950 0.648853
vt 0.640950 0.660266
vt 0.635244 0.648853
vt 0.635244 0.660266
vt 0.629537 0.648853
vt 0.629537 0.660266
vt 0.623831 0.648853
vt 0.623831 0.660266
vt 0.618125 0.648853
vt 0.618125 0.660266
vt 0.612419 0.648853
vt 0.612419 0.660266
vt 0.606712 0.648853
vt 0.606712 0.660266
vt 0.601006 0.648853
vt 0.601006 0.660266
vt 0.595300 0.648853
vt 0.595300 0.660266
vt 0.589593 0.648853
vt 0.589593 0.660266
vt 0.583887 0.648853
vt 0.583887 0.660266
vt 0.578181 0.648853
vt 0.578181 0.660266
vt 0.572475 0.648853
vt 0.572475 0.660266
vt 0.566769 0.648853
vt 0.566769 0.660266
vt 0.561062 0.648853
vt 0.561062 0.660266
vt 0.555356 0.660266
vt 0.561062 0.671678
vt 0.555356 0.671678
vt 0.566769 0.671678
vt 0.549650 0.671678
vt 0.555356 0.683091
vt 0.549650 0.683091
vt 0.561062 0.683091
vt 0.543944 0.671678
vt 0.543944 0.683091
vt 0.538237 0.671678
vt 0.538237 0.683091
vt 0.532531 0.671678
vt 0.532531 0.683091
vt 0.526825 0.671678
vt 0.526825 0.683091
vt 0.521118 0.671678
vt 0.521118 0.683091
vt 0.515412 0.671678
vt 0.515412 0.683091
vt 0.509706 0.671678
vt 0.509706 0.683091
vt 0.504000 0.671678
vt 0.504000 0.683091
vt 0.498294 0.671678
vt 0.498294 0.683091
vt 0.492587 0.671678
vt 0.492587 0.683091
vt 0.675187 0.671678
vt 0.669481 0.671678
vt 0.675187 0.683091
vt 0.669481 0.683091
vt 0.663775 0.671678
vt 0.663775 0.683091
vt 0.658069 0.671678
vt 0.658069 0.683091
vt 0.652362 0.671678
vt 0.652362 0.683091
vt 0.646656 0.671678
vt 0.646656 0.683091
vt 0.640950 0.671678
vt 0.640950 0.683091
vt 0.635244 0.671678
vt 0.635244 0.683091
vt 0.629537 0.671678
vt 0.629537 0.683091
vt 0.623831 0.671678
vt 0.623831 0.683091
vt 0.618125 0.671678
vt 0.618125 0.683091
vt 0.612419 0.671678
vt 0.612419 0.683091
vt 0.606712 0.671678
vt 0.606712 0.683091
vt 0.601006 0.671678
vt 0.601006 0.683091
vt 0.595300 0.671678
vt 0.595300 0.683091
vt 0.589593 0.671678
vt 0.589593 0.683091
vt 0.583887 0.671678
vt 0.583887 0.683091
vt 0.578181 0.671678
vt 0.578181 0.683091
vt 0.572475 0.671678
vt 0.572475 0.683091
vt 0.566769 0.683091
vt 0.566769 0.694503
vt 0.561062 0.694503
vt 0.572475 0.694503
vt 0.555356 0.694503
vt 0.561062 0.705916
vt 0.555356 0.705916
vt 0.566769 0.705916
vt 0.549650 0.694503
vt 0.549650 0.705916
vt 0.543944 0.694503
vt 0.543944 0.705916
vt 0.538237 0.694503
vt 0.538237 0.705916
vt 0.532531 0.694503
vt 0.532531 0.705916
vt 0.526825 0.694503
vt 0.526825 0.705916
vt 0.521118 0.694503
vt 0.521118 0.705916
vt 0.515412 0.694503
vt 0.515412 0.705916
vt 0.509706 0.694503
vt 0.509706 0.705916
vt 0.504000 0.694503
vt 0.504000 0.705916
vt 0.498294 0.694503
vt 0.498294 0.705916
vt 0.492587 0.694503
vt 0.492587 0.705916
vt 0.675187 0.694503
vt 0.669481 0.694503
vt 0.675187 0.705916
vt 0.669481 0.705916
vt 0.663775 0.694503
vt 0.663775 0.705916
vt 0.658069 0.694503
vt 0.658069 0.705916
vt 0.652362 0.694503
vt 0.652362 0.705916
vt 0.646656 0.694503
vt 0.646656 0.705916
vt 0.640950 0.694503
vt 0.640950 0.705916
vt 0.635244 0.694503
vt 0.635244 0.705916
vt 0.629537 0.694503
vt 0.629537 0.705916
vt 0.623831 0.694503
vt 0.623831 0.705916
vt 0.618125 0.694503
vt 0.618125 0.705916
vt 0.612419 0.694503
vt 0.612419 0.705916
vt 0.606712 0.694503
vt 0.606712 0.705916
vt 0.601006 0.694503
vt 0.601006 0.705916
vt 0.595300 0.694503
vt 0.595300 0.705916
vt 0.589593 0.694503
vt 0.589593 0.705916
vt 0.583887 0.694503
vt 0.583887 0.705916
vt 0.578181 0.694503
vt 0.578181 0.705916
vt 0.572475 0.705916
vt 0.572475 0.717328
vt 0.566769 0.717328
vt 0.578181 0.717328
vt 0.561062 0.717328
vt 0.566769 0.728741
vt 0.561062 0.728741
vt 0.572475 0.728741
vt 0.555356 0.717328
vt 0.555356 0.728741
vt 0.549650 0.717328
vt 0.549650 0.728741
vt 0.543944 0.717328
vt 0.543944 0.728741
vt 0.538237 0.717328
vt 0.538237 0.728741
vt 0.532531 0.717328
vt 0.532531 0.728741
vt 0.526825 0.717328
vt 0.526825 0.728741
vt 0.521118 0.717328
vt 0.521118 0.728741
vt 0.515412 0.717328
vt 0.515412 0.728741
vt 0.509706 0.717328
vt 0.509706 0.728741
vt 0.504000 0.717328
vt 0.504000 0.728741
vt 0.498294 0.717328
vt 0.498294 0.728741
vt 0.492587 0.717328
vt 0.492587 0.728741
vt 0.675187 0.717328
vt 0.669481 0.717328
vt 0.675187 0.728741
vt 0.669481 0.728741
vt 0.663775 0.717328
vt 0.663775 0.728741
vt 0.658069 0.717328
vt 0.658069 0.728741
vt 0.652362 0.717328
vt 0.652362 0.728741
vt 0.646656 0.717328
vt 0.646656 0.728741
vt 0.640950 0.717328
vt 0.640950 0.728741
vt 0.635244 0.717328
vt 0.635244 0.728741
vt 0.629537 0.717328
vt 0.629537 0.728741
vt 0.623831 0.717328
vt 0.623831 0.728741
vt 0.618125 0.717328
vt 0.618125 0.728741
vt 0.612419 0.717328
vt 0.612419 0.728741
vt 0.606712 0.717328
vt 0.606712 0.728741
vt 0.601006 0.717328
vt 0.601006 0.728741
vt 0.595300 0.717328
vt 0.595300 0.728741
vt 0.589593 0.717328
vt 0.589593 0.728741
vt 0.583887 0.717328
vt 0.583887 0.728741
vt 0.578181 0.728741
vt 0.578181 0.740153
vt 0.572475 0.740153
vt 0.583887 0.740153
vt 0.566769 0.740153
vt 0.569622 0.751566
vt 0.575328 0.751566
vt 0.649509 0.751566
vt 0.652362 0.740153
vt 0.646656 0.740153
vt 0.655215 0.751566
vt 0.658069 0.740153
vt 0.541090 0.751566
vt 0.543944 0.740153
vt 0.538237 0.740153
vt 0.535384 0.751566
vt 0.532531 0.740153
vt 0.546797 0.751566
vt 0.549650 0.740153
vt 0.552503 0.751566
vt 0.555356 0.740153
vt 0.558209 0.751566
vt 0.561062 0.740153
vt 0.563915 0.751566
vt 0.581034 0.751566
vt 0.586740 0.751566
vt 0.589593 0.740153
vt 0.592447 0.751566
vt 0.595300 0.740153
vt 0.598153 0.751566
vt 0.601006 0.740153
vt 0.603859 0.751566
vt 0.606712 0.740153
vt 0.609565 0.751566
vt 0.612419 0.740153
vt 0.615272 0.751566
vt 0.618125 0.740153
vt 0.620978 0.751566
vt 0.623831 0.740153
vt 0.626684 0.751566
vt 0.629537 0.740153
vt 0.632390 0.751566
vt 0.635244 0.740153
vt 0.638097 0.751566
vt 0.640950 0.740153
vt 0.643803 0.751566
vt 0.660922 0.751566
vt 0.663775 0.740153
vt 0.666628 0.751566
vt 0.669481 0.740153
vt 0.672334 0.751566
vt 0.675187 0.740153
vt 0.495440 0.751566
vt 0.498294 0.740153
vt 0.492587 0.740153
vt 0.501147 0.751566
vt 0.504000 0.740153
vt 0.506853 0.751566
vt 0.509706 0.740153
vt 0.512559 0.751566
vt 0.515412 0.740153
vt 0.518265 0.751566
vt 0.521118 0.740153
vt 0.523972 0.751566
vt 0.526825 0.740153
vt 0.529678 0.751566
vt 0.549650 0.580378
vt 0.543944 0.580378
vt 0.555356 0.580378
vt 0.538237 0.580378
vt 0.546797 0.568965
vt 0.541090 0.568965
vt 0.532531 0.580378
vt 0.535384 0.568965
vt 0.526825 0.580378
vt 0.529678 0.568965
vt 0.521118 0.580378
vt 0.523972 0.568965
vt 0.515412 0.580378
vt 0.518265 0.568965
vt 0.509706 0.580378
vt 0.512559 0.568965
vt 0.504000 0.580378
vt 0.506853 0.568965
vt 0.498294 0.580378
vt 0.501147 0.568965
vt 0.492587 0.580378
vt 0.495440 0.568965
vt 0.675187 0.580378
vt 0.669481 0.580378
vt 0.672334 0.568965
vt 0.663775 0.580378
vt 0.666628 0.568965
vt 0.658069 0.580378
vt 0.660922 0.568965
vt 0.652362 0.580378
vt 0.655215 0.568965
vt 0.646656 0.580378
vt 0.649509 0.568965
vt 0.640950 0.580378
vt 0.643803 0.568965
vt 0.635244 0.580378
vt 0.638097 0.568965
vt 0.629537 0.580378
vt 0.632390 0.568965
vt 0.623831 0.580378
vt 0.626684 0.568965
vt 0.618125 0.580378
vt 0.620978 0.568965
vt 0.612419 0.580378
vt 0.615272 0.568965
vt 0.606712 0.580378
vt 0.609565 0.568965
vt 0.601006 0.580378
vt 0.603859 0.568965
vt 0.595300 0.580378
vt 0.598153 0.568965
vt 0.589593 0.580378
vt 0.592447 0.568965
vt 0.583887 0.580378
vt 0.586740 0.568965
vt 0.578181 0.580378
vt 0.581034 0.568965
vt 0.572475 0.580378
vt 0.575328 0.568965
vt 0.566768 0.580378
vt 0.569622 0.568965
vt 0.561062 0.580378
vt 0.563915 0.568965
vt 0.558209 0.568965
vt 0.552503 0.568965
vt 0.637144 0.220412
vt 0.661183 0.196372
vt 0.661183 0.220412
vt 0.685222 0.100216
vt 0.709261 0.076176
vt 0.709261 0.100216
vt 0.637144 0.052137
vt 0.661183 0.028098
vt 0.661183 0.052137
vt 0.661183 0.076176
vt 0.685222 0.076176
vt 0.709261 0.124255
vt 0.661183 0.124255
vt 0.685222 0.124255
vt 0.661183 0.100216
vt 0.637144 0.076176
vt 0.637144 0.124255
vt 0.613105 0.100216
vt 0.637144 0.100216
vt 0.613105 0.076176
vt 0.589066 0.100216
vt 0.613105 0.028098
vt 0.637144 0.028098
vt 0.565026 0.076176
vt 0.589066 0.076176
vt 0.613105 0.124255
vt 0.565026 0.124255
vt 0.589066 0.124255
vt 0.613105 0.196372
vt 0.637144 0.196372
vt 0.637144 0.172333
vt 0.661183 0.172333
vt 0.613105 0.172333
vt 0.637144 0.148294
vt 0.661183 0.148294
vt 0.119716 0.364526
vt 0.144675 0.339567
vt 0.119716 0.339567
vt 0.069798 0.489321
vt 0.094757 0.464362
vt 0.069798 0.464362
vt 0.119716 0.539239
vt 0.144675 0.514280
vt 0.119716 0.514280
vt 0.119716 0.489321
vt 0.144675 0.489321
vt 0.119716 0.464362
vt 0.069798 0.439403
vt 0.094757 0.439403
vt 0.119716 0.439403
vt 0.144675 0.464362
vt 0.144675 0.439403
vt 0.169634 0.464362
vt 0.169634 0.439403
vt 0.169634 0.489321
vt 0.194593 0.464362
vt 0.169634 0.539239
vt 0.169634 0.514280
vt 0.219552 0.489321
vt 0.219552 0.464362
vt 0.194593 0.439403
vt 0.219552 0.439403
vt 0.169634 0.364526
vt 0.169634 0.339567
vt 0.144675 0.389485
vt 0.144675 0.364526
vt 0.144675 0.414444
vt 0.169634 0.389485
vt 0.119716 0.389485
vt 0.169634 0.414444
vt 0.119716 0.414444
vt 0.360022 0.829387
vt 0.375387 0.860143
vt 0.375387 0.868930
vt 0.916127 0.145078
vt 0.028098 0.219552
vt 0.123825 0.283370
vt 0.219552 0.219552
vt 0.077209 0.834278
vt 0.151318 0.834278
vt 0.143907 0.834278
vt 0.136496 0.834278
vt 0.114263 0.834278
vt 0.121674 0.834278
vt 0.106852 0.834278
vt 0.084620 0.834278
vt 0.092031 0.834278
vt 0.069798 0.836131
vt 0.964550 0.437769
vt 0.898383 0.437769
vt 0.891032 0.437769
vt 0.905735 0.437769
vt 0.883680 0.378954
vt 0.971902 0.435931
vt 0.957198 0.437769
vt 0.949846 0.437769
vt 0.927791 0.437769
vt 0.935142 0.437769
vt 0.920439 0.437769
vt 0.508829 0.028098
vt 0.508829 0.263943
vt 0.508829 0.204982
vt 0.508829 0.087060
vt 0.275749 0.204982
vt 0.552784 0.512769
vt 0.516666 0.464611
vt 0.637058 0.464611
vt 0.782740 0.476738
vt 0.827483 0.454367
vt 0.827483 0.409624
vt 0.782740 0.342511
vt 0.782740 0.387253
vt 0.436390 0.373687
vt 0.356070 0.320140
vt 0.275749 0.373687
vt 0.396230 0.373687
vt 0.161121 0.755251
vt 0.206782 0.709589
vt 0.161121 0.618266
vt 0.161121 0.663928
vt 0.287005 0.727524
vt 0.344248 0.773190
vt 0.401491 0.727524
vt 0.309999 0.727524
vt 0.882052 0.851165
vt 0.675187 0.660266
vt 0.613105 0.052137
vt 0.565026 0.100216
vt 0.613105 0.220412
vt 0.613105 0.148294
vt 0.094757 0.489321
vt 0.144675 0.539239
vt 0.194593 0.489321
s 1
usemtl マテリアル
f 10/1/10 1/2/1 476/3/476
f 483/4/483 6/5/6 514/6/514
f 11/7/11 476/3/476 2/8/2
f 19/9/19 479/10/479 480/11/480
f 12/12/12 2/8/2 477/13/477
f 20/14/20 480/11/480 481/15/481
f 3/16/3 12/12/12 477/13/477
f 21/17/21 481/15/481 482/18/482
f 4/19/4 13/20/13 3/16/3
f 474/21/474 7/22/7 82/23/82
f 308/24/308 21/17/21 482/18/482
f 5/25/5 14/26/14 4/19/4
f 8/27/8 474/21/474 475/28/475
f 478/29/478 15/30/15 5/25/5
f 9/31/9 475/28/475 1/2/1
f 17/32/17 478/29/478 6/5/6
f 16/33/16 30/34/30 15/30/15
f 24/35/24 8/27/8 9/31/9
f 32/36/32 16/33/16 17/32/17
f 25/37/25 9/31/9 10/1/10
f 484/38/484 17/32/17 483/4/483
f 26/39/26 10/1/10 11/7/11
f 34/40/34 18/41/18 19/9/19
f 27/42/27 11/7/11 12/12/12
f 35/43/35 19/9/19 20/14/20
f 13/20/13 27/42/27 12/12/12
f 36/44/36 20/14/20 21/17/21
f 14/26/14 28/45/28 13/20/13
f 7/22/7 22/46/22 82/47/82
f 308/48/308 36/44/36 21/17/21
f 15/30/15 29/49/29 14/26/14
f 23/50/23 7/22/7 8/27/8
f 50/51/50 34/40/34 35/43/35
f 28/45/28 42/52/42 27/42/27
f 51/53/51 35/43/35 36/44/36
f 29/49/29 43/54/43 28/45/28
f 22/46/22 37/55/37 82/56/82
f 308/57/308 51/53/51 36/44/36
f 30/34/30 44/58/44 29/49/29
f 38/59/38 22/46/22 23/50/23
f 31/60/31 45/61/45 30/34/30
f 39/62/39 23/50/23 24/35/24
f 47/63/47 31/60/31 32/36/32
f 40/64/40 24/35/24 25/37/25
f 485/65/485 32/36/32 484/38/484
f 41/66/41 25/37/25 26/39/26
f 49/67/49 33/68/33 34/40/34
f 42/52/42 26/39/26 27/42/27
f 62/69/62 46/70/46 47/63/47
f 55/71/55 39/62/39 40/64/40
f 486/72/486 47/63/47 485/65/485
f 56/73/56 40/64/40 41/66/41
f 64/74/64 48/75/48 49/67/49
f 57/76/57 41/66/41 42/52/42
f 65/77/65 49/67/49 50/51/50
f 43/54/43 57/76/57 42/52/42
f 66/78/66 50/51/50 51/53/51
f 44/58/44 58/79/58 43/54/43
f 37/55/37 52/80/52 82/81/82
f 308/82/308 66/78/66 51/53/51
f 45/61/45 59/83/59 44/58/44
f 53/84/53 37/55/37 38/59/38
f 46/70/46 60/85/60 45/61/45
f 54/86/54 38/59/38 39/62/39
f 81/87/81 65/77/65 66/78/66
f 59/83/59 73/88/73 58/79/58
f 52/80/52 67/89/67 82/90/82
f 308/91/308 81/87/81 66/78/66
f 60/85/60 74/92/74 59/83/59
f 68/93/68 52/80/52 53/84/53
f 61/94/61 75/95/75 60/85/60
f 69/96/69 53/84/53 54/86/54
f 77/97/77 61/94/61 62/69/62
f 70/98/70 54/86/54 55/71/55
f 487/99/487 62/69/62 486/72/486
f 71/100/71 55/71/55 56/73/56
f 79/101/79 63/102/63 64/74/64
f 72/103/72 56/73/56 57/76/57
f 80/104/80 64/74/64 65/77/65
f 58/79/58 72/103/72 57/76/57
f 86/105/86 69/96/69 70/98/70
f 488/106/488 77/97/77 487/99/487
f 87/107/87 70/98/70 71/100/71
f 95/108/95 78/109/78 79/101/79
f 88/110/88 71/100/71 72/103/72
f 96/111/96 79/101/79 80/104/80
f 73/88/73 88/110/88 72/103/72
f 97/112/97 80/104/80 81/87/81
f 74/92/74 89/113/89 73/88/73
f 67/89/67 83/114/83 82/115/82
f 308/116/308 97/112/97 81/87/81
f 75/95/75 90/117/90 74/92/74
f 84/118/84 67/89/67 68/93/68
f 76/119/76 91/120/91 75/95/75
f 85/121/85 68/93/68 69/96/69
f 93/122/93 76/119/76 77/97/77
f 90/117/90 104/123/104 89/113/89
f 83/114/83 98/124/98 82/125/82
f 308/126/308 112/127/112 97/112/97
f 91/120/91 105/128/105 90/117/90
f 99/129/99 83/114/83 84/118/84
f 92/130/92 106/131/106 91/120/91
f 100/132/100 84/118/84 85/121/85
f 108/133/108 92/130/92 93/122/93
f 101/134/101 85/121/85 86/105/86
f 489/135/489 93/122/93 488/106/488
f 102/136/102 86/105/86 87/107/87
f 110/137/110 94/138/94 95/108/95
f 103/139/103 87/107/87 88/110/88
f 111/140/111 95/108/95 96/111/96
f 89/113/89 103/139/103 88/110/88
f 112/127/112 96/111/96 97/112/97
f 490/141/490 108/133/108 489/135/489
f 117/142/117 101/134/101 102/136/102
f 125/143/125 109/144/109 110/137/110
f 118/145/118 102/136/102 103/139/103
f 126/146/126 110/137/110 111/140/111
f 104/123/104 118/145/118 103/139/103
f 127/147/127 111/140/111 112/127/112
f 105/128/105 119/148/119 104/123/104
f 98/124/98 113/149/113 82/150/82
f 308/151/308 127/147/127 112/127/112
f 106/131/106 120/152/120 105/128/105
f 114/153/114 98/124/98 99/129/99
f 107/154/107 121/155/121 106/131/106
f 115/156/115 99/129/99 100/132/100
f 123/157/123 107/154/107 108/133/108
f 116/158/116 100/132/100 101/134/101
f 113/149/113 128/159/128 82/160/82
f 308/161/308 142/162/142 127/147/127
f 136/163/136 120/152/120 121/155/121
f 114/153/114 128/159/128 113/149/113
f 137/164/137 121/155/121 122/165/122
f 115/156/115 129/166/129 114/153/114
f 123/157/123 137/164/137 122/165/122
f 116/158/116 130/167/130 115/156/115
f 490/141/490 138/168/138 123/157/123
f 117/142/117 131/169/131 116/158/116
f 125/143/125 139/170/139 124/171/124
f 118/145/118 132/172/132 117/142/117
f 126/146/126 140/173/140 125/143/125
f 119/148/119 133/174/133 118/145/118
f 127/147/127 141/175/141 126/146/126
f 135/176/135 119/148/119 120/152/120
f 132/172/132 146/177/146 131/169/131
f 140/173/140 154/178/154 139/170/139
f 133/174/133 147/179/147 132/172/132
f 141/175/141 155/180/155 140/173/140
f 134/181/134 148/182/148 133/174/133
f 142/162/142 156/183/156 141/175/141
f 150/184/150 134/181/134 135/176/135
f 128/159/128 143/185/143 82/186/82
f 308/187/308 157/188/157 142/162/142
f 151/189/151 135/176/135 136/163/136
f 129/166/129 143/185/143 128/159/128
f 137/164/137 151/189/151 136/163/136
f 130/167/130 144/190/144 129/166/129
f 138/168/138 152/191/152 137/164/137
f 131/169/131 145/192/145 130/167/130
f 491/193/491 153/194/153 138/168/138
f 166/195/166 150/184/150 151/189/151
f 144/190/144 158/196/158 143/185/143
f 152/191/152 166/195/166 151/189/151
f 145/192/145 159/197/159 144/190/144
f 153/194/153 167/198/167 152/191/152
f 146/177/146 160/199/160 145/192/145
f 492/200/492 168/201/168 153/194/153
f 147/179/147 161/202/161 146/177/146
f 155/180/155 169/203/169 154/178/154
f 163/204/163 147/179/147 148/182/148
f 156/183/156 170/205/170 155/180/155
f 164/206/164 148/182/148 149/207/149
f 157/188/157 171/208/171 156/183/156
f 165/209/165 149/207/149 150/184/150
f 143/185/143 158/196/158 82/210/82
f 308/211/308 172/212/172 157/188/157
f 170/205/170 184/213/184 169/203/169
f 178/214/178 162/215/162 163/204/163
f 171/208/171 185/216/185 170/205/170
f 179/217/179 163/204/163 164/206/164
f 172/212/172 186/218/186 171/208/171
f 180/219/180 164/206/164 165/209/165
f 158/196/158 173/220/173 82/221/82
f 308/222/308 187/223/187 172/212/172
f 166/195/166 180/219/180 165/209/165
f 159/197/159 173/220/173 158/196/158
f 167/198/167 181/224/181 166/195/166
f 160/199/160 174/225/174 159/197/159
f 168/201/168 182/226/182 167/198/167
f 161/202/161 175/227/175 160/199/160
f 493/228/493 183/229/183 168/201/168
f 162/215/162 176/230/176 161/202/161
f 182/226/182 196/231/196 181/224/181
f 175/227/175 189/232/189 174/225/174
f 183/229/183 197/233/197 182/226/182
f 176/230/176 190/234/190 175/227/175
f 494/235/494 198/236/198 183/229/183
f 177/237/177 191/238/191 176/230/176
f 185/216/185 199/239/199 184/213/184
f 193/240/193 177/237/177 178/214/178
f 186/218/186 200/241/200 185/216/185
f 194/242/194 178/214/178 179/217/179
f 187/223/187 201/243/201 186/218/186
f 195/244/195 179/217/179 180/219/180
f 173/220/173 188/245/188 82/246/82
f 308/247/308 202/248/202 187/223/187
f 181/224/181 195/244/195 180/219/180
f 174/225/174 188/245/188 173/220/173
f 201/243/201 215/249/215 200/241/200
f 209/250/209 193/240/193 194/242/194
f 202/248/202 216/251/216 201/243/201
f 210/252/210 194/242/194 195/244/195
f 188/245/188 203/253/203 82/254/82
f 308/255/308 217/256/217 202/248/202
f 196/231/196 210/252/210 195/244/195
f 189/232/189 203/253/203 188/245/188
f 212/257/212 196/231/196 197/233/197
f 190/234/190 204/258/204 189/232/189
f 213/259/213 197/233/197 198/236/198
f 191/238/191 205/260/205 190/234/190
f 496/261/496 198/236/198 495/262/495
f 192/263/192 206/264/206 191/238/191
f 200/241/200 214/265/214 199/239/199
f 208/266/208 192/263/192 193/240/193
f 205/260/205 219/267/219 204/258/204
f 228/268/228 212/257/212 213/259/213
f 206/264/206 220/269/220 205/260/205
f 244/270/244 520/271/520 518/272/518
f 207/273/207 221/274/221 206/264/206
f 215/249/215 229/275/229 214/265/214
f 223/276/223 207/273/207 208/266/208
f 216/251/216 230/277/230 215/249/215
f 224/278/224 208/266/208 209/250/209
f 217/256/217 231/279/231 216/251/216
f 225/280/225 209/250/209 210/252/210
f 203/253/203 218/281/218 82/282/82
f 308/283/308 232/284/232 217/256/217
f 211/285/211 225/280/225 210/252/210
f 204/258/204 218/281/218 203/253/203
f 227/286/227 211/285/211 212/257/212
f 239/287/239 223/276/223 224/278/224
f 232/284/232 246/288/246 231/279/231
f 240/289/240 224/278/224 225/280/225
f 218/281/218 233/290/233 82/291/82
f 308/292/308 247/293/247 232/284/232
f 226/294/226 240/289/240 225/280/225
f 219/267/219 233/290/233 218/281/218
f 227/286/227 241/295/241 226/294/226
f 220/269/220 234/296/234 219/267/219
f 243/297/243 227/286/227 228/268/228
f 221/274/221 235/298/235 220/269/220
f 244/270/244 516/299/516 229/275/229
f 222/300/222 236/301/236 221/274/221
f 230/277/230 244/270/244 229/275/229
f 238/302/238 222/300/222 223/276/223
f 231/279/231 245/303/245 230/277/230
f 243/297/243 257/304/257 242/305/242
f 251/306/251 235/298/235 236/301/236
f 500/307/500 522/308/522 520/271/520
f 252/309/252 236/301/236 237/310/237
f 260/311/260 244/270/244 245/303/245
f 238/302/238 252/309/252 237/310/237
f 261/312/261 245/303/245 246/288/246
f 239/287/239 253/313/253 238/302/238
f 262/314/262 246/288/246 247/293/247
f 240/289/240 254/315/254 239/287/239
f 233/290/233 248/316/248 82/317/82
f 308/318/308 262/314/262 247/293/247
f 256/319/256 240/289/240 241/295/241
f 249/320/249 233/290/233 234/296/234
f 257/304/257 241/295/241 242/305/242
f 250/321/250 234/296/234 235/298/235
f 277/322/277 261/312/261 262/314/262
f 255/323/255 269/324/269 254/315/254
f 248/316/248 263/325/263 82/326/82
f 308/327/308 277/322/277 262/314/262
f 271/328/271 255/323/255 256/319/256
f 264/329/264 248/316/248 249/320/249
f 257/304/257 271/328/271 256/319/256
f 265/330/265 249/320/249 250/321/250
f 258/331/258 272/332/272 257/304/257
f 266/333/266 250/321/250 251/306/251
f 498/334/498 499/335/499 497/336/497
f 267/337/267 251/306/251 252/309/252
f 275/338/275 259/339/259 260/311/260
f 253/313/253 267/337/267 252/309/252
f 276/340/276 260/311/260 261/312/261
f 254/315/254 268/341/268 253/313/253
f 281/342/281 265/330/265 266/333/266
f 500/307/500 288/343/288 273/344/273
f 282/345/282 266/333/266 267/337/267
f 290/346/290 274/347/274 275/338/275
f 268/341/268 282/345/282 267/337/267
f 291/348/291 275/338/275 276/340/276
f 269/324/269 283/349/283 268/341/268
f 292/350/292 276/340/276 277/322/277
f 270/351/270 284/352/284 269/324/269
f 263/325/263 278/353/278 82/354/82
f 308/355/308 292/350/292 277/322/277
f 286/356/286 270/351/270 271/328/271
f 279/357/279 263/325/263 264/329/264
f 272/332/272 286/356/286 271/328/271
f 280/358/280 264/329/264 265/330/265
f 273/344/273 287/359/287 272/332/272
f 285/360/285 299/361/299 284/352/284
f 278/353/278 293/362/293 82/363/82
f 308/364/308 307/365/307 292/350/292
f 301/366/301 285/360/285 286/356/286
f 294/367/294 278/353/278 279/357/279
f 302/368/302 286/356/286 287/359/287
f 295/369/295 279/357/279 280/358/280
f 303/370/303 287/359/287 288/343/288
f 296/371/296 280/358/280 281/342/281
f 502/372/502 288/343/288 501/373/501
f 297/374/297 281/342/281 282/345/282
f 305/375/305 289/376/289 290/346/290
f 283/349/283 297/374/297 282/345/282
f 306/377/306 290/346/290 291/348/291
f 284/352/284 298/378/298 283/349/283
f 307/365/307 291/348/291 292/350/292
f 503/379/503 303/370/303 502/372/502
f 313/380/313 296/371/296 297/374/297
f 321/381/321 304/382/304 305/375/305
f 298/378/298 313/380/313 297/374/297
f 322/383/322 305/375/305 306/377/306
f 299/361/299 314/384/314 298/378/298
f 323/385/323 306/377/306 307/365/307
f 300/386/300 315/387/315 299/361/299
f 293/362/293 309/388/309 82/389/82
f 308/390/308 323/385/323 307/365/307
f 317/391/317 300/386/300 301/366/301
f 310/392/310 293/362/293 294/367/294
f 318/393/318 301/366/301 302/368/302
f 311/394/311 294/367/294 295/369/295
f 319/395/319 302/368/302 303/370/303
f 312/396/312 295/369/295 296/371/296
f 308/397/308 338/398/338 323/385/323
f 317/391/317 331/399/331 316/400/316
f 325/401/325 309/388/309 310/392/310
f 333/402/333 317/391/317 318/393/318
f 326/403/326 310/392/310 311/394/311
f 334/404/334 318/393/318 319/395/319
f 327/405/327 311/394/311 312/396/312
f 504/406/504 319/395/319 503/379/503
f 328/407/328 312/396/312 313/380/313
f 336/408/336 320/409/320 321/381/321
f 314/384/314 328/407/328 313/380/313
f 337/410/337 321/381/321 322/383/322
f 315/387/315 329/411/329 314/384/314
f 338/398/338 322/383/322 323/385/323
f 316/400/316 330/412/330 315/387/315
f 309/388/309 324/413/324 82/414/82
f 351/415/351 335/416/335 336/408/336
f 344/417/344 328/407/328 329/411/329
f 352/418/352 336/408/336 337/410/337
f 345/419/345 329/411/329 330/412/330
f 353/420/353 337/410/337 338/398/338
f 331/399/331 345/419/345 330/412/330
f 324/413/324 339/421/339 82/422/82
f 308/423/308 353/420/353 338/398/338
f 332/424/332 346/425/346 331/399/331
f 340/426/340 324/413/324 325/401/325
f 348/427/348 332/424/332 333/402/333
f 341/428/341 325/401/325 326/403/326
f 349/429/349 333/402/333 334/404/334
f 342/430/342 326/403/326 327/405/327
f 505/431/505 334/404/334 504/406/504
f 343/432/343 327/405/327 328/407/328
f 355/433/355 339/421/339 340/426/340
f 348/427/348 362/434/362 347/435/347
f 356/436/356 340/426/340 341/428/341
f 364/437/364 348/427/348 349/429/349
f 357/438/357 341/428/341 342/430/342
f 506/439/506 349/429/349 505/431/505
f 358/440/358 342/430/342 343/432/343
f 366/441/366 350/442/350 351/415/351
f 359/443/359 343/432/343 344/417/344
f 367/444/367 351/415/351 352/418/352
f 360/445/360 344/417/344 345/419/345
f 368/446/368 352/418/352 353/420/353
f 346/425/346 360/445/360 345/419/345
f 339/421/339 354/447/354 82/448/82
f 308/449/308 368/446/368 353/420/353
f 347/435/347 361/450/361 346/425/346
f 359/451/359 373/452/373 358/453/358
f 367/454/367 381/455/381 366/456/366
f 375/457/375 359/451/359 360/458/360
f 368/459/368 382/460/382 367/454/367
f 376/461/376 360/458/360 361/462/361
f 354/463/354 369/464/369 82/465/82
f 308/466/308 383/467/383 368/459/368
f 377/468/377 361/462/361 362/469/362
f 355/470/355 369/464/369 354/463/354
f 378/471/378 362/469/362 363/472/363
f 356/473/356 370/474/370 355/470/355
f 364/475/364 378/471/378 363/472/363
f 357/476/357 371/477/371 356/473/356
f 506/478/506 379/479/379 364/475/364
f 358/453/358 372/480/372 357/476/357
f 366/456/366 380/481/380 365/482/365
f 393/483/393 377/468/377 378/471/378
f 371/477/371 385/484/385 370/474/370
f 379/479/379 393/483/393 378/471/378
f 372/480/372 386/485/386 371/477/371
f 507/486/507 394/487/394 379/479/379
f 373/452/373 387/488/387 372/480/372
f 381/455/381 395/489/395 380/481/380
f 374/490/374 388/491/388 373/452/373
f 382/460/382 396/492/396 381/455/381
f 390/493/390 374/490/374 375/457/375
f 383/467/383 397/494/397 382/460/382
f 391/495/391 375/457/375 376/461/376
f 369/464/369 384/496/384 82/497/82
f 308/498/308 398/499/398 383/467/383
f 392/500/392 376/461/376 377/468/377
f 370/474/370 384/496/384 369/464/369
f 397/494/397 411/501/411 396/492/396
f 405/502/405 389/503/389 390/493/390
f 398/499/398 412/504/412 397/494/397
f 406/505/406 390/493/390 391/495/391
f 384/496/384 399/506/399 82/507/82
f 308/508/308 413/509/413 398/499/398
f 407/510/407 391/495/391 392/500/392
f 385/484/385 399/506/399 384/496/384
f 408/511/408 392/500/392 393/483/393
f 386/485/386 400/512/400 385/484/385
f 394/487/394 408/511/408 393/483/393
f 387/488/387 401/513/401 386/485/386
f 508/514/508 409/515/409 394/487/394
f 388/491/388 402/516/402 387/488/387
f 396/492/396 410/517/410 395/489/395
f 389/503/389 403/518/403 388/491/388
f 401/513/401 415/519/415 400/512/400
f 409/515/409 423/520/423 408/511/408
f 402/516/402 416/521/416 401/513/401
f 509/522/509 424/523/424 409/515/409
f 403/518/403 417/524/417 402/516/402
f 411/501/411 425/525/425 410/517/410
f 404/526/404 418/527/418 403/518/403
f 412/504/412 426/528/426 411/501/411
f 420/529/420 404/526/404 405/502/405
f 413/509/413 427/530/427 412/504/412
f 421/531/421 405/502/405 406/505/406
f 399/506/399 414/532/414 82/533/82
f 308/534/308 428/535/428 413/509/413
f 422/536/422 406/505/406 407/510/407
f 400/512/400 414/532/414 399/506/399
f 423/520/423 407/510/407 408/511/408
f 435/537/435 419/538/419 420/529/420
f 428/535/428 442/539/442 427/530/427
f 436/540/436 420/529/420 421/531/421
f 414/532/414 429/541/429 82/542/82
f 308/543/308 443/544/443 428/535/428
f 437/545/437 421/531/421 422/536/422
f 415/519/415 429/541/429 414/532/414
f 438/546/438 422/536/422 423/520/423
f 416/521/416 430/547/430 415/519/415
f 424/523/424 438/546/438 423/520/423
f 417/524/417 431/548/431 416/521/416
f 510/549/510 439/550/439 424/523/424
f 418/527/418 432/551/432 417/524/417
f 426/528/426 440/552/440 425/525/425
f 419/538/419 433/553/433 418/527/418
f 427/530/427 441/554/441 426/528/426
f 439/550/439 453/555/453 438/546/438
f 432/551/432 446/556/446 431/548/431
f 511/557/511 454/558/454 439/550/439
f 433/553/433 447/559/447 432/551/432
f 441/554/441 455/560/455 440/552/440
f 434/561/434 448/562/448 433/553/433
f 442/539/442 456/563/456 441/554/441
f 450/564/450 434/561/434 435/537/435
f 443/544/443 457/565/457 442/539/442
f 451/566/451 435/537/435 436/540/436
f 429/541/429 444/567/444 82/568/82
f 308/569/308 458/570/458 443/544/443
f 452/571/452 436/540/436 437/545/437
f 430/547/430 444/567/444 429/541/429
f 453/555/453 437/545/437 438/546/438
f 431/548/431 445/572/445 430/547/430
f 458/570/458 472/573/472 457/565/457
f 466/574/466 450/564/450 451/566/451
f 444/567/444 459/575/459 82/576/82
f 308/577/308 473/578/473 458/570/458
f 467/579/467 451/566/451 452/571/452
f 445/572/445 459/575/459 444/567/444
f 468/580/468 452/571/452 453/555/453
f 446/556/446 460/581/460 445/572/445
f 454/558/454 468/580/468 453/555/453
f 447/559/447 461/582/461 446/556/446
f 512/583/512 469/584/469 454/558/454
f 448/562/448 462/585/462 447/559/447
f 456/563/456 470/586/470 455/560/455
f 449/587/449 463/588/463 448/562/448
f 457/565/457 471/589/471 456/563/456
f 465/590/465 449/587/449 450/564/450
f 513/591/513 6/5/6 469/584/469
f 463/588/463 476/3/476 462/585/462
f 471/589/471 479/10/479 470/586/470
f 464/592/464 2/8/2 463/588/463
f 472/573/472 480/11/480 471/589/471
f 3/16/3 464/592/464 465/590/465
f 473/578/473 481/15/481 472/573/472
f 4/19/4 465/590/465 466/574/466
f 459/575/459 474/21/474 82/593/82
f 308/594/308 482/18/482 473/578/473
f 5/25/5 466/574/466 467/579/467
f 460/581/460 474/21/474 459/575/459
f 478/29/478 467/579/467 468/580/468
f 461/582/461 475/28/475 460/581/460
f 469/584/469 478/29/478 468/580/468
f 462/585/462 1/2/1 461/582/461
f 470/586/470 514/6/514 513/591/513
f 455/560/455 513/591/513 512/583/512
f 440/552/440 512/583/512 511/557/511
f 425/525/425 511/557/511 510/549/510
f 410/517/410 510/549/510 509/522/509
f 395/489/395 509/522/509 508/514/508
f 380/481/380 508/514/508 507/486/507
f 365/482/365 507/486/507 506/478/506
f 365/595/365 505/431/505 350/442/350
f 350/442/350 504/406/504 335/416/335
f 335/416/335 503/379/503 320/409/320
f 320/409/320 502/372/502 304/382/304
f 304/382/304 501/373/501 289/376/289
f 274/347/274 501/373/501 500/307/500
f 522/308/522 273/344/273 521/596/521
f 519/597/519 258/331/258 243/297/243
f 515/598/515 228/268/228 213/259/213
f 519/597/519 228/268/228 515/598/515
f 214/265/214 495/262/495 199/239/199
f 184/213/184 495/262/495 494/235/494
f 169/203/169 494/235/494 493/228/493
f 154/178/154 493/228/493 492/200/492
f 139/170/139 492/200/492 491/193/491
f 124/171/124 491/193/491 490/141/490
f 124/171/124 489/135/489 109/144/109
f 109/144/109 488/106/488 94/138/94
f 94/138/94 487/99/487 78/109/78
f 78/109/78 486/72/486 63/102/63
f 63/102/63 485/65/485 48/75/48
f 48/75/48 484/38/484 33/68/33
f 33/68/33 483/4/483 18/41/18
f 18/41/18 514/6/514 479/10/479
f 521/596/521 523/308/523 522/308/522
f 527/597/527 521/596/521 519/597/519
f 515/598/515 527/597/527 519/597/519
f 499/335/499 515/598/515 517/335/517
f 516/299/516 517/335/517 496/261/496
f 524/599/524 523/600/523 525/601/525
f 526/602/526 525/603/525 527/597/527
f 498/334/498 526/602/526 527/597/527
f 523/308/523 520/271/520 522/308/522
f 526/602/526 516/299/516 518/272/518
f 520/271/520 526/602/526 518/272/518
f 516/299/516 499/335/499 517/335/517
f 528/604/528 977/605/976 530/606/530
f 531/607/531 529/608/529 528/604/528
f 528/604/528 533/609/533 532/610/532
f 531/607/531 532/610/532 534/611/534
f 532/610/532 536/612/536 535/613/535
f 534/611/534 535/613/535 537/614/537
f 535/613/535 539/615/539 538/616/538
f 537/614/537 538/616/538 540/617/540
f 538/616/538 542/618/542 541/619/541
f 540/617/540 541/619/541 543/620/543
f 541/619/541 545/621/545 544/622/544
f 543/620/543 544/622/544 546/623/546
f 544/622/544 548/624/548 547/625/547
f 546/623/546 547/625/547 549/626/549
f 547/625/547 551/627/551 550/628/550
f 549/626/549 550/628/550 552/629/552
f 550/628/550 554/630/554 553/631/553
f 552/629/552 553/631/553 555/632/555
f 556/633/556 554/634/554 557/635/557
f 558/636/558 553/637/553 556/633/556
f 559/638/559 557/635/557 560/639/560
f 561/640/561 556/633/556 559/638/559
f 562/641/562 560/639/560 563/642/563
f 564/643/564 559/638/559 562/641/562
f 565/644/565 563/642/563 566/645/566
f 567/646/567 562/641/562 565/644/565
f 568/647/568 566/645/566 569/648/569
f 570/649/570 565/644/565 568/647/568
f 571/650/571 569/648/569 572/651/572
f 573/652/573 568/647/568 571/650/571
f 574/653/574 572/651/572 575/654/575
f 576/655/576 571/650/571 574/653/574
f 577/656/577 575/654/575 578/657/578
f 579/658/579 574/653/574 577/656/577
f 577/656/577 581/659/581 580/660/580
f 579/658/579 580/660/580 582/661/582
f 580/660/580 584/662/584 583/663/583
f 582/661/582 583/663/583 585/664/585
f 583/663/583 587/665/587 586/666/586
f 585/664/585 586/666/586 588/667/588
f 586/666/586 590/668/590 589/669/589
f 588/667/588 589/669/589 591/670/591
f 589/669/589 593/671/593 592/672/592
f 591/670/591 592/672/592 594/673/594
f 592/672/592 596/674/596 595/675/595
f 594/673/594 595/675/595 597/676/597
f 595/675/595 599/677/599 598/678/598
f 597/676/597 598/678/598 600/679/600
f 598/678/598 602/680/602 601/681/601
f 600/679/600 601/681/601 603/682/603
f 604/683/604 602/680/602 605/684/605
f 606/685/606 601/681/601 604/683/604
f 607/686/607 605/684/605 608/687/608
f 609/688/609 604/683/604 607/686/607
f 610/689/610 608/687/608 611/690/611
f 612/691/612 607/686/607 610/689/610
f 613/692/613 611/690/611 614/693/614
f 615/694/615 610/689/610 613/692/613
f 616/695/616 614/693/614 617/696/617
f 618/697/618 613/692/613 616/695/616
f 619/698/619 617/696/617 620/699/620
f 621/700/621 616/695/616 619/698/619
f 529/608/529 620/699/620 977/605/976
f 623/701/623 619/698/619 529/608/529
f 624/702/624 621/700/621 623/701/623
f 622/703/622 618/697/618 621/700/621
f 626/704/626 623/701/623 531/607/531
f 627/705/627 624/702/624 626/704/626
f 625/706/625 622/703/622 624/702/624
f 626/704/626 534/611/534 628/707/628
f 627/705/627 628/707/628 629/708/629
f 628/707/628 537/614/537 630/709/630
f 629/708/629 630/709/630 631/710/631
f 630/709/630 540/617/540 632/711/632
f 631/710/631 632/711/632 633/712/633
f 632/711/632 543/620/543 634/713/634
f 633/712/633 634/713/634 635/714/635
f 634/713/634 546/623/546 636/715/636
f 635/714/635 636/715/636 637/716/637
f 636/715/636 549/626/549 638/717/638
f 637/716/637 638/717/638 639/718/639
f 638/717/638 552/629/552 640/719/640
f 639/718/639 640/719/640 641/720/641
f 640/719/640 555/632/555 642/721/642
f 641/720/641 642/721/642 643/722/643
f 644/723/644 555/724/555 558/636/558
f 645/725/645 642/726/642 644/723/644
f 646/727/646 558/636/558 561/640/561
f 647/728/647 644/723/644 646/727/646
f 648/729/648 561/640/561 564/643/564
f 649/730/649 646/727/646 648/729/648
f 650/731/650 564/643/564 567/646/567
f 651/732/651 648/729/648 650/731/650
f 652/733/652 567/646/567 570/649/570
f 653/734/653 650/731/650 652/733/652
f 654/735/654 570/649/570 573/652/573
f 655/736/655 652/733/652 654/735/654
f 656/737/656 573/652/573 576/655/576
f 657/738/657 654/735/654 656/737/656
f 658/739/658 576/655/576 579/658/579
f 659/740/659 656/737/656 658/739/658
f 658/739/658 582/661/582 660/741/660
f 659/740/659 660/741/660 661/742/661
f 660/741/660 585/664/585 662/743/662
f 661/742/661 662/743/662 663/744/663
f 662/743/662 588/667/588 664/745/664
f 663/744/663 664/745/664 665/746/665
f 664/745/664 591/670/591 666/747/666
f 665/746/665 666/747/666 667/748/667
f 666/747/666 594/673/594 668/749/668
f 667/748/667 668/749/668 669/750/669
f 668/749/668 597/676/597 670/751/670
f 669/750/669 670/751/670 671/752/671
f 670/751/670 600/679/600 672/753/672
f 671/752/671 672/753/672 673/754/673
f 672/753/672 603/682/603 674/755/674
f 673/754/673 674/755/674 675/756/675
f 676/757/676 603/682/603 606/685/606
f 677/758/677 674/755/674 676/757/676
f 678/759/678 606/685/606 609/688/609
f 679/760/679 676/757/676 678/759/678
f 680/761/680 609/688/609 612/691/612
f 681/762/681 678/759/678 680/761/680
f 682/763/682 612/691/612 615/694/615
f 683/764/683 680/761/680 682/763/682
f 684/765/684 615/694/615 618/697/618
f 685/766/685 682/763/682 684/765/684
f 687/767/687 684/765/684 622/703/622
f 688/768/688 685/766/685 687/767/687
f 686/769/686 683/764/683 685/766/685
f 690/770/690 687/767/687 625/706/625
f 691/771/691 688/768/688 690/770/690
f 689/772/689 686/769/686 688/768/688
f 692/773/692 625/706/625 627/705/627
f 693/774/693 690/770/690 692/773/692
f 693/774/693 694/775/694 695/776/695
f 692/773/692 629/708/629 694/775/694
f 694/775/694 631/710/631 696/777/696
f 695/776/695 696/777/696 697/778/697
f 696/777/696 633/712/633 698/779/698
f 697/778/697 698/779/698 699/780/699
f 698/779/698 635/714/635 700/781/700
f 699/780/699 700/781/700 701/782/701
f 700/781/700 637/716/637 702/783/702
f 701/782/701 702/783/702 703/784/703
f 702/783/702 639/718/639 704/785/704
f 703/784/703 704/785/704 705/786/705
f 704/785/704 641/720/641 706/787/706
f 705/786/705 706/787/706 707/788/707
f 706/787/706 643/722/643 708/789/708
f 707/788/707 708/789/708 709/790/709
f 710/791/710 643/792/643 645/725/645
f 711/793/711 708/794/708 710/791/710
f 712/795/712 645/725/645 647/728/647
f 713/796/713 710/791/710 712/795/712
f 714/797/714 647/728/647 649/730/649
f 715/798/715 712/795/712 714/797/714
f 716/799/716 649/730/649 651/732/651
f 717/800/717 714/797/714 716/799/716
f 718/801/718 651/732/651 653/734/653
f 719/802/719 716/799/716 718/801/718
f 720/803/720 653/734/653 655/736/655
f 721/804/721 718/801/718 720/803/720
f 722/805/722 655/736/655 657/738/657
f 723/806/723 720/803/720 722/805/722
f 724/807/724 657/738/657 659/740/659
f 725/808/725 722/805/722 724/807/724
f 724/807/724 661/742/661 726/809/726
f 725/808/725 726/809/726 727/810/727
f 726/809/726 663/744/663 728/811/728
f 727/810/727 728/811/728 729/812/729
f 728/811/728 665/746/665 730/813/730
f 729/812/729 730/813/730 731/814/731
f 730/813/730 667/748/667 732/815/732
f 731/814/731 732/815/732 733/816/733
f 732/815/732 669/750/669 734/817/734
f 733/816/733 734/817/734 735/818/735
f 734/817/734 671/752/671 736/819/736
f 735/818/735 736/819/736 737/820/737
f 736/819/736 673/754/673 738/821/738
f 737/820/737 738/821/738 739/822/739
f 738/821/738 675/756/675 740/823/740
f 739/822/739 740/823/740 741/824/741
f 742/825/742 675/756/675 677/758/677
f 743/826/743 740/823/740 742/825/742
f 744/827/744 677/758/677 679/760/679
f 745/828/745 742/825/742 744/827/744
f 746/829/746 679/760/679 681/762/681
f 747/830/747 744/827/744 746/829/746
f 748/831/748 681/762/681 683/764/683
f 749/832/749 746/829/746 748/831/748
f 751/833/751 748/831/748 686/769/686
f 750/834/750 751/833/751 752/835/752
f 812/836/812 749/832/749 750/834/750
f 752/835/752 689/772/689 754/837/754
f 753/838/753 754/837/754 755/839/755
f 815/840/815 752/835/752 753/838/753
f 754/837/754 691/771/691 756/841/756
f 755/839/755 756/841/756 757/842/757
f 756/841/756 693/774/693 758/843/758
f 757/842/757 758/843/758 759/844/759
f 760/845/760 693/774/693 695/776/695
f 761/846/761 758/843/758 760/845/760
f 762/847/762 695/776/695 697/778/697
f 763/848/763 760/845/760 762/847/762
f 764/849/764 697/778/697 699/780/699
f 765/850/765 762/847/762 764/849/764
f 766/851/766 699/780/699 701/782/701
f 767/852/767 764/849/764 766/851/766
f 768/853/768 701/782/701 703/784/703
f 769/854/769 766/851/766 768/853/768
f 770/855/770 703/784/703 705/786/705
f 771/856/771 768/853/768 770/855/770
f 772/857/772 705/786/705 707/788/707
f 773/858/773 770/855/770 772/857/772
f 774/859/774 707/788/707 709/790/709
f 775/860/775 772/857/772 774/859/774
f 774/861/774 711/793/711 776/862/776
f 775/863/775 776/862/776 777/864/777
f 776/862/776 713/796/713 778/865/778
f 777/864/777 778/865/778 779/866/779
f 778/865/778 715/798/715 780/867/780
f 779/866/779 780/867/780 781/868/781
f 780/867/780 717/800/717 782/869/782
f 781/868/781 782/869/782 783/870/783
f 782/869/782 719/802/719 784/871/784
f 783/870/783 784/871/784 785/872/785
f 784/871/784 721/804/721 786/873/786
f 785/872/785 786/873/786 787/874/787
f 786/873/786 723/806/723 788/875/788
f 787/874/787 788/875/788 789/876/789
f 788/875/788 725/808/725 790/877/790
f 789/876/789 790/877/790 791/878/791
f 792/879/792 725/808/725 727/810/727
f 793/880/793 790/877/790 792/879/792
f 794/881/794 727/810/727 729/812/729
f 795/882/795 792/879/792 794/881/794
f 796/883/796 729/812/729 731/814/731
f 797/884/797 794/881/794 796/883/796
f 798/885/798 731/814/731 733/816/733
f 799/886/799 796/883/796 798/885/798
f 800/887/800 733/816/733 735/818/735
f 801/888/801 798/885/798 800/887/800
f 802/889/802 735/818/735 737/820/737
f 803/890/803 800/887/800 802/889/802
f 804/891/804 737/820/737 739/822/739
f 805/892/805 802/889/802 804/891/804
f 806/893/806 739/822/739 741/824/741
f 807/894/807 804/891/804 806/893/806
f 806/893/806 743/826/743 808/895/808
f 807/894/807 808/895/808 809/896/809
f 808/895/808 745/828/745 810/897/810
f 809/896/809 810/897/810 811/898/811
f 810/897/810 747/830/747 812/836/812
f 811/898/811 812/836/812 813/899/813
f 813/899/813 750/834/750 815/840/815
f 814/900/814 815/840/815 816/901/816
f 876/902/876 813/899/813 814/900/814
f 816/901/816 753/838/753 818/903/818
f 817/904/817 818/903/818 819/905/819
f 879/906/879 816/901/816 817/904/817
f 818/903/818 755/839/755 820/907/820
f 819/905/819 820/907/820 821/908/821
f 820/907/820 757/842/757 822/909/822
f 821/908/821 822/909/822 823/910/823
f 822/909/822 759/844/759 824/911/824
f 823/910/823 824/911/824 825/912/825
f 826/913/826 759/844/759 761/846/761
f 827/914/827 824/911/824 826/913/826
f 828/915/828 761/846/761 763/848/763
f 829/916/829 826/913/826 828/915/828
f 830/917/830 763/848/763 765/850/765
f 831/918/831 828/915/828 830/917/830
f 832/919/832 765/850/765 767/852/767
f 833/920/833 830/917/830 832/919/832
f 834/921/834 767/852/767 769/854/769
f 835/922/835 832/919/832 834/921/834
f 836/923/836 769/854/769 771/856/771
f 837/924/837 834/921/834 836/923/836
f 838/925/838 771/856/771 773/858/773
f 839/926/839 836/923/836 838/925/838
f 840/927/840 773/858/773 775/860/775
f 841/928/841 838/925/838 840/927/840
f 840/929/840 777/864/777 842/930/842
f 841/931/841 842/930/842 843/932/843
f 842/930/842 779/866/779 844/933/844
f 843/932/843 844/933/844 845/934/845
f 844/933/844 781/868/781 846/935/846
f 845/934/845 846/935/846 847/936/847
f 846/935/846 783/870/783 848/937/848
f 847/936/847 848/937/848 849/938/849
f 848/937/848 785/872/785 850/939/850
f 849/938/849 850/939/850 851/940/851
f 850/939/850 787/874/787 852/941/852
f 851/940/851 852/941/852 853/942/853
f 852/941/852 789/876/789 854/943/854
f 853/942/853 854/943/854 855/944/855
f 854/943/854 791/878/791 856/945/856
f 855/944/855 856/945/856 857/946/857
f 858/947/858 791/878/791 793/880/793
f 859/948/859 856/945/856 858/947/858
f 860/949/860 793/880/793 795/882/795
f 861/950/861 858/947/858 860/949/860
f 862/951/862 795/882/795 797/884/797
f 863/952/863 860/949/860 862/951/862
f 864/953/864 797/884/797 799/886/799
f 865/954/865 862/951/862 864/953/864
f 866/955/866 799/886/799 801/888/801
f 867/956/867 864/953/864 866/955/866
f 868/957/868 801/888/801 803/890/803
f 869/958/869 866/955/866 868/957/868
f 870/959/870 803/890/803 805/892/805
f 871/960/871 868/957/868 870/959/870
f 872/961/872 805/892/805 807/894/807
f 873/962/873 870/959/870 872/961/872
f 872/961/872 809/896/809 874/963/874
f 873/962/873 874/963/874 875/964/875
f 874/963/874 811/898/811 876/902/876
f 875/964/875 876/902/876 877/965/877
f 877/965/877 814/900/814 879/906/879
f 878/966/878 879/906/879 880/967/880
f 940/968/940 877/965/877 878/966/878
f 880/967/880 817/904/817 882/969/882
f 881/970/881 882/969/882 883/971/883
f 943/972/943 880/967/880 881/970/881
f 882/969/882 819/905/819 884/973/884
f 883/971/883 884/973/884 885/974/885
f 884/973/884 821/908/821 886/975/886
f 885/974/885 886/975/886 887/976/887
f 886/975/886 823/910/823 888/977/888
f 887/976/887 888/977/888 889/978/889
f 888/977/888 825/912/825 890/979/890
f 889/978/889 890/979/890 891/980/891
f 892/981/892 825/912/825 827/914/827
f 893/982/893 890/979/890 892/981/892
f 894/983/894 827/914/827 829/916/829
f 895/984/895 892/981/892 894/983/894
f 896/985/896 829/916/829 831/918/831
f 897/986/897 894/983/894 896/985/896
f 898/987/898 831/918/831 833/920/833
f 899/988/899 896/985/896 898/987/898
f 900/989/900 833/920/833 835/922/835
f 901/990/901 898/987/898 900/989/900
f 902/991/902 835/922/835 837/924/837
f 903/992/903 900/989/900 902/991/902
f 904/993/904 837/924/837 839/926/839
f 905/994/905 902/991/902 904/993/904
f 906/995/906 839/926/839 841/928/841
f 907/996/907 904/993/904 906/995/906
f 906/997/906 843/932/843 908/998/908
f 907/999/907 908/998/908 909/1000/909
f 908/998/908 845/934/845 910/1001/910
f 909/1000/909 910/1001/910 911/1002/911
f 910/1001/910 847/936/847 912/1003/912
f 911/1002/911 912/1003/912 913/1004/913
f 912/1003/912 849/938/849 914/1005/914
f 913/1004/913 914/1005/914 915/1006/915
f 914/1005/914 851/940/851 916/1007/916
f 915/1006/915 916/1007/916 917/1008/917
f 916/1007/916 853/942/853 918/1009/918
f 917/1008/917 918/1009/918 919/1010/919
f 918/1009/918 855/944/855 920/1011/920
f 919/1010/919 920/1011/920 921/1012/921
f 920/1011/920 857/946/857 922/1013/922
f 921/1012/921 922/1013/922 923/1014/923
f 924/1015/924 857/946/857 859/948/859
f 925/1016/925 922/1013/922 924/1015/924
f 926/1017/926 859/948/859 861/950/861
f 927/1018/927 924/1015/924 926/1017/926
f 928/1019/928 861/950/861 863/952/863
f 929/1020/929 926/1017/926 928/1019/928
f 930/1021/930 863/952/863 865/954/865
f 931/1022/931 928/1019/928 930/1021/930
f 932/1023/932 865/954/865 867/956/867
f 933/1024/933 930/1021/930 932/1023/932
f 934/1025/934 867/956/867 869/958/869
f 935/1026/935 932/1023/932 934/1025/934
f 936/1027/936 869/958/869 871/960/871
f 937/1028/937 934/1025/934 936/1027/936
f 938/1029/938 871/960/871 873/962/873
f 939/1030/939 936/1027/936 938/1029/938
f 938/1029/938 875/964/875 940/968/940
f 939/1030/939 940/968/940 941/1031/941
f 941/1031/941 878/966/878 943/972/943
f 942/1032/942 943/972/943 944/1033/944
f 953/1034/952 941/1031/941 942/1032/942
f 944/1033/944 881/970/881 945/1035/945
f 946/1036/308 944/1033/944 945/1035/945
f 946/1037/308 942/1032/942 944/1033/944
f 946/1038/308 947/1039/946 964/1040/963
f 946/1041/308 965/1042/964 947/1039/946
f 946/1043/308 949/1044/948 948/1045/947
f 946/1046/308 948/1045/947 975/1047/974
f 946/1048/308 950/1049/949 949/1044/948
f 946/1050/308 951/1051/950 950/1049/949
f 946/1052/308 952/1053/951 951/1051/950
f 946/1054/308 945/1035/945 952/1053/951
f 946/1055/308 953/1034/952 942/1032/942
f 946/1056/308 954/1057/953 953/1034/952
f 946/1058/308 955/1059/954 954/1057/953
f 946/1060/308 956/1061/955 955/1059/954
f 946/1062/308 957/1063/956 956/1061/955
f 946/1064/308 958/1065/957 957/1063/956
f 946/1066/308 959/1067/958 958/1065/957
f 946/1068/308 960/1069/959 959/1067/958
f 946/1070/308 961/1071/960 960/1069/959
f 946/1072/308 962/1073/961 961/1071/960
f 946/1074/308 963/1075/962 962/1073/961
f 946/1076/308 964/1040/963 963/1075/962
f 946/1077/308 966/1078/965 965/1042/964
f 946/1079/308 967/1080/966 966/1078/965
f 946/1081/308 968/1082/967 967/1080/966
f 946/1083/308 969/1084/968 968/1085/967
f 946/1086/308 970/1087/969 969/1084/968
f 946/1088/308 971/1089/970 970/1087/969
f 946/1090/308 972/1091/971 971/1089/970
f 946/1092/308 973/1093/972 972/1091/971
f 946/1094/308 974/1095/973 973/1093/972
f 946/1096/308 975/1047/974 974/1095/973
f 974/1095/973 893/982/893 895/984/895
f 975/1047/974 891/980/891 893/982/893
f 973/1093/972 895/984/895 897/986/897
f 972/1091/971 897/986/897 899/988/899
f 971/1089/970 899/988/899 901/990/901
f 970/1087/969 901/990/901 903/992/903
f 969/1084/968 903/992/903 905/994/905
f 968/1085/967 905/994/905 907/996/907
f 968/1082/967 909/1000/909 967/1080/966
f 967/1080/966 911/1002/911 966/1078/965
f 966/1078/965 913/1004/913 965/1042/964
f 965/1042/964 915/1006/915 947/1039/946
f 964/1040/963 919/1010/919 963/1075/962
f 947/1039/946 917/1008/917 964/1040/963
f 963/1075/962 921/1012/921 962/1073/961
f 962/1073/961 923/1014/923 961/1071/960
f 960/1069/959 923/1014/923 925/1016/925
f 959/1067/958 925/1016/925 927/1018/927
f 958/1065/957 927/1018/927 929/1020/929
f 957/1063/956 929/1020/929 931/1022/931
f 956/1061/955 931/1022/931 933/1024/933
f 955/1059/954 933/1024/933 935/1026/935
f 954/1057/953 935/1026/935 937/1028/937
f 953/1034/952 937/1028/937 939/1030/939
f 952/1053/951 885/974/885 951/1051/950
f 945/1035/945 883/971/883 952/1053/951
f 951/1051/950 887/976/887 950/1049/949
f 950/1049/949 889/978/889 949/1044/948
f 949/1044/948 891/980/891 948/1045/947
f 977/605/976 976/1097/975 978/1098/977
f 620/699/620 1009/1099/1007 976/1097/975
f 530/606/530 978/1098/977 980/1100/978
f 978/1098/977 976/1097/975 979/1101/82
f 980/1100/978 978/1098/977 979/1102/82
f 530/606/530 981/1103/979 533/609/533
f 981/1103/979 980/1100/978 979/1104/82
f 533/609/533 982/1105/980 536/612/536
f 982/1105/980 981/1103/979 979/1106/82
f 536/612/536 983/1107/981 539/615/539
f 983/1107/981 982/1105/980 979/1108/82
f 539/615/539 984/1109/982 542/618/542
f 984/1109/982 983/1107/981 979/1110/82
f 542/618/542 985/1111/983 545/621/545
f 985/1111/983 984/1109/982 979/1112/82
f 545/621/545 986/1113/984 548/624/548
f 986/1113/984 985/1111/983 979/1114/82
f 548/624/548 987/1115/985 551/627/551
f 987/1115/985 986/1113/984 979/1116/82
f 551/627/551 988/1117/986 554/630/554
f 988/1117/986 987/1115/985 979/1118/82
f 557/635/557 988/1119/986 989/1120/987
f 989/1120/987 988/1119/986 979/1121/82
f 560/639/560 989/1120/987 990/1122/988
f 990/1122/988 989/1120/987 979/1123/82
f 563/642/563 990/1122/988 991/1124/989
f 991/1124/989 990/1122/988 979/1125/82
f 566/645/566 991/1124/989 992/1126/990
f 992/1126/990 991/1124/989 979/1127/82
f 569/648/569 992/1126/990 993/1128/991
f 993/1128/991 992/1126/990 979/1129/82
f 572/651/572 993/1128/991 994/1130/992
f 994/1130/992 993/1128/991 979/1131/82
f 575/654/575 994/1130/992 995/1132/993
f 995/1132/993 994/1130/992 979/1133/82
f 578/657/578 995/1132/993 996/1134/994
f 996/1134/994 995/1132/993 979/1135/82
f 578/657/578 997/1136/995 581/659/581
f 997/1136/995 996/1134/994 979/1137/82
f 581/659/581 998/1138/996 584/662/584
f 998/1138/996 997/1136/995 979/1139/82
f 584/662/584 999/1140/997 587/665/587
f 999/1140/997 998/1138/996 979/1141/82
f 587/665/587 1000/1142/998 590/668/590
f 1000/1142/998 999/1140/997 979/1143/82
f 590/668/590 1001/1144/999 593/671/593
f 1001/1144/999 1000/1142/998 979/1145/82
f 593/671/593 1002/1146/1000 596/674/596
f 1002/1146/1000 1001/1144/999 979/1147/82
f 596/674/596 1003/1148/1001 599/677/599
f 1003/1148/1001 1002/1146/1000 979/1149/82
f 599/677/599 1004/1150/1002 602/680/602
f 1004/1150/1002 1003/1148/1001 979/1151/82
f 605/684/605 1004/1150/1002 1005/1152/1003
f 1005/1152/1003 1004/1150/1002 979/1153/82
f 608/687/608 1005/1152/1003 1006/1154/1004
f 1006/1154/1004 1005/1152/1003 979/1155/82
f 1007/1156/1005 1006/1154/1004 979/1157/82
f 611/690/611 1006/1154/1004 1007/1156/1005
f 614/693/614 1007/1156/1005 1008/1158/1006
f 1008/1158/1006 1007/1156/1005 979/1159/82
f 617/696/617 1008/1158/1006 1009/1099/1007
f 1009/1099/1007 1008/1158/1006 979/1160/82
f 976/1097/975 1009/1099/1007 979/1161/82
f 1011/1162/1009 1012/1163/1010 1124/1164/1122
f 1010/1165/1008 1016/1166/1014 1013/1167/1011
f 1010/1168/1008 1015/1169/1013 1012/1170/1010
f 1013/1167/1011 1017/1171/1015 1014/1172/1012
f 1013/1173/1011 1149/1174/1147 1015/1169/1013
f 1016/1166/1014 1019/1175/1017 1017/1171/1015
f 1011/1176/1009 1018/1177/1016 1016/1166/1014
f 1021/1178/1019 1019/1175/1017 1018/1177/1016
f 1023/1179/1021 1018/1177/1016 1020/1180/1018
f 1022/1181/1020 1024/1182/1022 1021/1178/1019
f 1084/1183/1082 1021/1178/1019 1023/1179/1021
f 1025/1184/1023 1026/1185/1024 1024/1182/1022
f 1024/1182/1022 1028/1186/1026 1019/1175/1017
f 1027/1187/1025 1029/1188/1027 1026/1185/1024
f 1026/1185/1024 1031/1189/1029 1028/1186/1026
f 1030/1190/1028 1032/1191/1030 1029/1188/1027
f 1029/1188/1027 1034/1192/1032 1031/1189/1029
f 1033/1193/1031 1035/1194/1033 1032/1191/1030
f 1032/1191/1030 1037/1195/1035 1034/1192/1032
f 1035/1194/1033 1039/1196/1037 1038/1197/1036
f 1037/1195/1035 1038/1197/1036 1040/1198/1038
f 1043/1199/1041 1038/1200/1036 1039/1201/1037
f 1041/1202/1039 1040/1203/1038 1038/1200/1036
f 1044/1204/1042 1042/1205/1040 1041/1202/1039
f 1046/1206/1044 1041/1202/1039 1043/1199/1041
f 1048/1207/1046 1044/1204/1042 1047/1208/1045
f 1047/1208/1045 1046/1206/1044 1049/1209/1047
f 1051/1210/1049 1047/1208/1045 1050/1211/1048
f 1050/1211/1048 1049/1209/1047 1052/1212/1050
f 1054/1213/1052 1050/1211/1048 1053/1214/1051
f 1053/1214/1051 1052/1212/1050 1055/1215/1053
f 1056/1216/1054 1054/1213/1052 1053/1214/1051
f 1058/1217/1056 1053/1214/1051 1055/1215/1053
f 1059/1218/1057 1057/1219/1055 1056/1216/1054
f 1061/1220/1059 1056/1216/1054 1058/1217/1056
f 1062/1221/1060 1060/1222/1058 1059/1218/1057
f 1064/1223/1062 1059/1218/1057 1061/1220/1059
f 1065/1224/1063 1063/1225/1061 1062/1221/1060
f 1067/1226/1065 1062/1221/1060 1064/1223/1062
f 1068/1227/1066 1066/1228/1064 1065/1224/1063
f 1070/1229/1068 1065/1224/1063 1067/1226/1065
f 1071/1230/1069 1069/1231/1067 1068/1227/1066
f 1072/1232/1070 1068/1227/1066 1070/1229/1068
f 1076/1233/1074 1071/1230/1069 1072/1232/1070
f 1075/1234/1073 1071/1230/1069 1074/1235/1072
f 1078/1236/1076 1074/1235/1072 1077/1237/1075
f 1079/1238/1077 1074/1235/1072 1076/1233/1074
f 1080/1239/1078 1078/1236/1076 1077/1237/1075
f 1080/1239/1078 1079/1238/1077 1082/1240/1080
f 1023/1241/1021 1081/1242/1079 1080/1239/1078
f 1023/1241/1021 1082/1240/1080 1084/1243/1082
f 1082/1240/1080 1092/1244/1090 1083/1245/1081
f 1084/1243/1082 1083/1245/1081 1085/1246/1083
f 1085/1247/1083 1022/1181/1020 1084/1183/1082
f 1085/1247/1083 1088/1248/1086 1086/1249/1084
f 1086/1249/1084 1025/1184/1023 1022/1181/1020
f 1086/1249/1084 1089/1250/1087 1087/1251/1085
f 1088/1248/1086 1091/1252/1089 1089/1250/1087
f 1083/1253/1081 1090/1254/1088 1088/1248/1086
f 1093/1255/1091 1091/1252/1089 1090/1254/1088
f 1095/1256/1093 1090/1254/1088 1092/1257/1090
f 1096/1258/1094 1094/1259/1092 1093/1255/1091
f 1097/1260/1095 1093/1255/1091 1095/1256/1093
f 1097/1260/1095 1070/1229/1068 1096/1258/1094
f 1096/1258/1094 1067/1226/1065 1098/1261/1096
f 1098/1261/1096 1064/1223/1062 1099/1262/1097
f 1098/1261/1096 1101/1263/1099 1094/1259/1092
f 1099/1262/1097 1102/1264/1100 1101/1263/1099
f 1099/1262/1097 1061/1220/1059 1100/1265/1098
f 1101/1263/1099 1104/1266/1102 1103/1267/1101
f 1094/1259/1092 1103/1267/1101 1091/1252/1089
f 1105/1268/1103 1104/1266/1102 1106/1269/1104
f 1089/1250/1087 1103/1267/1101 1105/1268/1103
f 1107/1270/1105 1106/1269/1104 1108/1271/1106
f 1087/1251/1085 1105/1268/1103 1107/1270/1105
f 1087/1251/1085 1027/1187/1025 1025/1184/1023
f 1107/1270/1105 1030/1190/1028 1027/1187/1025
f 1106/1269/1104 1109/1272/1107 1108/1271/1106
f 1108/1271/1106 1033/1193/1031 1030/1190/1028
f 1109/1272/1107 1036/1273/1034 1033/1193/1031
f 1111/1274/1109 1110/1275/1108 1109/1272/1107
f 1113/1276/1111 1112/1277/1110 1111/1274/1109
f 1106/1269/1104 1113/1276/1111 1111/1274/1109
f 1113/1276/1111 1116/1278/1114 1114/1279/1112
f 1102/1264/1100 1113/1276/1111 1104/1266/1102
f 1115/1280/1113 1118/1281/1116 1116/1278/1114
f 1102/1264/1100 1117/1282/1115 1115/1280/1113
f 1100/1265/1098 1058/1217/1056 1117/1282/1115
f 1117/1282/1115 1055/1215/1053 1118/1281/1116
f 1116/1278/1114 1119/1283/1117 1120/1284/1118
f 1055/1215/1053 1119/1283/1117 1118/1281/1116
f 1052/1212/1050 1120/1285/1118 1119/1283/1117
f 1114/1279/1112 1120/1284/1118 1121/1286/1119
f 1049/1209/1047 1121/1287/1119 1120/1285/1118
f 1114/1279/1112 1122/1288/1120 1112/1277/1110
f 1121/1287/1119 1043/1199/1041 1122/1289/1120
f 1112/1277/1110 1123/1290/1121 1110/1275/1108
f 1122/1289/1120 1039/1201/1037 1123/1291/1121
f 1036/1273/1034 1123/1290/1121 1039/1196/1037
f 1095/1292/1093 1072/1232/1070 1097/1260/1095
f 1092/1244/1090 1076/1233/1074 1095/1292/1093
f 1081/1242/1079 1125/1293/1123 1078/1236/1076
f 1020/1294/1018 1124/1164/1122 1081/1242/1079
f 1124/1164/1122 1127/1295/1125 1125/1293/1123
f 1125/1293/1123 1075/1234/1073 1078/1236/1076
f 1127/1295/1125 1126/1296/1124 1125/1293/1123
f 1012/1170/1010 1129/1297/1127 1127/1298/1125
f 1128/1299/1126 1129/1297/1127 1131/1300/1129
f 1015/1169/1013 1130/1301/1128 1129/1297/1127
f 1131/1300/1129 1130/1301/1128 1132/1302/1130
f 1133/1303/1131 1132/1302/1130 1135/1304/1133
f 1134/1305/1132 1131/1300/1129 1133/1303/1131
f 1134/1305/1132 1136/1306/1134 1138/1307/1136
f 1133/1303/1131 1137/1308/1135 1136/1306/1134
f 1136/1306/1134 1066/1228/1064 1069/1231/1067
f 1138/1307/1136 1069/1231/1067 1073/1309/1071
f 1128/1310/1126 1138/1307/1136 1126/1296/1124
f 1126/1296/1124 1073/1309/1071 1075/1234/1073
f 1137/1308/1135 1063/1225/1061 1066/1228/1064
f 1135/1304/1133 1139/1311/1137 1137/1308/1135
f 1063/1225/1061 1140/1312/1138 1060/1222/1058
f 1139/1311/1137 1142/1313/1140 1140/1312/1138
f 1135/1304/1133 1143/1314/1141 1141/1315/1139
f 1141/1315/1139 1144/1316/1142 1142/1313/1140
f 1143/1314/1141 1146/1317/1144 1144/1316/1142
f 1132/1302/1130 1145/1318/1143 1143/1314/1141
f 1147/1319/1145 1146/1317/1144 1145/1318/1143
f 1149/1174/1147 1145/1318/1143 1130/1301/1128
f 1150/1320/1148 1148/1321/1146 1147/1319/1145
f 1014/1322/1012 1147/1319/1145 1149/1174/1147
f 1152/1323/1150 1151/1324/1149 1150/1325/1148
f 1014/1172/1012 1152/1323/1150 1150/1325/1148
f 1028/1186/1026 1153/1326/1151 1152/1323/1150
f 1017/1171/1015 1028/1186/1026 1152/1323/1150
f 1031/1189/1029 1154/1327/1152 1153/1326/1151
f 1153/1326/1151 1156/1328/1154 1151/1324/1149
f 1034/1192/1032 1155/1329/1153 1154/1327/1152
f 1154/1327/1152 1157/1330/1155 1156/1328/1154
f 1158/1331/1156 1157/1332/1155 1159/1333/1157
f 1148/1321/1146 1156/1334/1154 1158/1331/1156
f 1160/1335/1158 1159/1333/1157 1161/1336/1159
f 1146/1317/1144 1158/1331/1156 1160/1335/1158
f 1160/1335/1158 1163/1337/1161 1162/1338/1160
f 1146/1317/1144 1162/1338/1160 1144/1316/1142
f 1162/1338/1160 1165/1339/1163 1164/1340/1162
f 1144/1316/1142 1164/1340/1162 1142/1313/1140
f 1140/1312/1138 1164/1340/1162 1166/1341/1164
f 1166/1341/1164 1165/1339/1163 1167/1342/1165
f 1057/1219/1055 1167/1342/1165 1054/1213/1052
f 1060/1222/1058 1166/1341/1164 1057/1219/1055
f 1054/1213/1052 1168/1343/1166 1051/1210/1049
f 1167/1342/1165 1169/1344/1167 1168/1343/1166
f 1051/1210/1049 1170/1345/1168 1048/1207/1046
f 1168/1343/1166 1172/1346/1170 1170/1345/1168
f 1048/1207/1046 1171/1347/1169 1045/1348/1043
f 1170/1345/1168 1173/1349/1171 1171/1347/1169
f 1163/1337/1161 1169/1344/1167 1165/1339/1163
f 1161/1336/1159 1172/1350/1170 1163/1337/1161
f 1161/1336/1159 1174/1351/1172 1173/1352/1171
f 1173/1349/1171 1176/1353/1174 1171/1347/1169
f 1159/1333/1157 1175/1354/1173 1174/1351/1172
f 1174/1355/1172 1177/1356/1175 1176/1353/1174
f 1171/1347/1169 1042/1205/1040 1045/1348/1043
f 1176/1353/1174 1040/1203/1038 1042/1205/1040
f 1155/1329/1153 1175/1357/1173 1157/1330/1155
f 1037/1195/1035 1177/1358/1175 1155/1329/1153
f 1178/1359/1176 1359/1360/1357 1179/1361/1177
f 1181/1362/1179 1179/1361/1177 1356/1363/1354
f 1182/1364/1180 1180/1365/1178 1178/1359/1176
f 1184/1366/1182 1178/1359/1176 1181/1362/1179
f 1186/1367/1184 1182/1364/1180 1185/1368/1183
f 1185/1368/1183 1184/1366/1182 1187/1369/1185
f 1189/1370/1187 1185/1368/1183 1188/1371/1186
f 1188/1371/1186 1187/1369/1185 1190/1372/1188
f 1192/1373/1190 1188/1371/1186 1191/1374/1189
f 1191/1374/1189 1190/1372/1188 1193/1375/1191
f 1195/1376/1193 1191/1374/1189 1194/1377/1192
f 1194/1377/1192 1193/1375/1191 1196/1378/1194
f 1198/1379/1196 1194/1377/1192 1197/1380/1195
f 1197/1380/1195 1196/1378/1194 1199/1381/1197
f 1201/1382/1199 1197/1380/1195 1200/1383/1198
f 1200/1383/1198 1199/1381/1197 1202/1384/1200
f 1203/1385/1201 1201/1382/1199 1200/1383/1198
f 1205/1386/1203 1200/1383/1198 1202/1384/1200
f 1335/1387/1333 1205/1388/1203 1288/1389/1286
f 1206/1390/1204 1202/1384/1200 1208/1391/1206
f 1207/1392/1205 1208/1391/1206 1209/1393/1207
f 1202/1384/1200 1210/1394/1208 1208/1391/1206
f 1208/1391/1206 1211/1395/1209 1209/1393/1207
f 1199/1381/1197 1212/1396/1210 1210/1394/1208
f 1210/1394/1208 1213/1397/1211 1211/1395/1209
f 1196/1378/1194 1214/1398/1212 1212/1396/1210
f 1212/1396/1210 1215/1399/1213 1213/1397/1211
f 1193/1375/1191 1216/1400/1214 1214/1398/1212
f 1214/1398/1212 1217/1401/1215 1215/1399/1213
f 1190/1372/1188 1218/1402/1216 1216/1400/1214
f 1216/1400/1214 1219/1403/1217 1217/1401/1215
f 1187/1369/1185 1220/1404/1218 1218/1402/1216
f 1219/1403/1217 1220/1404/1218 1221/1405/1219
f 1220/1404/1218 1181/1362/1179 1222/1406/1220
f 1221/1405/1219 1222/1406/1220 1224/1407/1222
f 1222/1406/1220 1356/1363/1354 1223/1408/1221
f 1224/1407/1222 1223/1408/1221 1226/1409/1224
f 1268/1410/1266 1224/1407/1222 1225/1411/1223
f 1225/1411/1223 1226/1409/1224 1227/1412/1225
f 1226/1409/1224 1229/1413/1227 1228/1414/1226
f 1227/1412/1225 1228/1414/1226 1230/1415/1228
f 1228/1414/1226 1232/1416/1230 1231/1417/1229
f 1230/1415/1228 1231/1417/1229 1233/1418/1231
f 1231/1417/1229 1235/1419/1233 1234/1420/1232
f 1233/1418/1231 1234/1420/1232 1236/1421/1234
f 1234/1420/1232 1238/1422/1236 1237/1423/1235
f 1236/1421/1234 1237/1423/1235 1239/1424/1237
f 1237/1423/1235 1241/1425/1239 1240/1426/1238
f 1239/1424/1237 1240/1426/1238 1242/1427/1240
f 1240/1426/1238 1244/1428/1242 1243/1429/1241
f 1242/1427/1240 1243/1429/1241 1245/1430/1243
f 1244/1428/1242 1246/1431/1244 1243/1429/1241
f 1243/1429/1241 1248/1432/1246 1245/1430/1243
f 1245/1430/1243 1249/1433/1247 1251/1434/1249
f 1251/1434/1249 1250/1435/1248 1252/1436/1250
f 1253/1437/1251 1245/1430/1243 1251/1434/1249
f 1253/1437/1251 1252/1436/1250 1254/1438/1252
f 1255/1439/1253 1242/1427/1240 1253/1437/1251
f 1255/1439/1253 1254/1438/1252 1256/1440/1254
f 1257/1441/1255 1239/1424/1237 1255/1439/1253
f 1257/1441/1255 1256/1440/1254 1258/1442/1256
f 1259/1443/1257 1236/1421/1234 1257/1441/1255
f 1260/1444/1258 1257/1441/1255 1258/1442/1256
f 1261/1445/1259 1233/1418/1231 1259/1443/1257
f 1262/1446/1260 1259/1443/1257 1260/1444/1258
f 1263/1447/1261 1230/1415/1228 1261/1445/1259
f 1264/1448/1262 1261/1445/1259 1262/1446/1260
f 1265/1449/1263 1227/1412/1225 1263/1447/1261
f 1266/1450/1264 1263/1447/1261 1264/1448/1262
f 1267/1451/1265 1225/1411/1223 1265/1449/1263
f 1269/1452/1267 1265/1449/1263 1266/1450/1264
f 1270/1453/1268 1268/1410/1266 1267/1451/1265
f 1272/1454/1270 1267/1451/1265 1269/1452/1267
f 1273/1455/1271 1271/1456/1269 1270/1453/1268
f 1275/1457/1273 1270/1453/1268 1272/1454/1270
f 1276/1458/1274 1274/1459/1272 1273/1455/1271
f 1278/1460/1276 1273/1455/1271 1275/1457/1273
f 1279/1461/1277 1277/1462/1275 1276/1458/1274
f 1281/1463/1279 1276/1458/1274 1278/1460/1276
f 1282/1464/1280 1280/1465/1278 1279/1461/1277
f 1284/1466/1282 1279/1461/1277 1281/1463/1279
f 1285/1467/1283 1283/1468/1281 1282/1464/1280
f 1287/1469/1285 1282/1464/1280 1284/1466/1282
f 1288/1470/1286 1286/1471/1284 1285/1467/1283
f 1290/1472/1288 1285/1467/1283 1287/1469/1285
f 1291/1473/1289 1287/1469/1285 1293/1474/1291
f 1292/1475/1290 1293/1474/1291 1294/1476/1292
f 1293/1474/1291 1284/1466/1282 1295/1477/1293
f 1294/1476/1292 1295/1477/1293 1296/1478/1294
f 1295/1477/1293 1281/1463/1279 1297/1479/1295
f 1296/1478/1294 1297/1479/1295 1298/1480/1296
f 1297/1479/1295 1278/1460/1276 1299/1481/1297
f 1298/1480/1296 1299/1481/1297 1300/1482/1298
f 1299/1481/1297 1275/1457/1273 1301/1483/1299
f 1300/1482/1298 1301/1483/1299 1302/1484/1300
f 1301/1483/1299 1272/1454/1270 1303/1485/1301
f 1302/1484/1300 1303/1485/1301 1304/1486/1302
f 1303/1485/1301 1269/1452/1267 1305/1487/1303
f 1304/1486/1302 1305/1487/1303 1306/1488/1304
f 1305/1487/1303 1266/1450/1264 1307/1489/1305
f 1306/1488/1304 1307/1489/1305 1308/1490/1306
f 1307/1489/1305 1264/1448/1262 1309/1491/1307
f 1308/1490/1306 1309/1491/1307 1310/1492/1308
f 1309/1491/1307 1262/1446/1260 1311/1493/1309
f 1309/1491/1307 1312/1494/1310 1310/1492/1308
f 1262/1446/1260 1313/1495/1311 1311/1493/1309
f 1311/1493/1309 1314/1496/1312 1312/1494/1310
f 1260/1444/1258 1315/1497/1313 1313/1495/1311
f 1313/1495/1311 1316/1498/1314 1314/1496/1312
f 1258/1442/1256 1317/1499/1315 1315/1497/1313
f 1315/1497/1313 1318/1500/1316 1316/1498/1314
f 1256/1440/1254 1319/1501/1317 1317/1499/1315
f 1317/1499/1315 1320/1502/1318 1318/1500/1316
f 1254/1438/1252 1321/1503/1319 1319/1501/1317
f 1319/1501/1317 1322/1504/1320 1320/1502/1318
f 1252/1436/1250 1323/1505/1321 1321/1503/1319
f 1322/1504/1320 1323/1505/1321 1324/1506/1322
f 1326/1507/1324 1324/1506/1322 1325/1508/1323
f 1320/1502/1318 1326/1507/1324 1327/1509/1325
f 1318/1500/1316 1327/1509/1325 1328/1510/1326
f 1316/1498/1314 1328/1510/1326 1329/1511/1327
f 1314/1496/1312 1329/1511/1327 1330/1512/1328
f 1312/1494/1310 1330/1512/1328 1331/1513/1329
f 1310/1492/1308 1331/1513/1329 1332/1514/1330
f 1308/1490/1306 1332/1514/1330 1333/1515/1331
f 1334/1516/1332 1308/1490/1306 1333/1515/1331
f 1335/1387/1333 1306/1488/1304 1334/1516/1332
f 1336/1517/1334 1304/1486/1302 1335/1387/1333
f 1337/1518/1335 1302/1484/1300 1336/1517/1334
f 1338/1519/1336 1300/1482/1298 1337/1518/1335
f 1339/1520/1337 1298/1480/1296 1338/1519/1336
f 1340/1521/1338 1296/1478/1294 1339/1520/1337
f 1341/1522/1339 1294/1476/1292 1340/1521/1338
f 1289/1523/1287 1209/1393/1207 1286/1471/1284
f 1209/1393/1207 1283/1468/1281 1286/1471/1284
f 1211/1395/1209 1280/1465/1278 1283/1468/1281
f 1213/1397/1211 1277/1462/1275 1280/1465/1278
f 1277/1462/1275 1217/1401/1215 1274/1459/1272
f 1274/1459/1272 1219/1403/1217 1271/1456/1269
f 1271/1456/1269 1221/1405/1219 1268/1410/1266
f 1344/1524/1342 1247/1525/1245 1244/1428/1242
f 1345/1526/1343 1342/1527/1340 1344/1524/1342
f 1346/1528/1344 1345/1526/1343 1344/1524/1342
f 1241/1425/1239 1344/1524/1342 1244/1428/1242
f 1348/1529/1346 1347/1530/1345 1346/1528/1344
f 1238/1422/1236 1346/1528/1344 1241/1425/1239
f 1350/1531/1348 1349/1532/1347 1348/1529/1346
f 1235/1419/1233 1348/1529/1346 1238/1422/1236
f 1352/1533/1350 1351/1534/1349 1350/1531/1348
f 1232/1416/1230 1350/1531/1348 1235/1419/1233
f 1354/1535/1352 1353/1536/1351 1352/1533/1350
f 1229/1413/1227 1352/1533/1350 1232/1416/1230
f 1356/1363/1354 1355/1537/1353 1354/1535/1352
f 1223/1408/1221 1354/1535/1352 1229/1413/1227
f 1179/1361/1177 1357/1538/1355 1355/1537/1353
f 1355/1537/1353 1360/1539/1358 1353/1536/1351
f 1359/1360/1357 1358/1540/1356 1357/1538/1355
f 1357/1538/1355 1361/1541/1359 1360/1539/1358
f 1360/1539/1358 1363/1542/1361 1362/1543/1360
f 1353/1536/1351 1362/1543/1360 1351/1534/1349
f 1362/1543/1360 1365/1544/1363 1364/1545/1362
f 1351/1534/1349 1364/1545/1362 1349/1532/1347
f 1364/1545/1362 1367/1546/1365 1366/1547/1364
f 1349/1532/1347 1366/1547/1364 1347/1530/1345
f 1366/1547/1364 1369/1548/1367 1368/1549/1366
f 1347/1530/1345 1368/1549/1366 1345/1526/1343
f 1369/1548/1367 1370/1550/1368 1368/1549/1366
f 1368/1549/1366 1343/1551/1341 1345/1526/1343
f 1369/1548/1367 1372/1552/1370 1371/1553/1369
f 1365/1544/1363 1372/1554/1370 1367/1546/1365
f 1367/1546/1365 1372/1555/1370 1369/1548/1367
f 1373/1556/1371 1372/1557/1370 1374/1558/1372
f 1382/1559/1380 1372/1560/1370 1373/1556/1371
f 1374/1558/1372 1372/1561/1370 1358/1540/1356
f 1358/1540/1356 1372/1562/1370 1361/1541/1359
f 1361/1541/1359 1372/1563/1370 1363/1542/1361
f 1363/1542/1361 1372/1564/1370 1365/1544/1363
f 1375/1565/1373 1372/1566/1370 1376/1567/1374
f 1376/1567/1374 1372/1568/1370 1377/1569/1375
f 1377/1569/1375 1372/1570/1370 1378/1571/1376
f 1378/1571/1376 1372/1572/1370 1379/1573/1377
f 1379/1573/1377 1372/1574/1370 1380/1575/1378
f 1380/1575/1378 1372/1576/1370 1381/1577/1379
f 1381/1577/1379 1372/1578/1370 1382/1559/1380
f 1381/1577/1379 1183/1579/1181 1186/1367/1184
f 1183/1579/1181 1373/1556/1371 1180/1365/1178
f 1380/1575/1378 1186/1367/1184 1189/1370/1187
f 1379/1573/1377 1189/1370/1187 1192/1373/1190
f 1378/1571/1376 1192/1373/1190 1195/1376/1193
f 1377/1569/1375 1195/1376/1193 1198/1379/1196
f 1376/1567/1374 1198/1379/1196 1201/1382/1199
f 1375/1565/1373 1201/1382/1199 1204/1580/1202
f 1180/1365/1178 1374/1558/1372 1359/1360/1357
f 1383/1581/1381 1564/1582/1562 1385/1583/1383
f 1386/1584/1384 1384/1585/1382 1383/1581/1381
f 1387/1586/1385 1385/1583/1383 1388/1587/1386
f 1389/1588/1387 1383/1581/1381 1387/1586/1385
f 1387/1586/1385 1391/1589/1389 1390/1590/1388
f 1389/1588/1387 1390/1590/1388 1392/1591/1390
f 1390/1590/1388 1394/1592/1392 1393/1593/1391
f 1392/1591/1390 1393/1593/1391 1395/1594/1393
f 1393/1593/1391 1397/1595/1395 1396/1596/1394
f 1395/1594/1393 1396/1596/1394 1398/1597/1396
f 1396/1596/1394 1400/1598/1398 1399/1599/1397
f 1398/1597/1396 1399/1599/1397 1401/1600/1399
f 1399/1599/1397 1403/1601/1401 1402/1602/1400
f 1401/1600/1399 1402/1602/1400 1404/1603/1402
f 1402/1602/1400 1406/1604/1404 1405/1605/1403
f 1404/1603/1402 1405/1605/1403 1407/1606/1405
f 1408/1607/1406 1406/1604/1404 1409/1608/1407
f 1410/1609/1408 1405/1605/1403 1408/1607/1406
f 1540/1610/1538 1493/1611/1491 1410/1612/1408
f 1411/1613/1409 1407/1606/1405 1410/1609/1408
f 1412/1614/1410 1413/1615/1411 1411/1613/1409
f 1415/1616/1413 1407/1606/1405 1413/1615/1411
f 1416/1617/1414 1413/1615/1411 1414/1618/1412
f 1417/1619/1415 1404/1603/1402 1415/1616/1413
f 1418/1620/1416 1415/1616/1413 1416/1617/1414
f 1419/1621/1417 1401/1600/1399 1417/1619/1415
f 1420/1622/1418 1417/1619/1415 1418/1620/1416
f 1421/1623/1419 1398/1597/1396 1419/1621/1417
f 1422/1624/1420 1419/1621/1417 1420/1622/1418
f 1423/1625/1421 1395/1594/1393 1421/1623/1419
f 1424/1626/1422 1421/1623/1419 1422/1624/1420
f 1425/1627/1423 1392/1591/1390 1423/1625/1421
f 1424/1626/1422 1425/1627/1423 1423/1625/1421
f 1425/1627/1423 1386/1584/1384 1389/1588/1387
f 1426/1628/1424 1427/1629/1425 1425/1627/1423
f 1427/1629/1425 1561/1630/1559 1386/1584/1384
f 1429/1631/1427 1428/1632/1426 1427/1629/1425
f 1473/1633/1471 1429/1631/1427 1426/1628/1424
f 1430/1634/1428 1431/1635/1429 1429/1631/1427
f 1431/1635/1429 1434/1636/1432 1428/1632/1426
f 1432/1637/1430 1433/1638/1431 1431/1635/1429
f 1433/1638/1431 1437/1639/1435 1434/1636/1432
f 1435/1640/1433 1436/1641/1434 1433/1638/1431
f 1436/1641/1434 1440/1642/1438 1437/1639/1435
f 1438/1643/1436 1439/1644/1437 1436/1641/1434
f 1439/1644/1437 1443/1645/1441 1440/1642/1438
f 1441/1646/1439 1442/1647/1440 1439/1644/1437
f 1442/1647/1440 1446/1648/1444 1443/1645/1441
f 1444/1649/1442 1445/1650/1443 1442/1647/1440
f 1445/1650/1443 1449/1651/1447 1446/1648/1444
f 1447/1652/1445 1448/1653/1446 1445/1650/1443
f 1451/1654/1449 1449/1651/1447 1448/1653/1446
f 1453/1655/1451 1448/1653/1446 1450/1656/1448
f 1454/1657/1452 1450/1656/1448 1456/1658/1454
f 1455/1659/1453 1456/1658/1454 1457/1660/1455
f 1458/1661/1456 1450/1656/1448 1447/1652/1445
f 1457/1660/1455 1458/1661/1456 1459/1662/1457
f 1460/1663/1458 1447/1652/1445 1444/1649/1442
f 1459/1662/1457 1460/1663/1458 1461/1664/1459
f 1462/1665/1460 1444/1649/1442 1441/1646/1439
f 1461/1664/1459 1462/1665/1460 1463/1666/1461
f 1464/1667/1462 1441/1646/1439 1438/1643/1436
f 1465/1668/1463 1462/1665/1460 1464/1667/1462
f 1466/1669/1464 1438/1643/1436 1435/1640/1433
f 1467/1670/1465 1464/1667/1462 1466/1669/1464
f 1468/1671/1466 1435/1640/1433 1432/1637/1430
f 1469/1672/1467 1466/1669/1464 1468/1671/1466
f 1470/1673/1468 1432/1637/1430 1430/1634/1428
f 1471/1674/1469 1468/1671/1466 1470/1673/1468
f 1472/1675/1470 1430/1634/1428 1473/1633/1471
f 1474/1676/1472 1470/1673/1468 1472/1675/1470
f 1475/1677/1473 1473/1633/1471 1476/1678/1474
f 1477/1679/1475 1472/1675/1470 1475/1677/1473
f 1478/1680/1476 1476/1678/1474 1479/1681/1477
f 1480/1682/1478 1475/1677/1473 1478/1680/1476
f 1481/1683/1479 1479/1681/1477 1482/1684/1480
f 1483/1685/1481 1478/1680/1476 1481/1683/1479
f 1484/1686/1482 1482/1684/1480 1485/1687/1483
f 1486/1688/1484 1481/1683/1479 1484/1686/1482
f 1487/1689/1485 1485/1687/1483 1488/1690/1486
f 1489/1691/1487 1484/1686/1482 1487/1689/1485
f 1490/1692/1488 1488/1690/1486 1491/1693/1489
f 1492/1694/1490 1487/1689/1485 1490/1692/1488
f 1493/1695/1491 1491/1693/1489 1494/1696/1492
f 1495/1697/1493 1490/1692/1488 1493/1695/1491
f 1496/1698/1494 1492/1694/1490 1495/1697/1493
f 1497/1699/1495 1498/1700/1496 1496/1698/1494
f 1498/1700/1496 1489/1691/1487 1492/1694/1490
f 1499/1701/1497 1500/1702/1498 1498/1700/1496
f 1500/1702/1498 1486/1688/1484 1489/1691/1487
f 1501/1703/1499 1502/1704/1500 1500/1702/1498
f 1502/1704/1500 1483/1685/1481 1486/1688/1484
f 1503/1705/1501 1504/1706/1502 1502/1704/1500
f 1504/1706/1502 1480/1682/1478 1483/1685/1481
f 1505/1707/1503 1506/1708/1504 1504/1706/1502
f 1506/1708/1504 1477/1679/1475 1480/1682/1478
f 1507/1709/1505 1508/1710/1506 1506/1708/1504
f 1508/1710/1506 1474/1676/1472 1477/1679/1475
f 1509/1711/1507 1510/1712/1508 1508/1710/1506
f 1510/1712/1508 1471/1674/1469 1474/1676/1472
f 1511/1713/1509 1512/1714/1510 1510/1712/1508
f 1512/1714/1510 1469/1672/1467 1471/1674/1469
f 1513/1715/1511 1514/1716/1512 1512/1714/1510
f 1514/1716/1512 1467/1670/1465 1469/1672/1467
f 1517/1717/1515 1514/1716/1512 1515/1718/1513
f 1518/1719/1516 1467/1670/1465 1516/1720/1514
f 1519/1721/1517 1516/1720/1514 1517/1717/1515
f 1520/1722/1518 1465/1668/1463 1518/1719/1516
f 1521/1723/1519 1518/1719/1516 1519/1721/1517
f 1522/1724/1520 1463/1666/1461 1520/1722/1518
f 1523/1725/1521 1520/1722/1518 1521/1723/1519
f 1524/1726/1522 1461/1664/1459 1522/1724/1520
f 1525/1727/1523 1522/1724/1520 1523/1725/1521
f 1526/1728/1524 1459/1662/1457 1524/1726/1522
f 1527/1729/1525 1524/1726/1522 1525/1727/1523
f 1528/1730/1526 1457/1660/1455 1526/1728/1524
f 1527/1729/1525 1528/1730/1526 1526/1728/1524
f 1531/1731/1529 1529/1732/1527 1527/1729/1525
f 1531/1731/1529 1525/1727/1523 1532/1733/1530
f 1532/1733/1530 1523/1725/1521 1533/1734/1531
f 1533/1734/1531 1521/1723/1519 1534/1735/1532
f 1534/1735/1532 1519/1721/1517 1535/1736/1533
f 1535/1736/1533 1517/1717/1515 1536/1737/1534
f 1536/1737/1534 1515/1718/1513 1537/1738/1535
f 1537/1738/1535 1513/1715/1511 1538/1739/1536
f 1539/1740/1537 1513/1715/1511 1511/1713/1509
f 1540/1610/1538 1511/1713/1509 1509/1711/1507
f 1541/1741/1539 1509/1711/1507 1507/1709/1505
f 1542/1742/1540 1507/1709/1505 1505/1707/1503
f 1543/1743/1541 1505/1707/1503 1503/1705/1501
f 1544/1744/1542 1503/1705/1501 1501/1703/1499
f 1545/1745/1543 1501/1703/1499 1499/1701/1497
f 1546/1746/1544 1499/1701/1497 1497/1699/1495
f 1494/1696/1492 1414/1618/1412 1412/1614/1410
f 1488/1690/1486 1414/1618/1412 1491/1693/1489
f 1485/1687/1483 1416/1617/1414 1488/1690/1486
f 1482/1684/1480 1418/1620/1416 1485/1687/1483
f 1482/1684/1480 1422/1624/1420 1420/1622/1418
f 1479/1681/1477 1424/1626/1422 1422/1624/1420
f 1476/1678/1474 1426/1628/1424 1424/1626/1422
f 1452/1747/1450 1549/1748/1547 1449/1651/1447
f 1547/1749/1545 1550/1750/1548 1549/1748/1547
f 1551/1751/1549 1550/1750/1548 1552/1752/1550
f 1446/1648/1444 1549/1748/1547 1551/1751/1549
f 1553/1753/1551 1552/1752/1550 1554/1754/1552
f 1443/1645/1441 1551/1751/1549 1553/1753/1551
f 1555/1755/1553 1554/1754/1552 1556/1756/1554
f 1440/1642/1438 1553/1753/1551 1555/1755/1553
f 1557/1757/1555 1556/1756/1554 1558/1758/1556
f 1437/1639/1435 1555/1755/1553 1557/1757/1555
f 1559/1759/1557 1558/1758/1556 1560/1760/1558
f 1434/1636/1432 1557/1757/1555 1559/1759/1557
f 1561/1630/1559 1560/1760/1558 1384/1585/1382
f 1428/1632/1426 1559/1759/1557 1561/1630/1559
f 1384/1585/1382 1562/1761/1560 1564/1582/1562
f 1560/1760/1558 1565/1762/1563 1562/1761/1560
f 1564/1582/1562 1563/1763/1561 1579/1764/1577
f 1562/1761/1560 1566/1765/1564 1563/1763/1561
f 1565/1762/1563 1568/1766/1566 1566/1765/1564
f 1558/1758/1556 1567/1767/1565 1565/1762/1563
f 1567/1767/1565 1570/1768/1568 1568/1766/1566
f 1556/1756/1554 1569/1769/1567 1567/1767/1565
f 1569/1769/1567 1572/1770/1570 1570/1768/1568
f 1554/1754/1552 1571/1771/1569 1569/1769/1567
f 1571/1771/1569 1574/1772/1572 1572/1770/1570
f 1552/1752/1550 1573/1773/1571 1571/1771/1569
f 1575/1774/1573 1574/1772/1572 1573/1773/1571
f 1548/1775/1546 1573/1773/1571 1550/1750/1548
f 1574/1772/1572 1576/1776/1574 1577/1777/1575
f 1570/1768/1568 1572/1770/1570 1577/1778/1575
f 1572/1770/1570 1574/1772/1572 1577/1779/1575
f 1578/1780/1576 1579/1764/1577 1577/1781/1575
f 1587/1782/1585 1578/1780/1576 1577/1783/1575
f 1579/1764/1577 1563/1763/1561 1577/1784/1575
f 1563/1763/1561 1566/1765/1564 1577/1785/1575
f 1566/1765/1564 1568/1766/1566 1577/1786/1575
f 1568/1766/1566 1570/1768/1568 1577/1787/1575
f 1580/1788/1578 1581/1789/1579 1577/1790/1575
f 1581/1789/1579 1582/1791/1580 1577/1792/1575
f 1582/1791/1580 1583/1793/1581 1577/1794/1575
f 1583/1793/1581 1584/1795/1582 1577/1796/1575
f 1584/1795/1582 1585/1797/1583 1577/1798/1575
f 1585/1797/1583 1586/1799/1584 1577/1800/1575
f 1586/1799/1584 1587/1782/1585 1577/1801/1575
f 1388/1587/1386 1586/1799/1584 1391/1589/1389
f 1388/1587/1386 1578/1780/1576 1587/1782/1585
f 1391/1589/1389 1585/1797/1583 1394/1592/1392
f 1394/1592/1392 1584/1795/1582 1397/1595/1395
f 1397/1595/1395 1583/1793/1581 1400/1598/1398
f 1400/1598/1398 1582/1791/1580 1403/1601/1401
f 1403/1601/1401 1581/1789/1579 1406/1604/1404
f 1406/1604/1404 1580/1788/1578 1409/1608/1407
f 1385/1583/1383 1579/1764/1577 1578/1780/1576
f 1588/1802/1586 1604/1803/1601 1589/1804/1587
f 1589/1805/1587 1591/1806/1589 1588/1807/1586
f 1593/1808/1591 1588/1809/1586 1591/1810/1589
f 1592/1811/1590 1593/1808/1591 1591/1810/1589
f 1596/1812/1593 1591/1806/1589 1594/1813/308
f 1595/1814/1592 1589/1805/1587 1603/1815/1600
f 1595/1814/1592 1596/1812/1593 1594/1813/308
f 1598/1816/1595 1592/1811/1590 1596/1812/1593
f 1597/1817/1594 1598/1816/1595 1596/1812/1593
f 1599/1818/1596 1601/1819/1598 1593/1808/1591
f 1601/1819/1598 1597/1817/1594 1595/1820/1592
f 1603/1821/1600 1601/1819/1598 1595/1820/1592
f 1604/1803/1601 1603/1821/1600 1589/1804/1587
f 1605/1822/1590 1621/1823/1595 1607/1824/1597
f 1606/1825/1593 1608/1826/1589 1611/1827/308
f 1605/1828/1590 1610/1829/1591 1608/1830/1589
f 1609/1831/1586 1610/1829/1591 1617/1832/1588
f 1608/1826/1589 1613/1833/1587 1611/1827/308
f 1606/1825/1593 1612/1834/1592 1620/1835/1594
f 1612/1834/1592 1613/1833/1587 1614/1836/1600
f 1609/1831/1586 1615/1837/1601 1613/1833/1587
f 1614/1836/1600 1615/1837/1601 1616/1838/1599
f 1610/1829/1591 1607/1839/1597 1619/1840/1596
f 1614/1836/1600 1618/1841/1598 1612/1842/1592
f 1620/1843/1594 1618/1841/1598 1619/1840/1596
f 1620/1843/1594 1621/1823/1595 1606/1844/1593
f 1622/1845/1602 1651/1846/1630 1624/1847/1604
f 1622/1848/1602 1628/1849/1608 1623/1850/1603
f 1622/1851/1602 1627/1852/1607 1625/1853/1605
f 1626/1854/1606 1627/1852/1607 1638/1855/1617
f 1625/1856/1605 1630/1857/1610 1628/1849/1608
f 1628/1849/1608 1631/1858/308 1629/1859/1609
f 1623/1850/1603 1629/1859/1609 1734/1860/1713
f 1631/1858/308 1632/1861/1611 1633/1862/1612
f 1630/1857/1610 1635/1863/1614 1632/1861/1611
f 1633/1862/1612 1634/1864/1613 1723/1865/1702
f 1632/1861/1611 1636/1866/1615 1634/1864/1613
f 1626/1854/1606 1637/1867/1616 1635/1868/1614
f 1636/1866/1615 1637/1867/1616 1639/1869/1618
f 1637/1867/1616 1643/1870/1622 1640/1871/1619
f 1637/1867/1616 1642/1872/1621 1639/1869/1618
f 1643/1870/1622 1641/1873/1620 1640/1871/1619
f 1640/1871/1619 1683/1874/1662 1642/1872/1621
f 1643/1870/1622 1646/1875/1625 1644/1876/1623
f 1627/1852/1607 1643/1870/1622 1638/1855/1617
f 1645/1877/1624 1648/1878/1627 1646/1875/1625
f 1627/1852/1607 1647/1879/1626 1645/1877/1624
f 1647/1880/1626 1650/1881/1629 1648/1882/1627
f 1624/1847/1604 1649/1883/1628 1647/1880/1626
f 1649/1883/1628 1653/1884/1632 1650/1881/1629
f 1651/1846/1630 1652/1885/1631 1649/1883/1628
f 1655/1886/1634 1653/1884/1632 1652/1885/1631
f 1657/1887/1636 1652/1885/1631 1654/1888/1633
f 1655/1886/1634 1660/1889/1639 1656/1890/1635
f 1659/1891/1638 1655/1886/1634 1657/1887/1636
f 1663/1892/1642 1658/1893/1637 1659/1891/1638
f 1658/1893/1637 1662/1894/1641 1660/1889/1639
f 1661/1895/1640 1665/1896/1644 1662/1894/1641
f 1663/1892/1642 1664/1897/1643 1661/1895/1640
f 1667/1898/1646 1665/1896/1644 1664/1897/1643
f 1669/1899/1648 1664/1897/1643 1666/1900/1645
f 1670/1901/1649 1668/1902/1647 1667/1898/1646
f 1669/1899/1648 1670/1901/1649 1667/1898/1646
f 1671/1903/1650 1673/1904/1652 1670/1901/1649
f 1673/1904/1652 1672/1905/1651 1670/1901/1649
f 1673/1904/1652 1677/1906/1656 1674/1907/1653
f 1675/1908/1654 1676/1909/1655 1673/1904/1652
f 1679/1910/1658 1677/1906/1656 1676/1909/1655
f 1681/1911/1660 1676/1909/1655 1678/1912/1657
f 1642/1872/1621 1680/1913/1659 1679/1910/1658
f 1639/1869/1618 1679/1910/1658 1681/1911/1660
f 1634/1864/1613 1678/1912/1657 1723/1865/1702
f 1636/1866/1615 1681/1911/1660 1634/1864/1613
f 1677/1906/1656 1682/1914/1661 1696/1915/1675
f 1680/1913/1659 1684/1916/1663 1682/1914/1661
f 1641/1873/1620 1684/1916/1663 1683/1874/1662
f 1682/1914/1661 1685/1917/1664 1693/1918/1672
f 1686/1919/1665 1685/1917/1664 1684/1916/1663
f 1644/1876/1623 1686/1919/1665 1641/1873/1620
f 1687/1920/1666 1688/1921/1667 1686/1919/1665
f 1693/1918/1672 1688/1922/1667 1690/1923/1669
f 1690/1923/1669 1689/1924/1668 1692/1925/1671
f 1692/1925/1671 1707/1926/1686 1705/1927/1684
f 1694/1928/1673 1690/1923/1669 1691/1929/1670
f 1696/1915/1675 1693/1918/1672 1694/1928/1673
f 1696/1915/1675 1695/1930/1674 1697/1931/1676
f 1694/1928/1673 1704/1932/1683 1695/1930/1674
f 1677/1906/1656 1697/1931/1676 1674/1907/1653
f 1674/1907/1653 1698/1933/1677 1672/1905/1651
f 1697/1931/1676 1699/1934/1678 1698/1933/1677
f 1700/1935/1679 1699/1934/1678 1702/1936/1681
f 1668/1902/1647 1698/1933/1677 1700/1935/1679
f 1665/1896/1644 1700/1935/1679 1701/1937/1680
f 1701/1937/1680 1702/1936/1681 1703/1938/1682
f 1704/1932/1683 1703/1939/1682 1702/1940/1681
f 1699/1934/1678 1704/1932/1683 1702/1940/1681
f 1703/1939/1682 1706/1941/1685 1708/1942/1687
f 1706/1941/1685 1710/1943/1689 1709/1944/1688
f 1706/1941/1685 1711/1945/1690 1708/1942/1687
f 1713/1946/1692 1709/1947/1688 1710/1948/1689
f 1712/1949/1691 1711/1950/1690 1709/1947/1688
f 1653/1884/1632 1712/1949/1691 1713/1946/1692
f 1656/1890/1635 1714/1951/1693 1712/1949/1691
f 1715/1952/1694 1711/1950/1690 1714/1951/1693
f 1662/1894/1641 1714/1951/1693 1660/1889/1639
f 1665/1896/1644 1715/1952/1694 1662/1894/1641
f 1701/1937/1680 1708/1953/1687 1715/1952/1694
f 1653/1884/1632 1716/1954/1695 1650/1881/1629
f 1713/1946/1692 1718/1955/1697 1716/1954/1695
f 1650/1881/1629 1717/1956/1696 1648/1882/1627
f 1716/1954/1695 1719/1957/1698 1717/1956/1696
f 1721/1958/1700 1718/1959/1697 1720/1960/1699
f 1720/1960/1699 1710/1943/1689 1707/1926/1686
f 1689/1924/1668 1720/1960/1699 1692/1925/1671
f 1687/1920/1666 1721/1961/1700 1689/1962/1668
f 1722/1963/1701 1719/1964/1698 1721/1961/1700
f 1644/1876/1623 1722/1963/1701 1687/1920/1666
f 1646/1875/1625 1717/1965/1696 1722/1963/1701
f 1724/1966/1703 1678/1912/1657 1675/1908/1654
f 1633/1862/1612 1724/1966/1703 1726/1967/1705
f 1725/1968/1704 1675/1908/1654 1671/1903/1650
f 1726/1967/1705 1725/1968/1704 1728/1969/1707
f 1631/1858/308 1726/1967/1705 1727/1970/1706
f 1727/1970/1706 1728/1969/1707 1729/1971/1708
f 1725/1968/1704 1669/1899/1648 1728/1972/1707
f 1728/1972/1707 1666/1900/1645 1729/1973/1708
f 1730/1974/1709 1666/1900/1645 1663/1892/1642
f 1730/1975/1709 1727/1970/1706 1729/1971/1708
f 1731/1976/1710 1663/1892/1642 1659/1891/1638
f 1731/1977/1710 1732/1978/1711 1730/1975/1709
f 1732/1978/1711 1631/1858/308 1727/1970/1706
f 1733/1979/1712 1629/1859/1609 1732/1978/1711
f 1731/1976/1710 1657/1887/1636 1733/1980/1712
f 1733/1980/1712 1654/1888/1633 1734/1981/1713
f 1623/1982/1603 1654/1888/1633 1651/1846/1630
f 1735/1983/1714 1800/1984/1779 1736/1985/1715
f 1736/1986/1715 1738/1987/1717 1735/1988/1714
f 1741/1989/1720 1735/1990/1714 1738/1991/1717
f 1740/1992/1719 1739/1993/1718 1738/1987/1717
f 1742/1994/1721 1738/1991/1717 1739/1995/1718
f 1742/1994/1721 1743/1996/1722 1741/1989/1720
f 1741/1989/1720 1744/1997/1723 1737/1998/1716
f 1748/1999/1727 1743/2000/1722 1746/2001/1725
f 1746/2001/1725 1745/2002/1724 1747/2003/1726
f 1749/2004/1728 1747/2003/1726 1750/2005/1729
f 1751/2006/1730 1746/2001/1725 1749/2004/1728
f 1754/2007/1733 1749/2004/1728 1750/2005/1729
f 1752/2008/1731 1751/2006/1730 1749/2004/1728
f 1791/2009/1770 1752/2008/1731 1754/2007/1733
f 1753/2010/1732 1755/2011/1734 1752/2008/1731
f 1757/2012/1736 1756/2013/1735 1759/2014/1738
f 1758/2015/1737 1755/2016/1734 1757/2012/1736
f 1758/2015/1737 1760/2017/1739 1761/2018/1740
f 1757/2012/1736 1762/2019/1741 1760/2017/1739
f 1763/2020/1742 1761/2021/1740 1760/2022/1739
f 1765/2023/1744 1760/2022/1739 1762/2024/1741
f 1766/2025/1745 1764/2026/1743 1763/2020/1742
f 1768/2027/1747 1763/2020/1742 1765/2023/1744
f 1766/2025/1745 1772/2028/1751 1767/2029/1746
f 1768/2027/1747 1769/2030/1748 1766/2025/1745
f 1769/2030/1748 1773/2031/1752 1772/2028/1751
f 1795/2032/1774 1769/2030/1748 1771/2033/1750
f 1772/2028/1751 1775/2034/1754 1767/2029/1746
f 1773/2031/1752 1774/2035/1753 1772/2028/1751
f 1774/2035/1753 1739/1993/1718 1775/2034/1754
f 1774/2035/1753 1778/2036/1757 1777/2037/1756
f 1778/2036/1757 1779/2038/1758 1777/2039/1756
f 1777/2039/1756 1742/1994/1721 1739/1995/1718
f 1781/2040/1760 1742/1994/1721 1779/2038/1758
f 1782/2041/1761 1779/2038/1758 1780/2042/1759
f 1747/2003/1726 1781/2043/1760 1783/2044/1762
f 1783/2044/1762 1782/2041/1761 1784/2045/1763
f 1785/2046/1764 1784/2045/1763 1786/2047/1765
f 1750/2005/1729 1783/2044/1762 1785/2046/1764
f 1754/2007/1733 1785/2046/1764 1787/2048/1766
f 1787/2048/1766 1786/2047/1765 1788/2049/1767
f 1790/2050/1769 1787/2048/1766 1788/2049/1767
f 1789/2051/1768 1754/2007/1733 1787/2048/1766
f 1792/2052/1771 1790/2050/1769 1794/2053/1773
f 1793/2054/1772 1789/2055/1768 1792/2052/1771
f 1793/2054/1772 1771/2056/1750 1768/2057/1747
f 1792/2052/1771 1795/2032/1774 1771/2056/1750
f 1790/2050/1769 1796/2058/1775 1794/2053/1773
f 1795/2032/1774 1796/2058/1775 1770/2059/1749
f 1770/2059/1749 1797/2060/1776 1773/2031/1752
f 1788/2049/1767 1797/2060/1776 1796/2058/1775
f 1797/2060/1776 1784/2045/1763 1798/2061/1777
f 1797/2060/1776 1776/2062/1755 1773/2031/1752
f 1798/2061/1777 1782/2041/1761 1780/2042/1759
f 1798/2061/1777 1778/2036/1757 1776/2062/1755
f 1765/2063/1744 1793/2054/1772 1768/2057/1747
f 1753/2064/1732 1793/2054/1772 1799/2065/1778
f 1756/2013/1735 1799/2065/1778 1759/2014/1738
f 1762/2019/1741 1799/2065/1778 1765/2063/1744
f 1764/2026/1743 1775/2034/1754 1740/1992/1719
f 1761/2021/1740 1740/1992/1719 1736/1986/1715
f 1736/1985/1715 1758/2015/1737 1761/2018/1740
f 1748/2066/1727 1758/2015/1737 1800/1984/1779
f 1744/2067/1723 1800/1984/1779 1737/2068/1716
f 1801/2069/1780 1866/2070/1845 1803/2071/1782
f 1802/2072/1781 1804/2073/1783 1806/2074/1785
f 1801/2075/1780 1807/2076/1786 1804/2077/1783
f 1806/2074/1785 1805/2078/1784 1841/2079/1820
f 1804/2077/1783 1808/2080/1787 1805/2081/1784
f 1808/2080/1787 1809/2082/1788 1811/2083/1790
f 1807/2076/1786 1810/2084/1789 1809/2082/1788
f 1809/2085/1788 1814/2086/1793 1812/2087/1791
f 1811/2088/1790 1812/2087/1791 1813/2089/1792
f 1813/2089/1792 1815/2090/1794 1816/2091/1795
f 1812/2087/1791 1817/2092/1796 1815/2090/1794
f 1820/2093/1799 1815/2090/1794 1818/2094/1797
f 1818/2094/1797 1817/2092/1796 1821/2095/1800
f 1857/2096/1836 1818/2094/1797 1819/2097/1798
f 1819/2097/1798 1821/2095/1800 1822/2098/1801
f 1823/2099/1802 1822/2100/1801 1821/2101/1800
f 1824/2102/1803 1821/2101/1800 1817/2103/1796
f 1826/2104/1805 1824/2102/1803 1827/2105/1806
f 1828/2106/1807 1823/2099/1802 1826/2104/1805
f 1827/2107/1806 1829/2108/1808 1826/2109/1805
f 1826/2109/1805 1831/2110/1810 1828/2111/1807
f 1830/2112/1809 1832/2113/1811 1829/2108/1808
f 1829/2108/1808 1834/2114/1813 1831/2110/1810
f 1832/2113/1811 1838/2115/1817 1835/2116/1814
f 1834/2114/1813 1835/2116/1814 1837/2117/1816
f 1835/2116/1814 1839/2118/1818 1836/2119/1815
f 1835/2116/1814 1861/2120/1840 1837/2117/1816
f 1841/2079/1820 1838/2115/1817 1833/2121/1812
f 1840/2122/1819 1839/2118/1818 1838/2115/1817
f 1805/2078/1784 1840/2122/1819 1841/2079/1820
f 1840/2122/1819 1844/2123/1823 1842/2124/1821
f 1844/2123/1823 1845/2125/1824 1846/2126/1825
f 1843/2127/1822 1808/2080/1787 1845/2125/1824
f 1808/2080/1787 1847/2128/1826 1845/2125/1824
f 1845/2125/1824 1848/2129/1827 1846/2126/1825
f 1847/2130/1826 1813/2089/1792 1849/2131/1828
f 1848/2129/1827 1849/2131/1828 1850/2132/1829
f 1850/2132/1829 1851/2133/1830 1852/2134/1831
f 1849/2131/1828 1816/2091/1795 1851/2133/1830
f 1851/2133/1830 1820/2093/1799 1853/2135/1832
f 1852/2134/1831 1853/2135/1832 1854/2136/1833
f 1856/2137/1835 1853/2135/1832 1855/2138/1834
f 1855/2138/1834 1820/2093/1799 1857/2096/1836
f 1858/2139/1837 1856/2137/1835 1855/2140/1834
f 1859/2141/1838 1855/2140/1834 1857/2142/1836
f 1837/2143/1816 1859/2141/1838 1834/2144/1813
f 1861/2120/1840 1858/2139/1837 1837/2143/1816
f 1862/2145/1841 1856/2137/1835 1860/2146/1839
f 1861/2120/1840 1862/2145/1841 1860/2146/1839
f 1836/2119/1815 1863/2147/1842 1862/2145/1841
f 1863/2147/1842 1854/2136/1833 1862/2145/1841
f 1863/2147/1842 1850/2132/1829 1852/2134/1831
f 1842/2124/1821 1863/2147/1842 1839/2118/1818
f 1864/2148/1843 1848/2129/1827 1850/2132/1829
f 1844/2123/1823 1864/2148/1843 1842/2124/1821
f 1831/2149/1810 1859/2141/1838 1865/2150/1844
f 1859/2141/1838 1819/2151/1798 1865/2150/1844
f 1865/2150/1844 1822/2100/1801 1825/2152/1804
f 1828/2106/1807 1865/2150/1844 1825/2152/1804
f 1830/2112/1809 1841/2079/1820 1833/2121/1812
f 1827/2107/1806 1806/2074/1785 1830/2112/1809
f 1802/2153/1781 1824/2102/1803 1866/2070/1845
f 1824/2102/1803 1814/2154/1793 1866/2070/1845
f 1866/2070/1845 1810/2155/1789 1803/2071/1782
f 1867/2156/1846 1932/2157/1911 1868/2158/1847
f 1872/2159/1851 1867/2160/1846 1868/2161/1847
f 1873/2162/1852 1867/2163/1846 1870/2164/1849
f 1872/2159/1851 1871/2165/1850 1870/2166/1849
f 1874/2167/1853 1870/2164/1849 1871/2168/1850
f 1874/2167/1853 1875/2169/1854 1873/2162/1852
f 1873/2162/1852 1876/2170/1855 1869/2171/1848
f 1878/2172/1857 1876/2173/1855 1875/2174/1854
f 1878/2172/1857 1877/2175/1856 1879/2176/1858
f 1881/2177/1860 1879/2176/1858 1882/2178/1861
f 1881/2177/1860 1880/2179/1859 1878/2172/1857
f 1886/2180/1865 1881/2177/1860 1882/2178/1861
f 1887/2181/1866 1881/2177/1860 1884/2182/1863
f 1923/2183/1902 1884/2182/1863 1886/2180/1865
f 1888/2184/1867 1884/2182/1863 1885/2185/1864
f 1889/2186/1868 1888/2187/1867 1891/2188/1870
f 1890/2189/1869 1887/2190/1866 1889/2186/1868
f 1890/2189/1869 1892/2191/1871 1893/2192/1872
f 1892/2191/1871 1891/2188/1870 1894/2193/1873
f 1895/2194/1874 1893/2195/1872 1892/2196/1871
f 1894/2197/1873 1895/2194/1874 1892/2196/1871
f 1895/2194/1874 1899/2198/1878 1896/2199/1875
f 1897/2200/1876 1898/2201/1877 1895/2194/1874
f 1901/2202/1880 1899/2198/1878 1898/2201/1877
f 1903/2203/1882 1898/2201/1877 1900/2204/1879
f 1901/2202/1880 1905/2205/1884 1904/2206/1883
f 1927/2207/1906 1901/2202/1880 1903/2203/1882
f 1904/2206/1883 1907/2208/1886 1899/2198/1878
f 1905/2205/1884 1906/2209/1885 1904/2206/1883
f 1906/2209/1885 1871/2165/1850 1907/2208/1886
f 1906/2209/1885 1910/2210/1889 1909/2211/1888
f 1910/2210/1889 1911/2212/1890 1909/2213/1888
f 1909/2213/1888 1874/2167/1853 1871/2168/1850
f 1913/2214/1892 1874/2167/1853 1911/2212/1890
f 1914/2215/1893 1911/2212/1890 1912/2216/1891
f 1879/2176/1858 1913/2217/1892 1915/2218/1894
f 1915/2218/1894 1914/2215/1893 1916/2219/1895
f 1917/2220/1896 1916/2219/1895 1918/2221/1897
f 1882/2178/1861 1915/2218/1894 1917/2220/1896
f 1919/2222/1898 1882/2178/1861 1917/2220/1896
f 1920/2223/1899 1917/2220/1896 1918/2221/1897
f 1922/2224/1901 1919/2222/1898 1920/2223/1899
f 1921/2225/1900 1886/2180/1865 1919/2222/1898
f 1924/2226/1903 1922/2224/1901 1926/2227/1905
f 1925/2228/1904 1921/2229/1900 1924/2226/1903
f 1925/2228/1904 1903/2230/1882 1900/2231/1879
f 1924/2226/1903 1927/2207/1906 1903/2230/1882
f 1922/2224/1901 1928/2232/1907 1926/2227/1905
f 1926/2227/1905 1902/2233/1881 1927/2207/1906
f 1902/2233/1881 1929/2234/1908 1905/2205/1884
f 1920/2223/1899 1929/2234/1908 1928/2232/1907
f 1929/2234/1908 1916/2219/1895 1930/2235/1909
f 1929/2234/1908 1908/2236/1887 1905/2205/1884
f 1930/2235/1909 1914/2215/1893 1912/2216/1891
f 1930/2235/1909 1910/2210/1889 1908/2236/1887
f 1897/2237/1876 1925/2228/1904 1900/2231/1879
f 1885/2238/1864 1925/2228/1904 1931/2239/1910
f 1888/2187/1867 1931/2239/1910 1891/2188/1870
f 1894/2193/1873 1931/2239/1910 1897/2237/1876
f 1899/2198/1878 1872/2159/1851 1896/2199/1875
f 1893/2195/1872 1872/2159/1851 1868/2161/1847
f 1868/2158/1847 1890/2189/1869 1893/2192/1872
f 1880/2240/1859 1890/2189/1869 1932/2157/1911
f 1876/2241/1855 1932/2157/1911 1869/2242/1848
f 1933/2243/1912 1998/2244/1977 1935/2245/1914
f 1933/2246/1912 1938/2247/1917 1934/2248/1913
f 1933/2249/1912 1939/2250/1918 1936/2251/1915
f 1938/2247/1917 1937/2252/1916 1973/2253/1952
f 1936/2251/1915 1940/2254/1919 1937/2255/1916
f 1940/2254/1919 1941/2256/1920 1943/2257/1922
f 1939/2250/1918 1942/2258/1921 1941/2256/1920
f 1944/2259/1923 1942/2260/1921 1946/2261/1925
f 1943/2262/1922 1944/2259/1923 1945/2263/1924
f 1945/2263/1924 1947/2264/1926 1948/2265/1927
f 1947/2264/1926 1946/2261/1925 1949/2266/1928
f 1952/2267/1931 1947/2264/1926 1950/2268/1929
f 1947/2264/1926 1953/2269/1932 1950/2268/1929
f 1989/2270/1968 1950/2268/1929 1951/2271/1930
f 1950/2268/1929 1954/2272/1933 1951/2271/1930
f 1955/2273/1934 1954/2274/1933 1953/2275/1932
f 1956/2276/1935 1953/2275/1932 1949/2277/1928
f 1958/2278/1937 1956/2276/1935 1959/2279/1938
f 1958/2278/1937 1957/2280/1936 1955/2273/1934
f 1959/2281/1938 1961/2282/1940 1958/2283/1937
f 1960/2284/1939 1961/2282/1940 1963/2285/1942
f 1961/2282/1940 1965/2286/1944 1964/2287/1943
f 1963/2285/1942 1964/2287/1943 1966/2288/1945
f 1965/2286/1944 1967/2289/1946 1964/2287/1943
f 1964/2287/1943 1969/2290/1948 1966/2288/1945
f 1967/2289/1946 1971/2291/1950 1968/2292/1947
f 1967/2289/1946 1993/2293/1972 1969/2290/1948
f 1973/2253/1952 1970/2294/1949 1965/2286/1944
f 1972/2295/1951 1971/2291/1950 1970/2294/1949
f 1937/2252/1916 1972/2295/1951 1973/2253/1952
f 1972/2295/1951 1976/2296/1955 1974/2297/1953
f 1976/2296/1955 1977/2298/1956 1978/2299/1957
f 1975/2300/1954 1940/2254/1919 1977/2298/1956
f 1940/2254/1919 1979/2301/1958 1977/2298/1956
f 1977/2298/1956 1980/2302/1959 1978/2299/1957
f 1979/2303/1958 1945/2263/1924 1981/2304/1960
f 1980/2302/1959 1981/2304/1960 1982/2305/1961
f 1982/2305/1961 1983/2306/1962 1984/2307/1963
f 1981/2304/1960 1948/2265/1927 1983/2306/1962
f 1985/2308/1964 1948/2265/1927 1952/2267/1931
f 1986/2309/1965 1983/2306/1962 1985/2308/1964
f 1988/2310/1967 1985/2308/1964 1987/2311/1966
f 1987/2311/1966 1952/2267/1931 1989/2270/1968
f 1990/2312/1969 1988/2310/1967 1987/2313/1966
f 1991/2314/1970 1987/2313/1966 1989/2315/1968
f 1969/2316/1948 1991/2314/1970 1966/2317/1945
f 1993/2293/1972 1990/2312/1969 1969/2316/1948
f 1994/2318/1973 1988/2310/1967 1992/2319/1971
f 1968/2292/1947 1992/2319/1971 1993/2293/1972
f 1968/2292/1947 1995/2320/1974 1994/2318/1973
f 1995/2320/1974 1986/2309/1965 1994/2318/1973
f 1995/2320/1974 1982/2305/1961 1984/2307/1963
f 1974/2297/1953 1995/2320/1974 1971/2291/1950
f 1996/2321/1975 1980/2302/1959 1982/2305/1961
f 1976/2296/1955 1996/2321/1975 1974/2297/1953
f 1963/2322/1942 1991/2314/1970 1997/2323/1976
f 1991/2314/1970 1951/2324/1930 1997/2323/1976
f 1997/2323/1976 1954/2274/1933 1957/2280/1936
f 1960/2325/1939 1997/2323/1976 1957/2280/1936
f 1938/2247/1917 1965/2286/1944 1962/2326/1941
f 1959/2281/1938 1938/2247/1917 1962/2326/1941
f 1934/2327/1913 1956/2276/1935 1998/2244/1977
f 1956/2276/1935 1946/2328/1925 1998/2244/1977
f 1998/2244/1977 1942/2329/1921 1935/2245/1914
f 1999/2330/1978 2448/2331/2394 2000/2332/1979
f 2002/2333/1981 2000/2332/1979 2094/2334/2073
f 2004/2335/1983 1999/2330/1978 2003/2336/1982
f 2003/2336/1982 2002/2333/1981 2005/2337/1984
f 2007/2338/1986 2003/2336/1982 2006/2339/1985
f 2006/2339/1985 2005/2337/1984 2008/2340/1987
f 2010/2341/1989 2006/2339/1985 2009/2342/1988
f 2009/2342/1988 2008/2340/1987 2011/2343/1990
f 2013/2344/1992 2009/2342/1988 2012/2345/1991
f 2012/2345/1991 2011/2343/1990 2014/2346/1993
f 2016/2347/1995 2012/2345/1991 2015/2348/1994
f 2015/2348/1994 2014/2346/1993 2017/2349/1996
f 2019/2350/1998 2015/2348/1994 2018/2351/1997
f 2018/2351/1997 2017/2349/1996 2020/2352/1999
f 2022/2353/2001 2018/2351/1997 2021/2354/2000
f 2021/2354/2000 2020/2352/1999 2023/2355/2002
f 2025/2356/2004 2021/2354/2000 2024/2357/2003
f 2024/2357/2003 2023/2355/2002 2026/2358/2005
f 2027/2359/2006 2025/2360/2004 2024/2361/2003
f 2029/2362/2008 2024/2361/2003 2026/2363/2005
f 2030/2364/2009 2028/2365/2007 2027/2359/2006
f 2032/2366/2011 2027/2359/2006 2029/2362/2008
f 2033/2367/2012 2031/2368/2010 2030/2364/2009
f 2035/2369/2014 2030/2364/2009 2032/2366/2011
f 2036/2370/2015 2034/2371/2013 2033/2367/2012
f 2038/2372/2017 2033/2367/2012 2035/2369/2014
f 2039/2373/2018 2037/2374/2016 2036/2370/2015
f 2041/2375/2020 2036/2370/2015 2038/2372/2017
f 2042/2376/2021 2040/2377/2019 2039/2373/2018
f 2044/2378/2023 2039/2373/2018 2041/2375/2020
f 2045/2379/2024 2043/2380/2022 2042/2376/2021
f 2047/2381/2026 2042/2376/2021 2044/2378/2023
f 2048/2382/2027 2046/2383/2025 2045/2379/2024
f 2050/2384/2029 2045/2379/2024 2047/2381/2026
f 2052/2385/2031 2048/2382/2027 2051/2386/2030
f 2051/2386/2030 2050/2384/2029 2053/2387/2032
f 2055/2388/2034 2051/2386/2030 2054/2389/2033
f 2054/2389/2033 2053/2387/2032 2056/2390/2035
f 2058/2391/2037 2054/2389/2033 2057/2392/2036
f 2057/2392/2036 2056/2390/2035 2059/2393/2038
f 2061/2394/2040 2057/2392/2036 2060/2395/2039
f 2060/2395/2039 2059/2393/2038 2062/2396/2041
f 2064/2397/2043 2060/2395/2039 2063/2398/2042
f 2063/2398/2042 2062/2396/2041 2065/2399/2044
f 2067/2400/2046 2063/2398/2042 2066/2401/2045
f 2066/2401/2045 2065/2399/2044 2068/2402/2047
f 2070/2403/2049 2066/2401/2045 2069/2404/2048
f 2069/2404/2048 2068/2402/2047 2071/2405/2050
f 2073/2406/2052 2069/2404/2048 2072/2407/2051
f 2072/2407/2051 2071/2405/2050 2074/2408/2053
f 2075/2409/2054 2073/2406/2052 2072/2407/2051
f 2077/2410/2056 2072/2407/2051 2074/2408/2053
f 2078/2411/2057 2076/2412/2055 2075/2409/2054
f 2080/2413/2059 2075/2409/2054 2077/2410/2056
f 2081/2414/2060 2079/2415/2058 2078/2411/2057
f 2083/2416/2062 2078/2411/2057 2080/2413/2059
f 2084/2417/2063 2082/2418/2061 2081/2414/2060
f 2086/2419/2065 2081/2414/2060 2083/2416/2062
f 2087/2420/2066 2085/2421/2064 2084/2417/2063
f 2089/2422/2068 2084/2417/2063 2086/2419/2065
f 2090/2423/2069 2088/2424/2067 2087/2420/2066
f 2092/2425/2071 2087/2420/2066 2089/2422/2068
f 2000/2332/1979 2091/2426/2070 2090/2423/2069
f 2094/2334/2073 2090/2423/2069 2092/2425/2071
f 2095/2427/2074 2092/2425/2071 2093/2428/2072
f 2093/2428/2072 2089/2422/2068 2155/2429/2134
f 2097/2430/2076 2094/2334/2073 2095/2427/2074
f 2098/2431/2077 2095/2427/2074 2096/2432/2075
f 2096/2432/2075 2093/2428/2072 2158/2433/2137
f 2005/2337/1984 2097/2430/2076 2099/2434/2078
f 2099/2434/2078 2098/2431/2077 2100/2435/2079
f 2008/2340/1987 2099/2434/2078 2101/2436/2080
f 2101/2436/2080 2100/2435/2079 2102/2437/2081
f 2011/2343/1990 2101/2436/2080 2103/2438/2082
f 2103/2438/2082 2102/2437/2081 2104/2439/2083
f 2014/2346/1993 2103/2438/2082 2105/2440/2084
f 2105/2440/2084 2104/2439/2083 2106/2441/2085
f 2017/2349/1996 2105/2440/2084 2107/2442/2086
f 2107/2442/2086 2106/2441/2085 2108/2443/2087
f 2020/2352/1999 2107/2442/2086 2109/2444/2088
f 2109/2444/2088 2108/2443/2087 2110/2445/2089
f 2023/2355/2002 2109/2444/2088 2111/2446/2090
f 2111/2446/2090 2110/2445/2089 2112/2447/2091
f 2026/2358/2005 2111/2446/2090 2113/2448/2092
f 2113/2448/2092 2112/2447/2091 2114/2449/2093
f 2115/2450/2094 2026/2363/2005 2113/2451/2092
f 2116/2452/2095 2113/2451/2092 2114/2453/2093
f 2117/2454/2096 2029/2362/2008 2115/2450/2094
f 2118/2455/2097 2115/2450/2094 2116/2452/2095
f 2119/2456/2098 2032/2366/2011 2117/2454/2096
f 2120/2457/2099 2117/2454/2096 2118/2455/2097
f 2121/2458/2100 2035/2369/2014 2119/2456/2098
f 2122/2459/2101 2119/2456/2098 2120/2457/2099
f 2123/2460/2102 2038/2372/2017 2121/2458/2100
f 2124/2461/2103 2121/2458/2100 2122/2459/2101
f 2125/2462/2104 2041/2375/2020 2123/2460/2102
f 2126/2463/2105 2123/2460/2102 2124/2461/2103
f 2127/2464/2106 2044/2378/2023 2125/2462/2104
f 2128/2465/2107 2125/2462/2104 2126/2463/2105
f 2129/2466/2108 2047/2381/2026 2127/2464/2106
f 2130/2467/2109 2127/2464/2106 2128/2465/2107
f 2053/2387/2032 2129/2466/2108 2131/2468/2110
f 2131/2468/2110 2130/2467/2109 2132/2469/2111
f 2056/2390/2035 2131/2468/2110 2133/2470/2112
f 2133/2470/2112 2132/2469/2111 2134/2471/2113
f 2059/2393/2038 2133/2470/2112 2135/2472/2114
f 2135/2472/2114 2134/2471/2113 2136/2473/2115
f 2062/2396/2041 2135/2472/2114 2137/2474/2116
f 2137/2474/2116 2136/2473/2115 2138/2475/2117
f 2065/2399/2044 2137/2474/2116 2139/2476/2118
f 2139/2476/2118 2138/2475/2117 2140/2477/2119
f 2068/2402/2047 2139/2476/2118 2141/2478/2120
f 2141/2478/2120 2140/2477/2119 2142/2479/2121
f 2071/2405/2050 2141/2478/2120 2143/2480/2122
f 2143/2480/2122 2142/2479/2121 2144/2481/2123
f 2074/2408/2053 2143/2480/2122 2145/2482/2124
f 2145/2482/2124 2144/2481/2123 2146/2483/2125
f 2147/2484/2126 2074/2408/2053 2145/2482/2124
f 2148/2485/2127 2145/2482/2124 2146/2483/2125
f 2149/2486/2128 2077/2410/2056 2147/2484/2126
f 2150/2487/2129 2147/2484/2126 2148/2485/2127
f 2151/2488/2130 2080/2413/2059 2149/2486/2128
f 2152/2489/2131 2149/2486/2128 2150/2487/2129
f 2153/2490/2132 2083/2416/2062 2151/2488/2130
f 2154/2491/2133 2151/2488/2130 2152/2489/2131
f 2155/2429/2134 2086/2419/2065 2153/2490/2132
f 2156/2492/2135 2153/2490/2132 2154/2491/2133
f 2158/2433/2137 2155/2429/2134 2156/2492/2135
f 2159/2493/2138 2156/2492/2135 2157/2494/2136
f 2157/2494/2136 2154/2491/2133 2219/2495/2168
f 2161/2496/2139 2158/2433/2137 2159/2493/2138
f 2162/2497/695 2159/2493/2138 2160/2498/697
f 2160/2498/697 2157/2494/2136 2222/2499/699
f 2163/2500/2140 2096/2432/2075 2161/2496/2139
f 2164/2501/693 2161/2496/2139 2162/2497/695
f 2165/2502/2141 2164/2501/693 2166/2503/691
f 2100/2435/2079 2163/2500/2140 2165/2502/2141
f 2102/2437/2081 2165/2502/2141 2167/2504/2142
f 2167/2504/2142 2166/2503/691 2168/2505/689
f 2104/2439/2083 2167/2504/2142 2169/2506/2143
f 2169/2506/2143 2168/2505/689 2170/2507/751
f 2106/2441/2085 2169/2506/2143 2171/2508/2144
f 2171/2508/2144 2170/2507/751 2172/2509/749
f 2108/2443/2087 2171/2508/2144 2173/2510/2145
f 2173/2510/2145 2172/2509/749 2174/2511/747
f 2110/2445/2089 2173/2510/2145 2175/2512/2146
f 2175/2512/2146 2174/2511/747 2176/2513/745
f 2112/2447/2091 2175/2512/2146 2177/2514/2147
f 2177/2514/2147 2176/2513/745 2178/2515/743
f 2114/2449/2093 2177/2514/2147 2179/2516/2148
f 2179/2516/2148 2178/2515/743 2180/2517/741
f 2181/2518/2149 2114/2453/2093 2179/2519/2148
f 2182/2520/739 2179/2519/2148 2180/2521/741
f 2183/2522/2150 2116/2452/2095 2181/2518/2149
f 2184/2523/737 2181/2518/2149 2182/2520/739
f 2185/2524/2151 2118/2455/2097 2183/2522/2150
f 2186/2525/735 2183/2522/2150 2184/2523/737
f 2187/2526/2152 2120/2457/2099 2185/2524/2151
f 2188/2527/733 2185/2524/2151 2186/2525/735
f 2189/2528/2153 2122/2459/2101 2187/2526/2152
f 2190/2529/731 2187/2526/2152 2188/2527/733
f 2191/2530/2154 2124/2461/2103 2189/2528/2153
f 2192/2531/729 2189/2528/2153 2190/2529/731
f 2193/2532/2155 2126/2463/2105 2191/2530/2154
f 2194/2533/727 2191/2530/2154 2192/2531/729
f 2195/2534/2156 2128/2465/2107 2193/2532/2155
f 2196/2535/725 2193/2532/2155 2194/2533/727
f 2132/2469/2111 2195/2534/2156 2197/2536/2157
f 2197/2536/2157 2196/2535/725 2198/2537/723
f 2134/2471/2113 2197/2536/2157 2199/2538/2158
f 2199/2538/2158 2198/2537/723 2200/2539/721
f 2136/2473/2115 2199/2538/2158 2201/2540/2159
f 2201/2540/2159 2200/2539/721 2202/2541/719
f 2138/2475/2117 2201/2540/2159 2203/2542/2160
f 2203/2542/2160 2202/2541/719 2204/2543/717
f 2140/2477/2119 2203/2542/2160 2205/2544/2161
f 2205/2544/2161 2204/2543/717 2206/2545/715
f 2142/2479/2121 2205/2544/2161 2207/2546/2162
f 2207/2546/2162 2206/2545/715 2208/2547/713
f 2144/2481/2123 2207/2546/2162 2209/2548/2163
f 2209/2548/2163 2208/2547/713 2210/2549/711
f 2146/2483/2125 2209/2548/2163 2211/2550/2164
f 2211/2550/2164 2210/2549/711 2212/2551/709
f 2213/2552/2165 2146/2483/2125 2211/2550/2164
f 2214/2553/707 2211/2550/2164 2212/2551/709
f 2215/2554/2166 2148/2485/2127 2213/2552/2165
f 2216/2555/705 2213/2552/2165 2214/2553/707
f 2217/2556/2167 2150/2487/2129 2215/2554/2166
f 2218/2557/703 2215/2554/2166 2216/2555/705
f 2219/2495/2168 2152/2489/2131 2217/2556/2167
f 2220/2558/701 2217/2556/2167 2218/2557/703
f 2222/2499/699 2219/2495/2168 2220/2558/701
f 2222/2499/699 2221/2559/2169 2223/2560/2170
f 2220/2558/701 2283/2561/2230 2221/2559/2169
f 2160/2498/697 2223/2560/2170 2225/2562/2172
f 2225/2562/2172 2224/2563/2171 2226/2564/2173
f 2223/2560/2170 2286/2565/2233 2224/2563/2171
f 2162/2497/695 2225/2562/2172 2227/2566/2174
f 2227/2566/2174 2226/2564/2173 2228/2567/2175
f 2164/2501/693 2227/2566/2174 2229/2568/2176
f 2229/2568/2176 2228/2567/2175 2230/2569/2177
f 2231/2570/2178 2164/2501/693 2229/2568/2176
f 2232/2571/2179 2229/2568/2176 2230/2569/2177
f 2233/2572/2180 2166/2503/691 2231/2570/2178
f 2234/2573/2181 2231/2570/2178 2232/2571/2179
f 2235/2574/2182 2168/2505/689 2233/2572/2180
f 2236/2575/2183 2233/2572/2180 2234/2573/2181
f 2237/2576/2184 2170/2507/751 2235/2574/2182
f 2238/2577/2185 2235/2574/2182 2236/2575/2183
f 2239/2578/2186 2172/2509/749 2237/2576/2184
f 2240/2579/2187 2237/2576/2184 2238/2577/2185
f 2241/2580/2188 2174/2511/747 2239/2578/2186
f 2242/2581/2189 2239/2578/2186 2240/2579/2187
f 2243/2582/2190 2176/2513/745 2241/2580/2188
f 2244/2583/2191 2241/2580/2188 2242/2581/2189
f 2245/2584/2192 2178/2515/743 2243/2582/2190
f 2246/2585/2193 2243/2582/2190 2244/2583/2191
f 2182/2520/739 2245/2586/2192 2247/2587/2194
f 2247/2587/2194 2246/2588/2193 2248/2589/2195
f 2184/2523/737 2247/2587/2194 2249/2590/2196
f 2249/2590/2196 2248/2589/2195 2250/2591/2197
f 2186/2525/735 2249/2590/2196 2251/2592/2198
f 2251/2592/2198 2250/2591/2197 2252/2593/2199
f 2188/2527/733 2251/2592/2198 2253/2594/2200
f 2253/2594/2200 2252/2593/2199 2254/2595/2201
f 2190/2529/731 2253/2594/2200 2255/2596/2202
f 2255/2596/2202 2254/2595/2201 2256/2597/2203
f 2192/2531/729 2255/2596/2202 2257/2598/2204
f 2257/2598/2204 2256/2597/2203 2258/2599/2205
f 2194/2533/727 2257/2598/2204 2259/2600/2206
f 2259/2600/2206 2258/2599/2205 2260/2601/2207
f 2196/2535/725 2259/2600/2206 2261/2602/2208
f 2261/2602/2208 2260/2601/2207 2262/2603/2209
f 2263/2604/2210 2196/2535/725 2261/2602/2208
f 2264/2605/2211 2261/2602/2208 2262/2603/2209
f 2265/2606/2212 2198/2537/723 2263/2604/2210
f 2266/2607/2213 2263/2604/2210 2264/2605/2211
f 2267/2608/2214 2200/2539/721 2265/2606/2212
f 2268/2609/2215 2265/2606/2212 2266/2607/2213
f 2269/2610/2216 2202/2541/719 2267/2608/2214
f 2270/2611/2217 2267/2608/2214 2268/2609/2215
f 2271/2612/2218 2204/2543/717 2269/2610/2216
f 2272/2613/2219 2269/2610/2216 2270/2611/2217
f 2273/2614/2220 2206/2545/715 2271/2612/2218
f 2274/2615/2221 2271/2612/2218 2272/2613/2219
f 2275/2616/2222 2208/2547/713 2273/2614/2220
f 2276/2617/2223 2273/2614/2220 2274/2615/2221
f 2277/2618/2224 2210/2549/711 2275/2616/2222
f 2278/2619/2225 2275/2616/2222 2276/2617/2223
f 2214/2553/707 2277/2618/2224 2279/2620/2226
f 2279/2620/2226 2278/2619/2225 2280/2621/2227
f 2216/2555/705 2279/2620/2226 2281/2622/2228
f 2281/2622/2228 2280/2621/2227 2282/2623/2229
f 2218/2557/703 2281/2622/2228 2283/2561/2230
f 2283/2561/2230 2282/2623/2229 2284/2624/2231
f 2221/2559/2169 2284/2624/2231 2286/2565/2233
f 2286/2565/2233 2285/2625/2232 2287/2626/2234
f 2284/2624/2231 2347/2627/2294 2285/2625/2232
f 2224/2563/2171 2287/2626/2234 2289/2628/2236
f 2289/2628/2236 2288/2629/2235 2290/2630/2237
f 2287/2626/2234 2350/2631/2297 2288/2629/2235
f 2226/2564/2173 2289/2628/2236 2291/2632/2238
f 2291/2632/2238 2290/2630/2237 2292/2633/2239
f 2228/2567/2175 2291/2632/2238 2293/2634/2240
f 2293/2634/2240 2292/2633/2239 2294/2635/2241
f 2230/2569/2177 2293/2634/2240 2295/2636/2242
f 2295/2636/2242 2294/2635/2241 2296/2637/2243
f 2297/2638/2244 2230/2569/2177 2295/2636/2242
f 2298/2639/2245 2295/2636/2242 2296/2637/2243
f 2299/2640/2246 2232/2571/2179 2297/2638/2244
f 2300/2641/2247 2297/2638/2244 2298/2639/2245
f 2301/2642/2248 2234/2573/2181 2299/2640/2246
f 2302/2643/2249 2299/2640/2246 2300/2641/2247
f 2303/2644/2250 2236/2575/2183 2301/2642/2248
f 2304/2645/2251 2301/2642/2248 2302/2643/2249
f 2305/2646/2252 2238/2577/2185 2303/2644/2250
f 2306/2647/2253 2303/2644/2250 2304/2645/2251
f 2307/2648/2254 2240/2579/2187 2305/2646/2252
f 2308/2649/2255 2305/2646/2252 2306/2647/2253
f 2309/2650/2256 2242/2581/2189 2307/2648/2254
f 2310/2651/2257 2307/2648/2254 2308/2649/2255
f 2311/2652/2258 2244/2583/2191 2309/2650/2256
f 2312/2653/2259 2309/2650/2256 2310/2651/2257
f 2248/2589/2195 2311/2654/2258 2313/2655/2260
f 2313/2655/2260 2312/2656/2259 2314/2657/2261
f 2250/2591/2197 2313/2655/2260 2315/2658/2262
f 2315/2658/2262 2314/2657/2261 2316/2659/2263
f 2252/2593/2199 2315/2658/2262 2317/2660/2264
f 2317/2660/2264 2316/2659/2263 2318/2661/2265
f 2254/2595/2201 2317/2660/2264 2319/2662/2266
f 2319/2662/2266 2318/2661/2265 2320/2663/2267
f 2256/2597/2203 2319/2662/2266 2321/2664/2268
f 2321/2664/2268 2320/2663/2267 2322/2665/2269
f 2258/2599/2205 2321/2664/2268 2323/2666/2270
f 2323/2666/2270 2322/2665/2269 2324/2667/2271
f 2260/2601/2207 2323/2666/2270 2325/2668/2272
f 2325/2668/2272 2324/2667/2271 2326/2669/2273
f 2262/2603/2209 2325/2668/2272 2327/2670/2274
f 2327/2670/2274 2326/2669/2273 2328/2671/2275
f 2329/2672/2276 2262/2603/2209 2327/2670/2274
f 2330/2673/2277 2327/2670/2274 2328/2671/2275
f 2331/2674/2278 2264/2605/2211 2329/2672/2276
f 2332/2675/2279 2329/2672/2276 2330/2673/2277
f 2333/2676/2280 2266/2607/2213 2331/2674/2278
f 2334/2677/2281 2331/2674/2278 2332/2675/2279
f 2335/2678/2282 2268/2609/2215 2333/2676/2280
f 2336/2679/2283 2333/2676/2280 2334/2677/2281
f 2337/2680/2284 2270/2611/2217 2335/2678/2282
f 2338/2681/2285 2335/2678/2282 2336/2679/2283
f 2339/2682/2286 2272/2613/2219 2337/2680/2284
f 2340/2683/2287 2337/2680/2284 2338/2681/2285
f 2341/2684/2288 2274/2615/2221 2339/2682/2286
f 2342/2685/2289 2339/2682/2286 2340/2683/2287
f 2343/2686/2290 2276/2617/2223 2341/2684/2288
f 2344/2687/2291 2341/2684/2288 2342/2685/2289
f 2280/2621/2227 2343/2686/2290 2345/2688/2292
f 2345/2688/2292 2344/2687/2291 2346/2689/2293
f 2282/2623/2229 2345/2688/2292 2347/2627/2294
f 2347/2627/2294 2346/2689/2293 2348/2690/2295
f 2285/2625/2232 2348/2690/2295 2350/2631/2297
f 2350/2631/2297 2349/2691/2296 2351/2692/2298
f 2348/2690/2295 2411/2693/2358 2349/2691/2296
f 2288/2629/2235 2351/2692/2298 2353/2694/2300
f 2353/2694/2300 2352/2695/2299 2354/2696/2301
f 2351/2692/2298 2414/2697/2361 2352/2695/2299
f 2290/2630/2237 2353/2694/2300 2355/2698/2302
f 2355/2698/2302 2354/2696/2301 2356/2699/2303
f 2292/2633/2239 2355/2698/2302 2357/2700/2304
f 2357/2700/2304 2356/2699/2303 2358/2701/2305
f 2294/2635/2241 2357/2700/2304 2359/2702/2306
f 2359/2702/2306 2358/2701/2305 2360/2703/2307
f 2296/2637/2243 2359/2702/2306 2361/2704/2308
f 2361/2704/2308 2360/2703/2307 2362/2705/2309
f 2363/2706/2310 2296/2637/2243 2361/2704/2308
f 2364/2707/2311 2361/2704/2308 2362/2705/2309
f 2365/2708/2312 2298/2639/2245 2363/2706/2310
f 2366/2709/2313 2363/2706/2310 2364/2707/2311
f 2367/2710/2314 2300/2641/2247 2365/2708/2312
f 2368/2711/2315 2365/2708/2312 2366/2709/2313
f 2369/2712/2316 2302/2643/2249 2367/2710/2314
f 2370/2713/2317 2367/2710/2314 2368/2711/2315
f 2371/2714/2318 2304/2645/2251 2369/2712/2316
f 2372/2715/2319 2369/2712/2316 2370/2713/2317
f 2373/2716/2320 2306/2647/2253 2371/2714/2318
f 2374/2717/2321 2371/2714/2318 2372/2715/2319
f 2375/2718/2322 2308/2649/2255 2373/2716/2320
f 2376/2719/2323 2373/2716/2320 2374/2717/2321
f 2377/2720/2324 2310/2651/2257 2375/2718/2322
f 2378/2721/2325 2375/2718/2322 2376/2719/2323
f 2314/2657/2261 2377/2722/2324 2379/2723/2326
f 2379/2723/2326 2378/2724/2325 2380/2725/2327
f 2316/2659/2263 2379/2723/2326 2381/2726/2328
f 2381/2726/2328 2380/2725/2327 2382/2727/2329
f 2318/2661/2265 2381/2726/2328 2383/2728/2330
f 2383/2728/2330 2382/2727/2329 2384/2729/2331
f 2320/2663/2267 2383/2728/2330 2385/2730/2332
f 2385/2730/2332 2384/2729/2331 2386/2731/2333
f 2322/2665/2269 2385/2730/2332 2387/2732/2334
f 2387/2732/2334 2386/2731/2333 2388/2733/2335
f 2324/2667/2271 2387/2732/2334 2389/2734/2336
f 2389/2734/2336 2388/2733/2335 2390/2735/2337
f 2326/2669/2273 2389/2734/2336 2391/2736/2338
f 2391/2736/2338 2390/2735/2337 2392/2737/2339
f 2328/2671/2275 2391/2736/2338 2393/2738/2340
f 2393/2738/2340 2392/2737/2339 2394/2739/2341
f 2395/2740/2342 2328/2671/2275 2393/2738/2340
f 2396/2741/2343 2393/2738/2340 2394/2739/2341
f 2397/2742/2344 2330/2673/2277 2395/2740/2342
f 2398/2743/2345 2395/2740/2342 2396/2741/2343
f 2399/2744/2346 2332/2675/2279 2397/2742/2344
f 2400/2745/2347 2397/2742/2344 2398/2743/2345
f 2401/2746/2348 2334/2677/2281 2399/2744/2346
f 2402/2747/2349 2399/2744/2346 2400/2745/2347
f 2403/2748/2350 2336/2679/2283 2401/2746/2348
f 2404/2749/2351 2401/2746/2348 2402/2747/2349
f 2405/2750/2352 2338/2681/2285 2403/2748/2350
f 2406/2751/2353 2403/2748/2350 2404/2749/2351
f 2407/2752/2354 2340/2683/2287 2405/2750/2352
f 2408/2753/2355 2405/2750/2352 2406/2751/2353
f 2409/2754/2356 2342/2685/2289 2407/2752/2354
f 2410/2755/2357 2407/2752/2354 2408/2753/2355
f 2346/2689/2293 2409/2754/2356 2411/2693/2358
f 2411/2693/2358 2410/2755/2357 2412/2756/2359
f 2349/2691/2296 2412/2756/2359 2414/2697/2361
f 2414/2697/2361 2413/2757/2360 2415/2758/2362
f 2412/2756/2359 2424/2759/2370 2413/2757/2360
f 2352/2695/2299 2415/2758/2362 2416/2760/2363
f 2417/2761/308 2416/2760/2363 2415/2758/2362
f 2417/2762/308 2415/2758/2362 2413/2757/2360
f 2417/2763/308 2435/2764/2381 2418/2765/2364
f 2417/2766/308 2418/2765/2364 2436/2767/2382
f 2417/2768/308 2419/2769/2365 2420/2770/2366
f 2417/2771/308 2446/2772/2392 2419/2769/2365
f 2417/2773/308 2420/2770/2366 2421/2774/2367
f 2417/2775/308 2421/2774/2367 2422/2776/2368
f 2417/2777/308 2422/2776/2368 2423/2778/2369
f 2417/2779/308 2423/2778/2369 2416/2760/2363
f 2417/2780/308 2413/2757/2360 2424/2759/2370
f 2417/2781/308 2424/2759/2370 2425/2782/2371
f 2417/2783/308 2425/2782/2371 2426/2784/2372
f 2417/2785/308 2426/2784/2372 2427/2786/2373
f 2417/2787/308 2427/2786/2373 2428/2788/2374
f 2417/2789/308 2428/2788/2374 2429/2790/2375
f 2417/2791/308 2429/2790/2375 2430/2792/2376
f 2417/2793/308 2430/2792/2376 2431/2794/2377
f 2417/2795/308 2431/2794/2377 2432/2796/2378
f 2417/2797/308 2432/2796/2378 2433/2798/2379
f 2417/2799/308 2433/2798/2379 2434/2800/2380
f 2417/2801/308 2434/2800/2380 2435/2764/2381
f 2417/2802/308 2436/2767/2382 2437/2803/2383
f 2417/2804/308 2437/2803/2383 2438/2805/2384
f 2417/2806/308 2438/2805/2384 2439/2807/2385
f 2417/2808/308 2439/2809/2385 2440/2810/2386
f 2417/2811/308 2440/2810/2386 2441/2812/2387
f 2417/2813/308 2441/2812/2387 2442/2814/2388
f 2417/2815/308 2442/2814/2388 2443/2816/2389
f 2417/2817/308 2443/2816/2389 2444/2818/2390
f 2417/2819/308 2444/2818/2390 2445/2820/2391
f 2417/2821/308 2445/2820/2391 2446/2772/2392
f 2445/2820/2391 2364/2707/2311 2446/2772/2392
f 2446/2772/2392 2362/2705/2309 2419/2769/2365
f 2444/2818/2390 2366/2709/2313 2445/2820/2391
f 2443/2816/2389 2368/2711/2315 2444/2818/2390
f 2442/2814/2388 2370/2713/2317 2443/2816/2389
f 2441/2812/2387 2372/2715/2319 2442/2814/2388
f 2440/2810/2386 2374/2717/2321 2441/2812/2387
f 2439/2809/2385 2376/2719/2323 2440/2810/2386
f 2380/2725/2327 2439/2807/2385 2438/2805/2384
f 2382/2727/2329 2438/2805/2384 2437/2803/2383
f 2384/2729/2331 2437/2803/2383 2436/2767/2382
f 2386/2731/2333 2436/2767/2382 2418/2765/2364
f 2390/2735/2337 2435/2764/2381 2434/2800/2380
f 2388/2733/2335 2418/2765/2364 2435/2764/2381
f 2392/2737/2339 2434/2800/2380 2433/2798/2379
f 2394/2739/2341 2433/2798/2379 2432/2796/2378
f 2431/2794/2377 2394/2739/2341 2432/2796/2378
f 2430/2792/2376 2396/2741/2343 2431/2794/2377
f 2429/2790/2375 2398/2743/2345 2430/2792/2376
f 2428/2788/2374 2400/2745/2347 2429/2790/2375
f 2427/2786/2373 2402/2747/2349 2428/2788/2374
f 2426/2784/2372 2404/2749/2351 2427/2786/2373
f 2425/2782/2371 2406/2751/2353 2426/2784/2372
f 2424/2759/2370 2408/2753/2355 2425/2782/2371
f 2356/2699/2303 2423/2778/2369 2422/2776/2368
f 2354/2696/2301 2416/2760/2363 2423/2778/2369
f 2358/2701/2305 2422/2776/2368 2421/2774/2367
f 2360/2703/2307 2421/2774/2367 2420/2770/2366
f 2362/2705/2309 2420/2770/2366 2419/2769/2365
f 2448/2331/2394 2447/2822/2393 2091/2426/2070
f 2091/2426/2070 2480/2823/2425 2088/2424/2067
f 2001/2824/1980 2449/2825/2395 2448/2331/2394
f 2449/2825/2395 2450/2826/82 2447/2822/2393
f 2451/2827/2396 2450/2828/82 2449/2825/2395
f 2452/2829/2397 2001/2824/1980 2004/2335/1983
f 2452/2829/2397 2450/2830/82 2451/2827/2396
f 2453/2831/2398 2004/2335/1983 2007/2338/1986
f 2453/2831/2398 2450/2832/82 2452/2829/2397
f 2454/2833/2399 2007/2338/1986 2010/2341/1989
f 2454/2833/2399 2450/2834/82 2453/2831/2398
f 2455/2835/2400 2010/2341/1989 2013/2344/1992
f 2455/2835/2400 2450/2836/82 2454/2833/2399
f 2456/2837/2401 2013/2344/1992 2016/2347/1995
f 2456/2837/2401 2450/2838/82 2455/2835/2400
f 2457/2839/2402 2016/2347/1995 2019/2350/1998
f 2457/2839/2402 2450/2840/82 2456/2837/2401
f 2458/2841/2403 2019/2350/1998 2022/2353/2001
f 2458/2841/2403 2450/2842/82 2457/2839/2402
f 2459/2843/2404 2022/2353/2001 2025/2356/2004
f 2459/2843/2404 2450/2844/82 2458/2841/2403
f 2028/2365/2007 2459/2845/2404 2025/2360/2004
f 2460/2846/2405 2450/2847/82 2459/2845/2404
f 2031/2368/2010 2460/2846/2405 2028/2365/2007
f 2461/2848/2406 2450/2849/82 2460/2846/2405
f 2034/2371/2013 2461/2848/2406 2031/2368/2010
f 2462/2850/2407 2450/2851/82 2461/2848/2406
f 2037/2374/2016 2462/2850/2407 2034/2371/2013
f 2463/2852/2408 2450/2853/82 2462/2850/2407
f 2040/2377/2019 2463/2852/2408 2037/2374/2016
f 2464/2854/2409 2450/2855/82 2463/2852/2408
f 2043/2380/2022 2464/2854/2409 2040/2377/2019
f 2465/2856/2410 2450/2857/82 2464/2854/2409
f 2046/2383/2025 2465/2856/2410 2043/2380/2022
f 2466/2858/2411 2450/2859/82 2465/2856/2410
f 2049/2860/2028 2466/2858/2411 2046/2383/2025
f 2467/2861/2412 2450/2862/82 2466/2858/2411
f 2468/2863/2413 2049/2860/2028 2052/2385/2031
f 2468/2863/2413 2450/2864/82 2467/2861/2412
f 2469/2865/2414 2052/2385/2031 2055/2388/2034
f 2469/2865/2414 2450/2866/82 2468/2863/2413
f 2470/2867/2415 2055/2388/2034 2058/2391/2037
f 2470/2867/2415 2450/2868/82 2469/2865/2414
f 2471/2869/2416 2058/2391/2037 2061/2394/2040
f 2471/2869/2416 2450/2870/82 2470/2867/2415
f 2472/2871/2417 2061/2394/2040 2064/2397/2043
f 2472/2871/2417 2450/2872/82 2471/2869/2416
f 2473/2873/2418 2064/2397/2043 2067/2400/2046
f 2473/2873/2418 2450/2874/82 2472/2871/2417
f 2474/2875/2419 2067/2400/2046 2070/2403/2049
f 2474/2875/2419 2450/2876/82 2473/2873/2418
f 2475/2877/2420 2070/2403/2049 2073/2406/2052
f 2475/2877/2420 2450/2878/82 2474/2875/2419
f 2076/2412/2055 2475/2877/2420 2073/2406/2052
f 2476/2879/2421 2450/2880/82 2475/2877/2420
f 2079/2415/2058 2476/2879/2421 2076/2412/2055
f 2477/2881/2422 2450/2882/82 2476/2879/2421
f 2478/2883/2423 2450/2884/82 2477/2881/2422
f 2082/2418/2061 2477/2881/2422 2079/2415/2058
f 2085/2421/2064 2478/2883/2423 2082/2418/2061
f 2479/2885/2424 2450/2886/82 2478/2883/2423
f 2088/2424/2067 2479/2885/2424 2085/2421/2064
f 2480/2823/2425 2450/2887/82 2479/2885/2424
f 2447/2822/2393 2450/2888/82 2480/2823/2425
f 2481/2889/1978 2930/2890/1983 2483/2891/1980
f 2484/2892/1981 2482/2893/1982 2481/2889/1978
f 2481/2889/1978 2486/2894/2394 2485/2895/1979
f 2484/2892/1981 2485/2895/1979 2487/2896/2073
f 2485/2895/1979 2489/2897/2070 2488/2898/2069
f 2487/2896/2073 2488/2898/2069 2490/2899/2071
f 2488/2898/2069 2492/2900/2426 2491/2901/2066
f 2490/2899/2071 2491/2901/2066 2493/2902/2068
f 2491/2901/2066 2495/2903/2064 2494/2904/2063
f 2493/2902/2068 2494/2904/2063 2496/2905/2065
f 2494/2904/2063 2498/2906/2427 2497/2907/2060
f 2496/2905/2065 2497/2907/2060 2499/2908/2062
f 2497/2907/2060 2501/2909/2058 2500/2910/2057
f 2499/2908/2062 2500/2910/2057 2502/2911/2059
f 2500/2910/2057 2504/2912/2055 2503/2913/2054
f 2502/2911/2059 2503/2913/2054 2505/2914/2428
f 2503/2913/2054 2507/2915/2052 2506/2916/2051
f 2505/2914/2428 2506/2916/2051 2508/2917/2053
f 2509/2918/2048 2507/2919/2052 2510/2920/2049
f 2511/2921/2429 2506/2922/2051 2509/2918/2048
f 2512/2923/2045 2510/2920/2049 2513/2924/2046
f 2514/2925/2047 2509/2918/2048 2512/2923/2045
f 2515/2926/2042 2513/2924/2046 2516/2927/2430
f 2517/2928/2044 2512/2923/2045 2515/2926/2042
f 2518/2929/2039 2516/2927/2430 2519/2930/2040
f 2520/2931/2041 2515/2926/2042 2518/2929/2039
f 2521/2932/2036 2519/2930/2040 2522/2933/2431
f 2523/2934/2038 2518/2929/2039 2521/2932/2036
f 2524/2935/2033 2522/2933/2431 2525/2936/2034
f 2526/2937/2035 2521/2932/2036 2524/2935/2033
f 2527/2938/2030 2525/2936/2034 2528/2939/2031
f 2529/2940/2432 2524/2935/2033 2527/2938/2030
f 2530/2941/2027 2528/2939/2031 2531/2942/2028
f 2532/2943/2029 2527/2938/2030 2530/2941/2027
f 2530/2941/2027 2534/2944/2025 2533/2945/2024
f 2532/2943/2029 2533/2945/2024 2535/2946/2026
f 2533/2945/2024 2537/2947/2022 2536/2948/2021
f 2535/2946/2026 2536/2948/2021 2538/2949/2023
f 2536/2948/2021 2540/2950/2019 2539/2951/2018
f 2538/2949/2023 2539/2951/2018 2541/2952/2020
f 2539/2951/2018 2543/2953/2016 2542/2954/2015
f 2541/2952/2020 2542/2954/2015 2544/2955/2017
f 2542/2954/2015 2546/2956/2433 2545/2957/2012
f 2544/2955/2017 2545/2957/2012 2547/2958/2014
f 2545/2957/2012 2549/2959/2010 2548/2960/2009
f 2547/2958/2014 2548/2960/2009 2550/2961/2011
f 2548/2960/2009 2552/2962/2007 2551/2963/2006
f 2550/2961/2011 2551/2963/2006 2553/2964/2434
f 2551/2963/2006 2555/2965/2004 2554/2966/2003
f 2553/2964/2434 2554/2966/2003 2556/2967/2005
f 2557/2968/2000 2555/2965/2004 2558/2969/2001
f 2559/2970/2435 2554/2966/2003 2557/2968/2000
f 2560/2971/1997 2558/2969/2001 2561/2972/1998
f 2562/2973/1999 2557/2968/2000 2560/2971/1997
f 2563/2974/1994 2561/2972/1998 2564/2975/1995
f 2565/2976/1996 2560/2971/1997 2563/2974/1994
f 2566/2977/1991 2564/2975/1995 2567/2978/1992
f 2568/2979/1993 2563/2974/1994 2566/2977/1991
f 2569/2980/1988 2567/2978/1992 2570/2981/1989
f 2571/2982/1990 2566/2977/1991 2569/2980/1988
f 2572/2983/1985 2570/2981/1989 2573/2984/1986
f 2574/2985/1987 2569/2980/1988 2572/2983/1985
f 2482/2893/1982 2573/2984/1986 2930/2890/1983
f 2576/2986/1984 2572/2983/1985 2482/2893/1982
f 2577/2987/2078 2574/2985/1987 2576/2986/1984
f 2575/2988/2080 2571/2982/1990 2574/2985/1987
f 2579/2989/2076 2576/2986/1984 2484/2892/1981
f 2580/2990/2077 2577/2987/2078 2579/2989/2076
f 2578/2991/2079 2575/2988/2080 2577/2987/2078
f 2579/2989/2076 2487/2896/2073 2581/2992/2074
f 2580/2990/2077 2581/2992/2074 2582/2993/2075
f 2581/2992/2074 2490/2899/2071 2583/2994/2072
f 2582/2993/2075 2583/2994/2072 2584/2995/2137
f 2583/2994/2072 2493/2902/2068 2585/2996/2134
f 2584/2995/2137 2585/2996/2134 2586/2997/2135
f 2585/2996/2134 2496/2905/2065 2587/2998/2132
f 2586/2997/2135 2587/2998/2132 2588/2999/2133
f 2587/2998/2132 2499/2908/2062 2589/3000/2130
f 2588/2999/2133 2589/3000/2130 2590/3001/2131
f 2589/3000/2130 2502/2911/2059 2591/3002/2128
f 2590/3001/2131 2591/3002/2128 2592/3003/2129
f 2591/3002/2128 2505/2914/2428 2593/3004/2126
f 2592/3003/2129 2593/3004/2126 2594/3005/2127
f 2593/3004/2126 2508/2917/2053 2595/3006/2124
f 2594/3005/2127 2595/3006/2124 2596/3007/2125
f 2597/3008/2122 2508/3009/2053 2511/2921/2429
f 2598/3010/2123 2595/3011/2124 2597/3008/2122
f 2599/3012/2120 2511/2921/2429 2514/2925/2047
f 2600/3013/2121 2597/3008/2122 2599/3012/2120
f 2601/3014/2118 2514/2925/2047 2517/2928/2044
f 2602/3015/2119 2599/3012/2120 2601/3014/2118
f 2603/3016/2116 2517/2928/2044 2520/2931/2041
f 2604/3017/2117 2601/3014/2118 2603/3016/2116
f 2605/3018/2114 2520/2931/2041 2523/2934/2038
f 2606/3019/2115 2603/3016/2116 2605/3018/2114
f 2607/3020/2112 2523/2934/2038 2526/2937/2035
f 2608/3021/2113 2605/3018/2114 2607/3020/2112
f 2609/3022/2110 2526/2937/2035 2529/2940/2432
f 2610/3023/2111 2607/3020/2112 2609/3022/2110
f 2611/3024/2108 2529/2940/2432 2532/2943/2029
f 2612/3025/2109 2609/3022/2110 2611/3024/2108
f 2611/3024/2108 2535/2946/2026 2613/3026/2106
f 2612/3025/2109 2613/3026/2106 2614/3027/2107
f 2613/3026/2106 2538/2949/2023 2615/3028/2104
f 2614/3027/2107 2615/3028/2104 2616/3029/2105
f 2615/3028/2104 2541/2952/2020 2617/3030/2102
f 2616/3029/2105 2617/3030/2102 2618/3031/2103
f 2617/3030/2102 2544/2955/2017 2619/3032/2100
f 2618/3031/2103 2619/3032/2100 2620/3033/2101
f 2619/3032/2100 2547/2958/2014 2621/3034/2098
f 2620/3033/2101 2621/3034/2098 2622/3035/2099
f 2621/3034/2098 2550/2961/2011 2623/3036/2096
f 2622/3035/2099 2623/3036/2096 2624/3037/2097
f 2623/3036/2096 2553/2964/2434 2625/3038/2094
f 2624/3037/2097 2625/3038/2094 2626/3039/2095
f 2625/3038/2094 2556/2967/2005 2627/3040/2092
f 2626/3039/2095 2627/3040/2092 2628/3041/2093
f 2629/3042/2090 2556/2967/2005 2559/2970/2435
f 2630/3043/2091 2627/3040/2092 2629/3042/2090
f 2631/3044/2088 2559/2970/2435 2562/2973/1999
f 2632/3045/2089 2629/3042/2090 2631/3044/2088
f 2633/3046/2086 2562/2973/1999 2565/2976/1996
f 2634/3047/2087 2631/3044/2088 2633/3046/2086
f 2635/3048/2084 2565/2976/1996 2568/2979/1993
f 2636/3049/2085 2633/3046/2086 2635/3048/2084
f 2637/3050/2082 2568/2979/1993 2571/2982/1990
f 2638/3051/2083 2635/3048/2084 2637/3050/2082
f 2640/3052/2081 2637/3050/2082 2575/2988/2080
f 2641/3053/2142 2638/3051/2083 2640/3052/2081
f 2639/3054/2143 2636/3049/2085 2638/3051/2083
f 2643/3055/2141 2640/3052/2081 2578/2991/2079
f 2644/3056/691 2641/3053/2142 2643/3055/2141
f 2642/3057/689 2639/3054/2143 2641/3053/2142
f 2645/3058/2140 2578/2991/2079 2580/2990/2077
f 2646/3059/693 2643/3055/2141 2645/3058/2140
f 2646/3059/693 2647/3060/2139 2648/3061/695
f 2645/3058/2140 2582/2993/2075 2647/3060/2139
f 2647/3060/2139 2584/2995/2137 2649/3062/2138
f 2648/3061/695 2649/3062/2138 2650/3063/697
f 2649/3062/2138 2586/2997/2135 2651/3064/2136
f 2650/3063/697 2651/3064/2136 2652/3065/699
f 2651/3064/2136 2588/2999/2133 2653/3066/2436
f 2652/3065/699 2653/3066/2436 2654/3067/701
f 2653/3066/2436 2590/3001/2131 2655/3068/2167
f 2654/3067/701 2655/3068/2167 2656/3069/703
f 2655/3068/2167 2592/3003/2129 2657/3070/2166
f 2656/3069/703 2657/3070/2166 2658/3071/705
f 2657/3070/2166 2594/3005/2127 2659/3072/2165
f 2658/3071/705 2659/3072/2165 2660/3073/707
f 2659/3072/2165 2596/3007/2125 2661/3074/2164
f 2660/3073/707 2661/3074/2164 2662/3075/709
f 2663/3076/2163 2596/3077/2125 2598/3010/2123
f 2664/3078/711 2661/3079/2164 2663/3076/2163
f 2665/3080/2162 2598/3010/2123 2600/3013/2121
f 2666/3081/713 2663/3076/2163 2665/3080/2162
f 2667/3082/2161 2600/3013/2121 2602/3015/2119
f 2668/3083/715 2665/3080/2162 2667/3082/2161
f 2669/3084/2437 2602/3015/2119 2604/3017/2117
f 2670/3085/717 2667/3082/2161 2669/3084/2437
f 2671/3086/2159 2604/3017/2117 2606/3019/2115
f 2672/3087/719 2669/3084/2437 2671/3086/2159
f 2673/3088/2158 2606/3019/2115 2608/3021/2113
f 2674/3089/721 2671/3086/2159 2673/3088/2158
f 2675/3090/2157 2608/3021/2113 2610/3023/2111
f 2676/3091/723 2673/3088/2158 2675/3090/2157
f 2677/3092/2156 2610/3023/2111 2612/3025/2109
f 2678/3093/725 2675/3090/2157 2677/3092/2156
f 2677/3092/2156 2614/3027/2107 2679/3094/2155
f 2678/3093/725 2679/3094/2155 2680/3095/727
f 2679/3094/2155 2616/3029/2105 2681/3096/2154
f 2680/3095/727 2681/3096/2154 2682/3097/729
f 2681/3096/2154 2618/3031/2103 2683/3098/2153
f 2682/3097/729 2683/3098/2153 2684/3099/731
f 2683/3098/2153 2620/3033/2101 2685/3100/2152
f 2684/3099/731 2685/3100/2152 2686/3101/733
f 2685/3100/2152 2622/3035/2099 2687/3102/2151
f 2686/3101/733 2687/3102/2151 2688/3103/735
f 2687/3102/2151 2624/3037/2097 2689/3104/2150
f 2688/3103/735 2689/3104/2150 2690/3105/737
f 2689/3104/2150 2626/3039/2095 2691/3106/2149
f 2690/3105/737 2691/3106/2149 2692/3107/739
f 2691/3106/2149 2628/3041/2093 2693/3108/2148
f 2692/3107/739 2693/3108/2148 2694/3109/741
f 2695/3110/2147 2628/3041/2093 2630/3043/2091
f 2696/3111/743 2693/3108/2148 2695/3110/2147
f 2697/3112/2146 2630/3043/2091 2632/3045/2089
f 2698/3113/745 2695/3110/2147 2697/3112/2146
f 2699/3114/2145 2632/3045/2089 2634/3047/2087
f 2700/3115/747 2697/3112/2146 2699/3114/2145
f 2701/3116/2144 2634/3047/2087 2636/3049/2085
f 2702/3117/749 2699/3114/2145 2701/3116/2144
f 2704/3118/751 2701/3116/2144 2639/3054/2143
f 2703/3119/2184 2704/3118/751 2705/3120/2182
f 2765/3121/2186 2702/3117/749 2703/3119/2184
f 2705/3120/2182 2642/3057/689 2707/3122/2180
f 2706/3123/2183 2707/3122/2180 2708/3124/2181
f 2768/3125/2185 2705/3120/2182 2706/3123/2183
f 2707/3122/2180 2644/3056/691 2709/3126/2178
f 2708/3124/2181 2709/3126/2178 2710/3127/2179
f 2709/3126/2178 2646/3059/693 2711/3128/2176
f 2710/3127/2179 2711/3128/2176 2712/3129/2177
f 2713/3130/2174 2646/3059/693 2648/3061/695
f 2714/3131/2175 2711/3128/2176 2713/3130/2174
f 2715/3132/2172 2648/3061/695 2650/3063/697
f 2716/3133/2173 2713/3130/2174 2715/3132/2172
f 2717/3134/2170 2650/3063/697 2652/3065/699
f 2718/3135/2171 2715/3132/2172 2717/3134/2170
f 2719/3136/2169 2652/3065/699 2654/3067/701
f 2720/3137/2233 2717/3134/2170 2719/3136/2169
f 2721/3138/2230 2654/3067/701 2656/3069/703
f 2722/3139/2231 2719/3136/2169 2721/3138/2230
f 2723/3140/2228 2656/3069/703 2658/3071/705
f 2724/3141/2229 2721/3138/2230 2723/3140/2228
f 2725/3142/2226 2658/3071/705 2660/3073/707
f 2726/3143/2227 2723/3140/2228 2725/3142/2226
f 2727/3144/2224 2660/3073/707 2662/3075/709
f 2728/3145/2225 2725/3142/2226 2727/3144/2224
f 2727/3146/2224 2664/3078/711 2729/3147/2222
f 2728/3148/2225 2729/3147/2222 2730/3149/2223
f 2729/3147/2222 2666/3081/713 2731/3150/2220
f 2730/3149/2223 2731/3150/2220 2732/3151/2221
f 2731/3150/2220 2668/3083/715 2733/3152/2218
f 2732/3151/2221 2733/3152/2218 2734/3153/2219
f 2733/3152/2218 2670/3085/717 2735/3154/2438
f 2734/3153/2219 2735/3154/2438 2736/3155/2217
f 2735/3154/2438 2672/3087/719 2737/3156/2214
f 2736/3155/2217 2737/3156/2214 2738/3157/2215
f 2737/3156/2214 2674/3089/721 2739/3158/2212
f 2738/3157/2215 2739/3158/2212 2740/3159/2213
f 2739/3158/2212 2676/3091/723 2741/3160/2210
f 2740/3159/2213 2741/3160/2210 2742/3161/2211
f 2741/3160/2210 2678/3093/725 2743/3162/2208
f 2742/3161/2211 2743/3162/2208 2744/3163/2209
f 2745/3164/2206 2678/3093/725 2680/3095/727
f 2746/3165/2207 2743/3162/2208 2745/3164/2206
f 2747/3166/2204 2680/3095/727 2682/3097/729
f 2748/3167/2205 2745/3164/2206 2747/3166/2204
f 2749/3168/2202 2682/3097/729 2684/3099/731
f 2750/3169/2203 2747/3166/2204 2749/3168/2202
f 2751/3170/2200 2684/3099/731 2686/3101/733
f 2752/3171/2201 2749/3168/2202 2751/3170/2200
f 2753/3172/2198 2686/3101/733 2688/3103/735
f 2754/3173/2199 2751/3170/2200 2753/3172/2198
f 2755/3174/2196 2688/3103/735 2690/3105/737
f 2756/3175/2197 2753/3172/2198 2755/3174/2196
f 2757/3176/2194 2690/3105/737 2692/3107/739
f 2758/3177/2195 2755/3174/2196 2757/3176/2194
f 2759/3178/2192 2692/3107/739 2694/3109/741
f 2760/3179/2193 2757/3176/2194 2759/3178/2192
f 2759/3178/2192 2696/3111/743 2761/3180/2190
f 2760/3179/2193 2761/3180/2190 2762/3181/2191
f 2761/3180/2190 2698/3113/745 2763/3182/2188
f 2762/3181/2191 2763/3182/2188 2764/3183/2189
f 2763/3182/2188 2700/3115/747 2765/3121/2186
f 2764/3183/2189 2765/3121/2186 2766/3184/2187
f 2766/3184/2187 2703/3119/2184 2768/3125/2185
f 2767/3185/2252 2768/3125/2185 2769/3186/2250
f 2829/3187/2254 2766/3184/2187 2767/3185/2252
f 2769/3186/2250 2706/3123/2183 2771/3188/2248
f 2770/3189/2251 2771/3188/2248 2772/3190/2249
f 2832/3191/2253 2769/3186/2250 2770/3189/2251
f 2771/3188/2248 2708/3124/2181 2773/3192/2246
f 2772/3190/2249 2773/3192/2246 2774/3193/2247
f 2773/3192/2246 2710/3127/2179 2775/3194/2244
f 2774/3193/2247 2775/3194/2244 2776/3195/2245
f 2775/3194/2244 2712/3129/2177 2777/3196/2242
f 2776/3195/2245 2777/3196/2242 2778/3197/2243
f 2779/3198/2240 2712/3129/2177 2714/3131/2175
f 2780/3199/2439 2777/3196/2242 2779/3198/2240
f 2781/3200/2238 2714/3131/2175 2716/3133/2173
f 2782/3201/2239 2779/3198/2240 2781/3200/2238
f 2783/3202/2236 2716/3133/2173 2718/3135/2171
f 2784/3203/2237 2781/3200/2238 2783/3202/2236
f 2785/3204/2234 2718/3135/2171 2720/3137/2233
f 2786/3205/2235 2783/3202/2236 2785/3204/2234
f 2787/3206/2232 2720/3137/2233 2722/3139/2231
f 2788/3207/2297 2785/3204/2234 2787/3206/2232
f 2789/3208/2294 2722/3139/2231 2724/3141/2229
f 2790/3209/2295 2787/3206/2232 2789/3208/2294
f 2791/3210/2292 2724/3141/2229 2726/3143/2227
f 2792/3211/2293 2789/3208/2294 2791/3210/2292
f 2793/3212/2290 2726/3143/2227 2728/3145/2225
f 2794/3213/2291 2791/3210/2292 2793/3212/2290
f 2793/3214/2290 2730/3149/2223 2795/3215/2288
f 2794/3216/2291 2795/3215/2288 2796/3217/2289
f 2795/3215/2288 2732/3151/2221 2797/3218/2286
f 2796/3217/2289 2797/3218/2286 2798/3219/2287
f 2797/3218/2286 2734/3153/2219 2799/3220/2284
f 2798/3219/2287 2799/3220/2284 2800/3221/2285
f 2799/3220/2284 2736/3155/2217 2801/3222/2282
f 2800/3221/2285 2801/3222/2282 2802/3223/2283
f 2801/3222/2282 2738/3157/2215 2803/3224/2280
f 2802/3223/2283 2803/3224/2280 2804/3225/2281
f 2803/3224/2280 2740/3159/2213 2805/3226/2278
f 2804/3225/2281 2805/3226/2278 2806/3227/2279
f 2805/3226/2278 2742/3161/2211 2807/3228/2276
f 2806/3227/2279 2807/3228/2276 2808/3229/2277
f 2807/3228/2276 2744/3163/2209 2809/3230/2274
f 2808/3229/2277 2809/3230/2274 2810/3231/2275
f 2811/3232/2272 2744/3163/2209 2746/3165/2207
f 2812/3233/2273 2809/3230/2274 2811/3232/2272
f 2813/3234/2270 2746/3165/2207 2748/3167/2205
f 2814/3235/2271 2811/3232/2272 2813/3234/2270
f 2815/3236/2268 2748/3167/2205 2750/3169/2203
f 2816/3237/2269 2813/3234/2270 2815/3236/2268
f 2817/3238/2266 2750/3169/2203 2752/3171/2201
f 2818/3239/2267 2815/3236/2268 2817/3238/2266
f 2819/3240/2264 2752/3171/2201 2754/3173/2199
f 2820/3241/2265 2817/3238/2266 2819/3240/2264
f 2821/3242/2262 2754/3173/2199 2756/3175/2197
f 2822/3243/2263 2819/3240/2264 2821/3242/2262
f 2823/3244/2260 2756/3175/2197 2758/3177/2195
f 2824/3245/2261 2821/3242/2262 2823/3244/2260
f 2825/3246/2258 2758/3177/2195 2760/3179/2193
f 2826/3247/2259 2823/3244/2260 2825/3246/2258
f 2825/3246/2258 2762/3181/2191 2827/3248/2256
f 2826/3247/2259 2827/3248/2256 2828/3249/2257
f 2827/3248/2256 2764/3183/2189 2829/3187/2254
f 2828/3249/2257 2829/3187/2254 2830/3250/2255
f 2830/3250/2255 2767/3185/2252 2832/3191/2253
f 2831/3251/2320 2832/3191/2253 2833/3252/2318
f 2893/3253/2322 2830/3250/2255 2831/3251/2320
f 2833/3252/2318 2770/3189/2251 2835/3254/2316
f 2834/3255/2319 2835/3254/2316 2836/3256/2317
f 2896/3257/2321 2833/3252/2318 2834/3255/2319
f 2835/3254/2316 2772/3190/2249 2837/3258/2314
f 2836/3256/2317 2837/3258/2314 2838/3259/2315
f 2837/3258/2314 2774/3193/2247 2839/3260/2312
f 2838/3259/2315 2839/3260/2312 2840/3261/2313
f 2839/3260/2312 2776/3195/2245 2841/3262/2310
f 2840/3261/2313 2841/3262/2310 2842/3263/2311
f 2841/3262/2310 2778/3197/2243 2843/3264/2308
f 2842/3263/2311 2843/3264/2308 2844/3265/2309
f 2845/3266/2306 2778/3197/2243 2780/3199/2439
f 2846/3267/2307 2843/3264/2308 2845/3266/2306
f 2847/3268/2304 2780/3199/2439 2782/3201/2239
f 2848/3269/2305 2845/3266/2306 2847/3268/2304
f 2849/3270/2302 2782/3201/2239 2784/3203/2237
f 2850/3271/2440 2847/3268/2304 2849/3270/2302
f 2851/3272/2300 2784/3203/2237 2786/3205/2235
f 2852/3273/2301 2849/3270/2302 2851/3272/2300
f 2853/3274/2298 2786/3205/2235 2788/3207/2297
f 2854/3275/2299 2851/3272/2300 2853/3274/2298
f 2855/3276/2296 2788/3207/2297 2790/3209/2295
f 2856/3277/2361 2853/3274/2298 2855/3276/2296
f 2857/3278/2358 2790/3209/2295 2792/3211/2293
f 2858/3279/2359 2855/3276/2296 2857/3278/2358
f 2859/3280/2356 2792/3211/2293 2794/3213/2291
f 2860/3281/2357 2857/3278/2358 2859/3280/2356
f 2859/3282/2356 2796/3217/2289 2861/3283/2354
f 2860/3284/2357 2861/3283/2354 2862/3285/2355
f 2861/3283/2354 2798/3219/2287 2863/3286/2352
f 2862/3285/2355 2863/3286/2352 2864/3287/2353
f 2863/3286/2352 2800/3221/2285 2865/3288/2350
f 2864/3287/2353 2865/3288/2350 2866/3289/2351
f 2865/3288/2350 2802/3223/2283 2867/3290/2348
f 2866/3289/2351 2867/3290/2348 2868/3291/2349
f 2867/3290/2348 2804/3225/2281 2869/3292/2346
f 2868/3291/2349 2869/3292/2346 2870/3293/2441
f 2869/3292/2346 2806/3227/2279 2871/3294/2344
f 2870/3293/2441 2871/3294/2344 2872/3295/2345
f 2871/3294/2344 2808/3229/2277 2873/3296/2342
f 2872/3295/2345 2873/3296/2342 2874/3297/2343
f 2873/3296/2342 2810/3231/2275 2875/3298/2340
f 2874/3297/2343 2875/3298/2340 2876/3299/2341
f 2877/3300/2338 2810/3231/2275 2812/3233/2273
f 2878/3301/2339 2875/3298/2340 2877/3300/2338
f 2879/3302/2336 2812/3233/2273 2814/3235/2271
f 2880/3303/2337 2877/3300/2338 2879/3302/2336
f 2881/3304/2334 2814/3235/2271 2816/3237/2269
f 2882/3305/2442 2879/3302/2336 2881/3304/2334
f 2883/3306/2332 2816/3237/2269 2818/3239/2267
f 2884/3307/2333 2881/3304/2334 2883/3306/2332
f 2885/3308/2330 2818/3239/2267 2820/3241/2265
f 2886/3309/2443 2883/3306/2332 2885/3308/2330
f 2887/3310/2328 2820/3241/2265 2822/3243/2263
f 2888/3311/2329 2885/3308/2330 2887/3310/2328
f 2889/3312/2326 2822/3243/2263 2824/3245/2261
f 2890/3313/2327 2887/3310/2328 2889/3312/2326
f 2891/3314/2324 2824/3245/2261 2826/3247/2259
f 2892/3315/2325 2889/3312/2326 2891/3314/2324
f 2891/3314/2324 2828/3249/2257 2893/3253/2322
f 2892/3315/2325 2893/3253/2322 2894/3316/2323
f 2894/3316/2323 2831/3251/2320 2896/3257/2321
f 2895/3317/2444 2896/3257/2321 2897/3318/2387
f 2906/3319/2385 2894/3316/2323 2895/3317/2444
f 2897/3318/2387 2834/3255/2319 2898/3320/2388
f 2899/3321/308 2897/3318/2387 2898/3320/2388
f 2899/3322/308 2895/3317/2444 2897/3318/2387
f 2899/3323/308 2900/3324/2374 2917/3325/2375
f 2899/3326/308 2918/3327/2373 2900/3324/2374
f 2899/3328/308 2902/3329/2392 2901/3330/2365
f 2899/3331/308 2901/3330/2365 2928/3332/2366
f 2899/3333/308 2903/3334/2391 2902/3329/2392
f 2899/3335/308 2904/3336/2390 2903/3334/2391
f 2899/3337/308 2905/3338/2389 2904/3336/2390
f 2899/3339/308 2898/3320/2388 2905/3338/2389
f 2899/3340/308 2906/3319/2385 2895/3317/2444
f 2899/3341/308 2907/3342/2445 2906/3319/2385
f 2899/3343/308 2908/3344/2383 2907/3342/2445
f 2899/3345/308 2909/3346/2382 2908/3344/2383
f 2899/3347/308 2910/3348/2446 2909/3346/2382
f 2899/3349/308 2911/3350/2447 2910/3348/2446
f 2899/3351/308 2912/3352/2380 2911/3350/2447
f 2899/3353/308 2913/3354/2379 2912/3352/2380
f 2899/3355/308 2914/3356/2378 2913/3354/2379
f 2899/3357/308 2915/3358/2377 2914/3356/2378
f 2899/3359/308 2916/3360/2376 2915/3358/2377
f 2899/3361/308 2917/3325/2375 2916/3360/2376
f 2899/3362/308 2919/3363/2372 2918/3327/2373
f 2899/3364/308 2920/3365/2448 2919/3363/2372
f 2899/3366/308 2921/3367/2370 2920/3365/2448
f 2899/3368/308 2922/3369/2449 2921/3370/2370
f 2899/3371/308 2923/3372/2450 2922/3369/2449
f 2899/3373/308 2924/3374/2363 2923/3372/2450
f 2899/3375/308 2925/3376/2451 2924/3374/2363
f 2899/3377/308 2926/3378/2368 2925/3376/2451
f 2899/3379/308 2927/3380/2367 2926/3378/2368
f 2899/3381/308 2928/3332/2366 2927/3380/2367
f 2927/3380/2367 2846/3267/2307 2848/3269/2305
f 2928/3332/2366 2844/3265/2309 2846/3267/2307
f 2926/3378/2368 2848/3269/2305 2850/3271/2440
f 2925/3376/2451 2850/3271/2440 2852/3273/2301
f 2924/3374/2363 2852/3273/2301 2854/3275/2299
f 2923/3372/2450 2854/3275/2299 2856/3277/2361
f 2922/3369/2449 2856/3277/2361 2858/3279/2359
f 2921/3370/2370 2858/3279/2359 2860/3281/2357
f 2921/3367/2370 2862/3285/2355 2920/3365/2448
f 2920/3365/2448 2864/3287/2353 2919/3363/2372
f 2919/3363/2372 2866/3289/2351 2918/3327/2373
f 2918/3327/2373 2868/3291/2349 2900/3324/2374
f 2917/3325/2375 2872/3295/2345 2916/3360/2376
f 2900/3324/2374 2870/3293/2441 2917/3325/2375
f 2916/3360/2376 2874/3297/2343 2915/3358/2377
f 2915/3358/2377 2876/3299/2341 2914/3356/2378
f 2913/3354/2379 2876/3299/2341 2878/3301/2339
f 2912/3352/2380 2878/3301/2339 2880/3303/2337
f 2911/3350/2447 2880/3303/2337 2882/3305/2442
f 2910/3348/2446 2882/3305/2442 2884/3307/2333
f 2909/3346/2382 2884/3307/2333 2886/3309/2443
f 2908/3344/2383 2886/3309/2443 2888/3311/2329
f 2907/3342/2445 2888/3311/2329 2890/3313/2327
f 2906/3319/2385 2890/3313/2327 2892/3315/2325
f 2905/3338/2389 2838/3259/2315 2904/3336/2390
f 2898/3320/2388 2836/3256/2317 2905/3338/2389
f 2904/3336/2390 2840/3261/2313 2903/3334/2391
f 2903/3334/2391 2842/3263/2311 2902/3329/2392
f 2902/3329/2392 2844/3265/2309 2901/3330/2365
f 2930/2890/1983 2929/3382/2398 2931/3383/2452
f 2573/2984/1986 2962/3384/2467 2929/3382/2398
f 2483/2891/1980 2931/3383/2452 2933/3385/2396
f 2931/3383/2452 2929/3382/2398 2932/3386/82
f 2933/3385/2396 2931/3383/2452 2932/3387/82
f 2483/2891/1980 2934/3388/2453 2486/2894/2394
f 2934/3388/2453 2933/3385/2396 2932/3389/82
f 2486/2894/2394 2935/3390/2454 2489/2897/2070
f 2935/3390/2454 2934/3388/2453 2932/3391/82
f 2489/2897/2070 2936/3392/2455 2492/2900/2426
f 2936/3392/2455 2935/3390/2454 2932/3393/82
f 2492/2900/2426 2937/3394/2424 2495/2903/2064
f 2937/3394/2424 2936/3392/2455 2932/3395/82
f 2495/2903/2064 2938/3396/2456 2498/2906/2427
f 2938/3396/2456 2937/3394/2424 2932/3397/82
f 2498/2906/2427 2939/3398/2457 2501/2909/2058
f 2939/3398/2457 2938/3396/2456 2932/3399/82
f 2501/2909/2058 2940/3400/2421 2504/2912/2055
f 2940/3400/2421 2939/3398/2457 2932/3401/82
f 2504/2912/2055 2941/3402/2420 2507/2915/2052
f 2941/3402/2420 2940/3400/2421 2932/3403/82
f 2510/2920/2049 2941/3404/2420 2942/3405/2419
f 2942/3405/2419 2941/3404/2420 2932/3406/82
f 2513/2924/2046 2942/3405/2419 2943/3407/2458
f 2943/3407/2458 2942/3405/2419 2932/3408/82
f 2516/2927/2430 2943/3407/2458 2944/3409/2417
f 2944/3409/2417 2943/3407/2458 2932/3410/82
f 2519/2930/2040 2944/3409/2417 2945/3411/2416
f 2945/3411/2416 2944/3409/2417 2932/3412/82
f 2522/2933/2431 2945/3411/2416 2946/3413/2459
f 2946/3413/2459 2945/3411/2416 2932/3414/82
f 2525/2936/2034 2946/3413/2459 2947/3415/2460
f 2947/3415/2460 2946/3413/2459 2932/3416/82
f 2528/2939/2031 2947/3415/2460 2948/3417/2461
f 2948/3417/2461 2947/3415/2460 2932/3418/82
f 2531/2942/2028 2948/3417/2461 2949/3419/2412
f 2949/3419/2412 2948/3417/2461 2932/3420/82
f 2531/2942/2028 2950/3421/2462 2534/2944/2025
f 2950/3421/2462 2949/3419/2412 2932/3422/82
f 2534/2944/2025 2951/3423/2463 2537/2947/2022
f 2951/3423/2463 2950/3421/2462 2932/3424/82
f 2537/2947/2022 2952/3425/2464 2540/2950/2019
f 2952/3425/2464 2951/3423/2463 2932/3426/82
f 2540/2950/2019 2953/3427/2408 2543/2953/2016
f 2953/3427/2408 2952/3425/2464 2932/3428/82
f 2543/2953/2016 2954/3429/2407 2546/2956/2433
f 2954/3429/2407 2953/3427/2408 2932/3430/82
f 2546/2956/2433 2955/3431/2465 2549/2959/2010
f 2955/3431/2465 2954/3429/2407 2932/3432/82
f 2549/2959/2010 2956/3433/2405 2552/2962/2007
f 2956/3433/2405 2955/3431/2465 2932/3434/82
f 2552/2962/2007 2957/3435/2404 2555/2965/2004
f 2957/3435/2404 2956/3433/2405 2932/3436/82
f 2558/2969/2001 2957/3435/2404 2958/3437/2403
f 2958/3437/2403 2957/3435/2404 2932/3438/82
f 2561/2972/1998 2958/3437/2403 2959/3439/2402
f 2959/3439/2402 2958/3437/2403 2932/3440/82
f 2960/3441/2466 2959/3439/2402 2932/3442/82
f 2564/2975/1995 2959/3439/2402 2960/3441/2466
f 2567/2978/1992 2960/3441/2466 2961/3443/2400
f 2961/3443/2400 2960/3441/2466 2932/3444/82
f 2570/2981/1989 2961/3443/2400 2962/3384/2467
f 2962/3384/2467 2961/3443/2400 2932/3445/82
f 2929/3382/2398 2962/3384/2467 2932/3446/82
f 2963/3447/2468 3412/3448/2916 2964/3449/2469
f 2966/3450/2471 2964/3449/2469 3058/3451/2563
f 2968/3452/2473 2963/3447/2468 2967/3453/2472
f 2967/3453/2472 2966/3450/2471 2969/3454/2474
f 2971/3455/2476 2967/3453/2472 2970/3456/2475
f 2970/3456/2475 2969/3454/2474 2972/3457/2477
f 2974/3458/2479 2970/3456/2475 2973/3459/2478
f 2973/3459/2478 2972/3457/2477 2975/3460/2480
f 2977/3461/2482 2973/3459/2478 2976/3462/2481
f 2976/3462/2481 2975/3460/2480 2978/3463/2483
f 2980/3464/2485 2976/3462/2481 2979/3465/2484
f 2979/3465/2484 2978/3463/2483 2981/3466/2486
f 2983/3467/2488 2979/3465/2484 2982/3468/2487
f 2982/3468/2487 2981/3466/2486 2984/3469/2489
f 2986/3470/2491 2982/3468/2487 2985/3471/2490
f 2985/3471/2490 2984/3469/2489 2987/3472/2492
f 2989/3473/2494 2985/3471/2490 2988/3474/2493
f 2988/3474/2493 2987/3472/2492 2990/3475/2495
f 2991/3476/2496 2989/3477/2494 2988/3478/2493
f 2993/3479/2498 2988/3478/2493 2990/3480/2495
f 2994/3481/2499 2992/3482/2497 2991/3476/2496
f 2996/3483/2501 2991/3476/2496 2993/3479/2498
f 2997/3484/2502 2995/3485/2500 2994/3481/2499
f 2999/3486/2504 2994/3481/2499 2996/3483/2501
f 3000/3487/2505 2998/3488/2503 2997/3484/2502
f 3002/3489/2507 2997/3484/2502 2999/3486/2504
f 3003/3490/2508 3001/3491/2506 3000/3487/2505
f 3005/3492/2510 3000/3487/2505 3002/3489/2507
f 3006/3493/2511 3004/3494/2509 3003/3490/2508
f 3008/3495/2513 3003/3490/2508 3005/3492/2510
f 3009/3496/2514 3007/3497/2512 3006/3493/2511
f 3011/3498/2516 3006/3493/2511 3008/3495/2513
f 3012/3499/2517 3010/3500/2515 3009/3496/2514
f 3014/3501/2519 3009/3496/2514 3011/3498/2516
f 3016/3502/2521 3012/3499/2517 3015/3503/2520
f 3015/3503/2520 3014/3501/2519 3017/3504/2522
f 3019/3505/2524 3015/3503/2520 3018/3506/2523
f 3018/3506/2523 3017/3504/2522 3020/3507/2525
f 3022/3508/2527 3018/3506/2523 3021/3509/2526
f 3021/3509/2526 3020/3507/2525 3023/3510/2528
f 3025/3511/2530 3021/3509/2526 3024/3512/2529
f 3024/3512/2529 3023/3510/2528 3026/3513/2531
f 3028/3514/2533 3024/3512/2529 3027/3515/2532
f 3027/3515/2532 3026/3513/2531 3029/3516/2534
f 3031/3517/2536 3027/3515/2532 3030/3518/2535
f 3030/3518/2535 3029/3516/2534 3032/3519/2537
f 3034/3520/2539 3030/3518/2535 3033/3521/2538
f 3033/3521/2538 3032/3519/2537 3035/3522/2540
f 3037/3523/2542 3033/3521/2538 3036/3524/2541
f 3036/3524/2541 3035/3522/2540 3038/3525/2543
f 3039/3526/2544 3037/3523/2542 3036/3524/2541
f 3041/3527/2546 3036/3524/2541 3038/3525/2543
f 3042/3528/2547 3040/3529/2545 3039/3526/2544
f 3044/3530/2549 3039/3526/2544 3041/3527/2546
f 3045/3531/2550 3043/3532/2548 3042/3528/2547
f 3047/3533/2552 3042/3528/2547 3044/3530/2549
f 3048/3534/2553 3046/3535/2551 3045/3531/2550
f 3050/3536/2555 3045/3531/2550 3047/3533/2552
f 3051/3537/2556 3049/3538/2554 3048/3534/2553
f 3053/3539/2558 3048/3534/2553 3050/3536/2555
f 3054/3540/2559 3052/3541/2557 3051/3537/2556
f 3056/3542/2561 3051/3537/2556 3053/3539/2558
f 2964/3449/2469 3055/3543/2560 3054/3540/2559
f 3058/3451/2563 3054/3540/2559 3056/3542/2561
f 3059/3544/2564 3056/3542/2561 3057/3545/2562
f 3057/3545/2562 3053/3539/2558 3119/3546/2624
f 3061/3547/2566 3058/3451/2563 3059/3544/2564
f 3062/3548/2567 3059/3544/2564 3060/3549/2565
f 3060/3549/2565 3057/3545/2562 3122/3550/2627
f 2969/3454/2474 3061/3547/2566 3063/3551/2568
f 3063/3551/2568 3062/3548/2567 3064/3552/2569
f 2972/3457/2477 3063/3551/2568 3065/3553/2570
f 3065/3553/2570 3064/3552/2569 3066/3554/2571
f 2975/3460/2480 3065/3553/2570 3067/3555/2572
f 3067/3555/2572 3066/3554/2571 3068/3556/2573
f 2978/3463/2483 3067/3555/2572 3069/3557/2574
f 3069/3557/2574 3068/3556/2573 3070/3558/2575
f 2981/3466/2486 3069/3557/2574 3071/3559/2576
f 3071/3559/2576 3070/3558/2575 3072/3560/2577
f 2984/3469/2489 3071/3559/2576 3073/3561/2578
f 3073/3561/2578 3072/3560/2577 3074/3562/2579
f 2987/3472/2492 3073/3561/2578 3075/3563/2580
f 3075/3563/2580 3074/3562/2579 3076/3564/2581
f 2990/3475/2495 3075/3563/2580 3077/3565/2582
f 3077/3565/2582 3076/3564/2581 3078/3566/2583
f 3079/3567/2584 2990/3480/2495 3077/3568/2582
f 3080/3569/2585 3077/3568/2582 3078/3570/2583
f 3081/3571/2586 2993/3479/2498 3079/3567/2584
f 3082/3572/2587 3079/3567/2584 3080/3569/2585
f 3083/3573/2588 2996/3483/2501 3081/3571/2586
f 3084/3574/2589 3081/3571/2586 3082/3572/2587
f 3085/3575/2590 2999/3486/2504 3083/3573/2588
f 3086/3576/2591 3083/3573/2588 3084/3574/2589
f 3087/3577/2592 3002/3489/2507 3085/3575/2590
f 3088/3578/2593 3085/3575/2590 3086/3576/2591
f 3089/3579/2594 3005/3492/2510 3087/3577/2592
f 3090/3580/2595 3087/3577/2592 3088/3578/2593
f 3091/3581/2596 3008/3495/2513 3089/3579/2594
f 3092/3582/2597 3089/3579/2594 3090/3580/2595
f 3093/3583/2598 3011/3498/2516 3091/3581/2596
f 3094/3584/2599 3091/3581/2596 3092/3582/2597
f 3017/3504/2522 3093/3583/2598 3095/3585/2600
f 3095/3585/2600 3094/3584/2599 3096/3586/2601
f 3020/3507/2525 3095/3585/2600 3097/3587/2602
f 3097/3587/2602 3096/3586/2601 3098/3588/2603
f 3023/3510/2528 3097/3587/2602 3099/3589/2604
f 3099/3589/2604 3098/3588/2603 3100/3590/2605
f 3026/3513/2531 3099/3589/2604 3101/3591/2606
f 3101/3591/2606 3100/3590/2605 3102/3592/2607
f 3029/3516/2534 3101/3591/2606 3103/3593/2608
f 3103/3593/2608 3102/3592/2607 3104/3594/2609
f 3032/3519/2537 3103/3593/2608 3105/3595/2610
f 3105/3595/2610 3104/3594/2609 3106/3596/2611
f 3035/3522/2540 3105/3595/2610 3107/3597/2612
f 3107/3597/2612 3106/3596/2611 3108/3598/2613
f 3038/3525/2543 3107/3597/2612 3109/3599/2614
f 3109/3599/2614 3108/3598/2613 3110/3600/2615
f 3111/3601/2616 3038/3525/2543 3109/3599/2614
f 3112/3602/2617 3109/3599/2614 3110/3600/2615
f 3113/3603/2618 3041/3527/2546 3111/3601/2616
f 3114/3604/2619 3111/3601/2616 3112/3602/2617
f 3115/3605/2620 3044/3530/2549 3113/3603/2618
f 3116/3606/2621 3113/3603/2618 3114/3604/2619
f 3117/3607/2622 3047/3533/2552 3115/3605/2620
f 3118/3608/2623 3115/3605/2620 3116/3606/2621
f 3119/3546/2624 3050/3536/2555 3117/3607/2622
f 3120/3609/2625 3117/3607/2622 3118/3608/2623
f 3122/3550/2627 3119/3546/2624 3120/3609/2625
f 3123/3610/2628 3120/3609/2625 3121/3611/2626
f 3121/3611/2626 3118/3608/2623 3183/3612/2688
f 3125/3613/2630 3122/3550/2627 3123/3610/2628
f 3126/3614/2631 3123/3610/2628 3124/3615/2629
f 3124/3615/2629 3121/3611/2626 3186/3616/2691
f 3127/3617/2632 3060/3549/2565 3125/3613/2630
f 3128/3618/2633 3125/3613/2630 3126/3614/2631
f 3129/3619/2634 3128/3618/2633 3130/3620/2635
f 3064/3552/2569 3127/3617/2632 3129/3619/2634
f 3066/3554/2571 3129/3619/2634 3131/3621/2636
f 3131/3621/2636 3130/3620/2635 3132/3622/2637
f 3068/3556/2573 3131/3621/2636 3133/3623/2638
f 3133/3623/2638 3132/3622/2637 3134/3624/2639
f 3070/3558/2575 3133/3623/2638 3135/3625/2640
f 3135/3625/2640 3134/3624/2639 3136/3626/2641
f 3072/3560/2577 3135/3625/2640 3137/3627/2642
f 3137/3627/2642 3136/3626/2641 3138/3628/2643
f 3074/3562/2579 3137/3627/2642 3139/3629/2644
f 3139/3629/2644 3138/3628/2643 3140/3630/2645
f 3076/3564/2581 3139/3629/2644 3141/3631/2646
f 3141/3631/2646 3140/3630/2645 3142/3632/2647
f 3078/3566/2583 3141/3631/2646 3143/3633/2648
f 3143/3633/2648 3142/3632/2647 3144/3634/2649
f 3145/3635/2650 3078/3570/2583 3143/3636/2648
f 3146/3637/2651 3143/3636/2648 3144/3638/2649
f 3147/3639/2652 3080/3569/2585 3145/3635/2650
f 3148/3640/2653 3145/3635/2650 3146/3637/2651
f 3149/3641/2654 3082/3572/2587 3147/3639/2652
f 3150/3642/2655 3147/3639/2652 3148/3640/2653
f 3151/3643/2656 3084/3574/2589 3149/3641/2654
f 3152/3644/2657 3149/3641/2654 3150/3642/2655
f 3153/3645/2658 3086/3576/2591 3151/3643/2656
f 3154/3646/2659 3151/3643/2656 3152/3644/2657
f 3155/3647/2660 3088/3578/2593 3153/3645/2658
f 3156/3648/2661 3153/3645/2658 3154/3646/2659
f 3157/3649/2662 3090/3580/2595 3155/3647/2660
f 3158/3650/2663 3155/3647/2660 3156/3648/2661
f 3159/3651/2664 3092/3582/2597 3157/3649/2662
f 3160/3652/2665 3157/3649/2662 3158/3650/2663
f 3096/3586/2601 3159/3651/2664 3161/3653/2666
f 3161/3653/2666 3160/3652/2665 3162/3654/2667
f 3098/3588/2603 3161/3653/2666 3163/3655/2668
f 3163/3655/2668 3162/3654/2667 3164/3656/2669
f 3100/3590/2605 3163/3655/2668 3165/3657/2670
f 3165/3657/2670 3164/3656/2669 3166/3658/2671
f 3102/3592/2607 3165/3657/2670 3167/3659/2672
f 3167/3659/2672 3166/3658/2671 3168/3660/2673
f 3104/3594/2609 3167/3659/2672 3169/3661/2674
f 3169/3661/2674 3168/3660/2673 3170/3662/2675
f 3106/3596/2611 3169/3661/2674 3171/3663/2676
f 3171/3663/2676 3170/3662/2675 3172/3664/2677
f 3108/3598/2613 3171/3663/2676 3173/3665/2678
f 3173/3665/2678 3172/3664/2677 3174/3666/2679
f 3110/3600/2615 3173/3665/2678 3175/3667/2680
f 3175/3667/2680 3174/3666/2679 3176/3668/2681
f 3177/3669/2682 3110/3600/2615 3175/3667/2680
f 3178/3670/2683 3175/3667/2680 3176/3668/2681
f 3179/3671/2684 3112/3602/2617 3177/3669/2682
f 3180/3672/2685 3177/3669/2682 3178/3670/2683
f 3181/3673/2686 3114/3604/2619 3179/3671/2684
f 3182/3674/2687 3179/3671/2684 3180/3672/2685
f 3183/3612/2688 3116/3606/2621 3181/3673/2686
f 3184/3675/2689 3181/3673/2686 3182/3674/2687
f 3186/3616/2691 3183/3612/2688 3184/3675/2689
f 3186/3616/2691 3185/3676/2690 3187/3677/2692
f 3184/3675/2689 3247/3678/2752 3185/3676/2690
f 3124/3615/2629 3187/3677/2692 3189/3679/2694
f 3189/3679/2694 3188/3680/2693 3190/3681/2695
f 3187/3677/2692 3250/3682/2755 3188/3680/2693
f 3126/3614/2631 3189/3679/2694 3191/3683/2696
f 3191/3683/2696 3190/3681/2695 3192/3684/2697
f 3128/3618/2633 3191/3683/2696 3193/3685/2698
f 3193/3685/2698 3192/3684/2697 3194/3686/2699
f 3195/3687/2700 3128/3618/2633 3193/3685/2698
f 3196/3688/2701 3193/3685/2698 3194/3686/2699
f 3197/3689/2702 3130/3620/2635 3195/3687/2700
f 3198/3690/2703 3195/3687/2700 3196/3688/2701
f 3199/3691/2704 3132/3622/2637 3197/3689/2702
f 3200/3692/2705 3197/3689/2702 3198/3690/2703
f 3201/3693/2706 3134/3624/2639 3199/3691/2704
f 3202/3694/2707 3199/3691/2704 3200/3692/2705
f 3203/3695/2708 3136/3626/2641 3201/3693/2706
f 3204/3696/2709 3201/3693/2706 3202/3694/2707
f 3205/3697/2710 3138/3628/2643 3203/3695/2708
f 3206/3698/2711 3203/3695/2708 3204/3696/2709
f 3207/3699/2712 3140/3630/2645 3205/3697/2710
f 3208/3700/2713 3205/3697/2710 3206/3698/2711
f 3209/3701/2714 3142/3632/2647 3207/3699/2712
f 3210/3702/2715 3207/3699/2712 3208/3700/2713
f 3146/3637/2651 3209/3703/2714 3211/3704/2716
f 3211/3704/2716 3210/3705/2715 3212/3706/2717
f 3148/3640/2653 3211/3704/2716 3213/3707/2718
f 3213/3707/2718 3212/3706/2717 3214/3708/2719
f 3150/3642/2655 3213/3707/2718 3215/3709/2720
f 3215/3709/2720 3214/3708/2719 3216/3710/2721
f 3152/3644/2657 3215/3709/2720 3217/3711/2722
f 3217/3711/2722 3216/3710/2721 3218/3712/2723
f 3154/3646/2659 3217/3711/2722 3219/3713/2724
f 3219/3713/2724 3218/3712/2723 3220/3714/2725
f 3156/3648/2661 3219/3713/2724 3221/3715/2726
f 3221/3715/2726 3220/3714/2725 3222/3716/2727
f 3158/3650/2663 3221/3715/2726 3223/3717/2728
f 3223/3717/2728 3222/3716/2727 3224/3718/2729
f 3160/3652/2665 3223/3717/2728 3225/3719/2730
f 3225/3719/2730 3224/3718/2729 3226/3720/2731
f 3227/3721/2732 3160/3652/2665 3225/3719/2730
f 3228/3722/2733 3225/3719/2730 3226/3720/2731
f 3229/3723/2734 3162/3654/2667 3227/3721/2732
f 3230/3724/2735 3227/3721/2732 3228/3722/2733
f 3231/3725/2736 3164/3656/2669 3229/3723/2734
f 3232/3726/2737 3229/3723/2734 3230/3724/2735
f 3233/3727/2738 3166/3658/2671 3231/3725/2736
f 3234/3728/2739 3231/3725/2736 3232/3726/2737
f 3235/3729/2740 3168/3660/2673 3233/3727/2738
f 3236/3730/2741 3233/3727/2738 3234/3728/2739
f 3237/3731/2742 3170/3662/2675 3235/3729/2740
f 3238/3732/2743 3235/3729/2740 3236/3730/2741
f 3239/3733/2744 3172/3664/2677 3237/3731/2742
f 3240/3734/2745 3237/3731/2742 3238/3732/2743
f 3241/3735/2746 3174/3666/2679 3239/3733/2744
f 3242/3736/2747 3239/3733/2744 3240/3734/2745
f 3178/3670/2683 3241/3735/2746 3243/3737/2748
f 3243/3737/2748 3242/3736/2747 3244/3738/2749
f 3180/3672/2685 3243/3737/2748 3245/3739/2750
f 3245/3739/2750 3244/3738/2749 3246/3740/2751
f 3182/3674/2687 3245/3739/2750 3247/3678/2752
f 3247/3678/2752 3246/3740/2751 3248/3741/2753
f 3185/3676/2690 3248/3741/2753 3250/3682/2755
f 3250/3682/2755 3249/3742/2754 3251/3743/2756
f 3248/3741/2753 3311/3744/2816 3249/3742/2754
f 3188/3680/2693 3251/3743/2756 3253/3745/2758
f 3253/3745/2758 3252/3746/2757 3254/3747/2759
f 3251/3743/2756 3314/3748/2819 3252/3746/2757
f 3190/3681/2695 3253/3745/2758 3255/3749/2760
f 3255/3749/2760 3254/3747/2759 3256/3750/2761
f 3192/3684/2697 3255/3749/2760 3257/3751/2762
f 3257/3751/2762 3256/3750/2761 3258/3752/2763
f 3194/3686/2699 3257/3751/2762 3259/3753/2764
f 3259/3753/2764 3258/3752/2763 3260/3754/2765
f 3261/3755/2766 3194/3686/2699 3259/3753/2764
f 3262/3756/2767 3259/3753/2764 3260/3754/2765
f 3263/3757/2768 3196/3688/2701 3261/3755/2766
f 3264/3758/2769 3261/3755/2766 3262/3756/2767
f 3265/3759/2770 3198/3690/2703 3263/3757/2768
f 3266/3760/2771 3263/3757/2768 3264/3758/2769
f 3267/3761/2772 3200/3692/2705 3265/3759/2770
f 3268/3762/2773 3265/3759/2770 3266/3760/2771
f 3269/3763/2774 3202/3694/2707 3267/3761/2772
f 3270/3764/2775 3267/3761/2772 3268/3762/2773
f 3271/3765/2776 3204/3696/2709 3269/3763/2774
f 3272/3766/2777 3269/3763/2774 3270/3764/2775
f 3273/3767/2778 3206/3698/2711 3271/3765/2776
f 3274/3768/2779 3271/3765/2776 3272/3766/2777
f 3275/3769/2780 3208/3700/2713 3273/3767/2778
f 3276/3770/2781 3273/3767/2778 3274/3768/2779
f 3212/3706/2717 3275/3771/2780 3277/3772/2782
f 3277/3772/2782 3276/3773/2781 3278/3774/2783
f 3214/3708/2719 3277/3772/2782 3279/3775/2784
f 3279/3775/2784 3278/3774/2783 3280/3776/2785
f 3216/3710/2721 3279/3775/2784 3281/3777/2786
f 3281/3777/2786 3280/3776/2785 3282/3778/2787
f 3218/3712/2723 3281/3777/2786 3283/3779/2788
f 3283/3779/2788 3282/3778/2787 3284/3780/2789
f 3220/3714/2725 3283/3779/2788 3285/3781/2790
f 3285/3781/2790 3284/3780/2789 3286/3782/2791
f 3222/3716/2727 3285/3781/2790 3287/3783/2792
f 3287/3783/2792 3286/3782/2791 3288/3784/2793
f 3224/3718/2729 3287/3783/2792 3289/3785/2794
f 3289/3785/2794 3288/3784/2793 3290/3786/2795
f 3226/3720/2731 3289/3785/2794 3291/3787/2796
f 3291/3787/2796 3290/3786/2795 3292/3788/2797
f 3293/3789/2798 3226/3720/2731 3291/3787/2796
f 3294/3790/2799 3291/3787/2796 3292/3788/2797
f 3295/3791/2800 3228/3722/2733 3293/3789/2798
f 3296/3792/2801 3293/3789/2798 3294/3790/2799
f 3297/3793/2802 3230/3724/2735 3295/3791/2800
f 3298/3794/2803 3295/3791/2800 3296/3792/2801
f 3299/3795/2804 3232/3726/2737 3297/3793/2802
f 3300/3796/2805 3297/3793/2802 3298/3794/2803
f 3301/3797/2806 3234/3728/2739 3299/3795/2804
f 3302/3798/2807 3299/3795/2804 3300/3796/2805
f 3303/3799/2808 3236/3730/2741 3301/3797/2806
f 3304/3800/2809 3301/3797/2806 3302/3798/2807
f 3305/3801/2810 3238/3732/2743 3303/3799/2808
f 3306/3802/2811 3303/3799/2808 3304/3800/2809
f 3307/3803/2812 3240/3734/2745 3305/3801/2810
f 3308/3804/2813 3305/3801/2810 3306/3802/2811
f 3244/3738/2749 3307/3803/2812 3309/3805/2814
f 3309/3805/2814 3308/3804/2813 3310/3806/2815
f 3246/3740/2751 3309/3805/2814 3311/3744/2816
f 3311/3744/2816 3310/3806/2815 3312/3807/2817
f 3249/3742/2754 3312/3807/2817 3314/3748/2819
f 3314/3748/2819 3313/3808/2818 3315/3809/2820
f 3312/3807/2817 3375/3810/2880 3313/3808/2818
f 3252/3746/2757 3315/3809/2820 3317/3811/2822
f 3317/3811/2822 3316/3812/2821 3318/3813/2823
f 3315/3809/2820 3378/3814/2883 3316/3812/2821
f 3254/3747/2759 3317/3811/2822 3319/3815/2824
f 3319/3815/2824 3318/3813/2823 3320/3816/2825
f 3256/3750/2761 3319/3815/2824 3321/3817/2826
f 3321/3817/2826 3320/3816/2825 3322/3818/2827
f 3258/3752/2763 3321/3817/2826 3323/3819/2828
f 3323/3819/2828 3322/3818/2827 3324/3820/2829
f 3260/3754/2765 3323/3819/2828 3325/3821/2830
f 3325/3821/2830 3324/3820/2829 3326/3822/2831
f 3327/3823/2832 3260/3754/2765 3325/3821/2830
f 3328/3824/2833 3325/3821/2830 3326/3822/2831
f 3329/3825/2834 3262/3756/2767 3327/3823/2832
f 3330/3826/2835 3327/3823/2832 3328/3824/2833
f 3331/3827/2836 3264/3758/2769 3329/3825/2834
f 3332/3828/2837 3329/3825/2834 3330/3826/2835
f 3333/3829/2838 3266/3760/2771 3331/3827/2836
f 3334/3830/2839 3331/3827/2836 3332/3828/2837
f 3335/3831/2840 3268/3762/2773 3333/3829/2838
f 3336/3832/2841 3333/3829/2838 3334/3830/2839
f 3337/3833/2842 3270/3764/2775 3335/3831/2840
f 3338/3834/2843 3335/3831/2840 3336/3832/2841
f 3339/3835/2844 3272/3766/2777 3337/3833/2842
f 3340/3836/2845 3337/3833/2842 3338/3834/2843
f 3341/3837/2846 3274/3768/2779 3339/3835/2844
f 3342/3838/2847 3339/3835/2844 3340/3836/2845
f 3278/3774/2783 3341/3839/2846 3343/3840/2848
f 3343/3840/2848 3342/3841/2847 3344/3842/2849
f 3280/3776/2785 3343/3840/2848 3345/3843/2850
f 3345/3843/2850 3344/3842/2849 3346/3844/2851
f 3282/3778/2787 3345/3843/2850 3347/3845/2852
f 3347/3845/2852 3346/3844/2851 3348/3846/2853
f 3284/3780/2789 3347/3845/2852 3349/3847/2854
f 3349/3847/2854 3348/3846/2853 3350/3848/2855
f 3286/3782/2791 3349/3847/2854 3351/3849/2856
f 3351/3849/2856 3350/3848/2855 3352/3850/2857
f 3288/3784/2793 3351/3849/2856 3353/3851/2858
f 3353/3851/2858 3352/3850/2857 3354/3852/2859
f 3290/3786/2795 3353/3851/2858 3355/3853/2860
f 3355/3853/2860 3354/3852/2859 3356/3854/2861
f 3292/3788/2797 3355/3853/2860 3357/3855/2862
f 3357/3855/2862 3356/3854/2861 3358/3856/2863
f 3359/3857/2864 3292/3788/2797 3357/3855/2862
f 3360/3858/2865 3357/3855/2862 3358/3856/2863
f 3361/3859/2866 3294/3790/2799 3359/3857/2864
f 3362/3860/2867 3359/3857/2864 3360/3858/2865
f 3363/3861/2868 3296/3792/2801 3361/3859/2866
f 3364/3862/2869 3361/3859/2866 3362/3860/2867
f 3365/3863/2870 3298/3794/2803 3363/3861/2868
f 3366/3864/2871 3363/3861/2868 3364/3862/2869
f 3367/3865/2872 3300/3796/2805 3365/3863/2870
f 3368/3866/2873 3365/3863/2870 3366/3864/2871
f 3369/3867/2874 3302/3798/2807 3367/3865/2872
f 3370/3868/2875 3367/3865/2872 3368/3866/2873
f 3371/3869/2876 3304/3800/2809 3369/3867/2874
f 3372/3870/2877 3369/3867/2874 3370/3868/2875
f 3373/3871/2878 3306/3802/2811 3371/3869/2876
f 3374/3872/2879 3371/3869/2876 3372/3870/2877
f 3310/3806/2815 3373/3871/2878 3375/3810/2880
f 3375/3810/2880 3374/3872/2879 3376/3873/2881
f 3313/3808/2818 3376/3873/2881 3378/3814/2883
f 3378/3814/2883 3377/3874/2882 3379/3875/2884
f 3376/3873/2881 3388/3876/2892 3377/3874/2882
f 3316/3812/2821 3379/3875/2884 3380/3877/2885
f 3381/3878/308 3380/3877/2885 3379/3875/2884
f 3381/3879/308 3379/3875/2884 3377/3874/2882
f 3381/3880/308 3399/3881/2903 3382/3882/2886
f 3381/3883/308 3382/3882/2886 3400/3884/2904
f 3381/3885/308 3383/3886/2887 3384/3887/2888
f 3381/3888/308 3410/3889/2914 3383/3886/2887
f 3381/3890/308 3384/3887/2888 3385/3891/2889
f 3381/3892/308 3385/3891/2889 3386/3893/2890
f 3381/3894/308 3386/3893/2890 3387/3895/2891
f 3381/3896/308 3387/3895/2891 3380/3877/2885
f 3381/3897/308 3377/3874/2882 3388/3876/2892
f 3381/3898/308 3388/3876/2892 3389/3899/2893
f 3381/3900/308 3389/3899/2893 3390/3901/2894
f 3381/3902/308 3390/3901/2894 3391/3903/2895
f 3381/3904/308 3391/3903/2895 3392/3905/2896
f 3381/3906/308 3392/3905/2896 3393/3907/2897
f 3381/3908/308 3393/3907/2897 3394/3909/2898
f 3381/3910/308 3394/3909/2898 3395/3911/2899
f 3381/3912/308 3395/3911/2899 3396/3913/2900
f 3381/3914/308 3396/3913/2900 3397/3915/2901
f 3381/3916/308 3397/3915/2901 3398/3917/2902
f 3381/3918/308 3398/3917/2902 3399/3881/2903
f 3381/3919/308 3400/3884/2904 3401/3920/2905
f 3381/3921/308 3401/3920/2905 3402/3922/2906
f 3381/3923/308 3402/3922/2906 3403/3924/2907
f 3381/3925/308 3403/3926/2907 3404/3927/2908
f 3381/3928/308 3404/3927/2908 3405/3929/2909
f 3381/3930/308 3405/3929/2909 3406/3931/2910
f 3381/3932/308 3406/3931/2910 3407/3933/2911
f 3381/3934/308 3407/3933/2911 3408/3935/2912
f 3381/3936/308 3408/3935/2912 3409/3937/2913
f 3381/3938/308 3409/3937/2913 3410/3889/2914
f 3409/3937/2913 3328/3824/2833 3410/3889/2914
f 3410/3889/2914 3326/3822/2831 3383/3886/2887
f 3408/3935/2912 3330/3826/2835 3409/3937/2913
f 3407/3933/2911 3332/3828/2837 3408/3935/2912
f 3406/3931/2910 3334/3830/2839 3407/3933/2911
f 3405/3929/2909 3336/3832/2841 3406/3931/2910
f 3404/3927/2908 3338/3834/2843 3405/3929/2909
f 3403/3926/2907 3340/3836/2845 3404/3927/2908
f 3344/3842/2849 3403/3924/2907 3402/3922/2906
f 3346/3844/2851 3402/3922/2906 3401/3920/2905
f 3348/3846/2853 3401/3920/2905 3400/3884/2904
f 3350/3848/2855 3400/3884/2904 3382/3882/2886
f 3354/3852/2859 3399/3881/2903 3398/3917/2902
f 3352/3850/2857 3382/3882/2886 3399/3881/2903
f 3356/3854/2861 3398/3917/2902 3397/3915/2901
f 3358/3856/2863 3397/3915/2901 3396/3913/2900
f 3395/3911/2899 3358/3856/2863 3396/3913/2900
f 3394/3909/2898 3360/3858/2865 3395/3911/2899
f 3393/3907/2897 3362/3860/2867 3394/3909/2898
f 3392/3905/2896 3364/3862/2869 3393/3907/2897
f 3391/3903/2895 3366/3864/2871 3392/3905/2896
f 3390/3901/2894 3368/3866/2873 3391/3903/2895
f 3389/3899/2893 3370/3868/2875 3390/3901/2894
f 3388/3876/2892 3372/3870/2877 3389/3899/2893
f 3320/3816/2825 3387/3895/2891 3386/3893/2890
f 3318/3813/2823 3380/3877/2885 3387/3895/2891
f 3322/3818/2827 3386/3893/2890 3385/3891/2889
f 3324/3820/2829 3385/3891/2889 3384/3887/2888
f 3326/3822/2831 3384/3887/2888 3383/3886/2887
f 3412/3448/2916 3411/3939/2915 3055/3543/2560
f 3055/3543/2560 3444/3940/2947 3052/3541/2557
f 2965/3941/2470 3413/3942/2917 3412/3448/2916
f 3413/3942/2917 3414/3943/82 3411/3939/2915
f 3415/3944/2918 3414/3945/82 3413/3942/2917
f 3416/3946/2919 2965/3941/2470 2968/3452/2473
f 3416/3946/2919 3414/3947/82 3415/3944/2918
f 3417/3948/2920 2968/3452/2473 2971/3455/2476
f 3417/3948/2920 3414/3949/82 3416/3946/2919
f 3418/3950/2921 2971/3455/2476 2974/3458/2479
f 3418/3950/2921 3414/3951/82 3417/3948/2920
f 3419/3952/2922 2974/3458/2479 2977/3461/2482
f 3419/3952/2922 3414/3953/82 3418/3950/2921
f 3420/3954/2923 2977/3461/2482 2980/3464/2485
f 3420/3954/2923 3414/3955/82 3419/3952/2922
f 3421/3956/2924 2980/3464/2485 2983/3467/2488
f 3421/3956/2924 3414/3957/82 3420/3954/2923
f 3422/3958/2925 2983/3467/2488 2986/3470/2491
f 3422/3958/2925 3414/3959/82 3421/3956/2924
f 3423/3960/2926 2986/3470/2491 2989/3473/2494
f 3423/3960/2926 3414/3961/82 3422/3958/2925
f 2992/3482/2497 3423/3962/2926 2989/3477/2494
f 3424/3963/2927 3414/3964/82 3423/3962/2926
f 2995/3485/2500 3424/3963/2927 2992/3482/2497
f 3425/3965/2928 3414/3966/82 3424/3963/2927
f 2998/3488/2503 3425/3965/2928 2995/3485/2500
f 3426/3967/2929 3414/3968/82 3425/3965/2928
f 3001/3491/2506 3426/3967/2929 2998/3488/2503
f 3427/3969/2930 3414/3970/82 3426/3967/2929
f 3004/3494/2509 3427/3969/2930 3001/3491/2506
f 3428/3971/2931 3414/3972/82 3427/3969/2930
f 3007/3497/2512 3428/3971/2931 3004/3494/2509
f 3429/3973/2932 3414/3974/82 3428/3971/2931
f 3010/3500/2515 3429/3973/2932 3007/3497/2512
f 3430/3975/2933 3414/3976/82 3429/3973/2932
f 3013/3977/2518 3430/3975/2933 3010/3500/2515
f 3431/3978/2934 3414/3979/82 3430/3975/2933
f 3432/3980/2935 3013/3977/2518 3016/3502/2521
f 3432/3980/2935 3414/3981/82 3431/3978/2934
f 3433/3982/2936 3016/3502/2521 3019/3505/2524
f 3433/3982/2936 3414/3983/82 3432/3980/2935
f 3434/3984/2937 3019/3505/2524 3022/3508/2527
f 3434/3984/2937 3414/3985/82 3433/3982/2936
f 3435/3986/2938 3022/3508/2527 3025/3511/2530
f 3435/3986/2938 3414/3987/82 3434/3984/2937
f 3436/3988/2939 3025/3511/2530 3028/3514/2533
f 3436/3988/2939 3414/3989/82 3435/3986/2938
f 3437/3990/2940 3028/3514/2533 3031/3517/2536
f 3437/3990/2940 3414/3991/82 3436/3988/2939
f 3438/3992/2941 3031/3517/2536 3034/3520/2539
f 3438/3992/2941 3414/3993/82 3437/3990/2940
f 3439/3994/2942 3034/3520/2539 3037/3523/2542
f 3439/3994/2942 3414/3995/82 3438/3992/2941
f 3040/3529/2545 3439/3994/2942 3037/3523/2542
f 3440/3996/2943 3414/3997/82 3439/3994/2942
f 3043/3532/2548 3440/3996/2943 3040/3529/2545
f 3441/3998/2944 3414/3999/82 3440/3996/2943
f 3442/4000/2945 3414/4001/82 3441/3998/2944
f 3046/3535/2551 3441/3998/2944 3043/3532/2548
f 3049/3538/2554 3442/4000/2945 3046/3535/2551
f 3443/4002/2946 3414/4003/82 3442/4000/2945
f 3052/3541/2557 3443/4002/2946 3049/3538/2554
f 3444/3940/2947 3414/4004/82 3443/4002/2946
f 3411/3939/2915 3414/4005/82 3444/3940/2947
f 3445/4006/2948 3894/4007/3396 3447/4008/2950
f 3448/4009/2951 3446/4010/2949 3445/4006/2948
f 3445/4006/2948 3450/4011/2953 3449/4012/2952
f 3448/4009/2951 3449/4012/2952 3451/4013/2954
f 3449/4012/2952 3453/4014/2956 3452/4015/2955
f 3451/4013/2954 3452/4015/2955 3454/4016/2957
f 3452/4015/2955 3456/4017/2959 3455/4018/2958
f 3454/4016/2957 3455/4018/2958 3457/4019/2960
f 3455/4018/2958 3459/4020/2962 3458/4021/2961
f 3457/4019/2960 3458/4021/2961 3460/4022/2963
f 3458/4021/2961 3462/4023/2965 3461/4024/2964
f 3460/4022/2963 3461/4024/2964 3463/4025/2966
f 3461/4024/2964 3465/4026/2968 3464/4027/2967
f 3463/4025/2966 3464/4027/2967 3466/4028/2969
f 3464/4027/2967 3468/4029/2971 3467/4030/2970
f 3466/4028/2969 3467/4030/2970 3469/4031/2972
f 3467/4030/2970 3471/4032/2974 3470/4033/2973
f 3469/4031/2972 3470/4033/2973 3472/4034/2975
f 3473/4035/2976 3471/4036/2974 3474/4037/2977
f 3475/4038/2978 3470/4039/2973 3473/4035/2976
f 3476/4040/2979 3474/4037/2977 3477/4041/2980
f 3478/4042/2981 3473/4035/2976 3476/4040/2979
f 3479/4043/2982 3477/4041/2980 3480/4044/2983
f 3481/4045/2984 3476/4040/2979 3479/4043/2982
f 3482/4046/2985 3480/4044/2983 3483/4047/2986
f 3484/4048/2987 3479/4043/2982 3482/4046/2985
f 3485/4049/2988 3483/4047/2986 3486/4050/2989
f 3487/4051/2990 3482/4046/2985 3485/4049/2988
f 3488/4052/2991 3486/4050/2989 3489/4053/2992
f 3490/4054/2993 3485/4049/2988 3488/4052/2991
f 3491/4055/2994 3489/4053/2992 3492/4056/2995
f 3493/4057/2996 3488/4052/2991 3491/4055/2994
f 3494/4058/2997 3492/4056/2995 3495/4059/2998
f 3496/4060/2999 3491/4055/2994 3494/4058/2997
f 3494/4058/2997 3498/4061/3001 3497/4062/3000
f 3496/4060/2999 3497/4062/3000 3499/4063/3002
f 3497/4062/3000 3501/4064/3004 3500/4065/3003
f 3499/4063/3002 3500/4065/3003 3502/4066/3005
f 3500/4065/3003 3504/4067/3007 3503/4068/3006
f 3502/4066/3005 3503/4068/3006 3505/4069/3008
f 3503/4068/3006 3507/4070/3010 3506/4071/3009
f 3505/4069/3008 3506/4071/3009 3508/4072/3011
f 3506/4071/3009 3510/4073/3013 3509/4074/3012
f 3508/4072/3011 3509/4074/3012 3511/4075/3014
f 3509/4074/3012 3513/4076/3016 3512/4077/3015
f 3511/4075/3014 3512/4077/3015 3514/4078/3017
f 3512/4077/3015 3516/4079/3019 3515/4080/3018
f 3514/4078/3017 3515/4080/3018 3517/4081/3020
f 3515/4080/3018 3519/4082/3022 3518/4083/3021
f 3517/4081/3020 3518/4083/3021 3520/4084/3023
f 3521/4085/3024 3519/4082/3022 3522/4086/3025
f 3523/4087/3026 3518/4083/3021 3521/4085/3024
f 3524/4088/3027 3522/4086/3025 3525/4089/3028
f 3526/4090/3029 3521/4085/3024 3524/4088/3027
f 3527/4091/3030 3525/4089/3028 3528/4092/3031
f 3529/4093/3032 3524/4088/3027 3527/4091/3030
f 3530/4094/3033 3528/4092/3031 3531/4095/3034
f 3532/4096/3035 3527/4091/3030 3530/4094/3033
f 3533/4097/3036 3531/4095/3034 3534/4098/3037
f 3535/4099/3038 3530/4094/3033 3533/4097/3036
f 3536/4100/3039 3534/4098/3037 3537/4101/3040
f 3538/4102/3041 3533/4097/3036 3536/4100/3039
f 3446/4010/2949 3537/4101/3040 3894/4007/3396
f 3540/4103/3043 3536/4100/3039 3446/4010/2949
f 3541/4104/3044 3538/4102/3041 3540/4103/3043
f 3539/4105/3042 3535/4099/3038 3538/4102/3041
f 3543/4106/3046 3540/4103/3043 3448/4009/2951
f 3544/4107/3047 3541/4104/3044 3543/4106/3046
f 3542/4108/3045 3539/4105/3042 3541/4104/3044
f 3543/4106/3046 3451/4013/2954 3545/4109/3048
f 3544/4107/3047 3545/4109/3048 3546/4110/3049
f 3545/4109/3048 3454/4016/2957 3547/4111/3050
f 3546/4110/3049 3547/4111/3050 3548/4112/3051
f 3547/4111/3050 3457/4019/2960 3549/4113/3052
f 3548/4112/3051 3549/4113/3052 3550/4114/3053
f 3549/4113/3052 3460/4022/2963 3551/4115/3054
f 3550/4114/3053 3551/4115/3054 3552/4116/3055
f 3551/4115/3054 3463/4025/2966 3553/4117/3056
f 3552/4116/3055 3553/4117/3056 3554/4118/3057
f 3553/4117/3056 3466/4028/2969 3555/4119/3058
f 3554/4118/3057 3555/4119/3058 3556/4120/3059
f 3555/4119/3058 3469/4031/2972 3557/4121/3060
f 3556/4120/3059 3557/4121/3060 3558/4122/3061
f 3557/4121/3060 3472/4034/2975 3559/4123/3062
f 3558/4122/3061 3559/4123/3062 3560/4124/3063
f 3561/4125/3064 3472/4126/2975 3475/4038/2978
f 3562/4127/3065 3559/4128/3062 3561/4125/3064
f 3563/4129/3066 3475/4038/2978 3478/4042/2981
f 3564/4130/3067 3561/4125/3064 3563/4129/3066
f 3565/4131/3068 3478/4042/2981 3481/4045/2984
f 3566/4132/3069 3563/4129/3066 3565/4131/3068
f 3567/4133/3070 3481/4045/2984 3484/4048/2987
f 3568/4134/3071 3565/4131/3068 3567/4133/3070
f 3569/4135/3072 3484/4048/2987 3487/4051/2990
f 3570/4136/3073 3567/4133/3070 3569/4135/3072
f 3571/4137/3074 3487/4051/2990 3490/4054/2993
f 3572/4138/3075 3569/4135/3072 3571/4137/3074
f 3573/4139/3076 3490/4054/2993 3493/4057/2996
f 3574/4140/3077 3571/4137/3074 3573/4139/3076
f 3575/4141/3078 3493/4057/2996 3496/4060/2999
f 3576/4142/3079 3573/4139/3076 3575/4141/3078
f 3575/4141/3078 3499/4063/3002 3577/4143/3080
f 3576/4142/3079 3577/4143/3080 3578/4144/3081
f 3577/4143/3080 3502/4066/3005 3579/4145/3082
f 3578/4144/3081 3579/4145/3082 3580/4146/3083
f 3579/4145/3082 3505/4069/3008 3581/4147/3084
f 3580/4146/3083 3581/4147/3084 3582/4148/3085
f 3581/4147/3084 3508/4072/3011 3583/4149/3086
f 3582/4148/3085 3583/4149/3086 3584/4150/3087
f 3583/4149/3086 3511/4075/3014 3585/4151/3088
f 3584/4150/3087 3585/4151/3088 3586/4152/3089
f 3585/4151/3088 3514/4078/3017 3587/4153/3090
f 3586/4152/3089 3587/4153/3090 3588/4154/3091
f 3587/4153/3090 3517/4081/3020 3589/4155/3092
f 3588/4154/3091 3589/4155/3092 3590/4156/3093
f 3589/4155/3092 3520/4084/3023 3591/4157/3094
f 3590/4156/3093 3591/4157/3094 3592/4158/3095
f 3593/4159/3096 3520/4084/3023 3523/4087/3026
f 3594/4160/3097 3591/4157/3094 3593/4159/3096
f 3595/4161/3098 3523/4087/3026 3526/4090/3029
f 3596/4162/3099 3593/4159/3096 3595/4161/3098
f 3597/4163/3100 3526/4090/3029 3529/4093/3032
f 3598/4164/3101 3595/4161/3098 3597/4163/3100
f 3599/4165/3102 3529/4093/3032 3532/4096/3035
f 3600/4166/3103 3597/4163/3100 3599/4165/3102
f 3601/4167/3104 3532/4096/3035 3535/4099/3038
f 3602/4168/3105 3599/4165/3102 3601/4167/3104
f 3604/4169/3107 3601/4167/3104 3539/4105/3042
f 3605/4170/3108 3602/4168/3105 3604/4169/3107
f 3603/4171/3106 3600/4166/3103 3602/4168/3105
f 3607/4172/3110 3604/4169/3107 3542/4108/3045
f 3608/4173/3111 3605/4170/3108 3607/4172/3110
f 3606/4174/3109 3603/4171/3106 3605/4170/3108
f 3609/4175/3112 3542/4108/3045 3544/4107/3047
f 3610/4176/3113 3607/4172/3110 3609/4175/3112
f 3610/4176/3113 3611/4177/3114 3612/4178/3115
f 3609/4175/3112 3546/4110/3049 3611/4177/3114
f 3611/4177/3114 3548/4112/3051 3613/4179/3116
f 3612/4178/3115 3613/4179/3116 3614/4180/3117
f 3613/4179/3116 3550/4114/3053 3615/4181/3118
f 3614/4180/3117 3615/4181/3118 3616/4182/3119
f 3615/4181/3118 3552/4116/3055 3617/4183/3120
f 3616/4182/3119 3617/4183/3120 3618/4184/3121
f 3617/4183/3120 3554/4118/3057 3619/4185/3122
f 3618/4184/3121 3619/4185/3122 3620/4186/3123
f 3619/4185/3122 3556/4120/3059 3621/4187/3124
f 3620/4186/3123 3621/4187/3124 3622/4188/3125
f 3621/4187/3124 3558/4122/3061 3623/4189/3126
f 3622/4188/3125 3623/4189/3126 3624/4190/3127
f 3623/4189/3126 3560/4124/3063 3625/4191/3128
f 3624/4190/3127 3625/4191/3128 3626/4192/3129
f 3627/4193/3130 3560/4194/3063 3562/4127/3065
f 3628/4195/3131 3625/4196/3128 3627/4193/3130
f 3629/4197/3132 3562/4127/3065 3564/4130/3067
f 3630/4198/3133 3627/4193/3130 3629/4197/3132
f 3631/4199/3134 3564/4130/3067 3566/4132/3069
f 3632/4200/3135 3629/4197/3132 3631/4199/3134
f 3633/4201/3136 3566/4132/3069 3568/4134/3071
f 3634/4202/3137 3631/4199/3134 3633/4201/3136
f 3635/4203/3138 3568/4134/3071 3570/4136/3073
f 3636/4204/3139 3633/4201/3136 3635/4203/3138
f 3637/4205/3140 3570/4136/3073 3572/4138/3075
f 3638/4206/3141 3635/4203/3138 3637/4205/3140
f 3639/4207/3142 3572/4138/3075 3574/4140/3077
f 3640/4208/3143 3637/4205/3140 3639/4207/3142
f 3641/4209/3144 3574/4140/3077 3576/4142/3079
f 3642/4210/3145 3639/4207/3142 3641/4209/3144
f 3641/4209/3144 3578/4144/3081 3643/4211/3146
f 3642/4210/3145 3643/4211/3146 3644/4212/3147
f 3643/4211/3146 3580/4146/3083 3645/4213/3148
f 3644/4212/3147 3645/4213/3148 3646/4214/3149
f 3645/4213/3148 3582/4148/3085 3647/4215/3150
f 3646/4214/3149 3647/4215/3150 3648/4216/3151
f 3647/4215/3150 3584/4150/3087 3649/4217/3152
f 3648/4216/3151 3649/4217/3152 3650/4218/3153
f 3649/4217/3152 3586/4152/3089 3651/4219/3154
f 3650/4218/3153 3651/4219/3154 3652/4220/3155
f 3651/4219/3154 3588/4154/3091 3653/4221/3156
f 3652/4220/3155 3653/4221/3156 3654/4222/3157
f 3653/4221/3156 3590/4156/3093 3655/4223/3158
f 3654/4222/3157 3655/4223/3158 3656/4224/3159
f 3655/4223/3158 3592/4158/3095 3657/4225/3160
f 3656/4224/3159 3657/4225/3160 3658/4226/3161
f 3659/4227/3162 3592/4158/3095 3594/4160/3097
f 3660/4228/3163 3657/4225/3160 3659/4227/3162
f 3661/4229/3164 3594/4160/3097 3596/4162/3099
f 3662/4230/3165 3659/4227/3162 3661/4229/3164
f 3663/4231/3166 3596/4162/3099 3598/4164/3101
f 3664/4232/3167 3661/4229/3164 3663/4231/3166
f 3665/4233/3168 3598/4164/3101 3600/4166/3103
f 3666/4234/3169 3663/4231/3166 3665/4233/3168
f 3668/4235/3171 3665/4233/3168 3603/4171/3106
f 3667/4236/3170 3668/4235/3171 3669/4237/3172
f 3729/4238/3232 3666/4234/3169 3667/4236/3170
f 3669/4237/3172 3606/4174/3109 3671/4239/3174
f 3670/4240/3173 3671/4239/3174 3672/4241/3175
f 3732/4242/3235 3669/4237/3172 3670/4240/3173
f 3671/4239/3174 3608/4173/3111 3673/4243/3176
f 3672/4241/3175 3673/4243/3176 3674/4244/3177
f 3673/4243/3176 3610/4176/3113 3675/4245/3178
f 3674/4244/3177 3675/4245/3178 3676/4246/3179
f 3677/4247/3180 3610/4176/3113 3612/4178/3115
f 3678/4248/3181 3675/4245/3178 3677/4247/3180
f 3679/4249/3182 3612/4178/3115 3614/4180/3117
f 3680/4250/3183 3677/4247/3180 3679/4249/3182
f 3681/4251/3184 3614/4180/3117 3616/4182/3119
f 3682/4252/3185 3679/4249/3182 3681/4251/3184
f 3683/4253/3186 3616/4182/3119 3618/4184/3121
f 3684/4254/3187 3681/4251/3184 3683/4253/3186
f 3685/4255/3188 3618/4184/3121 3620/4186/3123
f 3686/4256/3189 3683/4253/3186 3685/4255/3188
f 3687/4257/3190 3620/4186/3123 3622/4188/3125
f 3688/4258/3191 3685/4255/3188 3687/4257/3190
f 3689/4259/3192 3622/4188/3125 3624/4190/3127
f 3690/4260/3193 3687/4257/3190 3689/4259/3192
f 3691/4261/3194 3624/4190/3127 3626/4192/3129
f 3692/4262/3195 3689/4259/3192 3691/4261/3194
f 3691/4263/3194 3628/4195/3131 3693/4264/3196
f 3692/4265/3195 3693/4264/3196 3694/4266/3197
f 3693/4264/3196 3630/4198/3133 3695/4267/3198
f 3694/4266/3197 3695/4267/3198 3696/4268/3199
f 3695/4267/3198 3632/4200/3135 3697/4269/3200
f 3696/4268/3199 3697/4269/3200 3698/4270/3201
f 3697/4269/3200 3634/4202/3137 3699/4271/3202
f 3698/4270/3201 3699/4271/3202 3700/4272/3203
f 3699/4271/3202 3636/4204/3139 3701/4273/3204
f 3700/4272/3203 3701/4273/3204 3702/4274/3205
f 3701/4273/3204 3638/4206/3141 3703/4275/3206
f 3702/4274/3205 3703/4275/3206 3704/4276/3207
f 3703/4275/3206 3640/4208/3143 3705/4277/3208
f 3704/4276/3207 3705/4277/3208 3706/4278/3209
f 3705/4277/3208 3642/4210/3145 3707/4279/3210
f 3706/4278/3209 3707/4279/3210 3708/4280/3211
f 3709/4281/3212 3642/4210/3145 3644/4212/3147
f 3710/4282/3213 3707/4279/3210 3709/4281/3212
f 3711/4283/3214 3644/4212/3147 3646/4214/3149
f 3712/4284/3215 3709/4281/3212 3711/4283/3214
f 3713/4285/3216 3646/4214/3149 3648/4216/3151
f 3714/4286/3217 3711/4283/3214 3713/4285/3216
f 3715/4287/3218 3648/4216/3151 3650/4218/3153
f 3716/4288/3219 3713/4285/3216 3715/4287/3218
f 3717/4289/3220 3650/4218/3153 3652/4220/3155
f 3718/4290/3221 3715/4287/3218 3717/4289/3220
f 3719/4291/3222 3652/4220/3155 3654/4222/3157
f 3720/4292/3223 3717/4289/3220 3719/4291/3222
f 3721/4293/3224 3654/4222/3157 3656/4224/3159
f 3722/4294/3225 3719/4291/3222 3721/4293/3224
f 3723/4295/3226 3656/4224/3159 3658/4226/3161
f 3724/4296/3227 3721/4293/3224 3723/4295/3226
f 3723/4295/3226 3660/4228/3163 3725/4297/3228
f 3724/4296/3227 3725/4297/3228 3726/4298/3229
f 3725/4297/3228 3662/4230/3165 3727/4299/3230
f 3726/4298/3229 3727/4299/3230 3728/4300/3231
f 3727/4299/3230 3664/4232/3167 3729/4238/3232
f 3728/4300/3231 3729/4238/3232 3730/4301/3233
f 3730/4301/3233 3667/4236/3170 3732/4242/3235
f 3731/4302/3234 3732/4242/3235 3733/4303/3236
f 3793/4304/3296 3730/4301/3233 3731/4302/3234
f 3733/4303/3236 3670/4240/3173 3735/4305/3238
f 3734/4306/3237 3735/4305/3238 3736/4307/3239
f 3796/4308/3299 3733/4303/3236 3734/4306/3237
f 3735/4305/3238 3672/4241/3175 3737/4309/3240
f 3736/4307/3239 3737/4309/3240 3738/4310/3241
f 3737/4309/3240 3674/4244/3177 3739/4311/3242
f 3738/4310/3241 3739/4311/3242 3740/4312/3243
f 3739/4311/3242 3676/4246/3179 3741/4313/3244
f 3740/4312/3243 3741/4313/3244 3742/4314/3245
f 3743/4315/3246 3676/4246/3179 3678/4248/3181
f 3744/4316/3247 3741/4313/3244 3743/4315/3246
f 3745/4317/3248 3678/4248/3181 3680/4250/3183
f 3746/4318/3249 3743/4315/3246 3745/4317/3248
f 3747/4319/3250 3680/4250/3183 3682/4252/3185
f 3748/4320/3251 3745/4317/3248 3747/4319/3250
f 3749/4321/3252 3682/4252/3185 3684/4254/3187
f 3750/4322/3253 3747/4319/3250 3749/4321/3252
f 3751/4323/3254 3684/4254/3187 3686/4256/3189
f 3752/4324/3255 3749/4321/3252 3751/4323/3254
f 3753/4325/3256 3686/4256/3189 3688/4258/3191
f 3754/4326/3257 3751/4323/3254 3753/4325/3256
f 3755/4327/3258 3688/4258/3191 3690/4260/3193
f 3756/4328/3259 3753/4325/3256 3755/4327/3258
f 3757/4329/3260 3690/4260/3193 3692/4262/3195
f 3758/4330/3261 3755/4327/3258 3757/4329/3260
f 3757/4331/3260 3694/4266/3197 3759/4332/3262
f 3758/4333/3261 3759/4332/3262 3760/4334/3263
f 3759/4332/3262 3696/4268/3199 3761/4335/3264
f 3760/4334/3263 3761/4335/3264 3762/4336/3265
f 3761/4335/3264 3698/4270/3201 3763/4337/3266
f 3762/4336/3265 3763/4337/3266 3764/4338/3267
f 3763/4337/3266 3700/4272/3203 3765/4339/3268
f 3764/4338/3267 3765/4339/3268 3766/4340/3269
f 3765/4339/3268 3702/4274/3205 3767/4341/3270
f 3766/4340/3269 3767/4341/3270 3768/4342/3271
f 3767/4341/3270 3704/4276/3207 3769/4343/3272
f 3768/4342/3271 3769/4343/3272 3770/4344/3273
f 3769/4343/3272 3706/4278/3209 3771/4345/3274
f 3770/4344/3273 3771/4345/3274 3772/4346/3275
f 3771/4345/3274 3708/4280/3211 3773/4347/3276
f 3772/4346/3275 3773/4347/3276 3774/4348/3277
f 3775/4349/3278 3708/4280/3211 3710/4282/3213
f 3776/4350/3279 3773/4347/3276 3775/4349/3278
f 3777/4351/3280 3710/4282/3213 3712/4284/3215
f 3778/4352/3281 3775/4349/3278 3777/4351/3280
f 3779/4353/3282 3712/4284/3215 3714/4286/3217
f 3780/4354/3283 3777/4351/3280 3779/4353/3282
f 3781/4355/3284 3714/4286/3217 3716/4288/3219
f 3782/4356/3285 3779/4353/3282 3781/4355/3284
f 3783/4357/3286 3716/4288/3219 3718/4290/3221
f 3784/4358/3287 3781/4355/3284 3783/4357/3286
f 3785/4359/3288 3718/4290/3221 3720/4292/3223
f 3786/4360/3289 3783/4357/3286 3785/4359/3288
f 3787/4361/3290 3720/4292/3223 3722/4294/3225
f 3788/4362/3291 3785/4359/3288 3787/4361/3290
f 3789/4363/3292 3722/4294/3225 3724/4296/3227
f 3790/4364/3293 3787/4361/3290 3789/4363/3292
f 3789/4363/3292 3726/4298/3229 3791/4365/3294
f 3790/4364/3293 3791/4365/3294 3792/4366/3295
f 3791/4365/3294 3728/4300/3231 3793/4304/3296
f 3792/4366/3295 3793/4304/3296 3794/4367/3297
f 3794/4367/3297 3731/4302/3234 3796/4308/3299
f 3795/4368/3298 3796/4308/3299 3797/4369/3300
f 3857/4370/3360 3794/4367/3297 3795/4368/3298
f 3797/4369/3300 3734/4306/3237 3799/4371/3302
f 3798/4372/3301 3799/4371/3302 3800/4373/3303
f 3860/4374/3363 3797/4369/3300 3798/4372/3301
f 3799/4371/3302 3736/4307/3239 3801/4375/3304
f 3800/4373/3303 3801/4375/3304 3802/4376/3305
f 3801/4375/3304 3738/4310/3241 3803/4377/3306
f 3802/4376/3305 3803/4377/3306 3804/4378/3307
f 3803/4377/3306 3740/4312/3243 3805/4379/3308
f 3804/4378/3307 3805/4379/3308 3806/4380/3309
f 3805/4379/3308 3742/4314/3245 3807/4381/3310
f 3806/4380/3309 3807/4381/3310 3808/4382/3311
f 3809/4383/3312 3742/4314/3245 3744/4316/3247
f 3810/4384/3313 3807/4381/3310 3809/4383/3312
f 3811/4385/3314 3744/4316/3247 3746/4318/3249
f 3812/4386/3315 3809/4383/3312 3811/4385/3314
f 3813/4387/3316 3746/4318/3249 3748/4320/3251
f 3814/4388/3317 3811/4385/3314 3813/4387/3316
f 3815/4389/3318 3748/4320/3251 3750/4322/3253
f 3816/4390/3319 3813/4387/3316 3815/4389/3318
f 3817/4391/3320 3750/4322/3253 3752/4324/3255
f 3818/4392/3321 3815/4389/3318 3817/4391/3320
f 3819/4393/3322 3752/4324/3255 3754/4326/3257
f 3820/4394/3323 3817/4391/3320 3819/4393/3322
f 3821/4395/3324 3754/4326/3257 3756/4328/3259
f 3822/4396/3325 3819/4393/3322 3821/4395/3324
f 3823/4397/3326 3756/4328/3259 3758/4330/3261
f 3824/4398/3327 3821/4395/3324 3823/4397/3326
f 3823/4399/3326 3760/4334/3263 3825/4400/3328
f 3824/4401/3327 3825/4400/3328 3826/4402/3329
f 3825/4400/3328 3762/4336/3265 3827/4403/3330
f 3826/4402/3329 3827/4403/3330 3828/4404/3331
f 3827/4403/3330 3764/4338/3267 3829/4405/3332
f 3828/4404/3331 3829/4405/3332 3830/4406/3333
f 3829/4405/3332 3766/4340/3269 3831/4407/3334
f 3830/4406/3333 3831/4407/3334 3832/4408/3335
f 3831/4407/3334 3768/4342/3271 3833/4409/3336
f 3832/4408/3335 3833/4409/3336 3834/4410/3337
f 3833/4409/3336 3770/4344/3273 3835/4411/3338
f 3834/4410/3337 3835/4411/3338 3836/4412/3339
f 3835/4411/3338 3772/4346/3275 3837/4413/3340
f 3836/4412/3339 3837/4413/3340 3838/4414/3341
f 3837/4413/3340 3774/4348/3277 3839/4415/3342
f 3838/4414/3341 3839/4415/3342 3840/4416/3343
f 3841/4417/3344 3774/4348/3277 3776/4350/3279
f 3842/4418/3345 3839/4415/3342 3841/4417/3344
f 3843/4419/3346 3776/4350/3279 3778/4352/3281
f 3844/4420/3347 3841/4417/3344 3843/4419/3346
f 3845/4421/3348 3778/4352/3281 3780/4354/3283
f 3846/4422/3349 3843/4419/3346 3845/4421/3348
f 3847/4423/3350 3780/4354/3283 3782/4356/3285
f 3848/4424/3351 3845/4421/3348 3847/4423/3350
f 3849/4425/3352 3782/4356/3285 3784/4358/3287
f 3850/4426/3353 3847/4423/3350 3849/4425/3352
f 3851/4427/3354 3784/4358/3287 3786/4360/3289
f 3852/4428/3355 3849/4425/3352 3851/4427/3354
f 3853/4429/3356 3786/4360/3289 3788/4362/3291
f 3854/4430/3357 3851/4427/3354 3853/4429/3356
f 3855/4431/3358 3788/4362/3291 3790/4364/3293
f 3856/4432/3359 3853/4429/3356 3855/4431/3358
f 3855/4431/3358 3792/4366/3295 3857/4370/3360
f 3856/4432/3359 3857/4370/3360 3858/4433/3361
f 3858/4433/3361 3795/4368/3298 3860/4374/3363
f 3859/4434/3362 3860/4374/3363 3861/4435/3364
f 3870/4436/3372 3858/4433/3361 3859/4434/3362
f 3861/4435/3364 3798/4372/3301 3862/4437/3365
f 3863/4438/308 3861/4435/3364 3862/4437/3365
f 3863/4439/308 3859/4434/3362 3861/4435/3364
f 3863/4440/308 3864/4441/3366 3881/4442/3383
f 3863/4443/308 3882/4444/3384 3864/4441/3366
f 3863/4445/308 3866/4446/3368 3865/4447/3367
f 3863/4448/308 3865/4447/3367 3892/4449/3394
f 3863/4450/308 3867/4451/3369 3866/4446/3368
f 3863/4452/308 3868/4453/3370 3867/4451/3369
f 3863/4454/308 3869/4455/3371 3868/4453/3370
f 3863/4456/308 3862/4437/3365 3869/4455/3371
f 3863/4457/308 3870/4436/3372 3859/4434/3362
f 3863/4458/308 3871/4459/3373 3870/4436/3372
f 3863/4460/308 3872/4461/3374 3871/4459/3373
f 3863/4462/308 3873/4463/3375 3872/4461/3374
f 3863/4464/308 3874/4465/3376 3873/4463/3375
f 3863/4466/308 3875/4467/3377 3874/4465/3376
f 3863/4468/308 3876/4469/3378 3875/4467/3377
f 3863/4470/308 3877/4471/3379 3876/4469/3378
f 3863/4472/308 3878/4473/3380 3877/4471/3379
f 3863/4474/308 3879/4475/3381 3878/4473/3380
f 3863/4476/308 3880/4477/3382 3879/4475/3381
f 3863/4478/308 3881/4442/3383 3880/4477/3382
f 3863/4479/308 3883/4480/3385 3882/4444/3384
f 3863/4481/308 3884/4482/3386 3883/4480/3385
f 3863/4483/308 3885/4484/3387 3884/4482/3386
f 3863/4485/308 3886/4486/3388 3885/4487/3387
f 3863/4488/308 3887/4489/3389 3886/4486/3388
f 3863/4490/308 3888/4491/3390 3887/4489/3389
f 3863/4492/308 3889/4493/3391 3888/4491/3390
f 3863/4494/308 3890/4495/3392 3889/4493/3391
f 3863/4496/308 3891/4497/3393 3890/4495/3392
f 3863/4498/308 3892/4449/3394 3891/4497/3393
f 3891/4497/3393 3810/4384/3313 3812/4386/3315
f 3892/4449/3394 3808/4382/3311 3810/4384/3313
f 3890/4495/3392 3812/4386/3315 3814/4388/3317
f 3889/4493/3391 3814/4388/3317 3816/4390/3319
f 3888/4491/3390 3816/4390/3319 3818/4392/3321
f 3887/4489/3389 3818/4392/3321 3820/4394/3323
f 3886/4486/3388 3820/4394/3323 3822/4396/3325
f 3885/4487/3387 3822/4396/3325 3824/4398/3327
f 3885/4484/3387 3826/4402/3329 3884/4482/3386
f 3884/4482/3386 3828/4404/3331 3883/4480/3385
f 3883/4480/3385 3830/4406/3333 3882/4444/3384
f 3882/4444/3384 3832/4408/3335 3864/4441/3366
f 3881/4442/3383 3836/4412/3339 3880/4477/3382
f 3864/4441/3366 3834/4410/3337 3881/4442/3383
f 3880/4477/3382 3838/4414/3341 3879/4475/3381
f 3879/4475/3381 3840/4416/3343 3878/4473/3380
f 3877/4471/3379 3840/4416/3343 3842/4418/3345
f 3876/4469/3378 3842/4418/3345 3844/4420/3347
f 3875/4467/3377 3844/4420/3347 3846/4422/3349
f 3874/4465/3376 3846/4422/3349 3848/4424/3351
f 3873/4463/3375 3848/4424/3351 3850/4426/3353
f 3872/4461/3374 3850/4426/3353 3852/4428/3355
f 3871/4459/3373 3852/4428/3355 3854/4430/3357
f 3870/4436/3372 3854/4430/3357 3856/4432/3359
f 3869/4455/3371 3802/4376/3305 3868/4453/3370
f 3862/4437/3365 3800/4373/3303 3869/4455/3371
f 3868/4453/3370 3804/4378/3307 3867/4451/3369
f 3867/4451/3369 3806/4380/3309 3866/4446/3368
f 3866/4446/3368 3808/4382/3311 3865/4447/3367
f 3894/4007/3396 3893/4499/3395 3895/4500/3397
f 3537/4101/3040 3926/4501/3427 3893/4499/3395
f 3447/4008/2950 3895/4500/3397 3897/4502/3398
f 3895/4500/3397 3893/4499/3395 3896/4503/82
f 3897/4502/3398 3895/4500/3397 3896/4504/82
f 3447/4008/2950 3898/4505/3399 3450/4011/2953
f 3898/4505/3399 3897/4502/3398 3896/4506/82
f 3450/4011/2953 3899/4507/3400 3453/4014/2956
f 3899/4507/3400 3898/4505/3399 3896/4508/82
f 3453/4014/2956 3900/4509/3401 3456/4017/2959
f 3900/4509/3401 3899/4507/3400 3896/4510/82
f 3456/4017/2959 3901/4511/3402 3459/4020/2962
f 3901/4511/3402 3900/4509/3401 3896/4512/82
f 3459/4020/2962 3902/4513/3403 3462/4023/2965
f 3902/4513/3403 3901/4511/3402 3896/4514/82
f 3462/4023/2965 3903/4515/3404 3465/4026/2968
f 3903/4515/3404 3902/4513/3403 3896/4516/82
f 3465/4026/2968 3904/4517/3405 3468/4029/2971
f 3904/4517/3405 3903/4515/3404 3896/4518/82
f 3468/4029/2971 3905/4519/3406 3471/4032/2974
f 3905/4519/3406 3904/4517/3405 3896/4520/82
f 3474/4037/2977 3905/4521/3406 3906/4522/3407
f 3906/4522/3407 3905/4521/3406 3896/4523/82
f 3477/4041/2980 3906/4522/3407 3907/4524/3408
f 3907/4524/3408 3906/4522/3407 3896/4525/82
f 3480/4044/2983 3907/4524/3408 3908/4526/3409
f 3908/4526/3409 3907/4524/3408 3896/4527/82
f 3483/4047/2986 3908/4526/3409 3909/4528/3410
f 3909/4528/3410 3908/4526/3409 3896/4529/82
f 3486/4050/2989 3909/4528/3410 3910/4530/3411
f 3910/4530/3411 3909/4528/3410 3896/4531/82
f 3489/4053/2992 3910/4530/3411 3911/4532/3412
f 3911/4532/3412 3910/4530/3411 3896/4533/82
f 3492/4056/2995 3911/4532/3412 3912/4534/3413
f 3912/4534/3413 3911/4532/3412 3896/4535/82
f 3495/4059/2998 3912/4534/3413 3913/4536/3414
f 3913/4536/3414 3912/4534/3413 3896/4537/82
f 3495/4059/2998 3914/4538/3415 3498/4061/3001
f 3914/4538/3415 3913/4536/3414 3896/4539/82
f 3498/4061/3001 3915/4540/3416 3501/4064/3004
f 3915/4540/3416 3914/4538/3415 3896/4541/82
f 3501/4064/3004 3916/4542/3417 3504/4067/3007
f 3916/4542/3417 3915/4540/3416 3896/4543/82
f 3504/4067/3007 3917/4544/3418 3507/4070/3010
f 3917/4544/3418 3916/4542/3417 3896/4545/82
f 3507/4070/3010 3918/4546/3419 3510/4073/3013
f 3918/4546/3419 3917/4544/3418 3896/4547/82
f 3510/4073/3013 3919/4548/3420 3513/4076/3016
f 3919/4548/3420 3918/4546/3419 3896/4549/82
f 3513/4076/3016 3920/4550/3421 3516/4079/3019
f 3920/4550/3421 3919/4548/3420 3896/4551/82
f 3516/4079/3019 3921/4552/3422 3519/4082/3022
f 3921/4552/3422 3920/4550/3421 3896/4553/82
f 3522/4086/3025 3921/4552/3422 3922/4554/3423
f 3922/4554/3423 3921/4552/3422 3896/4555/82
f 3525/4089/3028 3922/4554/3423 3923/4556/3424
f 3923/4556/3424 3922/4554/3423 3896/4557/82
f 3924/4558/3425 3923/4556/3424 3896/4559/82
f 3528/4092/3031 3923/4556/3424 3924/4558/3425
f 3531/4095/3034 3924/4558/3425 3925/4560/3426
f 3925/4560/3426 3924/4558/3425 3896/4561/82
f 3534/4098/3037 3925/4560/3426 3926/4501/3427
f 3926/4501/3427 3925/4560/3426 3896/4562/82
f 3893/4499/3395 3926/4501/3427 3896/4563/82
f 3929/4564/3430 3928/4565/3429 3927/4566/3428
f 3933/4567/3434 3927/4568/3428 3928/4569/3429
f 3932/4570/3433 3927/4571/3428 3930/4572/3431
f 3931/4573/3432 3932/4570/3433 3930/4572/3431
f 3933/4567/3434 3931/4573/3432 3930/4574/3431
f 3950/4575/3451 3933/4567/3434 3928/4569/3429
f 3936/4576/3437 3933/4567/3434 3934/4577/3435
f 3935/4578/3436 3940/4579/3441 3931/4573/3432
f 3938/4580/3439 3935/4578/3436 3936/4576/3437
f 3938/4580/3439 3939/4581/3440 3937/4582/3438
f 3939/4581/3440 3940/4579/3441 3937/4582/3438
f 3941/4583/3442 3932/4570/3433 3940/4579/3441
f 3944/4584/3445 3941/4583/3442 3939/4581/3440
f 3932/4570/3433 3943/4585/3444 3929/4586/3430
f 3944/4584/3445 3943/4587/3444 3942/4588/3443
f 3952/4589/3453 3944/4584/3445 3939/4581/3440
f 3947/4590/3448 3944/4584/3445 3945/4591/3446
f 3929/4564/3430 3946/4592/3447 3948/4593/3449
f 3946/4592/3447 3949/4594/3450 3948/4593/3449
f 3928/4565/3429 3949/4594/3450 3950/4595/3451
f 3947/4596/3448 3951/4597/3452 3949/4594/3450
f 3950/4595/3451 3951/4597/3452 3934/4598/3435
f 3951/4597/3452 3952/4589/3453 3938/4580/3439
f 3951/4597/3452 3936/4576/3437 3934/4598/3435
f 3954/4599/3455 3955/4600/3456 3953/4601/3454
f 3953/4602/3454 3959/4603/3460 3954/4604/3455
f 3953/4605/3454 3958/4606/3459 3956/4607/3457
f 3957/4608/3458 3958/4606/3459 3966/4609/3467
f 3959/4603/3460 3957/4608/3458 3961/4610/3462
f 3976/4611/3477 3959/4603/3460 3960/4612/3461
f 3959/4603/3460 3962/4613/3463 3960/4612/3461
f 3961/4610/3462 3966/4609/3467 3963/4614/3464
f 3961/4610/3462 3964/4615/3465 3962/4613/3463
f 3964/4615/3465 3965/4616/3466 3978/4617/3479
f 3966/4609/3467 3965/4616/3466 3963/4614/3464
f 3958/4606/3459 3967/4618/3468 3966/4609/3467
f 3967/4618/3468 3970/4619/3471 3965/4616/3466
f 3958/4606/3459 3969/4620/3470 3968/4621/3469
f 3970/4619/3471 3969/4622/3470 3972/4623/3473
f 3978/4617/3479 3970/4619/3471 3971/4624/3472
f 3970/4619/3471 3973/4625/3474 3971/4624/3472
f 3955/4600/3456 3972/4626/3473 3969/4627/3470
f 3975/4628/3476 3972/4626/3473 3974/4629/3475
f 3954/4599/3455 3975/4628/3476 3974/4629/3475
f 3977/4630/3478 3973/4631/3474 3975/4628/3476
f 3976/4632/3477 3977/4630/3478 3975/4628/3476
f 3977/4630/3478 3978/4617/3479 3971/4633/3472
f 3962/4613/3463 3977/4630/3478 3960/4634/3461
f 10/1/10 9/31/9 1/2/1
f 483/4/483 17/32/17 6/5/6
f 11/7/11 10/1/10 476/3/476
f 19/9/19 18/41/18 479/10/479
f 12/12/12 11/7/11 2/8/2
f 20/14/20 19/9/19 480/11/480
f 3/16/3 13/20/13 12/12/12
f 21/17/21 20/14/20 481/15/481
f 4/19/4 14/26/14 13/20/13
f 5/25/5 15/30/15 14/26/14
f 8/27/8 7/22/7 474/21/474
f 478/29/478 16/33/16 15/30/15
f 9/31/9 8/27/8 475/28/475
f 17/32/17 16/33/16 478/29/478
f 16/33/16 31/60/31 30/34/30
f 24/35/24 23/50/23 8/27/8
f 32/36/32 31/60/31 16/33/16
f 25/37/25 24/35/24 9/31/9
f 484/38/484 32/36/32 17/32/17
f 26/39/26 25/37/25 10/1/10
f 34/40/34 33/68/33 18/41/18
f 27/42/27 26/39/26 11/7/11
f 35/43/35 34/40/34 19/9/19
f 13/20/13 28/45/28 27/42/27
f 36/44/36 35/43/35 20/14/20
f 14/26/14 29/49/29 28/45/28
f 15/30/15 30/34/30 29/49/29
f 23/50/23 22/46/22 7/22/7
f 50/51/50 49/67/49 34/40/34
f 28/45/28 43/54/43 42/52/42
f 51/53/51 50/51/50 35/43/35
f 29/49/29 44/58/44 43/54/43
f 30/34/30 45/61/45 44/58/44
f 38/59/38 37/55/37 22/46/22
f 31/60/31 46/70/46 45/61/45
f 39/62/39 38/59/38 23/50/23
f 47/63/47 46/70/46 31/60/31
f 40/64/40 39/62/39 24/35/24
f 485/65/485 47/63/47 32/36/32
f 41/66/41 40/64/40 25/37/25
f 49/67/49 48/75/48 33/68/33
f 42/52/42 41/66/41 26/39/26
f 62/69/62 61/94/61 46/70/46
f 55/71/55 54/86/54 39/62/39
f 486/72/486 62/69/62 47/63/47
f 56/73/56 55/71/55 40/64/40
f 64/74/64 63/102/63 48/75/48
f 57/76/57 56/73/56 41/66/41
f 65/77/65 64/74/64 49/67/49
f 43/54/43 58/79/58 57/76/57
f 66/78/66 65/77/65 50/51/50
f 44/58/44 59/83/59 58/79/58
f 45/61/45 60/85/60 59/83/59
f 53/84/53 52/80/52 37/55/37
f 46/70/46 61/94/61 60/85/60
f 54/86/54 53/84/53 38/59/38
f 81/87/81 80/104/80 65/77/65
f 59/83/59 74/92/74 73/88/73
f 60/85/60 75/95/75 74/92/74
f 68/93/68 67/89/67 52/80/52
f 61/94/61 76/119/76 75/95/75
f 69/96/69 68/93/68 53/84/53
f 77/97/77 76/119/76 61/94/61
f 70/98/70 69/96/69 54/86/54
f 487/99/487 77/97/77 62/69/62
f 71/100/71 70/98/70 55/71/55
f 79/101/79 78/109/78 63/102/63
f 72/103/72 71/100/71 56/73/56
f 80/104/80 79/101/79 64/74/64
f 58/79/58 73/88/73 72/103/72
f 86/105/86 85/121/85 69/96/69
f 488/106/488 93/122/93 77/97/77
f 87/107/87 86/105/86 70/98/70
f 95/108/95 94/138/94 78/109/78
f 88/110/88 87/107/87 71/100/71
f 96/111/96 95/108/95 79/101/79
f 73/88/73 89/113/89 88/110/88
f 97/112/97 96/111/96 80/104/80
f 74/92/74 90/117/90 89/113/89
f 75/95/75 91/120/91 90/117/90
f 84/118/84 83/114/83 67/89/67
f 76/119/76 92/130/92 91/120/91
f 85/121/85 84/118/84 68/93/68
f 93/122/93 92/130/92 76/119/76
f 90/117/90 105/128/105 104/123/104
f 91/120/91 106/131/106 105/128/105
f 99/129/99 98/124/98 83/114/83
f 92/130/92 107/154/107 106/131/106
f 100/132/100 99/129/99 84/118/84
f 108/133/108 107/154/107 92/130/92
f 101/134/101 100/132/100 85/121/85
f 489/135/489 108/133/108 93/122/93
f 102/136/102 101/134/101 86/105/86
f 110/137/110 109/144/109 94/138/94
f 103/139/103 102/136/102 87/107/87
f 111/140/111 110/137/110 95/108/95
f 89/113/89 104/123/104 103/139/103
f 112/127/112 111/140/111 96/111/96
f 490/141/490 123/157/123 108/133/108
f 117/142/117 116/158/116 101/134/101
f 125/143/125 124/171/124 109/144/109
f 118/145/118 117/142/117 102/136/102
f 126/146/126 125/143/125 110/137/110
f 104/123/104 119/148/119 118/145/118
f 127/147/127 126/146/126 111/140/111
f 105/128/105 120/152/120 119/148/119
f 106/131/106 121/155/121 120/152/120
f 114/153/114 113/149/113 98/124/98
f 107/154/107 122/165/122 121/155/121
f 115/156/115 114/153/114 99/129/99
f 123/157/123 122/165/122 107/154/107
f 116/158/116 115/156/115 100/132/100
f 136/163/136 135/176/135 120/152/120
f 114/153/114 129/166/129 128/159/128
f 137/164/137 136/163/136 121/155/121
f 115/156/115 130/167/130 129/166/129
f 123/157/123 138/168/138 137/164/137
f 116/158/116 131/169/131 130/167/130
f 490/141/490 491/193/491 138/168/138
f 117/142/117 132/172/132 131/169/131
f 125/143/125 140/173/140 139/170/139
f 118/145/118 133/174/133 132/172/132
f 126/146/126 141/175/141 140/173/140
f 119/148/119 134/181/134 133/174/133
f 127/147/127 142/162/142 141/175/141
f 135/176/135 134/181/134 119/148/119
f 132/172/132 147/179/147 146/177/146
f 140/173/140 155/180/155 154/178/154
f 133/174/133 148/182/148 147/179/147
f 141/175/141 156/183/156 155/180/155
f 134/181/134 149/207/149 148/182/148
f 142/162/142 157/188/157 156/183/156
f 150/184/150 149/207/149 134/181/134
f 151/189/151 150/184/150 135/176/135
f 129/166/129 144/190/144 143/185/143
f 137/164/137 152/191/152 151/189/151
f 130/167/130 145/192/145 144/190/144
f 138/168/138 153/194/153 152/191/152
f 131/169/131 146/177/146 145/192/145
f 491/193/491 492/200/492 153/194/153
f 166/195/166 165/209/165 150/184/150
f 144/190/144 159/197/159 158/196/158
f 152/191/152 167/198/167 166/195/166
f 145/192/145 160/199/160 159/197/159
f 153/194/153 168/201/168 167/198/167
f 146/177/146 161/202/161 160/199/160
f 492/200/492 493/228/493 168/201/168
f 147/179/147 162/215/162 161/202/161
f 155/180/155 170/205/170 169/203/169
f 163/204/163 162/215/162 147/179/147
f 156/183/156 171/208/171 170/205/170
f 164/206/164 163/204/163 148/182/148
f 157/188/157 172/212/172 171/208/171
f 165/209/165 164/206/164 149/207/149
f 170/205/170 185/216/185 184/213/184
f 178/214/178 177/237/177 162/215/162
f 171/208/171 186/218/186 185/216/185
f 179/217/179 178/214/178 163/204/163
f 172/212/172 187/223/187 186/218/186
f 180/219/180 179/217/179 164/206/164
f 166/195/166 181/224/181 180/219/180
f 159/197/159 174/225/174 173/220/173
f 167/198/167 182/226/182 181/224/181
f 160/199/160 175/227/175 174/225/174
f 168/201/168 183/229/183 182/226/182
f 161/202/161 176/230/176 175/227/175
f 493/228/493 494/235/494 183/229/183
f 162/215/162 177/237/177 176/230/176
f 182/226/182 197/233/197 196/231/196
f 175/227/175 190/234/190 189/232/189
f 183/229/183 198/236/198 197/233/197
f 176/230/176 191/238/191 190/234/190
f 494/235/494 495/262/495 198/236/198
f 177/237/177 192/263/192 191/238/191
f 185/216/185 200/241/200 199/239/199
f 193/240/193 192/263/192 177/237/177
f 186/218/186 201/243/201 200/241/200
f 194/242/194 193/240/193 178/214/178
f 187/223/187 202/248/202 201/243/201
f 195/244/195 194/242/194 179/217/179
f 181/224/181 196/231/196 195/244/195
f 174/225/174 189/232/189 188/245/188
f 201/243/201 216/251/216 215/249/215
f 209/250/209 208/266/208 193/240/193
f 202/248/202 217/256/217 216/251/216
f 210/252/210 209/250/209 194/242/194
f 196/231/196 211/285/211 210/252/210
f 189/232/189 204/258/204 203/253/203
f 212/257/212 211/285/211 196/231/196
f 190/234/190 205/260/205 204/258/204
f 213/259/213 212/257/212 197/233/197
f 191/238/191 206/264/206 205/260/205
f 496/261/496 213/259/213 198/236/198
f 192/263/192 207/273/207 206/264/206
f 200/241/200 215/249/215 214/265/214
f 208/266/208 207/273/207 192/263/192
f 205/260/205 220/269/220 219/267/219
f 228/268/228 227/286/227 212/257/212
f 206/264/206 221/274/221 220/269/220
f 244/270/244 259/339/259 520/271/520
f 207/273/207 222/300/222 221/274/221
f 215/249/215 230/277/230 229/275/229
f 223/276/223 222/300/222 207/273/207
f 216/251/216 231/279/231 230/277/230
f 224/278/224 223/276/223 208/266/208
f 217/256/217 232/284/232 231/279/231
f 225/280/225 224/278/224 209/250/209
f 211/285/211 226/294/226 225/280/225
f 204/258/204 219/267/219 218/281/218
f 227/286/227 226/294/226 211/285/211
f 239/287/239 238/302/238 223/276/223
f 232/284/232 247/293/247 246/288/246
f 240/289/240 239/287/239 224/278/224
f 226/294/226 241/295/241 240/289/240
f 219/267/219 234/296/234 233/290/233
f 227/286/227 242/305/242 241/295/241
f 220/269/220 235/298/235 234/296/234
f 243/297/243 242/305/242 227/286/227
f 221/274/221 236/301/236 235/298/235
f 244/270/244 518/272/518 516/299/516
f 222/300/222 237/310/237 236/301/236
f 230/277/230 245/303/245 244/270/244
f 238/302/238 237/310/237 222/300/222
f 231/279/231 246/288/246 245/303/245
f 243/297/243 258/331/258 257/304/257
f 251/306/251 250/321/250 235/298/235
f 520/271/520 259/339/259 500/307/500
f 259/339/259 274/347/274 500/307/500
f 252/309/252 251/306/251 236/301/236
f 260/311/260 259/339/259 244/270/244
f 238/302/238 253/313/253 252/309/252
f 261/312/261 260/311/260 245/303/245
f 239/287/239 254/315/254 253/313/253
f 262/314/262 261/312/261 246/288/246
f 240/289/240 255/323/255 254/315/254
f 256/319/256 255/323/255 240/289/240
f 249/320/249 248/316/248 233/290/233
f 257/304/257 256/319/256 241/295/241
f 250/321/250 249/320/249 234/296/234
f 277/322/277 276/340/276 261/312/261
f 255/323/255 270/351/270 269/324/269
f 271/328/271 270/351/270 255/323/255
f 264/329/264 263/325/263 248/316/248
f 257/304/257 272/332/272 271/328/271
f 265/330/265 264/329/264 249/320/249
f 258/331/258 273/344/273 272/332/272
f 266/333/266 265/330/265 250/321/250
f 267/337/267 266/333/266 251/306/251
f 275/338/275 274/347/274 259/339/259
f 253/313/253 268/341/268 267/337/267
f 276/340/276 275/338/275 260/311/260
f 254/315/254 269/324/269 268/341/268
f 281/342/281 280/358/280 265/330/265
f 500/307/500 501/373/501 288/343/288
f 282/345/282 281/342/281 266/333/266
f 290/346/290 289/376/289 274/347/274
f 268/341/268 283/349/283 282/345/282
f 291/348/291 290/346/290 275/338/275
f 269/324/269 284/352/284 283/349/283
f 292/350/292 291/348/291 276/340/276
f 270/351/270 285/360/285 284/352/284
f 286/356/286 285/360/285 270/351/270
f 279/357/279 278/353/278 263/325/263
f 272/332/272 287/359/287 286/356/286
f 280/358/280 279/357/279 264/329/264
f 273/344/273 288/343/288 287/359/287
f 285/360/285 300/386/300 299/361/299
f 301/366/301 300/386/300 285/360/285
f 294/367/294 293/362/293 278/353/278
f 302/368/302 301/366/301 286/356/286
f 295/369/295 294/367/294 279/357/279
f 303/370/303 302/368/302 287/359/287
f 296/371/296 295/369/295 280/358/280
f 502/372/502 303/370/303 288/343/288
f 297/374/297 296/371/296 281/342/281
f 305/375/305 304/382/304 289/376/289
f 283/349/283 298/378/298 297/374/297
f 306/377/306 305/375/305 290/346/290
f 284/352/284 299/361/299 298/378/298
f 307/365/307 306/377/306 291/348/291
f 503/379/503 319/395/319 303/370/303
f 313/380/313 312/396/312 296/371/296
f 321/381/321 320/409/320 304/382/304
f 298/378/298 314/384/314 313/380/313
f 322/383/322 321/381/321 305/375/305
f 299/361/299 315/387/315 314/384/314
f 323/385/323 322/383/322 306/377/306
f 300/386/300 316/400/316 315/387/315
f 317/391/317 316/400/316 300/386/300
f 310/392/310 309/388/309 293/362/293
f 318/393/318 317/391/317 301/366/301
f 311/394/311 310/392/310 294/367/294
f 319/395/319 318/393/318 302/368/302
f 312/396/312 311/394/311 295/369/295
f 317/391/317 332/424/332 331/399/331
f 325/401/325 324/413/324 309/388/309
f 333/402/333 332/424/332 317/391/317
f 326/403/326 325/401/325 310/392/310
f 334/404/334 333/402/333 318/393/318
f 327/405/327 326/403/326 311/394/311
f 504/406/504 334/404/334 319/395/319
f 328/407/328 327/405/327 312/396/312
f 336/408/336 335/416/335 320/409/320
f 314/384/314 329/411/329 328/407/328
f 337/410/337 336/408/336 321/381/321
f 315/387/315 330/412/330 329/411/329
f 338/398/338 337/410/337 322/383/322
f 316/400/316 331/399/331 330/412/330
f 351/415/351 350/442/350 335/416/335
f 344/417/344 343/432/343 328/407/328
f 352/418/352 351/415/351 336/408/336
f 345/419/345 344/417/344 329/411/329
f 353/420/353 352/418/352 337/410/337
f 331/399/331 346/425/346 345/419/345
f 332/424/332 347/435/347 346/425/346
f 340/426/340 339/421/339 324/413/324
f 348/427/348 347/435/347 332/424/332
f 341/428/341 340/426/340 325/401/325
f 349/429/349 348/427/348 333/402/333
f 342/430/342 341/428/341 326/403/326
f 505/431/505 349/429/349 334/404/334
f 343/432/343 342/430/342 327/405/327
f 355/433/355 354/447/354 339/421/339
f 348/427/348 363/4635/363 362/434/362
f 356/436/356 355/433/355 340/426/340
f 364/437/364 363/4635/363 348/427/348
f 357/438/357 356/436/356 341/428/341
f 506/439/506 364/437/364 349/429/349
f 358/440/358 357/438/357 342/430/342
f 366/441/366 365/595/365 350/442/350
f 359/443/359 358/440/358 343/432/343
f 367/444/367 366/441/366 351/415/351
f 360/445/360 359/443/359 344/417/344
f 368/446/368 367/444/367 352/418/352
f 346/425/346 361/450/361 360/445/360
f 347/435/347 362/434/362 361/450/361
f 359/451/359 374/490/374 373/452/373
f 367/454/367 382/460/382 381/455/381
f 375/457/375 374/490/374 359/451/359
f 368/459/368 383/467/383 382/460/382
f 376/461/376 375/457/375 360/458/360
f 377/468/377 376/461/376 361/462/361
f 355/470/355 370/474/370 369/464/369
f 378/471/378 377/468/377 362/469/362
f 356/473/356 371/477/371 370/474/370
f 364/475/364 379/479/379 378/471/378
f 357/476/357 372/480/372 371/477/371
f 506/478/506 507/486/507 379/479/379
f 358/453/358 373/452/373 372/480/372
f 366/456/366 381/455/381 380/481/380
f 393/483/393 392/500/392 377/468/377
f 371/477/371 386/485/386 385/484/385
f 379/479/379 394/487/394 393/483/393
f 372/480/372 387/488/387 386/485/386
f 507/486/507 508/514/508 394/487/394
f 373/452/373 388/491/388 387/488/387
f 381/455/381 396/492/396 395/489/395
f 374/490/374 389/503/389 388/491/388
f 382/460/382 397/494/397 396/492/396
f 390/493/390 389/503/389 374/490/374
f 383/467/383 398/499/398 397/494/397
f 391/495/391 390/493/390 375/457/375
f 392/500/392 391/495/391 376/461/376
f 370/474/370 385/484/385 384/496/384
f 397/494/397 412/504/412 411/501/411
f 405/502/405 404/526/404 389/503/389
f 398/499/398 413/509/413 412/504/412
f 406/505/406 405/502/405 390/493/390
f 407/510/407 406/505/406 391/495/391
f 385/484/385 400/512/400 399/506/399
f 408/511/408 407/510/407 392/500/392
f 386/485/386 401/513/401 400/512/400
f 394/487/394 409/515/409 408/511/408
f 387/488/387 402/516/402 401/513/401
f 508/514/508 509/522/509 409/515/409
f 388/491/388 403/518/403 402/516/402
f 396/492/396 411/501/411 410/517/410
f 389/503/389 404/526/404 403/518/403
f 401/513/401 416/521/416 415/519/415
f 409/515/409 424/523/424 423/520/423
f 402/516/402 417/524/417 416/521/416
f 509/522/509 510/549/510 424/523/424
f 403/518/403 418/527/418 417/524/417
f 411/501/411 426/528/426 425/525/425
f 404/526/404 419/538/419 418/527/418
f 412/504/412 427/530/427 426/528/426
f 420/529/420 419/538/419 404/526/404
f 413/509/413 428/535/428 427/530/427
f 421/531/421 420/529/420 405/502/405
f 422/536/422 421/531/421 406/505/406
f 400/512/400 415/519/415 414/532/414
f 423/520/423 422/536/422 407/510/407
f 435/537/435 434/561/434 419/538/419
f 428/535/428 443/544/443 442/539/442
f 436/540/436 435/537/435 420/529/420
f 437/545/437 436/540/436 421/531/421
f 415/519/415 430/547/430 429/541/429
f 438/546/438 437/545/437 422/536/422
f 416/521/416 431/548/431 430/547/430
f 424/523/424 439/550/439 438/546/438
f 417/524/417 432/551/432 431/548/431
f 510/549/510 511/557/511 439/550/439
f 418/527/418 433/553/433 432/551/432
f 426/528/426 441/554/441 440/552/440
f 419/538/419 434/561/434 433/553/433
f 427/530/427 442/539/442 441/554/441
f 439/550/439 454/558/454 453/555/453
f 432/551/432 447/559/447 446/556/446
f 511/557/511 512/583/512 454/558/454
f 433/553/433 448/562/448 447/559/447
f 441/554/441 456/563/456 455/560/455
f 434/561/434 449/587/449 448/562/448
f 442/539/442 457/565/457 456/563/456
f 450/564/450 449/587/449 434/561/434
f 443/544/443 458/570/458 457/565/457
f 451/566/451 450/564/450 435/537/435
f 452/571/452 451/566/451 436/540/436
f 430/547/430 445/572/445 444/567/444
f 453/555/453 452/571/452 437/545/437
f 431/548/431 446/556/446 445/572/445
f 458/570/458 473/578/473 472/573/472
f 466/574/466 465/590/465 450/564/450
f 467/579/467 466/574/466 451/566/451
f 445/572/445 460/581/460 459/575/459
f 468/580/468 467/579/467 452/571/452
f 446/556/446 461/582/461 460/581/460
f 454/558/454 469/584/469 468/580/468
f 447/559/447 462/585/462 461/582/461
f 512/583/512 513/591/513 469/584/469
f 448/562/448 463/588/463 462/585/462
f 456/563/456 471/589/471 470/586/470
f 449/587/449 464/592/464 463/588/463
f 457/565/457 472/573/472 471/589/471
f 465/590/465 464/592/464 449/587/449
f 513/591/513 514/6/514 6/5/6
f 463/588/463 2/8/2 476/3/476
f 471/589/471 480/11/480 479/10/479
f 464/592/464 477/13/477 2/8/2
f 472/573/472 481/15/481 480/11/480
f 3/16/3 477/13/477 464/592/464
f 473/578/473 482/18/482 481/15/481
f 4/19/4 3/16/3 465/590/465
f 5/25/5 4/19/4 466/574/466
f 460/581/460 475/28/475 474/21/474
f 478/29/478 5/25/5 467/579/467
f 461/582/461 1/2/1 475/28/475
f 469/584/469 6/5/6 478/29/478
f 462/585/462 476/3/476 1/2/1
f 470/586/470 479/10/479 514/6/514
f 455/560/455 470/586/470 513/591/513
f 440/552/440 455/560/455 512/583/512
f 425/525/425 440/552/440 511/557/511
f 410/517/410 425/525/425 510/549/510
f 395/489/395 410/517/410 509/522/509
f 380/481/380 395/489/395 508/514/508
f 365/482/365 380/481/380 507/486/507
f 365/595/365 506/439/506 505/431/505
f 350/442/350 505/431/505 504/406/504
f 335/416/335 504/406/504 503/379/503
f 320/409/320 503/379/503 502/372/502
f 304/382/304 502/372/502 501/373/501
f 274/347/274 289/376/289 501/373/501
f 522/308/522 500/307/500 273/344/273
f 273/344/273 258/331/258 521/596/521
f 519/597/519 521/596/521 258/331/258
f 213/259/213 496/261/496 517/335/517
f 517/335/517 515/598/515 213/259/213
f 519/597/519 243/297/243 228/268/228
f 214/265/214 496/261/496 495/262/495
f 184/213/184 199/239/199 495/262/495
f 169/203/169 184/213/184 494/235/494
f 154/178/154 169/203/169 493/228/493
f 139/170/139 154/178/154 492/200/492
f 124/171/124 139/170/139 491/193/491
f 124/171/124 490/141/490 489/135/489
f 109/144/109 489/135/489 488/106/488
f 94/138/94 488/106/488 487/99/487
f 78/109/78 487/99/487 486/72/486
f 63/102/63 486/72/486 485/65/485
f 48/75/48 485/65/485 484/38/484
f 33/68/33 484/38/484 483/4/483
f 18/41/18 483/4/483 514/6/514
f 521/596/521 525/603/525 523/308/523
f 527/597/527 525/603/525 521/596/521
f 515/598/515 498/334/498 527/597/527
f 499/335/499 498/334/498 515/598/515
f 496/261/496 214/265/214 229/275/229
f 229/275/229 516/299/516 496/261/496
f 526/602/526 524/4636/524 525/603/525
f 498/334/498 497/4637/497 526/602/526
f 523/308/523 524/4636/524 520/271/520
f 526/602/526 497/4637/497 516/299/516
f 520/271/520 524/4636/524 526/602/526
f 516/299/516 497/4637/497 499/335/499
f 528/604/528 529/608/529 977/605/976
f 531/607/531 623/701/623 529/608/529
f 528/604/528 530/606/530 533/609/533
f 531/607/531 528/604/528 532/610/532
f 532/610/532 533/609/533 536/612/536
f 534/611/534 532/610/532 535/613/535
f 535/613/535 536/612/536 539/615/539
f 537/614/537 535/613/535 538/616/538
f 538/616/538 539/615/539 542/618/542
f 540/617/540 538/616/538 541/619/541
f 541/619/541 542/618/542 545/621/545
f 543/620/543 541/619/541 544/622/544
f 544/622/544 545/621/545 548/624/548
f 546/623/546 544/622/544 547/625/547
f 547/625/547 548/624/548 551/627/551
f 549/626/549 547/625/547 550/628/550
f 550/628/550 551/627/551 554/630/554
f 552/629/552 550/628/550 553/631/553
f 556/633/556 553/637/553 554/634/554
f 558/636/558 555/724/555 553/637/553
f 559/638/559 556/633/556 557/635/557
f 561/640/561 558/636/558 556/633/556
f 562/641/562 559/638/559 560/639/560
f 564/643/564 561/640/561 559/638/559
f 565/644/565 562/641/562 563/642/563
f 567/646/567 564/643/564 562/641/562
f 568/647/568 565/644/565 566/645/566
f 570/649/570 567/646/567 565/644/565
f 571/650/571 568/647/568 569/648/569
f 573/652/573 570/649/570 568/647/568
f 574/653/574 571/650/571 572/651/572
f 576/655/576 573/652/573 571/650/571
f 577/656/577 574/653/574 575/654/575
f 579/658/579 576/655/576 574/653/574
f 577/656/577 578/657/578 581/659/581
f 579/658/579 577/656/577 580/660/580
f 580/660/580 581/659/581 584/662/584
f 582/661/582 580/660/580 583/663/583
f 583/663/583 584/662/584 587/665/587
f 585/664/585 583/663/583 586/666/586
f 586/666/586 587/665/587 590/668/590
f 588/667/588 586/666/586 589/669/589
f 589/669/589 590/668/590 593/671/593
f 591/670/591 589/669/589 592/672/592
f 592/672/592 593/671/593 596/674/596
f 594/673/594 592/672/592 595/675/595
f 595/675/595 596/674/596 599/677/599
f 597/676/597 595/675/595 598/678/598
f 598/678/598 599/677/599 602/680/602
f 600/679/600 598/678/598 601/681/601
f 604/683/604 601/681/601 602/680/602
f 606/685/606 603/682/603 601/681/601
f 607/686/607 604/683/604 605/684/605
f 609/688/609 606/685/606 604/683/604
f 610/689/610 607/686/607 608/687/608
f 612/691/612 609/688/609 607/686/607
f 613/692/613 610/689/610 611/690/611
f 615/694/615 612/691/612 610/689/610
f 616/695/616 613/692/613 614/693/614
f 618/697/618 615/694/615 613/692/613
f 619/698/619 616/695/616 617/696/617
f 621/700/621 618/697/618 616/695/616
f 529/608/529 619/698/619 620/699/620
f 623/701/623 621/700/621 619/698/619
f 624/702/624 622/703/622 621/700/621
f 622/703/622 684/765/684 618/697/618
f 626/704/626 624/702/624 623/701/623
f 627/705/627 625/706/625 624/702/624
f 625/706/625 687/767/687 622/703/622
f 626/704/626 531/607/531 534/611/534
f 627/705/627 626/704/626 628/707/628
f 628/707/628 534/611/534 537/614/537
f 629/708/629 628/707/628 630/709/630
f 630/709/630 537/614/537 540/617/540
f 631/710/631 630/709/630 632/711/632
f 632/711/632 540/617/540 543/620/543
f 633/712/633 632/711/632 634/713/634
f 634/713/634 543/620/543 546/623/546
f 635/714/635 634/713/634 636/715/636
f 636/715/636 546/623/546 549/626/549
f 637/716/637 636/715/636 638/717/638
f 638/717/638 549/626/549 552/629/552
f 639/718/639 638/717/638 640/719/640
f 640/719/640 552/629/552 555/632/555
f 641/720/641 640/719/640 642/721/642
f 644/723/644 642/726/642 555/724/555
f 645/725/645 643/792/643 642/726/642
f 646/727/646 644/723/644 558/636/558
f 647/728/647 645/725/645 644/723/644
f 648/729/648 646/727/646 561/640/561
f 649/730/649 647/728/647 646/727/646
f 650/731/650 648/729/648 564/643/564
f 651/732/651 649/730/649 648/729/648
f 652/733/652 650/731/650 567/646/567
f 653/734/653 651/732/651 650/731/650
f 654/735/654 652/733/652 570/649/570
f 655/736/655 653/734/653 652/733/652
f 656/737/656 654/735/654 573/652/573
f 657/738/657 655/736/655 654/735/654
f 658/739/658 656/737/656 576/655/576
f 659/740/659 657/738/657 656/737/656
f 658/739/658 579/658/579 582/661/582
f 659/740/659 658/739/658 660/741/660
f 660/741/660 582/661/582 585/664/585
f 661/742/661 660/741/660 662/743/662
f 662/743/662 585/664/585 588/667/588
f 663/744/663 662/743/662 664/745/664
f 664/745/664 588/667/588 591/670/591
f 665/746/665 664/745/664 666/747/666
f 666/747/666 591/670/591 594/673/594
f 667/748/667 666/747/666 668/749/668
f 668/749/668 594/673/594 597/676/597
f 669/750/669 668/749/668 670/751/670
f 670/751/670 597/676/597 600/679/600
f 671/752/671 670/751/670 672/753/672
f 672/753/672 600/679/600 603/682/603
f 673/754/673 672/753/672 674/755/674
f 676/757/676 674/755/674 603/682/603
f 677/758/677 675/756/675 674/755/674
f 678/759/678 676/757/676 606/685/606
f 679/760/679 677/758/677 676/757/676
f 680/761/680 678/759/678 609/688/609
f 681/762/681 679/760/679 678/759/678
f 682/763/682 680/761/680 612/691/612
f 683/764/683 681/762/681 680/761/680
f 684/765/684 682/763/682 615/694/615
f 685/766/685 683/764/683 682/763/682
f 687/767/687 685/766/685 684/765/684
f 688/768/688 686/769/686 685/766/685
f 686/769/686 748/831/748 683/764/683
f 690/770/690 688/768/688 687/767/687
f 691/771/691 689/772/689 688/768/688
f 689/772/689 751/833/751 686/769/686
f 692/773/692 690/770/690 625/706/625
f 693/774/693 691/771/691 690/770/690
f 693/774/693 692/773/692 694/775/694
f 692/773/692 627/705/627 629/708/629
f 694/775/694 629/708/629 631/710/631
f 695/776/695 694/775/694 696/777/696
f 696/777/696 631/710/631 633/712/633
f 697/778/697 696/777/696 698/779/698
f 698/779/698 633/712/633 635/714/635
f 699/780/699 698/779/698 700/781/700
f 700/781/700 635/714/635 637/716/637
f 701/782/701 700/781/700 702/783/702
f 702/783/702 637/716/637 639/718/639
f 703/784/703 702/783/702 704/785/704
f 704/785/704 639/718/639 641/720/641
f 705/786/705 704/785/704 706/787/706
f 706/787/706 641/720/641 643/722/643
f 707/788/707 706/787/706 708/789/708
f 710/791/710 708/794/708 643/792/643
f 711/793/711 709/4638/709 708/794/708
f 712/795/712 710/791/710 645/725/645
f 713/796/713 711/793/711 710/791/710
f 714/797/714 712/795/712 647/728/647
f 715/798/715 713/796/713 712/795/712
f 716/799/716 714/797/714 649/730/649
f 717/800/717 715/798/715 714/797/714
f 718/801/718 716/799/716 651/732/651
f 719/802/719 717/800/717 716/799/716
f 720/803/720 718/801/718 653/734/653
f 721/804/721 719/802/719 718/801/718
f 722/805/722 720/803/720 655/736/655
f 723/806/723 721/804/721 720/803/720
f 724/807/724 722/805/722 657/738/657
f 725/808/725 723/806/723 722/805/722
f 724/807/724 659/740/659 661/742/661
f 725/808/725 724/807/724 726/809/726
f 726/809/726 661/742/661 663/744/663
f 727/810/727 726/809/726 728/811/728
f 728/811/728 663/744/663 665/746/665
f 729/812/729 728/811/728 730/813/730
f 730/813/730 665/746/665 667/748/667
f 731/814/731 730/813/730 732/815/732
f 732/815/732 667/748/667 669/750/669
f 733/816/733 732/815/732 734/817/734
f 734/817/734 669/750/669 671/752/671
f 735/818/735 734/817/734 736/819/736
f 736/819/736 671/752/671 673/754/673
f 737/820/737 736/819/736 738/821/738
f 738/821/738 673/754/673 675/756/675
f 739/822/739 738/821/738 740/823/740
f 742/825/742 740/823/740 675/756/675
f 743/826/743 741/824/741 740/823/740
f 744/827/744 742/825/742 677/758/677
f 745/828/745 743/826/743 742/825/742
f 746/829/746 744/827/744 679/760/679
f 747/830/747 745/828/745 744/827/744
f 748/831/748 746/829/746 681/762/681
f 749/832/749 747/830/747 746/829/746
f 751/833/751 749/832/749 748/831/748
f 750/834/750 749/832/749 751/833/751
f 812/836/812 747/830/747 749/832/749
f 752/835/752 751/833/751 689/772/689
f 753/838/753 752/835/752 754/837/754
f 815/840/815 750/834/750 752/835/752
f 754/837/754 689/772/689 691/771/691
f 755/839/755 754/837/754 756/841/756
f 756/841/756 691/771/691 693/774/693
f 757/842/757 756/841/756 758/843/758
f 760/845/760 758/843/758 693/774/693
f 761/846/761 759/844/759 758/843/758
f 762/847/762 760/845/760 695/776/695
f 763/848/763 761/846/761 760/845/760
f 764/849/764 762/847/762 697/778/697
f 765/850/765 763/848/763 762/847/762
f 766/851/766 764/849/764 699/780/699
f 767/852/767 765/850/765 764/849/764
f 768/853/768 766/851/766 701/782/701
f 769/854/769 767/852/767 766/851/766
f 770/855/770 768/853/768 703/784/703
f 771/856/771 769/854/769 768/853/768
f 772/857/772 770/855/770 705/786/705
f 773/858/773 771/856/771 770/855/770
f 774/859/774 772/857/772 707/788/707
f 775/860/775 773/858/773 772/857/772
f 774/861/774 709/4638/709 711/793/711
f 775/863/775 774/861/774 776/862/776
f 776/862/776 711/793/711 713/796/713
f 777/864/777 776/862/776 778/865/778
f 778/865/778 713/796/713 715/798/715
f 779/866/779 778/865/778 780/867/780
f 780/867/780 715/798/715 717/800/717
f 781/868/781 780/867/780 782/869/782
f 782/869/782 717/800/717 719/802/719
f 783/870/783 782/869/782 784/871/784
f 784/871/784 719/802/719 721/804/721
f 785/872/785 784/871/784 786/873/786
f 786/873/786 721/804/721 723/806/723
f 787/874/787 786/873/786 788/875/788
f 788/875/788 723/806/723 725/808/725
f 789/876/789 788/875/788 790/877/790
f 792/879/792 790/877/790 725/808/725
f 793/880/793 791/878/791 790/877/790
f 794/881/794 792/879/792 727/810/727
f 795/882/795 793/880/793 792/879/792
f 796/883/796 794/881/794 729/812/729
f 797/884/797 795/882/795 794/881/794
f 798/885/798 796/883/796 731/814/731
f 799/886/799 797/884/797 796/883/796
f 800/887/800 798/885/798 733/816/733
f 801/888/801 799/886/799 798/885/798
f 802/889/802 800/887/800 735/818/735
f 803/890/803 801/888/801 800/887/800
f 804/891/804 802/889/802 737/820/737
f 805/892/805 803/890/803 802/889/802
f 806/893/806 804/891/804 739/822/739
f 807/894/807 805/892/805 804/891/804
f 806/893/806 741/824/741 743/826/743
f 807/894/807 806/893/806 808/895/808
f 808/895/808 743/826/743 745/828/745
f 809/896/809 808/895/808 810/897/810
f 810/897/810 745/828/745 747/830/747
f 811/898/811 810/897/810 812/836/812
f 813/899/813 812/836/812 750/834/750
f 814/900/814 813/899/813 815/840/815
f 876/902/876 811/898/811 813/899/813
f 816/901/816 815/840/815 753/838/753
f 817/904/817 816/901/816 818/903/818
f 879/906/879 814/900/814 816/901/816
f 818/903/818 753/838/753 755/839/755
f 819/905/819 818/903/818 820/907/820
f 820/907/820 755/839/755 757/842/757
f 821/908/821 820/907/820 822/909/822
f 822/909/822 757/842/757 759/844/759
f 823/910/823 822/909/822 824/911/824
f 826/913/826 824/911/824 759/844/759
f 827/914/827 825/912/825 824/911/824
f 828/915/828 826/913/826 761/846/761
f 829/916/829 827/914/827 826/913/826
f 830/917/830 828/915/828 763/848/763
f 831/918/831 829/916/829 828/915/828
f 832/919/832 830/917/830 765/850/765
f 833/920/833 831/918/831 830/917/830
f 834/921/834 832/919/832 767/852/767
f 835/922/835 833/920/833 832/919/832
f 836/923/836 834/921/834 769/854/769
f 837/924/837 835/922/835 834/921/834
f 838/925/838 836/923/836 771/856/771
f 839/926/839 837/924/837 836/923/836
f 840/927/840 838/925/838 773/858/773
f 841/928/841 839/926/839 838/925/838
f 840/929/840 775/863/775 777/864/777
f 841/931/841 840/929/840 842/930/842
f 842/930/842 777/864/777 779/866/779
f 843/932/843 842/930/842 844/933/844
f 844/933/844 779/866/779 781/868/781
f 845/934/845 844/933/844 846/935/846
f 846/935/846 781/868/781 783/870/783
f 847/936/847 846/935/846 848/937/848
f 848/937/848 783/870/783 785/872/785
f 849/938/849 848/937/848 850/939/850
f 850/939/850 785/872/785 787/874/787
f 851/940/851 850/939/850 852/941/852
f 852/941/852 787/874/787 789/876/789
f 853/942/853 852/941/852 854/943/854
f 854/943/854 789/876/789 791/878/791
f 855/944/855 854/943/854 856/945/856
f 858/947/858 856/945/856 791/878/791
f 859/948/859 857/946/857 856/945/856
f 860/949/860 858/947/858 793/880/793
f 861/950/861 859/948/859 858/947/858
f 862/951/862 860/949/860 795/882/795
f 863/952/863 861/950/861 860/949/860
f 864/953/864 862/951/862 797/884/797
f 865/954/865 863/952/863 862/951/862
f 866/955/866 864/953/864 799/886/799
f 867/956/867 865/954/865 864/953/864
f 868/957/868 866/955/866 801/888/801
f 869/958/869 867/956/867 866/955/866
f 870/959/870 868/957/868 803/890/803
f 871/960/871 869/958/869 868/957/868
f 872/961/872 870/959/870 805/892/805
f 873/962/873 871/960/871 870/959/870
f 872/961/872 807/894/807 809/896/809
f 873/962/873 872/961/872 874/963/874
f 874/963/874 809/896/809 811/898/811
f 875/964/875 874/963/874 876/902/876
f 877/965/877 876/902/876 814/900/814
f 878/966/878 877/965/877 879/906/879
f 940/968/940 875/964/875 877/965/877
f 880/967/880 879/906/879 817/904/817
f 881/970/881 880/967/880 882/969/882
f 943/972/943 878/966/878 880/967/880
f 882/969/882 817/904/817 819/905/819
f 883/971/883 882/969/882 884/973/884
f 884/973/884 819/905/819 821/908/821
f 885/974/885 884/973/884 886/975/886
f 886/975/886 821/908/821 823/910/823
f 887/976/887 886/975/886 888/977/888
f 888/977/888 823/910/823 825/912/825
f 889/978/889 888/977/888 890/979/890
f 892/981/892 890/979/890 825/912/825
f 893/982/893 891/980/891 890/979/890
f 894/983/894 892/981/892 827/914/827
f 895/984/895 893/982/893 892/981/892
f 896/985/896 894/983/894 829/916/829
f 897/986/897 895/984/895 894/983/894
f 898/987/898 896/985/896 831/918/831
f 899/988/899 897/986/897 896/985/896
f 900/989/900 898/987/898 833/920/833
f 901/990/901 899/988/899 898/987/898
f 902/991/902 900/989/900 835/922/835
f 903/992/903 901/990/901 900/989/900
f 904/993/904 902/991/902 837/924/837
f 905/994/905 903/992/903 902/991/902
f 906/995/906 904/993/904 839/926/839
f 907/996/907 905/994/905 904/993/904
f 906/997/906 841/931/841 843/932/843
f 907/999/907 906/997/906 908/998/908
f 908/998/908 843/932/843 845/934/845
f 909/1000/909 908/998/908 910/1001/910
f 910/1001/910 845/934/845 847/936/847
f 911/1002/911 910/1001/910 912/1003/912
f 912/1003/912 847/936/847 849/938/849
f 913/1004/913 912/1003/912 914/1005/914
f 914/1005/914 849/938/849 851/940/851
f 915/1006/915 914/1005/914 916/1007/916
f 916/1007/916 851/940/851 853/942/853
f 917/1008/917 916/1007/916 918/1009/918
f 918/1009/918 853/942/853 855/944/855
f 919/1010/919 918/1009/918 920/1011/920
f 920/1011/920 855/944/855 857/946/857
f 921/1012/921 920/1011/920 922/1013/922
f 924/1015/924 922/1013/922 857/946/857
f 925/1016/925 923/1014/923 922/1013/922
f 926/1017/926 924/1015/924 859/948/859
f 927/1018/927 925/1016/925 924/1015/924
f 928/1019/928 926/1017/926 861/950/861
f 929/1020/929 927/1018/927 926/1017/926
f 930/1021/930 928/1019/928 863/952/863
f 931/1022/931 929/1020/929 928/1019/928
f 932/1023/932 930/1021/930 865/954/865
f 933/1024/933 931/1022/931 930/1021/930
f 934/1025/934 932/1023/932 867/956/867
f 935/1026/935 933/1024/933 932/1023/932
f 936/1027/936 934/1025/934 869/958/869
f 937/1028/937 935/1026/935 934/1025/934
f 938/1029/938 936/1027/936 871/960/871
f 939/1030/939 937/1028/937 936/1027/936
f 938/1029/938 873/962/873 875/964/875
f 939/1030/939 938/1029/938 940/968/940
f 941/1031/941 940/968/940 878/966/878
f 942/1032/942 941/1031/941 943/972/943
f 953/1034/952 939/1030/939 941/1031/941
f 944/1033/944 943/972/943 881/970/881
f 974/1095/973 975/1047/974 893/982/893
f 975/1047/974 948/1045/947 891/980/891
f 973/1093/972 974/1095/973 895/984/895
f 972/1091/971 973/1093/972 897/986/897
f 971/1089/970 972/1091/971 899/988/899
f 970/1087/969 971/1089/970 901/990/901
f 969/1084/968 970/1087/969 903/992/903
f 968/1085/967 969/1084/968 905/994/905
f 968/1082/967 907/999/907 909/1000/909
f 967/1080/966 909/1000/909 911/1002/911
f 966/1078/965 911/1002/911 913/1004/913
f 965/1042/964 913/1004/913 915/1006/915
f 964/1040/963 917/1008/917 919/1010/919
f 947/1039/946 915/1006/915 917/1008/917
f 963/1075/962 919/1010/919 921/1012/921
f 962/1073/961 921/1012/921 923/1014/923
f 960/1069/959 961/1071/960 923/1014/923
f 959/1067/958 960/1069/959 925/1016/925
f 958/1065/957 959/1067/958 927/1018/927
f 957/1063/956 958/1065/957 929/1020/929
f 956/1061/955 957/1063/956 931/1022/931
f 955/1059/954 956/1061/955 933/1024/933
f 954/1057/953 955/1059/954 935/1026/935
f 953/1034/952 954/1057/953 937/1028/937
f 952/1053/951 883/971/883 885/974/885
f 945/1035/945 881/970/881 883/971/883
f 951/1051/950 885/974/885 887/976/887
f 950/1049/949 887/976/887 889/978/889
f 949/1044/948 889/978/889 891/980/891
f 977/605/976 620/699/620 976/1097/975
f 620/699/620 617/696/617 1009/1099/1007
f 530/606/530 977/605/976 978/1098/977
f 530/606/530 980/1100/978 981/1103/979
f 533/609/533 981/1103/979 982/1105/980
f 536/612/536 982/1105/980 983/1107/981
f 539/615/539 983/1107/981 984/1109/982
f 542/618/542 984/1109/982 985/1111/983
f 545/621/545 985/1111/983 986/1113/984
f 548/624/548 986/1113/984 987/1115/985
f 551/627/551 987/1115/985 988/1117/986
f 557/635/557 554/634/554 988/1119/986
f 560/639/560 557/635/557 989/1120/987
f 563/642/563 560/639/560 990/1122/988
f 566/645/566 563/642/563 991/1124/989
f 569/648/569 566/645/566 992/1126/990
f 572/651/572 569/648/569 993/1128/991
f 575/654/575 572/651/572 994/1130/992
f 578/657/578 575/654/575 995/1132/993
f 578/657/578 996/1134/994 997/1136/995
f 581/659/581 997/1136/995 998/1138/996
f 584/662/584 998/1138/996 999/1140/997
f 587/665/587 999/1140/997 1000/1142/998
f 590/668/590 1000/1142/998 1001/1144/999
f 593/671/593 1001/1144/999 1002/1146/1000
f 596/674/596 1002/1146/1000 1003/1148/1001
f 599/677/599 1003/1148/1001 1004/1150/1002
f 605/684/605 602/680/602 1004/1150/1002
f 608/687/608 605/684/605 1005/1152/1003
f 611/690/611 608/687/608 1006/1154/1004
f 614/693/614 611/690/611 1007/1156/1005
f 617/696/617 614/693/614 1008/1158/1006
f 1011/1162/1009 1010/4639/1008 1012/1163/1010
f 1010/1165/1008 1011/1176/1009 1016/1166/1014
f 1010/1168/1008 1013/1173/1011 1015/1169/1013
f 1013/1167/1011 1016/1166/1014 1017/1171/1015
f 1013/1173/1011 1014/1322/1012 1149/1174/1147
f 1016/1166/1014 1018/1177/1016 1019/1175/1017
f 1011/1176/1009 1020/1180/1018 1018/1177/1016
f 1021/1178/1019 1024/1182/1022 1019/1175/1017
f 1023/1179/1021 1021/1178/1019 1018/1177/1016
f 1022/1181/1020 1025/1184/1023 1024/1182/1022
f 1084/1183/1082 1022/1181/1020 1021/1178/1019
f 1025/1184/1023 1027/1187/1025 1026/1185/1024
f 1024/1182/1022 1026/1185/1024 1028/1186/1026
f 1027/1187/1025 1030/1190/1028 1029/1188/1027
f 1026/1185/1024 1029/1188/1027 1031/1189/1029
f 1030/1190/1028 1033/1193/1031 1032/1191/1030
f 1029/1188/1027 1032/1191/1030 1034/1192/1032
f 1033/1193/1031 1036/1273/1034 1035/1194/1033
f 1032/1191/1030 1035/1194/1033 1037/1195/1035
f 1035/1194/1033 1036/1273/1034 1039/1196/1037
f 1037/1195/1035 1035/1194/1033 1038/1197/1036
f 1043/1199/1041 1041/1202/1039 1038/1200/1036
f 1041/1202/1039 1042/1205/1040 1040/1203/1038
f 1044/1204/1042 1045/1348/1043 1042/1205/1040
f 1046/1206/1044 1044/1204/1042 1041/1202/1039
f 1048/1207/1046 1045/1348/1043 1044/1204/1042
f 1047/1208/1045 1044/1204/1042 1046/1206/1044
f 1051/1210/1049 1048/1207/1046 1047/1208/1045
f 1050/1211/1048 1047/1208/1045 1049/1209/1047
f 1054/1213/1052 1051/1210/1049 1050/1211/1048
f 1053/1214/1051 1050/1211/1048 1052/1212/1050
f 1056/1216/1054 1057/1219/1055 1054/1213/1052
f 1058/1217/1056 1056/1216/1054 1053/1214/1051
f 1059/1218/1057 1060/1222/1058 1057/1219/1055
f 1061/1220/1059 1059/1218/1057 1056/1216/1054
f 1062/1221/1060 1063/1225/1061 1060/1222/1058
f 1064/1223/1062 1062/1221/1060 1059/1218/1057
f 1065/1224/1063 1066/1228/1064 1063/1225/1061
f 1067/1226/1065 1065/1224/1063 1062/1221/1060
f 1068/1227/1066 1069/1231/1067 1066/1228/1064
f 1070/1229/1068 1068/1227/1066 1065/1224/1063
f 1071/1230/1069 1073/1309/1071 1069/1231/1067
f 1072/1232/1070 1071/1230/1069 1068/1227/1066
f 1076/1233/1074 1074/1235/1072 1071/1230/1069
f 1075/1234/1073 1073/1309/1071 1071/1230/1069
f 1078/1236/1076 1075/1234/1073 1074/1235/1072
f 1079/1238/1077 1077/1237/1075 1074/1235/1072
f 1080/1239/1078 1081/1242/1079 1078/1236/1076
f 1080/1239/1078 1077/1237/1075 1079/1238/1077
f 1023/1241/1021 1020/1294/1018 1081/1242/1079
f 1023/1241/1021 1080/1239/1078 1082/1240/1080
f 1082/1240/1080 1079/1238/1077 1092/1244/1090
f 1084/1243/1082 1082/1240/1080 1083/1245/1081
f 1085/1247/1083 1086/1249/1084 1022/1181/1020
f 1085/1247/1083 1083/1253/1081 1088/1248/1086
f 1086/1249/1084 1087/1251/1085 1025/1184/1023
f 1086/1249/1084 1088/1248/1086 1089/1250/1087
f 1088/1248/1086 1090/1254/1088 1091/1252/1089
f 1083/1253/1081 1092/1257/1090 1090/1254/1088
f 1093/1255/1091 1094/1259/1092 1091/1252/1089
f 1095/1256/1093 1093/1255/1091 1090/1254/1088
f 1096/1258/1094 1098/1261/1096 1094/1259/1092
f 1097/1260/1095 1096/1258/1094 1093/1255/1091
f 1097/1260/1095 1072/1232/1070 1070/1229/1068
f 1096/1258/1094 1070/1229/1068 1067/1226/1065
f 1098/1261/1096 1067/1226/1065 1064/1223/1062
f 1098/1261/1096 1099/1262/1097 1101/1263/1099
f 1099/1262/1097 1100/1265/1098 1102/1264/1100
f 1099/1262/1097 1064/1223/1062 1061/1220/1059
f 1101/1263/1099 1102/1264/1100 1104/1266/1102
f 1094/1259/1092 1101/1263/1099 1103/1267/1101
f 1105/1268/1103 1103/1267/1101 1104/1266/1102
f 1089/1250/1087 1091/1252/1089 1103/1267/1101
f 1107/1270/1105 1105/1268/1103 1106/1269/1104
f 1087/1251/1085 1089/1250/1087 1105/1268/1103
f 1087/1251/1085 1107/1270/1105 1027/1187/1025
f 1107/1270/1105 1108/1271/1106 1030/1190/1028
f 1106/1269/1104 1111/1274/1109 1109/1272/1107
f 1108/1271/1106 1109/1272/1107 1033/1193/1031
f 1109/1272/1107 1110/1275/1108 1036/1273/1034
f 1111/1274/1109 1112/1277/1110 1110/1275/1108
f 1113/1276/1111 1114/1279/1112 1112/1277/1110
f 1106/1269/1104 1104/1266/1102 1113/1276/1111
f 1113/1276/1111 1115/1280/1113 1116/1278/1114
f 1102/1264/1100 1115/1280/1113 1113/1276/1111
f 1115/1280/1113 1117/1282/1115 1118/1281/1116
f 1102/1264/1100 1100/1265/1098 1117/1282/1115
f 1100/1265/1098 1061/1220/1059 1058/1217/1056
f 1117/1282/1115 1058/1217/1056 1055/1215/1053
f 1116/1278/1114 1118/1281/1116 1119/1283/1117
f 1055/1215/1053 1052/1212/1050 1119/1283/1117
f 1052/1212/1050 1049/1209/1047 1120/1285/1118
f 1114/1279/1112 1116/1278/1114 1120/1284/1118
f 1049/1209/1047 1046/1206/1044 1121/1287/1119
f 1114/1279/1112 1121/1286/1119 1122/1288/1120
f 1121/1287/1119 1046/1206/1044 1043/1199/1041
f 1112/1277/1110 1122/1288/1120 1123/1290/1121
f 1122/1289/1120 1043/1199/1041 1039/1201/1037
f 1036/1273/1034 1110/1275/1108 1123/1290/1121
f 1095/1292/1093 1076/1233/1074 1072/1232/1070
f 1092/1244/1090 1079/1238/1077 1076/1233/1074
f 1081/1242/1079 1124/1164/1122 1125/1293/1123
f 1020/1294/1018 1011/1162/1009 1124/1164/1122
f 1124/1164/1122 1012/1163/1010 1127/1295/1125
f 1125/1293/1123 1126/1296/1124 1075/1234/1073
f 1127/1295/1125 1128/1310/1126 1126/1296/1124
f 1012/1170/1010 1015/1169/1013 1129/1297/1127
f 1128/1299/1126 1127/1298/1125 1129/1297/1127
f 1015/1169/1013 1149/1174/1147 1130/1301/1128
f 1131/1300/1129 1129/1297/1127 1130/1301/1128
f 1133/1303/1131 1131/1300/1129 1132/1302/1130
f 1134/1305/1132 1128/1299/1126 1131/1300/1129
f 1134/1305/1132 1133/1303/1131 1136/1306/1134
f 1133/1303/1131 1135/1304/1133 1137/1308/1135
f 1136/1306/1134 1137/1308/1135 1066/1228/1064
f 1138/1307/1136 1136/1306/1134 1069/1231/1067
f 1128/1310/1126 1134/1305/1132 1138/1307/1136
f 1126/1296/1124 1138/1307/1136 1073/1309/1071
f 1137/1308/1135 1139/1311/1137 1063/1225/1061
f 1135/1304/1133 1141/1315/1139 1139/1311/1137
f 1063/1225/1061 1139/1311/1137 1140/1312/1138
f 1139/1311/1137 1141/1315/1139 1142/1313/1140
f 1135/1304/1133 1132/1302/1130 1143/1314/1141
f 1141/1315/1139 1143/1314/1141 1144/1316/1142
f 1143/1314/1141 1145/1318/1143 1146/1317/1144
f 1132/1302/1130 1130/1301/1128 1145/1318/1143
f 1147/1319/1145 1148/1321/1146 1146/1317/1144
f 1149/1174/1147 1147/1319/1145 1145/1318/1143
f 1150/1320/1148 1151/4640/1149 1148/1321/1146
f 1014/1322/1012 1150/1320/1148 1147/1319/1145
f 1152/1323/1150 1153/1326/1151 1151/1324/1149
f 1014/1172/1012 1017/1171/1015 1152/1323/1150
f 1028/1186/1026 1031/1189/1029 1153/1326/1151
f 1017/1171/1015 1019/1175/1017 1028/1186/1026
f 1031/1189/1029 1034/1192/1032 1154/1327/1152
f 1153/1326/1151 1154/1327/1152 1156/1328/1154
f 1034/1192/1032 1037/1195/1035 1155/1329/1153
f 1154/1327/1152 1155/1329/1153 1157/1330/1155
f 1158/1331/1156 1156/1334/1154 1157/1332/1155
f 1148/1321/1146 1151/4640/1149 1156/1334/1154
f 1160/1335/1158 1158/1331/1156 1159/1333/1157
f 1146/1317/1144 1148/1321/1146 1158/1331/1156
f 1160/1335/1158 1161/1336/1159 1163/1337/1161
f 1146/1317/1144 1160/1335/1158 1162/1338/1160
f 1162/1338/1160 1163/1337/1161 1165/1339/1163
f 1144/1316/1142 1162/1338/1160 1164/1340/1162
f 1140/1312/1138 1142/1313/1140 1164/1340/1162
f 1166/1341/1164 1164/1340/1162 1165/1339/1163
f 1057/1219/1055 1166/1341/1164 1167/1342/1165
f 1060/1222/1058 1140/1312/1138 1166/1341/1164
f 1054/1213/1052 1167/1342/1165 1168/1343/1166
f 1167/1342/1165 1165/1339/1163 1169/1344/1167
f 1051/1210/1049 1168/1343/1166 1170/1345/1168
f 1168/1343/1166 1169/1344/1167 1172/1346/1170
f 1048/1207/1046 1170/1345/1168 1171/1347/1169
f 1170/1345/1168 1172/1346/1170 1173/1349/1171
f 1163/1337/1161 1172/1350/1170 1169/1344/1167
f 1161/1336/1159 1173/1352/1171 1172/1350/1170
f 1161/1336/1159 1159/1333/1157 1174/1351/1172
f 1173/1349/1171 1174/1355/1172 1176/1353/1174
f 1159/1333/1157 1157/1332/1155 1175/1354/1173
f 1174/1355/1172 1175/4641/1173 1177/1356/1175
f 1171/1347/1169 1176/1353/1174 1042/1205/1040
f 1176/1353/1174 1177/1356/1175 1040/1203/1038
f 1155/1329/1153 1177/1358/1175 1175/1357/1173
f 1037/1195/1035 1040/1198/1038 1177/1358/1175
f 1178/1359/1176 1180/1365/1178 1359/1360/1357
f 1181/1362/1179 1178/1359/1176 1179/1361/1177
f 1182/1364/1180 1183/1579/1181 1180/1365/1178
f 1184/1366/1182 1182/1364/1180 1178/1359/1176
f 1186/1367/1184 1183/1579/1181 1182/1364/1180
f 1185/1368/1183 1182/1364/1180 1184/1366/1182
f 1189/1370/1187 1186/1367/1184 1185/1368/1183
f 1188/1371/1186 1185/1368/1183 1187/1369/1185
f 1192/1373/1190 1189/1370/1187 1188/1371/1186
f 1191/1374/1189 1188/1371/1186 1190/1372/1188
f 1195/1376/1193 1192/1373/1190 1191/1374/1189
f 1194/1377/1192 1191/1374/1189 1193/1375/1191
f 1198/1379/1196 1195/1376/1193 1194/1377/1192
f 1197/1380/1195 1194/1377/1192 1196/1378/1194
f 1201/1382/1199 1198/1379/1196 1197/1380/1195
f 1200/1383/1198 1197/1380/1195 1199/1381/1197
f 1203/1385/1201 1204/1580/1202 1201/1382/1199
f 1205/1386/1203 1203/1385/1201 1200/1383/1198
f 1334/1516/1332 1333/1515/1331 1370/1550/1368
f 1333/1515/1331 1332/1514/1330 1342/1527/1340
f 1247/1525/1245 1332/1514/1330 1246/1431/1244
f 1332/1514/1330 1331/1513/1329 1248/1432/1246
f 1331/1513/1329 1330/1512/1328 1323/1505/1321
f 1330/1512/1328 1329/1511/1327 1325/1508/1323
f 1329/1511/1327 1328/1510/1326 1325/1508/1323
f 1328/1510/1326 1327/1509/1325 1325/1508/1323
f 1327/1509/1325 1326/1507/1324 1325/1508/1323
f 1325/1508/1323 1324/1506/1322 1330/1512/1328
f 1324/1506/1322 1323/1505/1321 1330/1512/1328
f 1331/1513/1329 1323/1505/1321 1250/1435/1248
f 1335/1387/1333 1334/1516/1332 1375/4642/1373
f 1332/1514/1330 1247/1525/1245 1342/1527/1340
f 1337/1518/1335 1336/1517/1334 1292/4643/1290
f 1336/1517/1334 1335/1387/1333 1291/4644/1289
f 1339/1520/1337 1338/1519/1336 1341/1522/1339
f 1338/1519/1336 1337/1518/1335 1341/1522/1339
f 1341/1522/1339 1340/1521/1338 1339/1520/1337
f 1291/4644/1289 1292/4643/1290 1336/1517/1334
f 1292/4643/1290 1341/1522/1339 1337/1518/1335
f 1288/1389/1286 1290/4645/1288 1335/1387/1333
f 1290/4645/1288 1291/4644/1289 1335/1387/1333
f 1207/4646/1205 1289/4647/1287 1206/4648/1204
f 1289/4647/1287 1288/1389/1286 1205/1388/1203
f 1205/1388/1203 1206/4648/1204 1289/4647/1287
f 1204/4649/1202 1203/4650/1201 1335/1387/1333
f 1203/4650/1201 1205/1388/1203 1335/1387/1333
f 1372/4651/1370 1375/4642/1373 1334/1516/1332
f 1375/4642/1373 1204/4649/1202 1335/1387/1333
f 1370/1550/1368 1371/1553/1369 1334/1516/1332
f 1371/1553/1369 1372/4651/1370 1334/1516/1332
f 1342/1527/1340 1343/1551/1341 1333/1515/1331
f 1343/1551/1341 1370/1550/1368 1333/1515/1331
f 1249/1433/1247 1248/1432/1246 1331/1513/1329
f 1248/1432/1246 1246/1431/1244 1332/1514/1330
f 1250/1435/1248 1249/1433/1247 1331/1513/1329
f 1206/1390/1204 1205/1386/1203 1202/1384/1200
f 1207/1392/1205 1206/1390/1204 1208/1391/1206
f 1202/1384/1200 1199/1381/1197 1210/1394/1208
f 1208/1391/1206 1210/1394/1208 1211/1395/1209
f 1199/1381/1197 1196/1378/1194 1212/1396/1210
f 1210/1394/1208 1212/1396/1210 1213/1397/1211
f 1196/1378/1194 1193/1375/1191 1214/1398/1212
f 1212/1396/1210 1214/1398/1212 1215/1399/1213
f 1193/1375/1191 1190/1372/1188 1216/1400/1214
f 1214/1398/1212 1216/1400/1214 1217/1401/1215
f 1190/1372/1188 1187/1369/1185 1218/1402/1216
f 1216/1400/1214 1218/1402/1216 1219/1403/1217
f 1187/1369/1185 1184/1366/1182 1220/1404/1218
f 1219/1403/1217 1218/1402/1216 1220/1404/1218
f 1220/1404/1218 1184/1366/1182 1181/1362/1179
f 1221/1405/1219 1220/1404/1218 1222/1406/1220
f 1222/1406/1220 1181/1362/1179 1356/1363/1354
f 1224/1407/1222 1222/1406/1220 1223/1408/1221
f 1268/1410/1266 1221/1405/1219 1224/1407/1222
f 1225/1411/1223 1224/1407/1222 1226/1409/1224
f 1226/1409/1224 1223/1408/1221 1229/1413/1227
f 1227/1412/1225 1226/1409/1224 1228/1414/1226
f 1228/1414/1226 1229/1413/1227 1232/1416/1230
f 1230/1415/1228 1228/1414/1226 1231/1417/1229
f 1231/1417/1229 1232/1416/1230 1235/1419/1233
f 1233/1418/1231 1231/1417/1229 1234/1420/1232
f 1234/1420/1232 1235/1419/1233 1238/1422/1236
f 1236/1421/1234 1234/1420/1232 1237/1423/1235
f 1237/1423/1235 1238/1422/1236 1241/1425/1239
f 1239/1424/1237 1237/1423/1235 1240/1426/1238
f 1240/1426/1238 1241/1425/1239 1244/1428/1242
f 1242/1427/1240 1240/1426/1238 1243/1429/1241
f 1244/1428/1242 1247/1525/1245 1246/1431/1244
f 1243/1429/1241 1246/1431/1244 1248/1432/1246
f 1245/1430/1243 1248/1432/1246 1249/1433/1247
f 1251/1434/1249 1249/1433/1247 1250/1435/1248
f 1253/1437/1251 1242/1427/1240 1245/1430/1243
f 1253/1437/1251 1251/1434/1249 1252/1436/1250
f 1255/1439/1253 1239/1424/1237 1242/1427/1240
f 1255/1439/1253 1253/1437/1251 1254/1438/1252
f 1257/1441/1255 1236/1421/1234 1239/1424/1237
f 1257/1441/1255 1255/1439/1253 1256/1440/1254
f 1259/1443/1257 1233/1418/1231 1236/1421/1234
f 1260/1444/1258 1259/1443/1257 1257/1441/1255
f 1261/1445/1259 1230/1415/1228 1233/1418/1231
f 1262/1446/1260 1261/1445/1259 1259/1443/1257
f 1263/1447/1261 1227/1412/1225 1230/1415/1228
f 1264/1448/1262 1263/1447/1261 1261/1445/1259
f 1265/1449/1263 1225/1411/1223 1227/1412/1225
f 1266/1450/1264 1265/1449/1263 1263/1447/1261
f 1267/1451/1265 1268/1410/1266 1225/1411/1223
f 1269/1452/1267 1267/1451/1265 1265/1449/1263
f 1270/1453/1268 1271/1456/1269 1268/1410/1266
f 1272/1454/1270 1270/1453/1268 1267/1451/1265
f 1273/1455/1271 1274/1459/1272 1271/1456/1269
f 1275/1457/1273 1273/1455/1271 1270/1453/1268
f 1276/1458/1274 1277/1462/1275 1274/1459/1272
f 1278/1460/1276 1276/1458/1274 1273/1455/1271
f 1279/1461/1277 1280/1465/1278 1277/1462/1275
f 1281/1463/1279 1279/1461/1277 1276/1458/1274
f 1282/1464/1280 1283/1468/1281 1280/1465/1278
f 1284/1466/1282 1282/1464/1280 1279/1461/1277
f 1285/1467/1283 1286/1471/1284 1283/1468/1281
f 1287/1469/1285 1285/1467/1283 1282/1464/1280
f 1288/1470/1286 1289/1523/1287 1286/1471/1284
f 1290/1472/1288 1288/1470/1286 1285/1467/1283
f 1291/1473/1289 1290/1472/1288 1287/1469/1285
f 1292/1475/1290 1291/1473/1289 1293/1474/1291
f 1293/1474/1291 1287/1469/1285 1284/1466/1282
f 1294/1476/1292 1293/1474/1291 1295/1477/1293
f 1295/1477/1293 1284/1466/1282 1281/1463/1279
f 1296/1478/1294 1295/1477/1293 1297/1479/1295
f 1297/1479/1295 1281/1463/1279 1278/1460/1276
f 1298/1480/1296 1297/1479/1295 1299/1481/1297
f 1299/1481/1297 1278/1460/1276 1275/1457/1273
f 1300/1482/1298 1299/1481/1297 1301/1483/1299
f 1301/1483/1299 1275/1457/1273 1272/1454/1270
f 1302/1484/1300 1301/1483/1299 1303/1485/1301
f 1303/1485/1301 1272/1454/1270 1269/1452/1267
f 1304/1486/1302 1303/1485/1301 1305/1487/1303
f 1305/1487/1303 1269/1452/1267 1266/1450/1264
f 1306/1488/1304 1305/1487/1303 1307/1489/1305
f 1307/1489/1305 1266/1450/1264 1264/1448/1262
f 1308/1490/1306 1307/1489/1305 1309/1491/1307
f 1309/1491/1307 1264/1448/1262 1262/1446/1260
f 1309/1491/1307 1311/1493/1309 1312/1494/1310
f 1262/1446/1260 1260/1444/1258 1313/1495/1311
f 1311/1493/1309 1313/1495/1311 1314/1496/1312
f 1260/1444/1258 1258/1442/1256 1315/1497/1313
f 1313/1495/1311 1315/1497/1313 1316/1498/1314
f 1258/1442/1256 1256/1440/1254 1317/1499/1315
f 1315/1497/1313 1317/1499/1315 1318/1500/1316
f 1256/1440/1254 1254/1438/1252 1319/1501/1317
f 1317/1499/1315 1319/1501/1317 1320/1502/1318
f 1254/1438/1252 1252/1436/1250 1321/1503/1319
f 1319/1501/1317 1321/1503/1319 1322/1504/1320
f 1252/1436/1250 1250/1435/1248 1323/1505/1321
f 1322/1504/1320 1321/1503/1319 1323/1505/1321
f 1326/1507/1324 1322/1504/1320 1324/1506/1322
f 1320/1502/1318 1322/1504/1320 1326/1507/1324
f 1318/1500/1316 1320/1502/1318 1327/1509/1325
f 1316/1498/1314 1318/1500/1316 1328/1510/1326
f 1314/1496/1312 1316/1498/1314 1329/1511/1327
f 1312/1494/1310 1314/1496/1312 1330/1512/1328
f 1310/1492/1308 1312/1494/1310 1331/1513/1329
f 1308/1490/1306 1310/1492/1308 1332/1514/1330
f 1334/1516/1332 1306/1488/1304 1308/1490/1306
f 1335/1387/1333 1304/1486/1302 1306/1488/1304
f 1336/1517/1334 1302/1484/1300 1304/1486/1302
f 1337/1518/1335 1300/1482/1298 1302/1484/1300
f 1338/1519/1336 1298/1480/1296 1300/1482/1298
f 1339/1520/1337 1296/1478/1294 1298/1480/1296
f 1340/1521/1338 1294/1476/1292 1296/1478/1294
f 1341/1522/1339 1292/1475/1290 1294/1476/1292
f 1289/1523/1287 1207/1392/1205 1209/1393/1207
f 1209/1393/1207 1211/1395/1209 1283/1468/1281
f 1211/1395/1209 1213/1397/1211 1280/1465/1278
f 1213/1397/1211 1215/1399/1213 1277/1462/1275
f 1277/1462/1275 1215/1399/1213 1217/1401/1215
f 1274/1459/1272 1217/1401/1215 1219/1403/1217
f 1271/1456/1269 1219/1403/1217 1221/1405/1219
f 1344/1524/1342 1342/1527/1340 1247/1525/1245
f 1345/1526/1343 1343/1551/1341 1342/1527/1340
f 1346/1528/1344 1347/1530/1345 1345/1526/1343
f 1241/1425/1239 1346/1528/1344 1344/1524/1342
f 1348/1529/1346 1349/1532/1347 1347/1530/1345
f 1238/1422/1236 1348/1529/1346 1346/1528/1344
f 1350/1531/1348 1351/1534/1349 1349/1532/1347
f 1235/1419/1233 1350/1531/1348 1348/1529/1346
f 1352/1533/1350 1353/1536/1351 1351/1534/1349
f 1232/1416/1230 1352/1533/1350 1350/1531/1348
f 1354/1535/1352 1355/1537/1353 1353/1536/1351
f 1229/1413/1227 1354/1535/1352 1352/1533/1350
f 1356/1363/1354 1179/1361/1177 1355/1537/1353
f 1223/1408/1221 1356/1363/1354 1354/1535/1352
f 1179/1361/1177 1359/1360/1357 1357/1538/1355
f 1355/1537/1353 1357/1538/1355 1360/1539/1358
f 1359/1360/1357 1374/1558/1372 1358/1540/1356
f 1357/1538/1355 1358/1540/1356 1361/1541/1359
f 1360/1539/1358 1361/1541/1359 1363/1542/1361
f 1353/1536/1351 1360/1539/1358 1362/1543/1360
f 1362/1543/1360 1363/1542/1361 1365/1544/1363
f 1351/1534/1349 1362/1543/1360 1364/1545/1362
f 1364/1545/1362 1365/1544/1363 1367/1546/1365
f 1349/1532/1347 1364/1545/1362 1366/1547/1364
f 1366/1547/1364 1367/1546/1365 1369/1548/1367
f 1347/1530/1345 1366/1547/1364 1368/1549/1366
f 1369/1548/1367 1371/1553/1369 1370/1550/1368
f 1368/1549/1366 1370/1550/1368 1343/1551/1341
f 1381/1577/1379 1382/1559/1380 1183/1579/1181
f 1183/1579/1181 1382/1559/1380 1373/1556/1371
f 1380/1575/1378 1381/1577/1379 1186/1367/1184
f 1379/1573/1377 1380/1575/1378 1189/1370/1187
f 1378/1571/1376 1379/1573/1377 1192/1373/1190
f 1377/1569/1375 1378/1571/1376 1195/1376/1193
f 1376/1567/1374 1377/1569/1375 1198/1379/1196
f 1375/1565/1373 1376/1567/1374 1201/1382/1199
f 1180/1365/1178 1373/1556/1371 1374/1558/1372
f 1383/1581/1381 1384/1585/1382 1564/1582/1562
f 1386/1584/1384 1561/1630/1559 1384/1585/1382
f 1387/1586/1385 1383/1581/1381 1385/1583/1383
f 1389/1588/1387 1386/1584/1384 1383/1581/1381
f 1387/1586/1385 1388/1587/1386 1391/1589/1389
f 1389/1588/1387 1387/1586/1385 1390/1590/1388
f 1390/1590/1388 1391/1589/1389 1394/1592/1392
f 1392/1591/1390 1390/1590/1388 1393/1593/1391
f 1393/1593/1391 1394/1592/1392 1397/1595/1395
f 1395/1594/1393 1393/1593/1391 1396/1596/1394
f 1396/1596/1394 1397/1595/1395 1400/1598/1398
f 1398/1597/1396 1396/1596/1394 1399/1599/1397
f 1399/1599/1397 1400/1598/1398 1403/1601/1401
f 1401/1600/1399 1399/1599/1397 1402/1602/1400
f 1402/1602/1400 1403/1601/1401 1406/1604/1404
f 1404/1603/1402 1402/1602/1400 1405/1605/1403
f 1408/1607/1406 1405/1605/1403 1406/1604/1404
f 1410/1609/1408 1407/1606/1405 1405/1605/1403
f 1537/1738/1535 1538/1739/1536 1547/1749/1545
f 1538/1739/1536 1539/1740/1537 1575/1774/1573
f 1539/1740/1537 1540/1610/1538 1580/4652/1578
f 1540/1610/1538 1541/1741/1539 1496/4653/1494
f 1541/1741/1539 1542/1742/1540 1497/4654/1495
f 1542/1742/1540 1543/1743/1541 1546/1746/1544
f 1543/1743/1541 1544/1744/1542 1546/1746/1544
f 1544/1744/1542 1545/1745/1543 1546/1746/1544
f 1546/1746/1544 1497/4654/1495 1542/1742/1540
f 1497/4654/1495 1496/4653/1494 1541/1741/1539
f 1540/1610/1538 1496/4653/1494 1495/4655/1493
f 1536/1737/1534 1537/1738/1535 1453/1655/1451
f 1538/1739/1536 1575/1774/1573 1548/1775/1546
f 1534/1735/1532 1535/1736/1533 1530/4656/1528
f 1535/1736/1533 1536/1737/1534 1528/1730/1526
f 1530/4656/1528 1535/1736/1533 1529/1732/1527
f 1532/1733/1530 1533/1734/1531 1530/4656/1528
f 1533/1734/1531 1534/1735/1532 1530/4656/1528
f 1530/4656/1528 1531/1731/1529 1532/1733/1530
f 1528/1730/1526 1529/1732/1527 1535/1736/1533
f 1454/1657/1452 1455/1659/1453 1536/1737/1534
f 1455/1659/1453 1528/1730/1526 1536/1737/1534
f 1451/1654/1449 1453/1655/1451 1537/1738/1535
f 1453/1655/1451 1454/1657/1452 1536/1737/1534
f 1547/1749/1545 1452/1747/1450 1537/1738/1535
f 1452/1747/1450 1451/1654/1449 1537/1738/1535
f 1548/1775/1546 1547/1749/1545 1538/1739/1536
f 1577/4657/1575 1576/1776/1574 1539/1740/1537
f 1576/1776/1574 1575/1774/1573 1539/1740/1537
f 1409/4658/1407 1580/4652/1578 1540/1610/1538
f 1580/4652/1578 1577/4657/1575 1539/1740/1537
f 1410/1612/1408 1408/4659/1406 1540/1610/1538
f 1408/4659/1406 1409/4658/1407 1540/1610/1538
f 1412/4660/1410 1411/4661/1409 1494/4662/1492
f 1411/4661/1409 1410/1612/1408 1494/4662/1492
f 1493/1611/1491 1494/4662/1492 1410/1612/1408
f 1495/4655/1493 1493/1611/1491 1540/1610/1538
f 1411/1613/1409 1413/1615/1411 1407/1606/1405
f 1412/1614/1410 1414/1618/1412 1413/1615/1411
f 1415/1616/1413 1404/1603/1402 1407/1606/1405
f 1416/1617/1414 1415/1616/1413 1413/1615/1411
f 1417/1619/1415 1401/1600/1399 1404/1603/1402
f 1418/1620/1416 1417/1619/1415 1415/1616/1413
f 1419/1621/1417 1398/1597/1396 1401/1600/1399
f 1420/1622/1418 1419/1621/1417 1417/1619/1415
f 1421/1623/1419 1395/1594/1393 1398/1597/1396
f 1422/1624/1420 1421/1623/1419 1419/1621/1417
f 1423/1625/1421 1392/1591/1390 1395/1594/1393
f 1424/1626/1422 1423/1625/1421 1421/1623/1419
f 1425/1627/1423 1389/1588/1387 1392/1591/1390
f 1424/1626/1422 1426/1628/1424 1425/1627/1423
f 1425/1627/1423 1427/1629/1425 1386/1584/1384
f 1426/1628/1424 1429/1631/1427 1427/1629/1425
f 1427/1629/1425 1428/1632/1426 1561/1630/1559
f 1429/1631/1427 1431/1635/1429 1428/1632/1426
f 1473/1633/1471 1430/1634/1428 1429/1631/1427
f 1430/1634/1428 1432/1637/1430 1431/1635/1429
f 1431/1635/1429 1433/1638/1431 1434/1636/1432
f 1432/1637/1430 1435/1640/1433 1433/1638/1431
f 1433/1638/1431 1436/1641/1434 1437/1639/1435
f 1435/1640/1433 1438/1643/1436 1436/1641/1434
f 1436/1641/1434 1439/1644/1437 1440/1642/1438
f 1438/1643/1436 1441/1646/1439 1439/1644/1437
f 1439/1644/1437 1442/1647/1440 1443/1645/1441
f 1441/1646/1439 1444/1649/1442 1442/1647/1440
f 1442/1647/1440 1445/1650/1443 1446/1648/1444
f 1444/1649/1442 1447/1652/1445 1445/1650/1443
f 1445/1650/1443 1448/1653/1446 1449/1651/1447
f 1447/1652/1445 1450/1656/1448 1448/1653/1446
f 1451/1654/1449 1452/1747/1450 1449/1651/1447
f 1453/1655/1451 1451/1654/1449 1448/1653/1446
f 1454/1657/1452 1453/1655/1451 1450/1656/1448
f 1455/1659/1453 1454/1657/1452 1456/1658/1454
f 1458/1661/1456 1456/1658/1454 1450/1656/1448
f 1457/1660/1455 1456/1658/1454 1458/1661/1456
f 1460/1663/1458 1458/1661/1456 1447/1652/1445
f 1459/1662/1457 1458/1661/1456 1460/1663/1458
f 1462/1665/1460 1460/1663/1458 1444/1649/1442
f 1461/1664/1459 1460/1663/1458 1462/1665/1460
f 1464/1667/1462 1462/1665/1460 1441/1646/1439
f 1465/1668/1463 1463/1666/1461 1462/1665/1460
f 1466/1669/1464 1464/1667/1462 1438/1643/1436
f 1467/1670/1465 1465/1668/1463 1464/1667/1462
f 1468/1671/1466 1466/1669/1464 1435/1640/1433
f 1469/1672/1467 1467/1670/1465 1466/1669/1464
f 1470/1673/1468 1468/1671/1466 1432/1637/1430
f 1471/1674/1469 1469/1672/1467 1468/1671/1466
f 1472/1675/1470 1470/1673/1468 1430/1634/1428
f 1474/1676/1472 1471/1674/1469 1470/1673/1468
f 1475/1677/1473 1472/1675/1470 1473/1633/1471
f 1477/1679/1475 1474/1676/1472 1472/1675/1470
f 1478/1680/1476 1475/1677/1473 1476/1678/1474
f 1480/1682/1478 1477/1679/1475 1475/1677/1473
f 1481/1683/1479 1478/1680/1476 1479/1681/1477
f 1483/1685/1481 1480/1682/1478 1478/1680/1476
f 1484/1686/1482 1481/1683/1479 1482/1684/1480
f 1486/1688/1484 1483/1685/1481 1481/1683/1479
f 1487/1689/1485 1484/1686/1482 1485/1687/1483
f 1489/1691/1487 1486/1688/1484 1484/1686/1482
f 1490/1692/1488 1487/1689/1485 1488/1690/1486
f 1492/1694/1490 1489/1691/1487 1487/1689/1485
f 1493/1695/1491 1490/1692/1488 1491/1693/1489
f 1495/1697/1493 1492/1694/1490 1490/1692/1488
f 1496/1698/1494 1498/1700/1496 1492/1694/1490
f 1497/1699/1495 1499/1701/1497 1498/1700/1496
f 1498/1700/1496 1500/1702/1498 1489/1691/1487
f 1499/1701/1497 1501/1703/1499 1500/1702/1498
f 1500/1702/1498 1502/1704/1500 1486/1688/1484
f 1501/1703/1499 1503/1705/1501 1502/1704/1500
f 1502/1704/1500 1504/1706/1502 1483/1685/1481
f 1503/1705/1501 1505/1707/1503 1504/1706/1502
f 1504/1706/1502 1506/1708/1504 1480/1682/1478
f 1505/1707/1503 1507/1709/1505 1506/1708/1504
f 1506/1708/1504 1508/1710/1506 1477/1679/1475
f 1507/1709/1505 1509/1711/1507 1508/1710/1506
f 1508/1710/1506 1510/1712/1508 1474/1676/1472
f 1509/1711/1507 1511/1713/1509 1510/1712/1508
f 1510/1712/1508 1512/1714/1510 1471/1674/1469
f 1511/1713/1509 1513/1715/1511 1512/1714/1510
f 1512/1714/1510 1514/1716/1512 1469/1672/1467
f 1513/1715/1511 1515/1718/1513 1514/1716/1512
f 1514/1716/1512 1516/1720/1514 1467/1670/1465
f 1517/1717/1515 1516/1720/1514 1514/1716/1512
f 1518/1719/1516 1465/1668/1463 1467/1670/1465
f 1519/1721/1517 1518/1719/1516 1516/1720/1514
f 1520/1722/1518 1463/1666/1461 1465/1668/1463
f 1521/1723/1519 1520/1722/1518 1518/1719/1516
f 1522/1724/1520 1461/1664/1459 1463/1666/1461
f 1523/1725/1521 1522/1724/1520 1520/1722/1518
f 1524/1726/1522 1459/1662/1457 1461/1664/1459
f 1525/1727/1523 1524/1726/1522 1522/1724/1520
f 1526/1728/1524 1457/1660/1455 1459/1662/1457
f 1527/1729/1525 1526/1728/1524 1524/1726/1522
f 1528/1730/1526 1455/1659/1453 1457/1660/1455
f 1527/1729/1525 1529/1732/1527 1528/1730/1526
f 1531/1731/1529 1530/4656/1528 1529/1732/1527
f 1531/1731/1529 1527/1729/1525 1525/1727/1523
f 1532/1733/1530 1525/1727/1523 1523/1725/1521
f 1533/1734/1531 1523/1725/1521 1521/1723/1519
f 1534/1735/1532 1521/1723/1519 1519/1721/1517
f 1535/1736/1533 1519/1721/1517 1517/1717/1515
f 1536/1737/1534 1517/1717/1515 1515/1718/1513
f 1537/1738/1535 1515/1718/1513 1513/1715/1511
f 1539/1740/1537 1538/1739/1536 1513/1715/1511
f 1540/1610/1538 1539/1740/1537 1511/1713/1509
f 1541/1741/1539 1540/1610/1538 1509/1711/1507
f 1542/1742/1540 1541/1741/1539 1507/1709/1505
f 1543/1743/1541 1542/1742/1540 1505/1707/1503
f 1544/1744/1542 1543/1743/1541 1503/1705/1501
f 1545/1745/1543 1544/1744/1542 1501/1703/1499
f 1546/1746/1544 1545/1745/1543 1499/1701/1497
f 1494/1696/1492 1491/1693/1489 1414/1618/1412
f 1488/1690/1486 1416/1617/1414 1414/1618/1412
f 1485/1687/1483 1418/1620/1416 1416/1617/1414
f 1482/1684/1480 1420/1622/1418 1418/1620/1416
f 1482/1684/1480 1479/1681/1477 1422/1624/1420
f 1479/1681/1477 1476/1678/1474 1424/1626/1422
f 1476/1678/1474 1473/1633/1471 1426/1628/1424
f 1452/1747/1450 1547/1749/1545 1549/1748/1547
f 1547/1749/1545 1548/1775/1546 1550/1750/1548
f 1551/1751/1549 1549/1748/1547 1550/1750/1548
f 1446/1648/1444 1449/1651/1447 1549/1748/1547
f 1553/1753/1551 1551/1751/1549 1552/1752/1550
f 1443/1645/1441 1446/1648/1444 1551/1751/1549
f 1555/1755/1553 1553/1753/1551 1554/1754/1552
f 1440/1642/1438 1443/1645/1441 1553/1753/1551
f 1557/1757/1555 1555/1755/1553 1556/1756/1554
f 1437/1639/1435 1440/1642/1438 1555/1755/1553
f 1559/1759/1557 1557/1757/1555 1558/1758/1556
f 1434/1636/1432 1437/1639/1435 1557/1757/1555
f 1561/1630/1559 1559/1759/1557 1560/1760/1558
f 1428/1632/1426 1434/1636/1432 1559/1759/1557
f 1384/1585/1382 1560/1760/1558 1562/1761/1560
f 1560/1760/1558 1558/1758/1556 1565/1762/1563
f 1564/1582/1562 1562/1761/1560 1563/1763/1561
f 1562/1761/1560 1565/1762/1563 1566/1765/1564
f 1565/1762/1563 1567/1767/1565 1568/1766/1566
f 1558/1758/1556 1556/1756/1554 1567/1767/1565
f 1567/1767/1565 1569/1769/1567 1570/1768/1568
f 1556/1756/1554 1554/1754/1552 1569/1769/1567
f 1569/1769/1567 1571/1771/1569 1572/1770/1570
f 1554/1754/1552 1552/1752/1550 1571/1771/1569
f 1571/1771/1569 1573/1773/1571 1574/1772/1572
f 1552/1752/1550 1550/1750/1548 1573/1773/1571
f 1575/1774/1573 1576/1776/1574 1574/1772/1572
f 1548/1775/1546 1575/1774/1573 1573/1773/1571
f 1388/1587/1386 1587/1782/1585 1586/1799/1584
f 1388/1587/1386 1385/1583/1383 1578/1780/1576
f 1391/1589/1389 1586/1799/1584 1585/1797/1583
f 1394/1592/1392 1585/1797/1583 1584/1795/1582
f 1397/1595/1395 1584/1795/1582 1583/1793/1581
f 1400/1598/1398 1583/1793/1581 1582/1791/1580
f 1403/1601/1401 1582/1791/1580 1581/1789/1579
f 1406/1604/1404 1581/1789/1579 1580/1788/1578
f 1385/1583/1383 1564/1582/1562 1579/1764/1577
f 1588/1802/1586 1590/4663/1588 1604/1803/1601
f 1589/1805/1587 1594/1813/308 1591/1806/1589
f 1593/1808/1591 1590/4664/1588 1588/1809/1586
f 1592/1811/1590 1600/4665/1597 1593/1808/1591
f 1596/1812/1593 1592/1811/1590 1591/1806/1589
f 1595/1814/1592 1594/1813/308 1589/1805/1587
f 1595/1814/1592 1597/1817/1594 1596/1812/1593
f 1598/1816/1595 1600/4665/1597 1592/1811/1590
f 1597/1817/1594 1599/1818/1596 1598/1816/1595
f 1601/1819/1598 1602/4666/1599 1590/4664/1588
f 1602/4666/1599 1604/1803/1601 1590/4664/1588
f 1590/4664/1588 1593/1808/1591 1601/1819/1598
f 1593/1808/1591 1600/4665/1597 1599/1818/1596
f 1600/4665/1597 1598/1816/1595 1599/1818/1596
f 1601/1819/1598 1599/1818/1596 1597/1817/1594
f 1603/1821/1600 1602/4666/1599 1601/1819/1598
f 1604/1803/1601 1602/4666/1599 1603/1821/1600
f 1605/1822/1590 1606/1844/1593 1621/1823/1595
f 1606/1825/1593 1605/4667/1590 1608/1826/1589
f 1605/1828/1590 1607/1839/1597 1610/1829/1591
f 1609/1831/1586 1608/1830/1589 1610/1829/1591
f 1608/1826/1589 1609/1831/1586 1613/1833/1587
f 1606/1825/1593 1611/1827/308 1612/1834/1592
f 1612/1834/1592 1611/1827/308 1613/1833/1587
f 1609/1831/1586 1617/1832/1588 1615/1837/1601
f 1614/1836/1600 1613/1833/1587 1615/1837/1601
f 1621/1823/1595 1619/1840/1596 1607/1839/1597
f 1619/1840/1596 1618/1841/1598 1610/1829/1591
f 1618/1841/1598 1616/1838/1599 1617/1832/1588
f 1616/1838/1599 1615/1837/1601 1617/1832/1588
f 1617/1832/1588 1610/1829/1591 1618/1841/1598
f 1614/1836/1600 1616/1838/1599 1618/1841/1598
f 1620/1843/1594 1612/1842/1592 1618/1841/1598
f 1620/1843/1594 1619/1840/1596 1621/1823/1595
f 1622/1845/1602 1623/1982/1603 1651/1846/1630
f 1622/1848/1602 1625/1856/1605 1628/1849/1608
f 1622/1851/1602 1624/4668/1604 1627/1852/1607
f 1626/1854/1606 1625/1853/1605 1627/1852/1607
f 1625/1856/1605 1626/4669/1606 1630/1857/1610
f 1628/1849/1608 1630/1857/1610 1631/1858/308
f 1623/1850/1603 1628/1849/1608 1629/1859/1609
f 1631/1858/308 1630/1857/1610 1632/1861/1611
f 1630/1857/1610 1626/4669/1606 1635/1863/1614
f 1633/1862/1612 1632/1861/1611 1634/1864/1613
f 1632/1861/1611 1635/1863/1614 1636/1866/1615
f 1626/1854/1606 1638/1855/1617 1637/1867/1616
f 1636/1866/1615 1635/1868/1614 1637/1867/1616
f 1637/1867/1616 1638/1855/1617 1643/1870/1622
f 1637/1867/1616 1640/1871/1619 1642/1872/1621
f 1643/1870/1622 1644/1876/1623 1641/1873/1620
f 1640/1871/1619 1641/1873/1620 1683/1874/1662
f 1643/1870/1622 1645/1877/1624 1646/1875/1625
f 1627/1852/1607 1645/1877/1624 1643/1870/1622
f 1645/1877/1624 1647/1879/1626 1648/1878/1627
f 1627/1852/1607 1624/4668/1604 1647/1879/1626
f 1647/1880/1626 1649/1883/1628 1650/1881/1629
f 1624/1847/1604 1651/1846/1630 1649/1883/1628
f 1649/1883/1628 1652/1885/1631 1653/1884/1632
f 1651/1846/1630 1654/1888/1633 1652/1885/1631
f 1655/1886/1634 1656/1890/1635 1653/1884/1632
f 1657/1887/1636 1655/1886/1634 1652/1885/1631
f 1655/1886/1634 1658/1893/1637 1660/1889/1639
f 1659/1891/1638 1658/1893/1637 1655/1886/1634
f 1663/1892/1642 1661/1895/1640 1658/1893/1637
f 1658/1893/1637 1661/1895/1640 1662/1894/1641
f 1661/1895/1640 1664/1897/1643 1665/1896/1644
f 1663/1892/1642 1666/1900/1645 1664/1897/1643
f 1667/1898/1646 1668/1902/1647 1665/1896/1644
f 1669/1899/1648 1667/1898/1646 1664/1897/1643
f 1670/1901/1649 1672/1905/1651 1668/1902/1647
f 1669/1899/1648 1671/1903/1650 1670/1901/1649
f 1671/1903/1650 1675/1908/1654 1673/1904/1652
f 1673/1904/1652 1674/1907/1653 1672/1905/1651
f 1673/1904/1652 1676/1909/1655 1677/1906/1656
f 1675/1908/1654 1678/1912/1657 1676/1909/1655
f 1679/1910/1658 1680/1913/1659 1677/1906/1656
f 1681/1911/1660 1679/1910/1658 1676/1909/1655
f 1642/1872/1621 1683/1874/1662 1680/1913/1659
f 1639/1869/1618 1642/1872/1621 1679/1910/1658
f 1634/1864/1613 1681/1911/1660 1678/1912/1657
f 1636/1866/1615 1639/1869/1618 1681/1911/1660
f 1677/1906/1656 1680/1913/1659 1682/1914/1661
f 1680/1913/1659 1683/1874/1662 1684/1916/1663
f 1641/1873/1620 1686/1919/1665 1684/1916/1663
f 1682/1914/1661 1684/1916/1663 1685/1917/1664
f 1686/1919/1665 1688/1921/1667 1685/1917/1664
f 1644/1876/1623 1687/1920/1666 1686/1919/1665
f 1687/1920/1666 1689/1962/1668 1688/1921/1667
f 1693/1918/1672 1685/1917/1664 1688/1922/1667
f 1690/1923/1669 1688/1922/1667 1689/1924/1668
f 1706/1941/1685 1705/1927/1684 1707/1926/1686
f 1705/1927/1684 1704/1932/1683 1691/1929/1670
f 1692/1925/1671 1691/1929/1670 1690/1923/1669
f 1705/1927/1684 1691/1929/1670 1692/1925/1671
f 1692/1925/1671 1720/1960/1699 1707/1926/1686
f 1694/1928/1673 1693/1918/1672 1690/1923/1669
f 1696/1915/1675 1682/1914/1661 1693/1918/1672
f 1696/1915/1675 1694/1928/1673 1695/1930/1674
f 1694/1928/1673 1691/1929/1670 1704/1932/1683
f 1677/1906/1656 1696/1915/1675 1697/1931/1676
f 1674/1907/1653 1697/1931/1676 1698/1933/1677
f 1697/1931/1676 1695/1930/1674 1699/1934/1678
f 1700/1935/1679 1698/1933/1677 1699/1934/1678
f 1668/1902/1647 1672/1905/1651 1698/1933/1677
f 1665/1896/1644 1668/1902/1647 1700/1935/1679
f 1701/1937/1680 1700/1935/1679 1702/1936/1681
f 1704/1932/1683 1705/1927/1684 1703/1939/1682
f 1699/1934/1678 1695/1930/1674 1704/1932/1683
f 1703/1939/1682 1705/1927/1684 1706/1941/1685
f 1706/1941/1685 1707/1926/1686 1710/1943/1689
f 1706/1941/1685 1709/1944/1688 1711/1945/1690
f 1713/1946/1692 1712/1949/1691 1709/1947/1688
f 1712/1949/1691 1714/1951/1693 1711/1950/1690
f 1653/1884/1632 1656/1890/1635 1712/1949/1691
f 1656/1890/1635 1660/1889/1639 1714/1951/1693
f 1715/1952/1694 1708/1953/1687 1711/1950/1690
f 1662/1894/1641 1715/1952/1694 1714/1951/1693
f 1665/1896/1644 1701/1937/1680 1715/1952/1694
f 1701/1937/1680 1703/1938/1682 1708/1953/1687
f 1653/1884/1632 1713/1946/1692 1716/1954/1695
f 1713/1946/1692 1710/1948/1689 1718/1955/1697
f 1650/1881/1629 1716/1954/1695 1717/1956/1696
f 1716/1954/1695 1718/1955/1697 1719/1957/1698
f 1721/1958/1700 1719/4670/1698 1718/1959/1697
f 1720/1960/1699 1718/1959/1697 1710/1943/1689
f 1689/1924/1668 1721/1958/1700 1720/1960/1699
f 1687/1920/1666 1722/1963/1701 1721/1961/1700
f 1722/1963/1701 1717/1965/1696 1719/1964/1698
f 1644/1876/1623 1646/1875/1625 1722/1963/1701
f 1646/1875/1625 1648/1878/1627 1717/1965/1696
f 1724/1966/1703 1723/1865/1702 1678/1912/1657
f 1633/1862/1612 1723/1865/1702 1724/1966/1703
f 1725/1968/1704 1724/1966/1703 1675/1908/1654
f 1726/1967/1705 1724/1966/1703 1725/1968/1704
f 1631/1858/308 1633/1862/1612 1726/1967/1705
f 1727/1970/1706 1726/1967/1705 1728/1969/1707
f 1725/1968/1704 1671/1903/1650 1669/1899/1648
f 1728/1972/1707 1669/1899/1648 1666/1900/1645
f 1730/1974/1709 1729/1973/1708 1666/1900/1645
f 1730/1975/1709 1732/1978/1711 1727/1970/1706
f 1731/1976/1710 1730/1974/1709 1663/1892/1642
f 1731/1977/1710 1733/1979/1712 1732/1978/1711
f 1732/1978/1711 1629/1859/1609 1631/1858/308
f 1733/1979/1712 1734/1860/1713 1629/1859/1609
f 1731/1976/1710 1659/1891/1638 1657/1887/1636
f 1733/1980/1712 1657/1887/1636 1654/1888/1633
f 1623/1982/1603 1734/1981/1713 1654/1888/1633
f 1735/1983/1714 1737/2068/1716 1800/1984/1779
f 1736/1986/1715 1740/1992/1719 1738/1987/1717
f 1741/1989/1720 1737/1998/1716 1735/1990/1714
f 1740/1992/1719 1775/2034/1754 1739/1993/1718
f 1742/1994/1721 1741/1989/1720 1738/1991/1717
f 1742/1994/1721 1745/4671/1724 1743/1996/1722
f 1741/1989/1720 1743/1996/1722 1744/1997/1723
f 1748/1999/1727 1744/4672/1723 1743/2000/1722
f 1746/2001/1725 1743/2000/1722 1745/2002/1724
f 1749/2004/1728 1746/2001/1725 1747/2003/1726
f 1751/2006/1730 1748/1999/1727 1746/2001/1725
f 1754/2007/1733 1752/2008/1731 1749/2004/1728
f 1752/2008/1731 1755/2011/1734 1751/2006/1730
f 1791/2009/1770 1753/2010/1732 1752/2008/1731
f 1753/2010/1732 1756/4673/1735 1755/2011/1734
f 1757/2012/1736 1755/2016/1734 1756/2013/1735
f 1758/2015/1737 1751/4674/1730 1755/2016/1734
f 1758/2015/1737 1757/2012/1736 1760/2017/1739
f 1757/2012/1736 1759/2014/1738 1762/2019/1741
f 1763/2020/1742 1764/2026/1743 1761/2021/1740
f 1765/2023/1744 1763/2020/1742 1760/2022/1739
f 1766/2025/1745 1767/2029/1746 1764/2026/1743
f 1768/2027/1747 1766/2025/1745 1763/2020/1742
f 1766/2025/1745 1769/2030/1748 1772/2028/1751
f 1768/2027/1747 1771/2033/1750 1769/2030/1748
f 1769/2030/1748 1770/2059/1749 1773/2031/1752
f 1795/2032/1774 1770/2059/1749 1769/2030/1748
f 1772/2028/1751 1774/2035/1753 1775/2034/1754
f 1773/2031/1752 1776/2062/1755 1774/2035/1753
f 1774/2035/1753 1777/2037/1756 1739/1993/1718
f 1774/2035/1753 1776/2062/1755 1778/2036/1757
f 1778/2036/1757 1780/2042/1759 1779/2038/1758
f 1777/2039/1756 1779/2038/1758 1742/1994/1721
f 1781/2040/1760 1745/4671/1724 1742/1994/1721
f 1782/2041/1761 1781/2040/1760 1779/2038/1758
f 1747/2003/1726 1745/2002/1724 1781/2043/1760
f 1783/2044/1762 1781/2043/1760 1782/2041/1761
f 1785/2046/1764 1783/2044/1762 1784/2045/1763
f 1750/2005/1729 1747/2003/1726 1783/2044/1762
f 1754/2007/1733 1750/2005/1729 1785/2046/1764
f 1787/2048/1766 1785/2046/1764 1786/2047/1765
f 1790/2050/1769 1789/2051/1768 1787/2048/1766
f 1789/2051/1768 1791/2009/1770 1754/2007/1733
f 1792/2052/1771 1789/2055/1768 1790/2050/1769
f 1793/2054/1772 1791/4675/1770 1789/2055/1768
f 1793/2054/1772 1792/2052/1771 1771/2056/1750
f 1792/2052/1771 1794/2053/1773 1795/2032/1774
f 1790/2050/1769 1788/2049/1767 1796/2058/1775
f 1795/2032/1774 1794/2053/1773 1796/2058/1775
f 1770/2059/1749 1796/2058/1775 1797/2060/1776
f 1788/2049/1767 1786/2047/1765 1797/2060/1776
f 1797/2060/1776 1786/2047/1765 1784/2045/1763
f 1797/2060/1776 1798/2061/1777 1776/2062/1755
f 1798/2061/1777 1784/2045/1763 1782/2041/1761
f 1798/2061/1777 1780/2042/1759 1778/2036/1757
f 1765/2063/1744 1799/2065/1778 1793/2054/1772
f 1753/2064/1732 1791/4675/1770 1793/2054/1772
f 1756/2013/1735 1753/2064/1732 1799/2065/1778
f 1762/2019/1741 1759/2014/1738 1799/2065/1778
f 1764/2026/1743 1767/2029/1746 1775/2034/1754
f 1761/2021/1740 1764/2026/1743 1740/1992/1719
f 1736/1985/1715 1800/1984/1779 1758/2015/1737
f 1748/2066/1727 1751/4674/1730 1758/2015/1737
f 1744/2067/1723 1748/2066/1727 1800/1984/1779
f 1801/2069/1780 1802/2153/1781 1866/2070/1845
f 1802/2072/1781 1801/4676/1780 1804/2073/1783
f 1801/2075/1780 1803/4677/1782 1807/2076/1786
f 1806/2074/1785 1804/2073/1783 1805/2078/1784
f 1804/2077/1783 1807/2076/1786 1808/2080/1787
f 1808/2080/1787 1807/2076/1786 1809/2082/1788
f 1807/2076/1786 1803/4677/1782 1810/2084/1789
f 1809/2085/1788 1810/4678/1789 1814/2086/1793
f 1811/2088/1790 1809/2085/1788 1812/2087/1791
f 1813/2089/1792 1812/2087/1791 1815/2090/1794
f 1812/2087/1791 1814/2086/1793 1817/2092/1796
f 1820/2093/1799 1816/2091/1795 1815/2090/1794
f 1818/2094/1797 1815/2090/1794 1817/2092/1796
f 1857/2096/1836 1820/2093/1799 1818/2094/1797
f 1819/2097/1798 1818/2094/1797 1821/2095/1800
f 1823/2099/1802 1825/2152/1804 1822/2100/1801
f 1824/2102/1803 1823/2099/1802 1821/2101/1800
f 1826/2104/1805 1823/2099/1802 1824/2102/1803
f 1828/2106/1807 1825/2152/1804 1823/2099/1802
f 1827/2107/1806 1830/2112/1809 1829/2108/1808
f 1826/2109/1805 1829/2108/1808 1831/2110/1810
f 1830/2112/1809 1833/2121/1812 1832/2113/1811
f 1829/2108/1808 1832/2113/1811 1834/2114/1813
f 1832/2113/1811 1833/2121/1812 1838/2115/1817
f 1834/2114/1813 1832/2113/1811 1835/2116/1814
f 1835/2116/1814 1838/2115/1817 1839/2118/1818
f 1835/2116/1814 1836/2119/1815 1861/2120/1840
f 1841/2079/1820 1840/2122/1819 1838/2115/1817
f 1840/2122/1819 1842/2124/1821 1839/2118/1818
f 1805/2078/1784 1843/4679/1822 1840/2122/1819
f 1840/2122/1819 1843/4679/1822 1844/2123/1823
f 1844/2123/1823 1843/2127/1822 1845/2125/1824
f 1843/2127/1822 1805/2081/1784 1808/2080/1787
f 1808/2080/1787 1811/2083/1790 1847/2128/1826
f 1845/2125/1824 1847/2128/1826 1848/2129/1827
f 1847/2130/1826 1811/2088/1790 1813/2089/1792
f 1848/2129/1827 1847/2130/1826 1849/2131/1828
f 1850/2132/1829 1849/2131/1828 1851/2133/1830
f 1849/2131/1828 1813/2089/1792 1816/2091/1795
f 1851/2133/1830 1816/2091/1795 1820/2093/1799
f 1852/2134/1831 1851/2133/1830 1853/2135/1832
f 1856/2137/1835 1854/2136/1833 1853/2135/1832
f 1855/2138/1834 1853/2135/1832 1820/2093/1799
f 1858/2139/1837 1860/2146/1839 1856/2137/1835
f 1859/2141/1838 1858/2139/1837 1855/2140/1834
f 1837/2143/1816 1858/2139/1837 1859/2141/1838
f 1861/2120/1840 1860/2146/1839 1858/2139/1837
f 1862/2145/1841 1854/2136/1833 1856/2137/1835
f 1861/2120/1840 1836/2119/1815 1862/2145/1841
f 1836/2119/1815 1839/2118/1818 1863/2147/1842
f 1863/2147/1842 1852/2134/1831 1854/2136/1833
f 1863/2147/1842 1864/2148/1843 1850/2132/1829
f 1842/2124/1821 1864/2148/1843 1863/2147/1842
f 1864/2148/1843 1846/2126/1825 1848/2129/1827
f 1844/2123/1823 1846/2126/1825 1864/2148/1843
f 1831/2149/1810 1834/2144/1813 1859/2141/1838
f 1859/2141/1838 1857/2142/1836 1819/2151/1798
f 1865/2150/1844 1819/2151/1798 1822/2100/1801
f 1828/2106/1807 1831/2149/1810 1865/2150/1844
f 1830/2112/1809 1806/2074/1785 1841/2079/1820
f 1827/2107/1806 1802/2072/1781 1806/2074/1785
f 1802/2153/1781 1827/2105/1806 1824/2102/1803
f 1824/2102/1803 1817/2103/1796 1814/2154/1793
f 1866/2070/1845 1814/2154/1793 1810/2155/1789
f 1867/2156/1846 1869/2242/1848 1932/2157/1911
f 1872/2159/1851 1870/2166/1849 1867/2160/1846
f 1873/2162/1852 1869/2171/1848 1867/2163/1846
f 1872/2159/1851 1907/2208/1886 1871/2165/1850
f 1874/2167/1853 1873/2162/1852 1870/2164/1849
f 1874/2167/1853 1877/4680/1856 1875/2169/1854
f 1873/2162/1852 1875/2169/1854 1876/2170/1855
f 1878/2172/1857 1880/2179/1859 1876/2173/1855
f 1878/2172/1857 1875/2174/1854 1877/2175/1856
f 1881/2177/1860 1878/2172/1857 1879/2176/1858
f 1881/2177/1860 1883/4681/1862 1880/2179/1859
f 1886/2180/1865 1884/2182/1863 1881/2177/1860
f 1887/2181/1866 1883/4681/1862 1881/2177/1860
f 1923/2183/1902 1885/2185/1864 1884/2182/1863
f 1888/2184/1867 1887/2181/1866 1884/2182/1863
f 1889/2186/1868 1887/2190/1866 1888/2187/1867
f 1890/2189/1869 1883/4682/1862 1887/2190/1866
f 1890/2189/1869 1889/2186/1868 1892/2191/1871
f 1892/2191/1871 1889/2186/1868 1891/2188/1870
f 1895/2194/1874 1896/2199/1875 1893/2195/1872
f 1894/2197/1873 1897/2200/1876 1895/2194/1874
f 1895/2194/1874 1898/2201/1877 1899/2198/1878
f 1897/2200/1876 1900/2204/1879 1898/2201/1877
f 1901/2202/1880 1904/2206/1883 1899/2198/1878
f 1903/2203/1882 1901/2202/1880 1898/2201/1877
f 1901/2202/1880 1902/2233/1881 1905/2205/1884
f 1927/2207/1906 1902/2233/1881 1901/2202/1880
f 1904/2206/1883 1906/2209/1885 1907/2208/1886
f 1905/2205/1884 1908/2236/1887 1906/2209/1885
f 1906/2209/1885 1909/2211/1888 1871/2165/1850
f 1906/2209/1885 1908/2236/1887 1910/2210/1889
f 1910/2210/1889 1912/2216/1891 1911/2212/1890
f 1909/2213/1888 1911/2212/1890 1874/2167/1853
f 1913/2214/1892 1877/4680/1856 1874/2167/1853
f 1914/2215/1893 1913/2214/1892 1911/2212/1890
f 1879/2176/1858 1877/2175/1856 1913/2217/1892
f 1915/2218/1894 1913/2217/1892 1914/2215/1893
f 1917/2220/1896 1915/2218/1894 1916/2219/1895
f 1882/2178/1861 1879/2176/1858 1915/2218/1894
f 1919/2222/1898 1886/2180/1865 1882/2178/1861
f 1920/2223/1899 1919/2222/1898 1917/2220/1896
f 1922/2224/1901 1921/2225/1900 1919/2222/1898
f 1921/2225/1900 1923/2183/1902 1886/2180/1865
f 1924/2226/1903 1921/2229/1900 1922/2224/1901
f 1925/2228/1904 1923/4683/1902 1921/2229/1900
f 1925/2228/1904 1924/2226/1903 1903/2230/1882
f 1924/2226/1903 1926/2227/1905 1927/2207/1906
f 1922/2224/1901 1920/2223/1899 1928/2232/1907
f 1926/2227/1905 1928/2232/1907 1902/2233/1881
f 1902/2233/1881 1928/2232/1907 1929/2234/1908
f 1920/2223/1899 1918/2221/1897 1929/2234/1908
f 1929/2234/1908 1918/2221/1897 1916/2219/1895
f 1929/2234/1908 1930/2235/1909 1908/2236/1887
f 1930/2235/1909 1916/2219/1895 1914/2215/1893
f 1930/2235/1909 1912/2216/1891 1910/2210/1889
f 1897/2237/1876 1931/2239/1910 1925/2228/1904
f 1885/2238/1864 1923/4683/1902 1925/2228/1904
f 1888/2187/1867 1885/2238/1864 1931/2239/1910
f 1894/2193/1873 1891/2188/1870 1931/2239/1910
f 1899/2198/1878 1907/2208/1886 1872/2159/1851
f 1893/2195/1872 1896/2199/1875 1872/2159/1851
f 1868/2158/1847 1932/2157/1911 1890/2189/1869
f 1880/2240/1859 1883/4682/1862 1890/2189/1869
f 1876/2241/1855 1880/2240/1859 1932/2157/1911
f 1933/2243/1912 1934/2327/1913 1998/2244/1977
f 1933/2246/1912 1936/4684/1915 1938/2247/1917
f 1933/2249/1912 1935/4685/1914 1939/2250/1918
f 1938/2247/1917 1936/4684/1915 1937/2252/1916
f 1936/2251/1915 1939/2250/1918 1940/2254/1919
f 1940/2254/1919 1939/2250/1918 1941/2256/1920
f 1939/2250/1918 1935/4685/1914 1942/2258/1921
f 1944/2259/1923 1941/4686/1920 1942/2260/1921
f 1943/2262/1922 1941/4686/1920 1944/2259/1923
f 1945/2263/1924 1944/2259/1923 1947/2264/1926
f 1947/2264/1926 1944/2259/1923 1946/2261/1925
f 1952/2267/1931 1948/2265/1927 1947/2264/1926
f 1947/2264/1926 1949/2266/1928 1953/2269/1932
f 1989/2270/1968 1952/2267/1931 1950/2268/1929
f 1950/2268/1929 1953/2269/1932 1954/2272/1933
f 1955/2273/1934 1957/2280/1936 1954/2274/1933
f 1956/2276/1935 1955/2273/1934 1953/2275/1932
f 1958/2278/1937 1955/2273/1934 1956/2276/1935
f 1958/2278/1937 1960/2325/1939 1957/2280/1936
f 1959/2281/1938 1962/2326/1941 1961/2282/1940
f 1960/2284/1939 1958/2283/1937 1961/2282/1940
f 1961/2282/1940 1962/2326/1941 1965/2286/1944
f 1963/2285/1942 1961/2282/1940 1964/2287/1943
f 1965/2286/1944 1970/2294/1949 1967/2289/1946
f 1964/2287/1943 1967/2289/1946 1969/2290/1948
f 1967/2289/1946 1970/2294/1949 1971/2291/1950
f 1967/2289/1946 1968/2292/1947 1993/2293/1972
f 1973/2253/1952 1972/2295/1951 1970/2294/1949
f 1972/2295/1951 1974/2297/1953 1971/2291/1950
f 1937/2252/1916 1975/4687/1954 1972/2295/1951
f 1972/2295/1951 1975/4687/1954 1976/2296/1955
f 1976/2296/1955 1975/2300/1954 1977/2298/1956
f 1975/2300/1954 1937/2255/1916 1940/2254/1919
f 1940/2254/1919 1943/2257/1922 1979/2301/1958
f 1977/2298/1956 1979/2301/1958 1980/2302/1959
f 1979/2303/1958 1943/2262/1922 1945/2263/1924
f 1980/2302/1959 1979/2303/1958 1981/2304/1960
f 1982/2305/1961 1981/2304/1960 1983/2306/1962
f 1981/2304/1960 1945/2263/1924 1948/2265/1927
f 1985/2308/1964 1983/2306/1962 1948/2265/1927
f 1986/2309/1965 1984/2307/1963 1983/2306/1962
f 1988/2310/1967 1986/2309/1965 1985/2308/1964
f 1987/2311/1966 1985/2308/1964 1952/2267/1931
f 1990/2312/1969 1992/2319/1971 1988/2310/1967
f 1991/2314/1970 1990/2312/1969 1987/2313/1966
f 1969/2316/1948 1990/2312/1969 1991/2314/1970
f 1993/2293/1972 1992/2319/1971 1990/2312/1969
f 1994/2318/1973 1986/2309/1965 1988/2310/1967
f 1968/2292/1947 1994/2318/1973 1992/2319/1971
f 1968/2292/1947 1971/2291/1950 1995/2320/1974
f 1995/2320/1974 1984/2307/1963 1986/2309/1965
f 1995/2320/1974 1996/2321/1975 1982/2305/1961
f 1974/2297/1953 1996/2321/1975 1995/2320/1974
f 1996/2321/1975 1978/2299/1957 1980/2302/1959
f 1976/2296/1955 1978/2299/1957 1996/2321/1975
f 1963/2322/1942 1966/2317/1945 1991/2314/1970
f 1991/2314/1970 1989/2315/1968 1951/2324/1930
f 1997/2323/1976 1951/2324/1930 1954/2274/1933
f 1960/2325/1939 1963/2322/1942 1997/2323/1976
f 1938/2247/1917 1973/2253/1952 1965/2286/1944
f 1959/2281/1938 1934/2248/1913 1938/2247/1917
f 1934/2327/1913 1959/2279/1938 1956/2276/1935
f 1956/2276/1935 1949/2277/1928 1946/2328/1925
f 1998/2244/1977 1946/2328/1925 1942/2329/1921
f 1999/2330/1978 2001/2824/1980 2448/2331/2394
f 2002/2333/1981 1999/2330/1978 2000/2332/1979
f 2004/2335/1983 2001/2824/1980 1999/2330/1978
f 2003/2336/1982 1999/2330/1978 2002/2333/1981
f 2007/2338/1986 2004/2335/1983 2003/2336/1982
f 2006/2339/1985 2003/2336/1982 2005/2337/1984
f 2010/2341/1989 2007/2338/1986 2006/2339/1985
f 2009/2342/1988 2006/2339/1985 2008/2340/1987
f 2013/2344/1992 2010/2341/1989 2009/2342/1988
f 2012/2345/1991 2009/2342/1988 2011/2343/1990
f 2016/2347/1995 2013/2344/1992 2012/2345/1991
f 2015/2348/1994 2012/2345/1991 2014/2346/1993
f 2019/2350/1998 2016/2347/1995 2015/2348/1994
f 2018/2351/1997 2015/2348/1994 2017/2349/1996
f 2022/2353/2001 2019/2350/1998 2018/2351/1997
f 2021/2354/2000 2018/2351/1997 2020/2352/1999
f 2025/2356/2004 2022/2353/2001 2021/2354/2000
f 2024/2357/2003 2021/2354/2000 2023/2355/2002
f 2027/2359/2006 2028/2365/2007 2025/2360/2004
f 2029/2362/2008 2027/2359/2006 2024/2361/2003
f 2030/2364/2009 2031/2368/2010 2028/2365/2007
f 2032/2366/2011 2030/2364/2009 2027/2359/2006
f 2033/2367/2012 2034/2371/2013 2031/2368/2010
f 2035/2369/2014 2033/2367/2012 2030/2364/2009
f 2036/2370/2015 2037/2374/2016 2034/2371/2013
f 2038/2372/2017 2036/2370/2015 2033/2367/2012
f 2039/2373/2018 2040/2377/2019 2037/2374/2016
f 2041/2375/2020 2039/2373/2018 2036/2370/2015
f 2042/2376/2021 2043/2380/2022 2040/2377/2019
f 2044/2378/2023 2042/2376/2021 2039/2373/2018
f 2045/2379/2024 2046/2383/2025 2043/2380/2022
f 2047/2381/2026 2045/2379/2024 2042/2376/2021
f 2048/2382/2027 2049/2860/2028 2046/2383/2025
f 2050/2384/2029 2048/2382/2027 2045/2379/2024
f 2052/2385/2031 2049/2860/2028 2048/2382/2027
f 2051/2386/2030 2048/2382/2027 2050/2384/2029
f 2055/2388/2034 2052/2385/2031 2051/2386/2030
f 2054/2389/2033 2051/2386/2030 2053/2387/2032
f 2058/2391/2037 2055/2388/2034 2054/2389/2033
f 2057/2392/2036 2054/2389/2033 2056/2390/2035
f 2061/2394/2040 2058/2391/2037 2057/2392/2036
f 2060/2395/2039 2057/2392/2036 2059/2393/2038
f 2064/2397/2043 2061/2394/2040 2060/2395/2039
f 2063/2398/2042 2060/2395/2039 2062/2396/2041
f 2067/2400/2046 2064/2397/2043 2063/2398/2042
f 2066/2401/2045 2063/2398/2042 2065/2399/2044
f 2070/2403/2049 2067/2400/2046 2066/2401/2045
f 2069/2404/2048 2066/2401/2045 2068/2402/2047
f 2073/2406/2052 2070/2403/2049 2069/2404/2048
f 2072/2407/2051 2069/2404/2048 2071/2405/2050
f 2075/2409/2054 2076/2412/2055 2073/2406/2052
f 2077/2410/2056 2075/2409/2054 2072/2407/2051
f 2078/2411/2057 2079/2415/2058 2076/2412/2055
f 2080/2413/2059 2078/2411/2057 2075/2409/2054
f 2081/2414/2060 2082/2418/2061 2079/2415/2058
f 2083/2416/2062 2081/2414/2060 2078/2411/2057
f 2084/2417/2063 2085/2421/2064 2082/2418/2061
f 2086/2419/2065 2084/2417/2063 2081/2414/2060
f 2087/2420/2066 2088/2424/2067 2085/2421/2064
f 2089/2422/2068 2087/2420/2066 2084/2417/2063
f 2090/2423/2069 2091/2426/2070 2088/2424/2067
f 2092/2425/2071 2090/2423/2069 2087/2420/2066
f 2000/2332/1979 2448/2331/2394 2091/2426/2070
f 2094/2334/2073 2000/2332/1979 2090/2423/2069
f 2095/2427/2074 2094/2334/2073 2092/2425/2071
f 2093/2428/2072 2092/2425/2071 2089/2422/2068
f 2097/2430/2076 2002/2333/1981 2094/2334/2073
f 2098/2431/2077 2097/2430/2076 2095/2427/2074
f 2096/2432/2075 2095/2427/2074 2093/2428/2072
f 2005/2337/1984 2002/2333/1981 2097/2430/2076
f 2099/2434/2078 2097/2430/2076 2098/2431/2077
f 2008/2340/1987 2005/2337/1984 2099/2434/2078
f 2101/2436/2080 2099/2434/2078 2100/2435/2079
f 2011/2343/1990 2008/2340/1987 2101/2436/2080
f 2103/2438/2082 2101/2436/2080 2102/2437/2081
f 2014/2346/1993 2011/2343/1990 2103/2438/2082
f 2105/2440/2084 2103/2438/2082 2104/2439/2083
f 2017/2349/1996 2014/2346/1993 2105/2440/2084
f 2107/2442/2086 2105/2440/2084 2106/2441/2085
f 2020/2352/1999 2017/2349/1996 2107/2442/2086
f 2109/2444/2088 2107/2442/2086 2108/2443/2087
f 2023/2355/2002 2020/2352/1999 2109/2444/2088
f 2111/2446/2090 2109/2444/2088 2110/2445/2089
f 2026/2358/2005 2023/2355/2002 2111/2446/2090
f 2113/2448/2092 2111/2446/2090 2112/2447/2091
f 2115/2450/2094 2029/2362/2008 2026/2363/2005
f 2116/2452/2095 2115/2450/2094 2113/2451/2092
f 2117/2454/2096 2032/2366/2011 2029/2362/2008
f 2118/2455/2097 2117/2454/2096 2115/2450/2094
f 2119/2456/2098 2035/2369/2014 2032/2366/2011
f 2120/2457/2099 2119/2456/2098 2117/2454/2096
f 2121/2458/2100 2038/2372/2017 2035/2369/2014
f 2122/2459/2101 2121/2458/2100 2119/2456/2098
f 2123/2460/2102 2041/2375/2020 2038/2372/2017
f 2124/2461/2103 2123/2460/2102 2121/2458/2100
f 2125/2462/2104 2044/2378/2023 2041/2375/2020
f 2126/2463/2105 2125/2462/2104 2123/2460/2102
f 2127/2464/2106 2047/2381/2026 2044/2378/2023
f 2128/2465/2107 2127/2464/2106 2125/2462/2104
f 2129/2466/2108 2050/2384/2029 2047/2381/2026
f 2130/2467/2109 2129/2466/2108 2127/2464/2106
f 2053/2387/2032 2050/2384/2029 2129/2466/2108
f 2131/2468/2110 2129/2466/2108 2130/2467/2109
f 2056/2390/2035 2053/2387/2032 2131/2468/2110
f 2133/2470/2112 2131/2468/2110 2132/2469/2111
f 2059/2393/2038 2056/2390/2035 2133/2470/2112
f 2135/2472/2114 2133/2470/2112 2134/2471/2113
f 2062/2396/2041 2059/2393/2038 2135/2472/2114
f 2137/2474/2116 2135/2472/2114 2136/2473/2115
f 2065/2399/2044 2062/2396/2041 2137/2474/2116
f 2139/2476/2118 2137/2474/2116 2138/2475/2117
f 2068/2402/2047 2065/2399/2044 2139/2476/2118
f 2141/2478/2120 2139/2476/2118 2140/2477/2119
f 2071/2405/2050 2068/2402/2047 2141/2478/2120
f 2143/2480/2122 2141/2478/2120 2142/2479/2121
f 2074/2408/2053 2071/2405/2050 2143/2480/2122
f 2145/2482/2124 2143/2480/2122 2144/2481/2123
f 2147/2484/2126 2077/2410/2056 2074/2408/2053
f 2148/2485/2127 2147/2484/2126 2145/2482/2124
f 2149/2486/2128 2080/2413/2059 2077/2410/2056
f 2150/2487/2129 2149/2486/2128 2147/2484/2126
f 2151/2488/2130 2083/2416/2062 2080/2413/2059
f 2152/2489/2131 2151/2488/2130 2149/2486/2128
f 2153/2490/2132 2086/2419/2065 2083/2416/2062
f 2154/2491/2133 2153/2490/2132 2151/2488/2130
f 2155/2429/2134 2089/2422/2068 2086/2419/2065
f 2156/2492/2135 2155/2429/2134 2153/2490/2132
f 2158/2433/2137 2093/2428/2072 2155/2429/2134
f 2159/2493/2138 2158/2433/2137 2156/2492/2135
f 2157/2494/2136 2156/2492/2135 2154/2491/2133
f 2161/2496/2139 2096/2432/2075 2158/2433/2137
f 2162/2497/695 2161/2496/2139 2159/2493/2138
f 2160/2498/697 2159/2493/2138 2157/2494/2136
f 2163/2500/2140 2098/2431/2077 2096/2432/2075
f 2164/2501/693 2163/2500/2140 2161/2496/2139
f 2165/2502/2141 2163/2500/2140 2164/2501/693
f 2100/2435/2079 2098/2431/2077 2163/2500/2140
f 2102/2437/2081 2100/2435/2079 2165/2502/2141
f 2167/2504/2142 2165/2502/2141 2166/2503/691
f 2104/2439/2083 2102/2437/2081 2167/2504/2142
f 2169/2506/2143 2167/2504/2142 2168/2505/689
f 2106/2441/2085 2104/2439/2083 2169/2506/2143
f 2171/2508/2144 2169/2506/2143 2170/2507/751
f 2108/2443/2087 2106/2441/2085 2171/2508/2144
f 2173/2510/2145 2171/2508/2144 2172/2509/749
f 2110/2445/2089 2108/2443/2087 2173/2510/2145
f 2175/2512/2146 2173/2510/2145 2174/2511/747
f 2112/2447/2091 2110/2445/2089 2175/2512/2146
f 2177/2514/2147 2175/2512/2146 2176/2513/745
f 2114/2449/2093 2112/2447/2091 2177/2514/2147
f 2179/2516/2148 2177/2514/2147 2178/2515/743
f 2181/2518/2149 2116/2452/2095 2114/2453/2093
f 2182/2520/739 2181/2518/2149 2179/2519/2148
f 2183/2522/2150 2118/2455/2097 2116/2452/2095
f 2184/2523/737 2183/2522/2150 2181/2518/2149
f 2185/2524/2151 2120/2457/2099 2118/2455/2097
f 2186/2525/735 2185/2524/2151 2183/2522/2150
f 2187/2526/2152 2122/2459/2101 2120/2457/2099
f 2188/2527/733 2187/2526/2152 2185/2524/2151
f 2189/2528/2153 2124/2461/2103 2122/2459/2101
f 2190/2529/731 2189/2528/2153 2187/2526/2152
f 2191/2530/2154 2126/2463/2105 2124/2461/2103
f 2192/2531/729 2191/2530/2154 2189/2528/2153
f 2193/2532/2155 2128/2465/2107 2126/2463/2105
f 2194/2533/727 2193/2532/2155 2191/2530/2154
f 2195/2534/2156 2130/2467/2109 2128/2465/2107
f 2196/2535/725 2195/2534/2156 2193/2532/2155
f 2132/2469/2111 2130/2467/2109 2195/2534/2156
f 2197/2536/2157 2195/2534/2156 2196/2535/725
f 2134/2471/2113 2132/2469/2111 2197/2536/2157
f 2199/2538/2158 2197/2536/2157 2198/2537/723
f 2136/2473/2115 2134/2471/2113 2199/2538/2158
f 2201/2540/2159 2199/2538/2158 2200/2539/721
f 2138/2475/2117 2136/2473/2115 2201/2540/2159
f 2203/2542/2160 2201/2540/2159 2202/2541/719
f 2140/2477/2119 2138/2475/2117 2203/2542/2160
f 2205/2544/2161 2203/2542/2160 2204/2543/717
f 2142/2479/2121 2140/2477/2119 2205/2544/2161
f 2207/2546/2162 2205/2544/2161 2206/2545/715
f 2144/2481/2123 2142/2479/2121 2207/2546/2162
f 2209/2548/2163 2207/2546/2162 2208/2547/713
f 2146/2483/2125 2144/2481/2123 2209/2548/2163
f 2211/2550/2164 2209/2548/2163 2210/2549/711
f 2213/2552/2165 2148/2485/2127 2146/2483/2125
f 2214/2553/707 2213/2552/2165 2211/2550/2164
f 2215/2554/2166 2150/2487/2129 2148/2485/2127
f 2216/2555/705 2215/2554/2166 2213/2552/2165
f 2217/2556/2167 2152/2489/2131 2150/2487/2129
f 2218/2557/703 2217/2556/2167 2215/2554/2166
f 2219/2495/2168 2154/2491/2133 2152/2489/2131
f 2220/2558/701 2219/2495/2168 2217/2556/2167
f 2222/2499/699 2157/2494/2136 2219/2495/2168
f 2222/2499/699 2220/2558/701 2221/2559/2169
f 2220/2558/701 2218/2557/703 2283/2561/2230
f 2160/2498/697 2222/2499/699 2223/2560/2170
f 2225/2562/2172 2223/2560/2170 2224/2563/2171
f 2223/2560/2170 2221/2559/2169 2286/2565/2233
f 2162/2497/695 2160/2498/697 2225/2562/2172
f 2227/2566/2174 2225/2562/2172 2226/2564/2173
f 2164/2501/693 2162/2497/695 2227/2566/2174
f 2229/2568/2176 2227/2566/2174 2228/2567/2175
f 2231/2570/2178 2166/2503/691 2164/2501/693
f 2232/2571/2179 2231/2570/2178 2229/2568/2176
f 2233/2572/2180 2168/2505/689 2166/2503/691
f 2234/2573/2181 2233/2572/2180 2231/2570/2178
f 2235/2574/2182 2170/2507/751 2168/2505/689
f 2236/2575/2183 2235/2574/2182 2233/2572/2180
f 2237/2576/2184 2172/2509/749 2170/2507/751
f 2238/2577/2185 2237/2576/2184 2235/2574/2182
f 2239/2578/2186 2174/2511/747 2172/2509/749
f 2240/2579/2187 2239/2578/2186 2237/2576/2184
f 2241/2580/2188 2176/2513/745 2174/2511/747
f 2242/2581/2189 2241/2580/2188 2239/2578/2186
f 2243/2582/2190 2178/2515/743 2176/2513/745
f 2244/2583/2191 2243/2582/2190 2241/2580/2188
f 2245/2584/2192 2180/2517/741 2178/2515/743
f 2246/2585/2193 2245/2584/2192 2243/2582/2190
f 2182/2520/739 2180/2521/741 2245/2586/2192
f 2247/2587/2194 2245/2586/2192 2246/2588/2193
f 2184/2523/737 2182/2520/739 2247/2587/2194
f 2249/2590/2196 2247/2587/2194 2248/2589/2195
f 2186/2525/735 2184/2523/737 2249/2590/2196
f 2251/2592/2198 2249/2590/2196 2250/2591/2197
f 2188/2527/733 2186/2525/735 2251/2592/2198
f 2253/2594/2200 2251/2592/2198 2252/2593/2199
f 2190/2529/731 2188/2527/733 2253/2594/2200
f 2255/2596/2202 2253/2594/2200 2254/2595/2201
f 2192/2531/729 2190/2529/731 2255/2596/2202
f 2257/2598/2204 2255/2596/2202 2256/2597/2203
f 2194/2533/727 2192/2531/729 2257/2598/2204
f 2259/2600/2206 2257/2598/2204 2258/2599/2205
f 2196/2535/725 2194/2533/727 2259/2600/2206
f 2261/2602/2208 2259/2600/2206 2260/2601/2207
f 2263/2604/2210 2198/2537/723 2196/2535/725
f 2264/2605/2211 2263/2604/2210 2261/2602/2208
f 2265/2606/2212 2200/2539/721 2198/2537/723
f 2266/2607/2213 2265/2606/2212 2263/2604/2210
f 2267/2608/2214 2202/2541/719 2200/2539/721
f 2268/2609/2215 2267/2608/2214 2265/2606/2212
f 2269/2610/2216 2204/2543/717 2202/2541/719
f 2270/2611/2217 2269/2610/2216 2267/2608/2214
f 2271/2612/2218 2206/2545/715 2204/2543/717
f 2272/2613/2219 2271/2612/2218 2269/2610/2216
f 2273/2614/2220 2208/2547/713 2206/2545/715
f 2274/2615/2221 2273/2614/2220 2271/2612/2218
f 2275/2616/2222 2210/2549/711 2208/2547/713
f 2276/2617/2223 2275/2616/2222 2273/2614/2220
f 2277/2618/2224 2212/2551/709 2210/2549/711
f 2278/2619/2225 2277/2618/2224 2275/2616/2222
f 2214/2553/707 2212/2551/709 2277/2618/2224
f 2279/2620/2226 2277/2618/2224 2278/2619/2225
f 2216/2555/705 2214/2553/707 2279/2620/2226
f 2281/2622/2228 2279/2620/2226 2280/2621/2227
f 2218/2557/703 2216/2555/705 2281/2622/2228
f 2283/2561/2230 2281/2622/2228 2282/2623/2229
f 2221/2559/2169 2283/2561/2230 2284/2624/2231
f 2286/2565/2233 2284/2624/2231 2285/2625/2232
f 2284/2624/2231 2282/2623/2229 2347/2627/2294
f 2224/2563/2171 2286/2565/2233 2287/2626/2234
f 2289/2628/2236 2287/2626/2234 2288/2629/2235
f 2287/2626/2234 2285/2625/2232 2350/2631/2297
f 2226/2564/2173 2224/2563/2171 2289/2628/2236
f 2291/2632/2238 2289/2628/2236 2290/2630/2237
f 2228/2567/2175 2226/2564/2173 2291/2632/2238
f 2293/2634/2240 2291/2632/2238 2292/2633/2239
f 2230/2569/2177 2228/2567/2175 2293/2634/2240
f 2295/2636/2242 2293/2634/2240 2294/2635/2241
f 2297/2638/2244 2232/2571/2179 2230/2569/2177
f 2298/2639/2245 2297/2638/2244 2295/2636/2242
f 2299/2640/2246 2234/2573/2181 2232/2571/2179
f 2300/2641/2247 2299/2640/2246 2297/2638/2244
f 2301/2642/2248 2236/2575/2183 2234/2573/2181
f 2302/2643/2249 2301/2642/2248 2299/2640/2246
f 2303/2644/2250 2238/2577/2185 2236/2575/2183
f 2304/2645/2251 2303/2644/2250 2301/2642/2248
f 2305/2646/2252 2240/2579/2187 2238/2577/2185
f 2306/2647/2253 2305/2646/2252 2303/2644/2250
f 2307/2648/2254 2242/2581/2189 2240/2579/2187
f 2308/2649/2255 2307/2648/2254 2305/2646/2252
f 2309/2650/2256 2244/2583/2191 2242/2581/2189
f 2310/2651/2257 2309/2650/2256 2307/2648/2254
f 2311/2652/2258 2246/2585/2193 2244/2583/2191
f 2312/2653/2259 2311/2652/2258 2309/2650/2256
f 2248/2589/2195 2246/2588/2193 2311/2654/2258
f 2313/2655/2260 2311/2654/2258 2312/2656/2259
f 2250/2591/2197 2248/2589/2195 2313/2655/2260
f 2315/2658/2262 2313/2655/2260 2314/2657/2261
f 2252/2593/2199 2250/2591/2197 2315/2658/2262
f 2317/2660/2264 2315/2658/2262 2316/2659/2263
f 2254/2595/2201 2252/2593/2199 2317/2660/2264
f 2319/2662/2266 2317/2660/2264 2318/2661/2265
f 2256/2597/2203 2254/2595/2201 2319/2662/2266
f 2321/2664/2268 2319/2662/2266 2320/2663/2267
f 2258/2599/2205 2256/2597/2203 2321/2664/2268
f 2323/2666/2270 2321/2664/2268 2322/2665/2269
f 2260/2601/2207 2258/2599/2205 2323/2666/2270
f 2325/2668/2272 2323/2666/2270 2324/2667/2271
f 2262/2603/2209 2260/2601/2207 2325/2668/2272
f 2327/2670/2274 2325/2668/2272 2326/2669/2273
f 2329/2672/2276 2264/2605/2211 2262/2603/2209
f 2330/2673/2277 2329/2672/2276 2327/2670/2274
f 2331/2674/2278 2266/2607/2213 2264/2605/2211
f 2332/2675/2279 2331/2674/2278 2329/2672/2276
f 2333/2676/2280 2268/2609/2215 2266/2607/2213
f 2334/2677/2281 2333/2676/2280 2331/2674/2278
f 2335/2678/2282 2270/2611/2217 2268/2609/2215
f 2336/2679/2283 2335/2678/2282 2333/2676/2280
f 2337/2680/2284 2272/2613/2219 2270/2611/2217
f 2338/2681/2285 2337/2680/2284 2335/2678/2282
f 2339/2682/2286 2274/2615/2221 2272/2613/2219
f 2340/2683/2287 2339/2682/2286 2337/2680/2284
f 2341/2684/2288 2276/2617/2223 2274/2615/2221
f 2342/2685/2289 2341/2684/2288 2339/2682/2286
f 2343/2686/2290 2278/2619/2225 2276/2617/2223
f 2344/2687/2291 2343/2686/2290 2341/2684/2288
f 2280/2621/2227 2278/2619/2225 2343/2686/2290
f 2345/2688/2292 2343/2686/2290 2344/2687/2291
f 2282/2623/2229 2280/2621/2227 2345/2688/2292
f 2347/2627/2294 2345/2688/2292 2346/2689/2293
f 2285/2625/2232 2347/2627/2294 2348/2690/2295
f 2350/2631/2297 2348/2690/2295 2349/2691/2296
f 2348/2690/2295 2346/2689/2293 2411/2693/2358
f 2288/2629/2235 2350/2631/2297 2351/2692/2298
f 2353/2694/2300 2351/2692/2298 2352/2695/2299
f 2351/2692/2298 2349/2691/2296 2414/2697/2361
f 2290/2630/2237 2288/2629/2235 2353/2694/2300
f 2355/2698/2302 2353/2694/2300 2354/2696/2301
f 2292/2633/2239 2290/2630/2237 2355/2698/2302
f 2357/2700/2304 2355/2698/2302 2356/2699/2303
f 2294/2635/2241 2292/2633/2239 2357/2700/2304
f 2359/2702/2306 2357/2700/2304 2358/2701/2305
f 2296/2637/2243 2294/2635/2241 2359/2702/2306
f 2361/2704/2308 2359/2702/2306 2360/2703/2307
f 2363/2706/2310 2298/2639/2245 2296/2637/2243
f 2364/2707/2311 2363/2706/2310 2361/2704/2308
f 2365/2708/2312 2300/2641/2247 2298/2639/2245
f 2366/2709/2313 2365/2708/2312 2363/2706/2310
f 2367/2710/2314 2302/2643/2249 2300/2641/2247
f 2368/2711/2315 2367/2710/2314 2365/2708/2312
f 2369/2712/2316 2304/2645/2251 2302/2643/2249
f 2370/2713/2317 2369/2712/2316 2367/2710/2314
f 2371/2714/2318 2306/2647/2253 2304/2645/2251
f 2372/2715/2319 2371/2714/2318 2369/2712/2316
f 2373/2716/2320 2308/2649/2255 2306/2647/2253
f 2374/2717/2321 2373/2716/2320 2371/2714/2318
f 2375/2718/2322 2310/2651/2257 2308/2649/2255
f 2376/2719/2323 2375/2718/2322 2373/2716/2320
f 2377/2720/2324 2312/2653/2259 2310/2651/2257
f 2378/2721/2325 2377/2720/2324 2375/2718/2322
f 2314/2657/2261 2312/2656/2259 2377/2722/2324
f 2379/2723/2326 2377/2722/2324 2378/2724/2325
f 2316/2659/2263 2314/2657/2261 2379/2723/2326
f 2381/2726/2328 2379/2723/2326 2380/2725/2327
f 2318/2661/2265 2316/2659/2263 2381/2726/2328
f 2383/2728/2330 2381/2726/2328 2382/2727/2329
f 2320/2663/2267 2318/2661/2265 2383/2728/2330
f 2385/2730/2332 2383/2728/2330 2384/2729/2331
f 2322/2665/2269 2320/2663/2267 2385/2730/2332
f 2387/2732/2334 2385/2730/2332 2386/2731/2333
f 2324/2667/2271 2322/2665/2269 2387/2732/2334
f 2389/2734/2336 2387/2732/2334 2388/2733/2335
f 2326/2669/2273 2324/2667/2271 2389/2734/2336
f 2391/2736/2338 2389/2734/2336 2390/2735/2337
f 2328/2671/2275 2326/2669/2273 2391/2736/2338
f 2393/2738/2340 2391/2736/2338 2392/2737/2339
f 2395/2740/2342 2330/2673/2277 2328/2671/2275
f 2396/2741/2343 2395/2740/2342 2393/2738/2340
f 2397/2742/2344 2332/2675/2279 2330/2673/2277
f 2398/2743/2345 2397/2742/2344 2395/2740/2342
f 2399/2744/2346 2334/2677/2281 2332/2675/2279
f 2400/2745/2347 2399/2744/2346 2397/2742/2344
f 2401/2746/2348 2336/2679/2283 2334/2677/2281
f 2402/2747/2349 2401/2746/2348 2399/2744/2346
f 2403/2748/2350 2338/2681/2285 2336/2679/2283
f 2404/2749/2351 2403/2748/2350 2401/2746/2348
f 2405/2750/2352 2340/2683/2287 2338/2681/2285
f 2406/2751/2353 2405/2750/2352 2403/2748/2350
f 2407/2752/2354 2342/2685/2289 2340/2683/2287
f 2408/2753/2355 2407/2752/2354 2405/2750/2352
f 2409/2754/2356 2344/2687/2291 2342/2685/2289
f 2410/2755/2357 2409/2754/2356 2407/2752/2354
f 2346/2689/2293 2344/2687/2291 2409/2754/2356
f 2411/2693/2358 2409/2754/2356 2410/2755/2357
f 2349/2691/2296 2411/2693/2358 2412/2756/2359
f 2414/2697/2361 2412/2756/2359 2413/2757/2360
f 2412/2756/2359 2410/2755/2357 2424/2759/2370
f 2352/2695/2299 2414/2697/2361 2415/2758/2362
f 2445/2820/2391 2366/2709/2313 2364/2707/2311
f 2446/2772/2392 2364/2707/2311 2362/2705/2309
f 2444/2818/2390 2368/2711/2315 2366/2709/2313
f 2443/2816/2389 2370/2713/2317 2368/2711/2315
f 2442/2814/2388 2372/2715/2319 2370/2713/2317
f 2441/2812/2387 2374/2717/2321 2372/2715/2319
f 2440/2810/2386 2376/2719/2323 2374/2717/2321
f 2439/2809/2385 2378/2721/2325 2376/2719/2323
f 2380/2725/2327 2378/2724/2325 2439/2807/2385
f 2382/2727/2329 2380/2725/2327 2438/2805/2384
f 2384/2729/2331 2382/2727/2329 2437/2803/2383
f 2386/2731/2333 2384/2729/2331 2436/2767/2382
f 2390/2735/2337 2388/2733/2335 2435/2764/2381
f 2388/2733/2335 2386/2731/2333 2418/2765/2364
f 2392/2737/2339 2390/2735/2337 2434/2800/2380
f 2394/2739/2341 2392/2737/2339 2433/2798/2379
f 2431/2794/2377 2396/2741/2343 2394/2739/2341
f 2430/2792/2376 2398/2743/2345 2396/2741/2343
f 2429/2790/2375 2400/2745/2347 2398/2743/2345
f 2428/2788/2374 2402/2747/2349 2400/2745/2347
f 2427/2786/2373 2404/2749/2351 2402/2747/2349
f 2426/2784/2372 2406/2751/2353 2404/2749/2351
f 2425/2782/2371 2408/2753/2355 2406/2751/2353
f 2424/2759/2370 2410/2755/2357 2408/2753/2355
f 2356/2699/2303 2354/2696/2301 2423/2778/2369
f 2354/2696/2301 2352/2695/2299 2416/2760/2363
f 2358/2701/2305 2356/2699/2303 2422/2776/2368
f 2360/2703/2307 2358/2701/2305 2421/2774/2367
f 2362/2705/2309 2360/2703/2307 2420/2770/2366
f 2448/2331/2394 2449/2825/2395 2447/2822/2393
f 2091/2426/2070 2447/2822/2393 2480/2823/2425
f 2001/2824/1980 2451/2827/2396 2449/2825/2395
f 2452/2829/2397 2451/2827/2396 2001/2824/1980
f 2453/2831/2398 2452/2829/2397 2004/2335/1983
f 2454/2833/2399 2453/2831/2398 2007/2338/1986
f 2455/2835/2400 2454/2833/2399 2010/2341/1989
f 2456/2837/2401 2455/2835/2400 2013/2344/1992
f 2457/2839/2402 2456/2837/2401 2016/2347/1995
f 2458/2841/2403 2457/2839/2402 2019/2350/1998
f 2459/2843/2404 2458/2841/2403 2022/2353/2001
f 2028/2365/2007 2460/2846/2405 2459/2845/2404
f 2031/2368/2010 2461/2848/2406 2460/2846/2405
f 2034/2371/2013 2462/2850/2407 2461/2848/2406
f 2037/2374/2016 2463/2852/2408 2462/2850/2407
f 2040/2377/2019 2464/2854/2409 2463/2852/2408
f 2043/2380/2022 2465/2856/2410 2464/2854/2409
f 2046/2383/2025 2466/2858/2411 2465/2856/2410
f 2049/2860/2028 2467/2861/2412 2466/2858/2411
f 2468/2863/2413 2467/2861/2412 2049/2860/2028
f 2469/2865/2414 2468/2863/2413 2052/2385/2031
f 2470/2867/2415 2469/2865/2414 2055/2388/2034
f 2471/2869/2416 2470/2867/2415 2058/2391/2037
f 2472/2871/2417 2471/2869/2416 2061/2394/2040
f 2473/2873/2418 2472/2871/2417 2064/2397/2043
f 2474/2875/2419 2473/2873/2418 2067/2400/2046
f 2475/2877/2420 2474/2875/2419 2070/2403/2049
f 2076/2412/2055 2476/2879/2421 2475/2877/2420
f 2079/2415/2058 2477/2881/2422 2476/2879/2421
f 2082/2418/2061 2478/2883/2423 2477/2881/2422
f 2085/2421/2064 2479/2885/2424 2478/2883/2423
f 2088/2424/2067 2480/2823/2425 2479/2885/2424
f 2481/2889/1978 2482/2893/1982 2930/2890/1983
f 2484/2892/1981 2576/2986/1984 2482/2893/1982
f 2481/2889/1978 2483/2891/1980 2486/2894/2394
f 2484/2892/1981 2481/2889/1978 2485/2895/1979
f 2485/2895/1979 2486/2894/2394 2489/2897/2070
f 2487/2896/2073 2485/2895/1979 2488/2898/2069
f 2488/2898/2069 2489/2897/2070 2492/2900/2426
f 2490/2899/2071 2488/2898/2069 2491/2901/2066
f 2491/2901/2066 2492/2900/2426 2495/2903/2064
f 2493/2902/2068 2491/2901/2066 2494/2904/2063
f 2494/2904/2063 2495/2903/2064 2498/2906/2427
f 2496/2905/2065 2494/2904/2063 2497/2907/2060
f 2497/2907/2060 2498/2906/2427 2501/2909/2058
f 2499/2908/2062 2497/2907/2060 2500/2910/2057
f 2500/2910/2057 2501/2909/2058 2504/2912/2055
f 2502/2911/2059 2500/2910/2057 2503/2913/2054
f 2503/2913/2054 2504/2912/2055 2507/2915/2052
f 2505/2914/2428 2503/2913/2054 2506/2916/2051
f 2509/2918/2048 2506/2922/2051 2507/2919/2052
f 2511/2921/2429 2508/3009/2053 2506/2922/2051
f 2512/2923/2045 2509/2918/2048 2510/2920/2049
f 2514/2925/2047 2511/2921/2429 2509/2918/2048
f 2515/2926/2042 2512/2923/2045 2513/2924/2046
f 2517/2928/2044 2514/2925/2047 2512/2923/2045
f 2518/2929/2039 2515/2926/2042 2516/2927/2430
f 2520/2931/2041 2517/2928/2044 2515/2926/2042
f 2521/2932/2036 2518/2929/2039 2519/2930/2040
f 2523/2934/2038 2520/2931/2041 2518/2929/2039
f 2524/2935/2033 2521/2932/2036 2522/2933/2431
f 2526/2937/2035 2523/2934/2038 2521/2932/2036
f 2527/2938/2030 2524/2935/2033 2525/2936/2034
f 2529/2940/2432 2526/2937/2035 2524/2935/2033
f 2530/2941/2027 2527/2938/2030 2528/2939/2031
f 2532/2943/2029 2529/2940/2432 2527/2938/2030
f 2530/2941/2027 2531/2942/2028 2534/2944/2025
f 2532/2943/2029 2530/2941/2027 2533/2945/2024
f 2533/2945/2024 2534/2944/2025 2537/2947/2022
f 2535/2946/2026 2533/2945/2024 2536/2948/2021
f 2536/2948/2021 2537/2947/2022 2540/2950/2019
f 2538/2949/2023 2536/2948/2021 2539/2951/2018
f 2539/2951/2018 2540/2950/2019 2543/2953/2016
f 2541/2952/2020 2539/2951/2018 2542/2954/2015
f 2542/2954/2015 2543/2953/2016 2546/2956/2433
f 2544/2955/2017 2542/2954/2015 2545/2957/2012
f 2545/2957/2012 2546/2956/2433 2549/2959/2010
f 2547/2958/2014 2545/2957/2012 2548/2960/2009
f 2548/2960/2009 2549/2959/2010 2552/2962/2007
f 2550/2961/2011 2548/2960/2009 2551/2963/2006
f 2551/2963/2006 2552/2962/2007 2555/2965/2004
f 2553/2964/2434 2551/2963/2006 2554/2966/2003
f 2557/2968/2000 2554/2966/2003 2555/2965/2004
f 2559/2970/2435 2556/2967/2005 2554/2966/2003
f 2560/2971/1997 2557/2968/2000 2558/2969/2001
f 2562/2973/1999 2559/2970/2435 2557/2968/2000
f 2563/2974/1994 2560/2971/1997 2561/2972/1998
f 2565/2976/1996 2562/2973/1999 2560/2971/1997
f 2566/2977/1991 2563/2974/1994 2564/2975/1995
f 2568/2979/1993 2565/2976/1996 2563/2974/1994
f 2569/2980/1988 2566/2977/1991 2567/2978/1992
f 2571/2982/1990 2568/2979/1993 2566/2977/1991
f 2572/2983/1985 2569/2980/1988 2570/2981/1989
f 2574/2985/1987 2571/2982/1990 2569/2980/1988
f 2482/2893/1982 2572/2983/1985 2573/2984/1986
f 2576/2986/1984 2574/2985/1987 2572/2983/1985
f 2577/2987/2078 2575/2988/2080 2574/2985/1987
f 2575/2988/2080 2637/3050/2082 2571/2982/1990
f 2579/2989/2076 2577/2987/2078 2576/2986/1984
f 2580/2990/2077 2578/2991/2079 2577/2987/2078
f 2578/2991/2079 2640/3052/2081 2575/2988/2080
f 2579/2989/2076 2484/2892/1981 2487/2896/2073
f 2580/2990/2077 2579/2989/2076 2581/2992/2074
f 2581/2992/2074 2487/2896/2073 2490/2899/2071
f 2582/2993/2075 2581/2992/2074 2583/2994/2072
f 2583/2994/2072 2490/2899/2071 2493/2902/2068
f 2584/2995/2137 2583/2994/2072 2585/2996/2134
f 2585/2996/2134 2493/2902/2068 2496/2905/2065
f 2586/2997/2135 2585/2996/2134 2587/2998/2132
f 2587/2998/2132 2496/2905/2065 2499/2908/2062
f 2588/2999/2133 2587/2998/2132 2589/3000/2130
f 2589/3000/2130 2499/2908/2062 2502/2911/2059
f 2590/3001/2131 2589/3000/2130 2591/3002/2128
f 2591/3002/2128 2502/2911/2059 2505/2914/2428
f 2592/3003/2129 2591/3002/2128 2593/3004/2126
f 2593/3004/2126 2505/2914/2428 2508/2917/2053
f 2594/3005/2127 2593/3004/2126 2595/3006/2124
f 2597/3008/2122 2595/3011/2124 2508/3009/2053
f 2598/3010/2123 2596/3077/2125 2595/3011/2124
f 2599/3012/2120 2597/3008/2122 2511/2921/2429
f 2600/3013/2121 2598/3010/2123 2597/3008/2122
f 2601/3014/2118 2599/3012/2120 2514/2925/2047
f 2602/3015/2119 2600/3013/2121 2599/3012/2120
f 2603/3016/2116 2601/3014/2118 2517/2928/2044
f 2604/3017/2117 2602/3015/2119 2601/3014/2118
f 2605/3018/2114 2603/3016/2116 2520/2931/2041
f 2606/3019/2115 2604/3017/2117 2603/3016/2116
f 2607/3020/2112 2605/3018/2114 2523/2934/2038
f 2608/3021/2113 2606/3019/2115 2605/3018/2114
f 2609/3022/2110 2607/3020/2112 2526/2937/2035
f 2610/3023/2111 2608/3021/2113 2607/3020/2112
f 2611/3024/2108 2609/3022/2110 2529/2940/2432
f 2612/3025/2109 2610/3023/2111 2609/3022/2110
f 2611/3024/2108 2532/2943/2029 2535/2946/2026
f 2612/3025/2109 2611/3024/2108 2613/3026/2106
f 2613/3026/2106 2535/2946/2026 2538/2949/2023
f 2614/3027/2107 2613/3026/2106 2615/3028/2104
f 2615/3028/2104 2538/2949/2023 2541/2952/2020
f 2616/3029/2105 2615/3028/2104 2617/3030/2102
f 2617/3030/2102 2541/2952/2020 2544/2955/2017
f 2618/3031/2103 2617/3030/2102 2619/3032/2100
f 2619/3032/2100 2544/2955/2017 2547/2958/2014
f 2620/3033/2101 2619/3032/2100 2621/3034/2098
f 2621/3034/2098 2547/2958/2014 2550/2961/2011
f 2622/3035/2099 2621/3034/2098 2623/3036/2096
f 2623/3036/2096 2550/2961/2011 2553/2964/2434
f 2624/3037/2097 2623/3036/2096 2625/3038/2094
f 2625/3038/2094 2553/2964/2434 2556/2967/2005
f 2626/3039/2095 2625/3038/2094 2627/3040/2092
f 2629/3042/2090 2627/3040/2092 2556/2967/2005
f 2630/3043/2091 2628/3041/2093 2627/3040/2092
f 2631/3044/2088 2629/3042/2090 2559/2970/2435
f 2632/3045/2089 2630/3043/2091 2629/3042/2090
f 2633/3046/2086 2631/3044/2088 2562/2973/1999
f 2634/3047/2087 2632/3045/2089 2631/3044/2088
f 2635/3048/2084 2633/3046/2086 2565/2976/1996
f 2636/3049/2085 2634/3047/2087 2633/3046/2086
f 2637/3050/2082 2635/3048/2084 2568/2979/1993
f 2638/3051/2083 2636/3049/2085 2635/3048/2084
f 2640/3052/2081 2638/3051/2083 2637/3050/2082
f 2641/3053/2142 2639/3054/2143 2638/3051/2083
f 2639/3054/2143 2701/3116/2144 2636/3049/2085
f 2643/3055/2141 2641/3053/2142 2640/3052/2081
f 2644/3056/691 2642/3057/689 2641/3053/2142
f 2642/3057/689 2704/3118/751 2639/3054/2143
f 2645/3058/2140 2643/3055/2141 2578/2991/2079
f 2646/3059/693 2644/3056/691 2643/3055/2141
f 2646/3059/693 2645/3058/2140 2647/3060/2139
f 2645/3058/2140 2580/2990/2077 2582/2993/2075
f 2647/3060/2139 2582/2993/2075 2584/2995/2137
f 2648/3061/695 2647/3060/2139 2649/3062/2138
f 2649/3062/2138 2584/2995/2137 2586/2997/2135
f 2650/3063/697 2649/3062/2138 2651/3064/2136
f 2651/3064/2136 2586/2997/2135 2588/2999/2133
f 2652/3065/699 2651/3064/2136 2653/3066/2436
f 2653/3066/2436 2588/2999/2133 2590/3001/2131
f 2654/3067/701 2653/3066/2436 2655/3068/2167
f 2655/3068/2167 2590/3001/2131 2592/3003/2129
f 2656/3069/703 2655/3068/2167 2657/3070/2166
f 2657/3070/2166 2592/3003/2129 2594/3005/2127
f 2658/3071/705 2657/3070/2166 2659/3072/2165
f 2659/3072/2165 2594/3005/2127 2596/3007/2125
f 2660/3073/707 2659/3072/2165 2661/3074/2164
f 2663/3076/2163 2661/3079/2164 2596/3077/2125
f 2664/3078/711 2662/4688/709 2661/3079/2164
f 2665/3080/2162 2663/3076/2163 2598/3010/2123
f 2666/3081/713 2664/3078/711 2663/3076/2163
f 2667/3082/2161 2665/3080/2162 2600/3013/2121
f 2668/3083/715 2666/3081/713 2665/3080/2162
f 2669/3084/2437 2667/3082/2161 2602/3015/2119
f 2670/3085/717 2668/3083/715 2667/3082/2161
f 2671/3086/2159 2669/3084/2437 2604/3017/2117
f 2672/3087/719 2670/3085/717 2669/3084/2437
f 2673/3088/2158 2671/3086/2159 2606/3019/2115
f 2674/3089/721 2672/3087/719 2671/3086/2159
f 2675/3090/2157 2673/3088/2158 2608/3021/2113
f 2676/3091/723 2674/3089/721 2673/3088/2158
f 2677/3092/2156 2675/3090/2157 2610/3023/2111
f 2678/3093/725 2676/3091/723 2675/3090/2157
f 2677/3092/2156 2612/3025/2109 2614/3027/2107
f 2678/3093/725 2677/3092/2156 2679/3094/2155
f 2679/3094/2155 2614/3027/2107 2616/3029/2105
f 2680/3095/727 2679/3094/2155 2681/3096/2154
f 2681/3096/2154 2616/3029/2105 2618/3031/2103
f 2682/3097/729 2681/3096/2154 2683/3098/2153
f 2683/3098/2153 2618/3031/2103 2620/3033/2101
f 2684/3099/731 2683/3098/2153 2685/3100/2152
f 2685/3100/2152 2620/3033/2101 2622/3035/2099
f 2686/3101/733 2685/3100/2152 2687/3102/2151
f 2687/3102/2151 2622/3035/2099 2624/3037/2097
f 2688/3103/735 2687/3102/2151 2689/3104/2150
f 2689/3104/2150 2624/3037/2097 2626/3039/2095
f 2690/3105/737 2689/3104/2150 2691/3106/2149
f 2691/3106/2149 2626/3039/2095 2628/3041/2093
f 2692/3107/739 2691/3106/2149 2693/3108/2148
f 2695/3110/2147 2693/3108/2148 2628/3041/2093
f 2696/3111/743 2694/3109/741 2693/3108/2148
f 2697/3112/2146 2695/3110/2147 2630/3043/2091
f 2698/3113/745 2696/3111/743 2695/3110/2147
f 2699/3114/2145 2697/3112/2146 2632/3045/2089
f 2700/3115/747 2698/3113/745 2697/3112/2146
f 2701/3116/2144 2699/3114/2145 2634/3047/2087
f 2702/3117/749 2700/3115/747 2699/3114/2145
f 2704/3118/751 2702/3117/749 2701/3116/2144
f 2703/3119/2184 2702/3117/749 2704/3118/751
f 2765/3121/2186 2700/3115/747 2702/3117/749
f 2705/3120/2182 2704/3118/751 2642/3057/689
f 2706/3123/2183 2705/3120/2182 2707/3122/2180
f 2768/3125/2185 2703/3119/2184 2705/3120/2182
f 2707/3122/2180 2642/3057/689 2644/3056/691
f 2708/3124/2181 2707/3122/2180 2709/3126/2178
f 2709/3126/2178 2644/3056/691 2646/3059/693
f 2710/3127/2179 2709/3126/2178 2711/3128/2176
f 2713/3130/2174 2711/3128/2176 2646/3059/693
f 2714/3131/2175 2712/3129/2177 2711/3128/2176
f 2715/3132/2172 2713/3130/2174 2648/3061/695
f 2716/3133/2173 2714/3131/2175 2713/3130/2174
f 2717/3134/2170 2715/3132/2172 2650/3063/697
f 2718/3135/2171 2716/3133/2173 2715/3132/2172
f 2719/3136/2169 2717/3134/2170 2652/3065/699
f 2720/3137/2233 2718/3135/2171 2717/3134/2170
f 2721/3138/2230 2719/3136/2169 2654/3067/701
f 2722/3139/2231 2720/3137/2233 2719/3136/2169
f 2723/3140/2228 2721/3138/2230 2656/3069/703
f 2724/3141/2229 2722/3139/2231 2721/3138/2230
f 2725/3142/2226 2723/3140/2228 2658/3071/705
f 2726/3143/2227 2724/3141/2229 2723/3140/2228
f 2727/3144/2224 2725/3142/2226 2660/3073/707
f 2728/3145/2225 2726/3143/2227 2725/3142/2226
f 2727/3146/2224 2662/4688/709 2664/3078/711
f 2728/3148/2225 2727/3146/2224 2729/3147/2222
f 2729/3147/2222 2664/3078/711 2666/3081/713
f 2730/3149/2223 2729/3147/2222 2731/3150/2220
f 2731/3150/2220 2666/3081/713 2668/3083/715
f 2732/3151/2221 2731/3150/2220 2733/3152/2218
f 2733/3152/2218 2668/3083/715 2670/3085/717
f 2734/3153/2219 2733/3152/2218 2735/3154/2438
f 2735/3154/2438 2670/3085/717 2672/3087/719
f 2736/3155/2217 2735/3154/2438 2737/3156/2214
f 2737/3156/2214 2672/3087/719 2674/3089/721
f 2738/3157/2215 2737/3156/2214 2739/3158/2212
f 2739/3158/2212 2674/3089/721 2676/3091/723
f 2740/3159/2213 2739/3158/2212 2741/3160/2210
f 2741/3160/2210 2676/3091/723 2678/3093/725
f 2742/3161/2211 2741/3160/2210 2743/3162/2208
f 2745/3164/2206 2743/3162/2208 2678/3093/725
f 2746/3165/2207 2744/3163/2209 2743/3162/2208
f 2747/3166/2204 2745/3164/2206 2680/3095/727
f 2748/3167/2205 2746/3165/2207 2745/3164/2206
f 2749/3168/2202 2747/3166/2204 2682/3097/729
f 2750/3169/2203 2748/3167/2205 2747/3166/2204
f 2751/3170/2200 2749/3168/2202 2684/3099/731
f 2752/3171/2201 2750/3169/2203 2749/3168/2202
f 2753/3172/2198 2751/3170/2200 2686/3101/733
f 2754/3173/2199 2752/3171/2201 2751/3170/2200
f 2755/3174/2196 2753/3172/2198 2688/3103/735
f 2756/3175/2197 2754/3173/2199 2753/3172/2198
f 2757/3176/2194 2755/3174/2196 2690/3105/737
f 2758/3177/2195 2756/3175/2197 2755/3174/2196
f 2759/3178/2192 2757/3176/2194 2692/3107/739
f 2760/3179/2193 2758/3177/2195 2757/3176/2194
f 2759/3178/2192 2694/3109/741 2696/3111/743
f 2760/3179/2193 2759/3178/2192 2761/3180/2190
f 2761/3180/2190 2696/3111/743 2698/3113/745
f 2762/3181/2191 2761/3180/2190 2763/3182/2188
f 2763/3182/2188 2698/3113/745 2700/3115/747
f 2764/3183/2189 2763/3182/2188 2765/3121/2186
f 2766/3184/2187 2765/3121/2186 2703/3119/2184
f 2767/3185/2252 2766/3184/2187 2768/3125/2185
f 2829/3187/2254 2764/3183/2189 2766/3184/2187
f 2769/3186/2250 2768/3125/2185 2706/3123/2183
f 2770/3189/2251 2769/3186/2250 2771/3188/2248
f 2832/3191/2253 2767/3185/2252 2769/3186/2250
f 2771/3188/2248 2706/3123/2183 2708/3124/2181
f 2772/3190/2249 2771/3188/2248 2773/3192/2246
f 2773/3192/2246 2708/3124/2181 2710/3127/2179
f 2774/3193/2247 2773/3192/2246 2775/3194/2244
f 2775/3194/2244 2710/3127/2179 2712/3129/2177
f 2776/3195/2245 2775/3194/2244 2777/3196/2242
f 2779/3198/2240 2777/3196/2242 2712/3129/2177
f 2780/3199/2439 2778/3197/2243 2777/3196/2242
f 2781/3200/2238 2779/3198/2240 2714/3131/2175
f 2782/3201/2239 2780/3199/2439 2779/3198/2240
f 2783/3202/2236 2781/3200/2238 2716/3133/2173
f 2784/3203/2237 2782/3201/2239 2781/3200/2238
f 2785/3204/2234 2783/3202/2236 2718/3135/2171
f 2786/3205/2235 2784/3203/2237 2783/3202/2236
f 2787/3206/2232 2785/3204/2234 2720/3137/2233
f 2788/3207/2297 2786/3205/2235 2785/3204/2234
f 2789/3208/2294 2787/3206/2232 2722/3139/2231
f 2790/3209/2295 2788/3207/2297 2787/3206/2232
f 2791/3210/2292 2789/3208/2294 2724/3141/2229
f 2792/3211/2293 2790/3209/2295 2789/3208/2294
f 2793/3212/2290 2791/3210/2292 2726/3143/2227
f 2794/3213/2291 2792/3211/2293 2791/3210/2292
f 2793/3214/2290 2728/3148/2225 2730/3149/2223
f 2794/3216/2291 2793/3214/2290 2795/3215/2288
f 2795/3215/2288 2730/3149/2223 2732/3151/2221
f 2796/3217/2289 2795/3215/2288 2797/3218/2286
f 2797/3218/2286 2732/3151/2221 2734/3153/2219
f 2798/3219/2287 2797/3218/2286 2799/3220/2284
f 2799/3220/2284 2734/3153/2219 2736/3155/2217
f 2800/3221/2285 2799/3220/2284 2801/3222/2282
f 2801/3222/2282 2736/3155/2217 2738/3157/2215
f 2802/3223/2283 2801/3222/2282 2803/3224/2280
f 2803/3224/2280 2738/3157/2215 2740/3159/2213
f 2804/3225/2281 2803/3224/2280 2805/3226/2278
f 2805/3226/2278 2740/3159/2213 2742/3161/2211
f 2806/3227/2279 2805/3226/2278 2807/3228/2276
f 2807/3228/2276 2742/3161/2211 2744/3163/2209
f 2808/3229/2277 2807/3228/2276 2809/3230/2274
f 2811/3232/2272 2809/3230/2274 2744/3163/2209
f 2812/3233/2273 2810/3231/2275 2809/3230/2274
f 2813/3234/2270 2811/3232/2272 2746/3165/2207
f 2814/3235/2271 2812/3233/2273 2811/3232/2272
f 2815/3236/2268 2813/3234/2270 2748/3167/2205
f 2816/3237/2269 2814/3235/2271 2813/3234/2270
f 2817/3238/2266 2815/3236/2268 2750/3169/2203
f 2818/3239/2267 2816/3237/2269 2815/3236/2268
f 2819/3240/2264 2817/3238/2266 2752/3171/2201
f 2820/3241/2265 2818/3239/2267 2817/3238/2266
f 2821/3242/2262 2819/3240/2264 2754/3173/2199
f 2822/3243/2263 2820/3241/2265 2819/3240/2264
f 2823/3244/2260 2821/3242/2262 2756/3175/2197
f 2824/3245/2261 2822/3243/2263 2821/3242/2262
f 2825/3246/2258 2823/3244/2260 2758/3177/2195
f 2826/3247/2259 2824/3245/2261 2823/3244/2260
f 2825/3246/2258 2760/3179/2193 2762/3181/2191
f 2826/3247/2259 2825/3246/2258 2827/3248/2256
f 2827/3248/2256 2762/3181/2191 2764/3183/2189
f 2828/3249/2257 2827/3248/2256 2829/3187/2254
f 2830/3250/2255 2829/3187/2254 2767/3185/2252
f 2831/3251/2320 2830/3250/2255 2832/3191/2253
f 2893/3253/2322 2828/3249/2257 2830/3250/2255
f 2833/3252/2318 2832/3191/2253 2770/3189/2251
f 2834/3255/2319 2833/3252/2318 2835/3254/2316
f 2896/3257/2321 2831/3251/2320 2833/3252/2318
f 2835/3254/2316 2770/3189/2251 2772/3190/2249
f 2836/3256/2317 2835/3254/2316 2837/3258/2314
f 2837/3258/2314 2772/3190/2249 2774/3193/2247
f 2838/3259/2315 2837/3258/2314 2839/3260/2312
f 2839/3260/2312 2774/3193/2247 2776/3195/2245
f 2840/3261/2313 2839/3260/2312 2841/3262/2310
f 2841/3262/2310 2776/3195/2245 2778/3197/2243
f 2842/3263/2311 2841/3262/2310 2843/3264/2308
f 2845/3266/2306 2843/3264/2308 2778/3197/2243
f 2846/3267/2307 2844/3265/2309 2843/3264/2308
f 2847/3268/2304 2845/3266/2306 2780/3199/2439
f 2848/3269/2305 2846/3267/2307 2845/3266/2306
f 2849/3270/2302 2847/3268/2304 2782/3201/2239
f 2850/3271/2440 2848/3269/2305 2847/3268/2304
f 2851/3272/2300 2849/3270/2302 2784/3203/2237
f 2852/3273/2301 2850/3271/2440 2849/3270/2302
f 2853/3274/2298 2851/3272/2300 2786/3205/2235
f 2854/3275/2299 2852/3273/2301 2851/3272/2300
f 2855/3276/2296 2853/3274/2298 2788/3207/2297
f 2856/3277/2361 2854/3275/2299 2853/3274/2298
f 2857/3278/2358 2855/3276/2296 2790/3209/2295
f 2858/3279/2359 2856/3277/2361 2855/3276/2296
f 2859/3280/2356 2857/3278/2358 2792/3211/2293
f 2860/3281/2357 2858/3279/2359 2857/3278/2358
f 2859/3282/2356 2794/3216/2291 2796/3217/2289
f 2860/3284/2357 2859/3282/2356 2861/3283/2354
f 2861/3283/2354 2796/3217/2289 2798/3219/2287
f 2862/3285/2355 2861/3283/2354 2863/3286/2352
f 2863/3286/2352 2798/3219/2287 2800/3221/2285
f 2864/3287/2353 2863/3286/2352 2865/3288/2350
f 2865/3288/2350 2800/3221/2285 2802/3223/2283
f 2866/3289/2351 2865/3288/2350 2867/3290/2348
f 2867/3290/2348 2802/3223/2283 2804/3225/2281
f 2868/3291/2349 2867/3290/2348 2869/3292/2346
f 2869/3292/2346 2804/3225/2281 2806/3227/2279
f 2870/3293/2441 2869/3292/2346 2871/3294/2344
f 2871/3294/2344 2806/3227/2279 2808/3229/2277
f 2872/3295/2345 2871/3294/2344 2873/3296/2342
f 2873/3296/2342 2808/3229/2277 2810/3231/2275
f 2874/3297/2343 2873/3296/2342 2875/3298/2340
f 2877/3300/2338 2875/3298/2340 2810/3231/2275
f 2878/3301/2339 2876/3299/2341 2875/3298/2340
f 2879/3302/2336 2877/3300/2338 2812/3233/2273
f 2880/3303/2337 2878/3301/2339 2877/3300/2338
f 2881/3304/2334 2879/3302/2336 2814/3235/2271
f 2882/3305/2442 2880/3303/2337 2879/3302/2336
f 2883/3306/2332 2881/3304/2334 2816/3237/2269
f 2884/3307/2333 2882/3305/2442 2881/3304/2334
f 2885/3308/2330 2883/3306/2332 2818/3239/2267
f 2886/3309/2443 2884/3307/2333 2883/3306/2332
f 2887/3310/2328 2885/3308/2330 2820/3241/2265
f 2888/3311/2329 2886/3309/2443 2885/3308/2330
f 2889/3312/2326 2887/3310/2328 2822/3243/2263
f 2890/3313/2327 2888/3311/2329 2887/3310/2328
f 2891/3314/2324 2889/3312/2326 2824/3245/2261
f 2892/3315/2325 2890/3313/2327 2889/3312/2326
f 2891/3314/2324 2826/3247/2259 2828/3249/2257
f 2892/3315/2325 2891/3314/2324 2893/3253/2322
f 2894/3316/2323 2893/3253/2322 2831/3251/2320
f 2895/3317/2444 2894/3316/2323 2896/3257/2321
f 2906/3319/2385 2892/3315/2325 2894/3316/2323
f 2897/3318/2387 2896/3257/2321 2834/3255/2319
f 2927/3380/2367 2928/3332/2366 2846/3267/2307
f 2928/3332/2366 2901/3330/2365 2844/3265/2309
f 2926/3378/2368 2927/3380/2367 2848/3269/2305
f 2925/3376/2451 2926/3378/2368 2850/3271/2440
f 2924/3374/2363 2925/3376/2451 2852/3273/2301
f 2923/3372/2450 2924/3374/2363 2854/3275/2299
f 2922/3369/2449 2923/3372/2450 2856/3277/2361
f 2921/3370/2370 2922/3369/2449 2858/3279/2359
f 2921/3367/2370 2860/3284/2357 2862/3285/2355
f 2920/3365/2448 2862/3285/2355 2864/3287/2353
f 2919/3363/2372 2864/3287/2353 2866/3289/2351
f 2918/3327/2373 2866/3289/2351 2868/3291/2349
f 2917/3325/2375 2870/3293/2441 2872/3295/2345
f 2900/3324/2374 2868/3291/2349 2870/3293/2441
f 2916/3360/2376 2872/3295/2345 2874/3297/2343
f 2915/3358/2377 2874/3297/2343 2876/3299/2341
f 2913/3354/2379 2914/3356/2378 2876/3299/2341
f 2912/3352/2380 2913/3354/2379 2878/3301/2339
f 2911/3350/2447 2912/3352/2380 2880/3303/2337
f 2910/3348/2446 2911/3350/2447 2882/3305/2442
f 2909/3346/2382 2910/3348/2446 2884/3307/2333
f 2908/3344/2383 2909/3346/2382 2886/3309/2443
f 2907/3342/2445 2908/3344/2383 2888/3311/2329
f 2906/3319/2385 2907/3342/2445 2890/3313/2327
f 2905/3338/2389 2836/3256/2317 2838/3259/2315
f 2898/3320/2388 2834/3255/2319 2836/3256/2317
f 2904/3336/2390 2838/3259/2315 2840/3261/2313
f 2903/3334/2391 2840/3261/2313 2842/3263/2311
f 2902/3329/2392 2842/3263/2311 2844/3265/2309
f 2930/2890/1983 2573/2984/1986 2929/3382/2398
f 2573/2984/1986 2570/2981/1989 2962/3384/2467
f 2483/2891/1980 2930/2890/1983 2931/3383/2452
f 2483/2891/1980 2933/3385/2396 2934/3388/2453
f 2486/2894/2394 2934/3388/2453 2935/3390/2454
f 2489/2897/2070 2935/3390/2454 2936/3392/2455
f 2492/2900/2426 2936/3392/2455 2937/3394/2424
f 2495/2903/2064 2937/3394/2424 2938/3396/2456
f 2498/2906/2427 2938/3396/2456 2939/3398/2457
f 2501/2909/2058 2939/3398/2457 2940/3400/2421
f 2504/2912/2055 2940/3400/2421 2941/3402/2420
f 2510/2920/2049 2507/2919/2052 2941/3404/2420
f 2513/2924/2046 2510/2920/2049 2942/3405/2419
f 2516/2927/2430 2513/2924/2046 2943/3407/2458
f 2519/2930/2040 2516/2927/2430 2944/3409/2417
f 2522/2933/2431 2519/2930/2040 2945/3411/2416
f 2525/2936/2034 2522/2933/2431 2946/3413/2459
f 2528/2939/2031 2525/2936/2034 2947/3415/2460
f 2531/2942/2028 2528/2939/2031 2948/3417/2461
f 2531/2942/2028 2949/3419/2412 2950/3421/2462
f 2534/2944/2025 2950/3421/2462 2951/3423/2463
f 2537/2947/2022 2951/3423/2463 2952/3425/2464
f 2540/2950/2019 2952/3425/2464 2953/3427/2408
f 2543/2953/2016 2953/3427/2408 2954/3429/2407
f 2546/2956/2433 2954/3429/2407 2955/3431/2465
f 2549/2959/2010 2955/3431/2465 2956/3433/2405
f 2552/2962/2007 2956/3433/2405 2957/3435/2404
f 2558/2969/2001 2555/2965/2004 2957/3435/2404
f 2561/2972/1998 2558/2969/2001 2958/3437/2403
f 2564/2975/1995 2561/2972/1998 2959/3439/2402
f 2567/2978/1992 2564/2975/1995 2960/3441/2466
f 2570/2981/1989 2567/2978/1992 2961/3443/2400
f 2963/3447/2468 2965/3941/2470 3412/3448/2916
f 2966/3450/2471 2963/3447/2468 2964/3449/2469
f 2968/3452/2473 2965/3941/2470 2963/3447/2468
f 2967/3453/2472 2963/3447/2468 2966/3450/2471
f 2971/3455/2476 2968/3452/2473 2967/3453/2472
f 2970/3456/2475 2967/3453/2472 2969/3454/2474
f 2974/3458/2479 2971/3455/2476 2970/3456/2475
f 2973/3459/2478 2970/3456/2475 2972/3457/2477
f 2977/3461/2482 2974/3458/2479 2973/3459/2478
f 2976/3462/2481 2973/3459/2478 2975/3460/2480
f 2980/3464/2485 2977/3461/2482 2976/3462/2481
f 2979/3465/2484 2976/3462/2481 2978/3463/2483
f 2983/3467/2488 2980/3464/2485 2979/3465/2484
f 2982/3468/2487 2979/3465/2484 2981/3466/2486
f 2986/3470/2491 2983/3467/2488 2982/3468/2487
f 2985/3471/2490 2982/3468/2487 2984/3469/2489
f 2989/3473/2494 2986/3470/2491 2985/3471/2490
f 2988/3474/2493 2985/3471/2490 2987/3472/2492
f 2991/3476/2496 2992/3482/2497 2989/3477/2494
f 2993/3479/2498 2991/3476/2496 2988/3478/2493
f 2994/3481/2499 2995/3485/2500 2992/3482/2497
f 2996/3483/2501 2994/3481/2499 2991/3476/2496
f 2997/3484/2502 2998/3488/2503 2995/3485/2500
f 2999/3486/2504 2997/3484/2502 2994/3481/2499
f 3000/3487/2505 3001/3491/2506 2998/3488/2503
f 3002/3489/2507 3000/3487/2505 2997/3484/2502
f 3003/3490/2508 3004/3494/2509 3001/3491/2506
f 3005/3492/2510 3003/3490/2508 3000/3487/2505
f 3006/3493/2511 3007/3497/2512 3004/3494/2509
f 3008/3495/2513 3006/3493/2511 3003/3490/2508
f 3009/3496/2514 3010/3500/2515 3007/3497/2512
f 3011/3498/2516 3009/3496/2514 3006/3493/2511
f 3012/3499/2517 3013/3977/2518 3010/3500/2515
f 3014/3501/2519 3012/3499/2517 3009/3496/2514
f 3016/3502/2521 3013/3977/2518 3012/3499/2517
f 3015/3503/2520 3012/3499/2517 3014/3501/2519
f 3019/3505/2524 3016/3502/2521 3015/3503/2520
f 3018/3506/2523 3015/3503/2520 3017/3504/2522
f 3022/3508/2527 3019/3505/2524 3018/3506/2523
f 3021/3509/2526 3018/3506/2523 3020/3507/2525
f 3025/3511/2530 3022/3508/2527 3021/3509/2526
f 3024/3512/2529 3021/3509/2526 3023/3510/2528
f 3028/3514/2533 3025/3511/2530 3024/3512/2529
f 3027/3515/2532 3024/3512/2529 3026/3513/2531
f 3031/3517/2536 3028/3514/2533 3027/3515/2532
f 3030/3518/2535 3027/3515/2532 3029/3516/2534
f 3034/3520/2539 3031/3517/2536 3030/3518/2535
f 3033/3521/2538 3030/3518/2535 3032/3519/2537
f 3037/3523/2542 3034/3520/2539 3033/3521/2538
f 3036/3524/2541 3033/3521/2538 3035/3522/2540
f 3039/3526/2544 3040/3529/2545 3037/3523/2542
f 3041/3527/2546 3039/3526/2544 3036/3524/2541
f 3042/3528/2547 3043/3532/2548 3040/3529/2545
f 3044/3530/2549 3042/3528/2547 3039/3526/2544
f 3045/3531/2550 3046/3535/2551 3043/3532/2548
f 3047/3533/2552 3045/3531/2550 3042/3528/2547
f 3048/3534/2553 3049/3538/2554 3046/3535/2551
f 3050/3536/2555 3048/3534/2553 3045/3531/2550
f 3051/3537/2556 3052/3541/2557 3049/3538/2554
f 3053/3539/2558 3051/3537/2556 3048/3534/2553
f 3054/3540/2559 3055/3543/2560 3052/3541/2557
f 3056/3542/2561 3054/3540/2559 3051/3537/2556
f 2964/3449/2469 3412/3448/2916 3055/3543/2560
f 3058/3451/2563 2964/3449/2469 3054/3540/2559
f 3059/3544/2564 3058/3451/2563 3056/3542/2561
f 3057/3545/2562 3056/3542/2561 3053/3539/2558
f 3061/3547/2566 2966/3450/2471 3058/3451/2563
f 3062/3548/2567 3061/3547/2566 3059/3544/2564
f 3060/3549/2565 3059/3544/2564 3057/3545/2562
f 2969/3454/2474 2966/3450/2471 3061/3547/2566
f 3063/3551/2568 3061/3547/2566 3062/3548/2567
f 2972/3457/2477 2969/3454/2474 3063/3551/2568
f 3065/3553/2570 3063/3551/2568 3064/3552/2569
f 2975/3460/2480 2972/3457/2477 3065/3553/2570
f 3067/3555/2572 3065/3553/2570 3066/3554/2571
f 2978/3463/2483 2975/3460/2480 3067/3555/2572
f 3069/3557/2574 3067/3555/2572 3068/3556/2573
f 2981/3466/2486 2978/3463/2483 3069/3557/2574
f 3071/3559/2576 3069/3557/2574 3070/3558/2575
f 2984/3469/2489 2981/3466/2486 3071/3559/2576
f 3073/3561/2578 3071/3559/2576 3072/3560/2577
f 2987/3472/2492 2984/3469/2489 3073/3561/2578
f 3075/3563/2580 3073/3561/2578 3074/3562/2579
f 2990/3475/2495 2987/3472/2492 3075/3563/2580
f 3077/3565/2582 3075/3563/2580 3076/3564/2581
f 3079/3567/2584 2993/3479/2498 2990/3480/2495
f 3080/3569/2585 3079/3567/2584 3077/3568/2582
f 3081/3571/2586 2996/3483/2501 2993/3479/2498
f 3082/3572/2587 3081/3571/2586 3079/3567/2584
f 3083/3573/2588 2999/3486/2504 2996/3483/2501
f 3084/3574/2589 3083/3573/2588 3081/3571/2586
f 3085/3575/2590 3002/3489/2507 2999/3486/2504
f 3086/3576/2591 3085/3575/2590 3083/3573/2588
f 3087/3577/2592 3005/3492/2510 3002/3489/2507
f 3088/3578/2593 3087/3577/2592 3085/3575/2590
f 3089/3579/2594 3008/3495/2513 3005/3492/2510
f 3090/3580/2595 3089/3579/2594 3087/3577/2592
f 3091/3581/2596 3011/3498/2516 3008/3495/2513
f 3092/3582/2597 3091/3581/2596 3089/3579/2594
f 3093/3583/2598 3014/3501/2519 3011/3498/2516
f 3094/3584/2599 3093/3583/2598 3091/3581/2596
f 3017/3504/2522 3014/3501/2519 3093/3583/2598
f 3095/3585/2600 3093/3583/2598 3094/3584/2599
f 3020/3507/2525 3017/3504/2522 3095/3585/2600
f 3097/3587/2602 3095/3585/2600 3096/3586/2601
f 3023/3510/2528 3020/3507/2525 3097/3587/2602
f 3099/3589/2604 3097/3587/2602 3098/3588/2603
f 3026/3513/2531 3023/3510/2528 3099/3589/2604
f 3101/3591/2606 3099/3589/2604 3100/3590/2605
f 3029/3516/2534 3026/3513/2531 3101/3591/2606
f 3103/3593/2608 3101/3591/2606 3102/3592/2607
f 3032/3519/2537 3029/3516/2534 3103/3593/2608
f 3105/3595/2610 3103/3593/2608 3104/3594/2609
f 3035/3522/2540 3032/3519/2537 3105/3595/2610
f 3107/3597/2612 3105/3595/2610 3106/3596/2611
f 3038/3525/2543 3035/3522/2540 3107/3597/2612
f 3109/3599/2614 3107/3597/2612 3108/3598/2613
f 3111/3601/2616 3041/3527/2546 3038/3525/2543
f 3112/3602/2617 3111/3601/2616 3109/3599/2614
f 3113/3603/2618 3044/3530/2549 3041/3527/2546
f 3114/3604/2619 3113/3603/2618 3111/3601/2616
f 3115/3605/2620 3047/3533/2552 3044/3530/2549
f 3116/3606/2621 3115/3605/2620 3113/3603/2618
f 3117/3607/2622 3050/3536/2555 3047/3533/2552
f 3118/3608/2623 3117/3607/2622 3115/3605/2620
f 3119/3546/2624 3053/3539/2558 3050/3536/2555
f 3120/3609/2625 3119/3546/2624 3117/3607/2622
f 3122/3550/2627 3057/3545/2562 3119/3546/2624
f 3123/3610/2628 3122/3550/2627 3120/3609/2625
f 3121/3611/2626 3120/3609/2625 3118/3608/2623
f 3125/3613/2630 3060/3549/2565 3122/3550/2627
f 3126/3614/2631 3125/3613/2630 3123/3610/2628
f 3124/3615/2629 3123/3610/2628 3121/3611/2626
f 3127/3617/2632 3062/3548/2567 3060/3549/2565
f 3128/3618/2633 3127/3617/2632 3125/3613/2630
f 3129/3619/2634 3127/3617/2632 3128/3618/2633
f 3064/3552/2569 3062/3548/2567 3127/3617/2632
f 3066/3554/2571 3064/3552/2569 3129/3619/2634
f 3131/3621/2636 3129/3619/2634 3130/3620/2635
f 3068/3556/2573 3066/3554/2571 3131/3621/2636
f 3133/3623/2638 3131/3621/2636 3132/3622/2637
f 3070/3558/2575 3068/3556/2573 3133/3623/2638
f 3135/3625/2640 3133/3623/2638 3134/3624/2639
f 3072/3560/2577 3070/3558/2575 3135/3625/2640
f 3137/3627/2642 3135/3625/2640 3136/3626/2641
f 3074/3562/2579 3072/3560/2577 3137/3627/2642
f 3139/3629/2644 3137/3627/2642 3138/3628/2643
f 3076/3564/2581 3074/3562/2579 3139/3629/2644
f 3141/3631/2646 3139/3629/2644 3140/3630/2645
f 3078/3566/2583 3076/3564/2581 3141/3631/2646
f 3143/3633/2648 3141/3631/2646 3142/3632/2647
f 3145/3635/2650 3080/3569/2585 3078/3570/2583
f 3146/3637/2651 3145/3635/2650 3143/3636/2648
f 3147/3639/2652 3082/3572/2587 3080/3569/2585
f 3148/3640/2653 3147/3639/2652 3145/3635/2650
f 3149/3641/2654 3084/3574/2589 3082/3572/2587
f 3150/3642/2655 3149/3641/2654 3147/3639/2652
f 3151/3643/2656 3086/3576/2591 3084/3574/2589
f 3152/3644/2657 3151/3643/2656 3149/3641/2654
f 3153/3645/2658 3088/3578/2593 3086/3576/2591
f 3154/3646/2659 3153/3645/2658 3151/3643/2656
f 3155/3647/2660 3090/3580/2595 3088/3578/2593
f 3156/3648/2661 3155/3647/2660 3153/3645/2658
f 3157/3649/2662 3092/3582/2597 3090/3580/2595
f 3158/3650/2663 3157/3649/2662 3155/3647/2660
f 3159/3651/2664 3094/3584/2599 3092/3582/2597
f 3160/3652/2665 3159/3651/2664 3157/3649/2662
f 3096/3586/2601 3094/3584/2599 3159/3651/2664
f 3161/3653/2666 3159/3651/2664 3160/3652/2665
f 3098/3588/2603 3096/3586/2601 3161/3653/2666
f 3163/3655/2668 3161/3653/2666 3162/3654/2667
f 3100/3590/2605 3098/3588/2603 3163/3655/2668
f 3165/3657/2670 3163/3655/2668 3164/3656/2669
f 3102/3592/2607 3100/3590/2605 3165/3657/2670
f 3167/3659/2672 3165/3657/2670 3166/3658/2671
f 3104/3594/2609 3102/3592/2607 3167/3659/2672
f 3169/3661/2674 3167/3659/2672 3168/3660/2673
f 3106/3596/2611 3104/3594/2609 3169/3661/2674
f 3171/3663/2676 3169/3661/2674 3170/3662/2675
f 3108/3598/2613 3106/3596/2611 3171/3663/2676
f 3173/3665/2678 3171/3663/2676 3172/3664/2677
f 3110/3600/2615 3108/3598/2613 3173/3665/2678
f 3175/3667/2680 3173/3665/2678 3174/3666/2679
f 3177/3669/2682 3112/3602/2617 3110/3600/2615
f 3178/3670/2683 3177/3669/2682 3175/3667/2680
f 3179/3671/2684 3114/3604/2619 3112/3602/2617
f 3180/3672/2685 3179/3671/2684 3177/3669/2682
f 3181/3673/2686 3116/3606/2621 3114/3604/2619
f 3182/3674/2687 3181/3673/2686 3179/3671/2684
f 3183/3612/2688 3118/3608/2623 3116/3606/2621
f 3184/3675/2689 3183/3612/2688 3181/3673/2686
f 3186/3616/2691 3121/3611/2626 3183/3612/2688
f 3186/3616/2691 3184/3675/2689 3185/3676/2690
f 3184/3675/2689 3182/3674/2687 3247/3678/2752
f 3124/3615/2629 3186/3616/2691 3187/3677/2692
f 3189/3679/2694 3187/3677/2692 3188/3680/2693
f 3187/3677/2692 3185/3676/2690 3250/3682/2755
f 3126/3614/2631 3124/3615/2629 3189/3679/2694
f 3191/3683/2696 3189/3679/2694 3190/3681/2695
f 3128/3618/2633 3126/3614/2631 3191/3683/2696
f 3193/3685/2698 3191/3683/2696 3192/3684/2697
f 3195/3687/2700 3130/3620/2635 3128/3618/2633
f 3196/3688/2701 3195/3687/2700 3193/3685/2698
f 3197/3689/2702 3132/3622/2637 3130/3620/2635
f 3198/3690/2703 3197/3689/2702 3195/3687/2700
f 3199/3691/2704 3134/3624/2639 3132/3622/2637
f 3200/3692/2705 3199/3691/2704 3197/3689/2702
f 3201/3693/2706 3136/3626/2641 3134/3624/2639
f 3202/3694/2707 3201/3693/2706 3199/3691/2704
f 3203/3695/2708 3138/3628/2643 3136/3626/2641
f 3204/3696/2709 3203/3695/2708 3201/3693/2706
f 3205/3697/2710 3140/3630/2645 3138/3628/2643
f 3206/3698/2711 3205/3697/2710 3203/3695/2708
f 3207/3699/2712 3142/3632/2647 3140/3630/2645
f 3208/3700/2713 3207/3699/2712 3205/3697/2710
f 3209/3701/2714 3144/3634/2649 3142/3632/2647
f 3210/3702/2715 3209/3701/2714 3207/3699/2712
f 3146/3637/2651 3144/3638/2649 3209/3703/2714
f 3211/3704/2716 3209/3703/2714 3210/3705/2715
f 3148/3640/2653 3146/3637/2651 3211/3704/2716
f 3213/3707/2718 3211/3704/2716 3212/3706/2717
f 3150/3642/2655 3148/3640/2653 3213/3707/2718
f 3215/3709/2720 3213/3707/2718 3214/3708/2719
f 3152/3644/2657 3150/3642/2655 3215/3709/2720
f 3217/3711/2722 3215/3709/2720 3216/3710/2721
f 3154/3646/2659 3152/3644/2657 3217/3711/2722
f 3219/3713/2724 3217/3711/2722 3218/3712/2723
f 3156/3648/2661 3154/3646/2659 3219/3713/2724
f 3221/3715/2726 3219/3713/2724 3220/3714/2725
f 3158/3650/2663 3156/3648/2661 3221/3715/2726
f 3223/3717/2728 3221/3715/2726 3222/3716/2727
f 3160/3652/2665 3158/3650/2663 3223/3717/2728
f 3225/3719/2730 3223/3717/2728 3224/3718/2729
f 3227/3721/2732 3162/3654/2667 3160/3652/2665
f 3228/3722/2733 3227/3721/2732 3225/3719/2730
f 3229/3723/2734 3164/3656/2669 3162/3654/2667
f 3230/3724/2735 3229/3723/2734 3227/3721/2732
f 3231/3725/2736 3166/3658/2671 3164/3656/2669
f 3232/3726/2737 3231/3725/2736 3229/3723/2734
f 3233/3727/2738 3168/3660/2673 3166/3658/2671
f 3234/3728/2739 3233/3727/2738 3231/3725/2736
f 3235/3729/2740 3170/3662/2675 3168/3660/2673
f 3236/3730/2741 3235/3729/2740 3233/3727/2738
f 3237/3731/2742 3172/3664/2677 3170/3662/2675
f 3238/3732/2743 3237/3731/2742 3235/3729/2740
f 3239/3733/2744 3174/3666/2679 3172/3664/2677
f 3240/3734/2745 3239/3733/2744 3237/3731/2742
f 3241/3735/2746 3176/3668/2681 3174/3666/2679
f 3242/3736/2747 3241/3735/2746 3239/3733/2744
f 3178/3670/2683 3176/3668/2681 3241/3735/2746
f 3243/3737/2748 3241/3735/2746 3242/3736/2747
f 3180/3672/2685 3178/3670/2683 3243/3737/2748
f 3245/3739/2750 3243/3737/2748 3244/3738/2749
f 3182/3674/2687 3180/3672/2685 3245/3739/2750
f 3247/3678/2752 3245/3739/2750 3246/3740/2751
f 3185/3676/2690 3247/3678/2752 3248/3741/2753
f 3250/3682/2755 3248/3741/2753 3249/3742/2754
f 3248/3741/2753 3246/3740/2751 3311/3744/2816
f 3188/3680/2693 3250/3682/2755 3251/3743/2756
f 3253/3745/2758 3251/3743/2756 3252/3746/2757
f 3251/3743/2756 3249/3742/2754 3314/3748/2819
f 3190/3681/2695 3188/3680/2693 3253/3745/2758
f 3255/3749/2760 3253/3745/2758 3254/3747/2759
f 3192/3684/2697 3190/3681/2695 3255/3749/2760
f 3257/3751/2762 3255/3749/2760 3256/3750/2761
f 3194/3686/2699 3192/3684/2697 3257/3751/2762
f 3259/3753/2764 3257/3751/2762 3258/3752/2763
f 3261/3755/2766 3196/3688/2701 3194/3686/2699
f 3262/3756/2767 3261/3755/2766 3259/3753/2764
f 3263/3757/2768 3198/3690/2703 3196/3688/2701
f 3264/3758/2769 3263/3757/2768 3261/3755/2766
f 3265/3759/2770 3200/3692/2705 3198/3690/2703
f 3266/3760/2771 3265/3759/2770 3263/3757/2768
f 3267/3761/2772 3202/3694/2707 3200/3692/2705
f 3268/3762/2773 3267/3761/2772 3265/3759/2770
f 3269/3763/2774 3204/3696/2709 3202/3694/2707
f 3270/3764/2775 3269/3763/2774 3267/3761/2772
f 3271/3765/2776 3206/3698/2711 3204/3696/2709
f 3272/3766/2777 3271/3765/2776 3269/3763/2774
f 3273/3767/2778 3208/3700/2713 3206/3698/2711
f 3274/3768/2779 3273/3767/2778 3271/3765/2776
f 3275/3769/2780 3210/3702/2715 3208/3700/2713
f 3276/3770/2781 3275/3769/2780 3273/3767/2778
f 3212/3706/2717 3210/3705/2715 3275/3771/2780
f 3277/3772/2782 3275/3771/2780 3276/3773/2781
f 3214/3708/2719 3212/3706/2717 3277/3772/2782
f 3279/3775/2784 3277/3772/2782 3278/3774/2783
f 3216/3710/2721 3214/3708/2719 3279/3775/2784
f 3281/3777/2786 3279/3775/2784 3280/3776/2785
f 3218/3712/2723 3216/3710/2721 3281/3777/2786
f 3283/3779/2788 3281/3777/2786 3282/3778/2787
f 3220/3714/2725 3218/3712/2723 3283/3779/2788
f 3285/3781/2790 3283/3779/2788 3284/3780/2789
f 3222/3716/2727 3220/3714/2725 3285/3781/2790
f 3287/3783/2792 3285/3781/2790 3286/3782/2791
f 3224/3718/2729 3222/3716/2727 3287/3783/2792
f 3289/3785/2794 3287/3783/2792 3288/3784/2793
f 3226/3720/2731 3224/3718/2729 3289/3785/2794
f 3291/3787/2796 3289/3785/2794 3290/3786/2795
f 3293/3789/2798 3228/3722/2733 3226/3720/2731
f 3294/3790/2799 3293/3789/2798 3291/3787/2796
f 3295/3791/2800 3230/3724/2735 3228/3722/2733
f 3296/3792/2801 3295/3791/2800 3293/3789/2798
f 3297/3793/2802 3232/3726/2737 3230/3724/2735
f 3298/3794/2803 3297/3793/2802 3295/3791/2800
f 3299/3795/2804 3234/3728/2739 3232/3726/2737
f 3300/3796/2805 3299/3795/2804 3297/3793/2802
f 3301/3797/2806 3236/3730/2741 3234/3728/2739
f 3302/3798/2807 3301/3797/2806 3299/3795/2804
f 3303/3799/2808 3238/3732/2743 3236/3730/2741
f 3304/3800/2809 3303/3799/2808 3301/3797/2806
f 3305/3801/2810 3240/3734/2745 3238/3732/2743
f 3306/3802/2811 3305/3801/2810 3303/3799/2808
f 3307/3803/2812 3242/3736/2747 3240/3734/2745
f 3308/3804/2813 3307/3803/2812 3305/3801/2810
f 3244/3738/2749 3242/3736/2747 3307/3803/2812
f 3309/3805/2814 3307/3803/2812 3308/3804/2813
f 3246/3740/2751 3244/3738/2749 3309/3805/2814
f 3311/3744/2816 3309/3805/2814 3310/3806/2815
f 3249/3742/2754 3311/3744/2816 3312/3807/2817
f 3314/3748/2819 3312/3807/2817 3313/3808/2818
f 3312/3807/2817 3310/3806/2815 3375/3810/2880
f 3252/3746/2757 3314/3748/2819 3315/3809/2820
f 3317/3811/2822 3315/3809/2820 3316/3812/2821
f 3315/3809/2820 3313/3808/2818 3378/3814/2883
f 3254/3747/2759 3252/3746/2757 3317/3811/2822
f 3319/3815/2824 3317/3811/2822 3318/3813/2823
f 3256/3750/2761 3254/3747/2759 3319/3815/2824
f 3321/3817/2826 3319/3815/2824 3320/3816/2825
f 3258/3752/2763 3256/3750/2761 3321/3817/2826
f 3323/3819/2828 3321/3817/2826 3322/3818/2827
f 3260/3754/2765 3258/3752/2763 3323/3819/2828
f 3325/3821/2830 3323/3819/2828 3324/3820/2829
f 3327/3823/2832 3262/3756/2767 3260/3754/2765
f 3328/3824/2833 3327/3823/2832 3325/3821/2830
f 3329/3825/2834 3264/3758/2769 3262/3756/2767
f 3330/3826/2835 3329/3825/2834 3327/3823/2832
f 3331/3827/2836 3266/3760/2771 3264/3758/2769
f 3332/3828/2837 3331/3827/2836 3329/3825/2834
f 3333/3829/2838 3268/3762/2773 3266/3760/2771
f 3334/3830/2839 3333/3829/2838 3331/3827/2836
f 3335/3831/2840 3270/3764/2775 3268/3762/2773
f 3336/3832/2841 3335/3831/2840 3333/3829/2838
f 3337/3833/2842 3272/3766/2777 3270/3764/2775
f 3338/3834/2843 3337/3833/2842 3335/3831/2840
f 3339/3835/2844 3274/3768/2779 3272/3766/2777
f 3340/3836/2845 3339/3835/2844 3337/3833/2842
f 3341/3837/2846 3276/3770/2781 3274/3768/2779
f 3342/3838/2847 3341/3837/2846 3339/3835/2844
f 3278/3774/2783 3276/3773/2781 3341/3839/2846
f 3343/3840/2848 3341/3839/2846 3342/3841/2847
f 3280/3776/2785 3278/3774/2783 3343/3840/2848
f 3345/3843/2850 3343/3840/2848 3344/3842/2849
f 3282/3778/2787 3280/3776/2785 3345/3843/2850
f 3347/3845/2852 3345/3843/2850 3346/3844/2851
f 3284/3780/2789 3282/3778/2787 3347/3845/2852
f 3349/3847/2854 3347/3845/2852 3348/3846/2853
f 3286/3782/2791 3284/3780/2789 3349/3847/2854
f 3351/3849/2856 3349/3847/2854 3350/3848/2855
f 3288/3784/2793 3286/3782/2791 3351/3849/2856
f 3353/3851/2858 3351/3849/2856 3352/3850/2857
f 3290/3786/2795 3288/3784/2793 3353/3851/2858
f 3355/3853/2860 3353/3851/2858 3354/3852/2859
f 3292/3788/2797 3290/3786/2795 3355/3853/2860
f 3357/3855/2862 3355/3853/2860 3356/3854/2861
f 3359/3857/2864 3294/3790/2799 3292/3788/2797
f 3360/3858/2865 3359/3857/2864 3357/3855/2862
f 3361/3859/2866 3296/3792/2801 3294/3790/2799
f 3362/3860/2867 3361/3859/2866 3359/3857/2864
f 3363/3861/2868 3298/3794/2803 3296/3792/2801
f 3364/3862/2869 3363/3861/2868 3361/3859/2866
f 3365/3863/2870 3300/3796/2805 3298/3794/2803
f 3366/3864/2871 3365/3863/2870 3363/3861/2868
f 3367/3865/2872 3302/3798/2807 3300/3796/2805
f 3368/3866/2873 3367/3865/2872 3365/3863/2870
f 3369/3867/2874 3304/3800/2809 3302/3798/2807
f 3370/3868/2875 3369/3867/2874 3367/3865/2872
f 3371/3869/2876 3306/3802/2811 3304/3800/2809
f 3372/3870/2877 3371/3869/2876 3369/3867/2874
f 3373/3871/2878 3308/3804/2813 3306/3802/2811
f 3374/3872/2879 3373/3871/2878 3371/3869/2876
f 3310/3806/2815 3308/3804/2813 3373/3871/2878
f 3375/3810/2880 3373/3871/2878 3374/3872/2879
f 3313/3808/2818 3375/3810/2880 3376/3873/2881
f 3378/3814/2883 3376/3873/2881 3377/3874/2882
f 3376/3873/2881 3374/3872/2879 3388/3876/2892
f 3316/3812/2821 3378/3814/2883 3379/3875/2884
f 3409/3937/2913 3330/3826/2835 3328/3824/2833
f 3410/3889/2914 3328/3824/2833 3326/3822/2831
f 3408/3935/2912 3332/3828/2837 3330/3826/2835
f 3407/3933/2911 3334/3830/2839 3332/3828/2837
f 3406/3931/2910 3336/3832/2841 3334/3830/2839
f 3405/3929/2909 3338/3834/2843 3336/3832/2841
f 3404/3927/2908 3340/3836/2845 3338/3834/2843
f 3403/3926/2907 3342/3838/2847 3340/3836/2845
f 3344/3842/2849 3342/3841/2847 3403/3924/2907
f 3346/3844/2851 3344/3842/2849 3402/3922/2906
f 3348/3846/2853 3346/3844/2851 3401/3920/2905
f 3350/3848/2855 3348/3846/2853 3400/3884/2904
f 3354/3852/2859 3352/3850/2857 3399/3881/2903
f 3352/3850/2857 3350/3848/2855 3382/3882/2886
f 3356/3854/2861 3354/3852/2859 3398/3917/2902
f 3358/3856/2863 3356/3854/2861 3397/3915/2901
f 3395/3911/2899 3360/3858/2865 3358/3856/2863
f 3394/3909/2898 3362/3860/2867 3360/3858/2865
f 3393/3907/2897 3364/3862/2869 3362/3860/2867
f 3392/3905/2896 3366/3864/2871 3364/3862/2869
f 3391/3903/2895 3368/3866/2873 3366/3864/2871
f 3390/3901/2894 3370/3868/2875 3368/3866/2873
f 3389/3899/2893 3372/3870/2877 3370/3868/2875
f 3388/3876/2892 3374/3872/2879 3372/3870/2877
f 3320/3816/2825 3318/3813/2823 3387/3895/2891
f 3318/3813/2823 3316/3812/2821 3380/3877/2885
f 3322/3818/2827 3320/3816/2825 3386/3893/2890
f 3324/3820/2829 3322/3818/2827 3385/3891/2889
f 3326/3822/2831 3324/3820/2829 3384/3887/2888
f 3412/3448/2916 3413/3942/2917 3411/3939/2915
f 3055/3543/2560 3411/3939/2915 3444/3940/2947
f 2965/3941/2470 3415/3944/2918 3413/3942/2917
f 3416/3946/2919 3415/3944/2918 2965/3941/2470
f 3417/3948/2920 3416/3946/2919 2968/3452/2473
f 3418/3950/2921 3417/3948/2920 2971/3455/2476
f 3419/3952/2922 3418/3950/2921 2974/3458/2479
f 3420/3954/2923 3419/3952/2922 2977/3461/2482
f 3421/3956/2924 3420/3954/2923 2980/3464/2485
f 3422/3958/2925 3421/3956/2924 2983/3467/2488
f 3423/3960/2926 3422/3958/2925 2986/3470/2491
f 2992/3482/2497 3424/3963/2927 3423/3962/2926
f 2995/3485/2500 3425/3965/2928 3424/3963/2927
f 2998/3488/2503 3426/3967/2929 3425/3965/2928
f 3001/3491/2506 3427/3969/2930 3426/3967/2929
f 3004/3494/2509 3428/3971/2931 3427/3969/2930
f 3007/3497/2512 3429/3973/2932 3428/3971/2931
f 3010/3500/2515 3430/3975/2933 3429/3973/2932
f 3013/3977/2518 3431/3978/2934 3430/3975/2933
f 3432/3980/2935 3431/3978/2934 3013/3977/2518
f 3433/3982/2936 3432/3980/2935 3016/3502/2521
f 3434/3984/2937 3433/3982/2936 3019/3505/2524
f 3435/3986/2938 3434/3984/2937 3022/3508/2527
f 3436/3988/2939 3435/3986/2938 3025/3511/2530
f 3437/3990/2940 3436/3988/2939 3028/3514/2533
f 3438/3992/2941 3437/3990/2940 3031/3517/2536
f 3439/3994/2942 3438/3992/2941 3034/3520/2539
f 3040/3529/2545 3440/3996/2943 3439/3994/2942
f 3043/3532/2548 3441/3998/2944 3440/3996/2943
f 3046/3535/2551 3442/4000/2945 3441/3998/2944
f 3049/3538/2554 3443/4002/2946 3442/4000/2945
f 3052/3541/2557 3444/3940/2947 3443/4002/2946
f 3445/4006/2948 3446/4010/2949 3894/4007/3396
f 3448/4009/2951 3540/4103/3043 3446/4010/2949
f 3445/4006/2948 3447/4008/2950 3450/4011/2953
f 3448/4009/2951 3445/4006/2948 3449/4012/2952
f 3449/4012/2952 3450/4011/2953 3453/4014/2956
f 3451/4013/2954 3449/4012/2952 3452/4015/2955
f 3452/4015/2955 3453/4014/2956 3456/4017/2959
f 3454/4016/2957 3452/4015/2955 3455/4018/2958
f 3455/4018/2958 3456/4017/2959 3459/4020/2962
f 3457/4019/2960 3455/4018/2958 3458/4021/2961
f 3458/4021/2961 3459/4020/2962 3462/4023/2965
f 3460/4022/2963 3458/4021/2961 3461/4024/2964
f 3461/4024/2964 3462/4023/2965 3465/4026/2968
f 3463/4025/2966 3461/4024/2964 3464/4027/2967
f 3464/4027/2967 3465/4026/2968 3468/4029/2971
f 3466/4028/2969 3464/4027/2967 3467/4030/2970
f 3467/4030/2970 3468/4029/2971 3471/4032/2974
f 3469/4031/2972 3467/4030/2970 3470/4033/2973
f 3473/4035/2976 3470/4039/2973 3471/4036/2974
f 3475/4038/2978 3472/4126/2975 3470/4039/2973
f 3476/4040/2979 3473/4035/2976 3474/4037/2977
f 3478/4042/2981 3475/4038/2978 3473/4035/2976
f 3479/4043/2982 3476/4040/2979 3477/4041/2980
f 3481/4045/2984 3478/4042/2981 3476/4040/2979
f 3482/4046/2985 3479/4043/2982 3480/4044/2983
f 3484/4048/2987 3481/4045/2984 3479/4043/2982
f 3485/4049/2988 3482/4046/2985 3483/4047/2986
f 3487/4051/2990 3484/4048/2987 3482/4046/2985
f 3488/4052/2991 3485/4049/2988 3486/4050/2989
f 3490/4054/2993 3487/4051/2990 3485/4049/2988
f 3491/4055/2994 3488/4052/2991 3489/4053/2992
f 3493/4057/2996 3490/4054/2993 3488/4052/2991
f 3494/4058/2997 3491/4055/2994 3492/4056/2995
f 3496/4060/2999 3493/4057/2996 3491/4055/2994
f 3494/4058/2997 3495/4059/2998 3498/4061/3001
f 3496/4060/2999 3494/4058/2997 3497/4062/3000
f 3497/4062/3000 3498/4061/3001 3501/4064/3004
f 3499/4063/3002 3497/4062/3000 3500/4065/3003
f 3500/4065/3003 3501/4064/3004 3504/4067/3007
f 3502/4066/3005 3500/4065/3003 3503/4068/3006
f 3503/4068/3006 3504/4067/3007 3507/4070/3010
f 3505/4069/3008 3503/4068/3006 3506/4071/3009
f 3506/4071/3009 3507/4070/3010 3510/4073/3013
f 3508/4072/3011 3506/4071/3009 3509/4074/3012
f 3509/4074/3012 3510/4073/3013 3513/4076/3016
f 3511/4075/3014 3509/4074/3012 3512/4077/3015
f 3512/4077/3015 3513/4076/3016 3516/4079/3019
f 3514/4078/3017 3512/4077/3015 3515/4080/3018
f 3515/4080/3018 3516/4079/3019 3519/4082/3022
f 3517/4081/3020 3515/4080/3018 3518/4083/3021
f 3521/4085/3024 3518/4083/3021 3519/4082/3022
f 3523/4087/3026 3520/4084/3023 3518/4083/3021
f 3524/4088/3027 3521/4085/3024 3522/4086/3025
f 3526/4090/3029 3523/4087/3026 3521/4085/3024
f 3527/4091/3030 3524/4088/3027 3525/4089/3028
f 3529/4093/3032 3526/4090/3029 3524/4088/3027
f 3530/4094/3033 3527/4091/3030 3528/4092/3031
f 3532/4096/3035 3529/4093/3032 3527/4091/3030
f 3533/4097/3036 3530/4094/3033 3531/4095/3034
f 3535/4099/3038 3532/4096/3035 3530/4094/3033
f 3536/4100/3039 3533/4097/3036 3534/4098/3037
f 3538/4102/3041 3535/4099/3038 3533/4097/3036
f 3446/4010/2949 3536/4100/3039 3537/4101/3040
f 3540/4103/3043 3538/4102/3041 3536/4100/3039
f 3541/4104/3044 3539/4105/3042 3538/4102/3041
f 3539/4105/3042 3601/4167/3104 3535/4099/3038
f 3543/4106/3046 3541/4104/3044 3540/4103/3043
f 3544/4107/3047 3542/4108/3045 3541/4104/3044
f 3542/4108/3045 3604/4169/3107 3539/4105/3042
f 3543/4106/3046 3448/4009/2951 3451/4013/2954
f 3544/4107/3047 3543/4106/3046 3545/4109/3048
f 3545/4109/3048 3451/4013/2954 3454/4016/2957
f 3546/4110/3049 3545/4109/3048 3547/4111/3050
f 3547/4111/3050 3454/4016/2957 3457/4019/2960
f 3548/4112/3051 3547/4111/3050 3549/4113/3052
f 3549/4113/3052 3457/4019/2960 3460/4022/2963
f 3550/4114/3053 3549/4113/3052 3551/4115/3054
f 3551/4115/3054 3460/4022/2963 3463/4025/2966
f 3552/4116/3055 3551/4115/3054 3553/4117/3056
f 3553/4117/3056 3463/4025/2966 3466/4028/2969
f 3554/4118/3057 3553/4117/3056 3555/4119/3058
f 3555/4119/3058 3466/4028/2969 3469/4031/2972
f 3556/4120/3059 3555/4119/3058 3557/4121/3060
f 3557/4121/3060 3469/4031/2972 3472/4034/2975
f 3558/4122/3061 3557/4121/3060 3559/4123/3062
f 3561/4125/3064 3559/4128/3062 3472/4126/2975
f 3562/4127/3065 3560/4194/3063 3559/4128/3062
f 3563/4129/3066 3561/4125/3064 3475/4038/2978
f 3564/4130/3067 3562/4127/3065 3561/4125/3064
f 3565/4131/3068 3563/4129/3066 3478/4042/2981
f 3566/4132/3069 3564/4130/3067 3563/4129/3066
f 3567/4133/3070 3565/4131/3068 3481/4045/2984
f 3568/4134/3071 3566/4132/3069 3565/4131/3068
f 3569/4135/3072 3567/4133/3070 3484/4048/2987
f 3570/4136/3073 3568/4134/3071 3567/4133/3070
f 3571/4137/3074 3569/4135/3072 3487/4051/2990
f 3572/4138/3075 3570/4136/3073 3569/4135/3072
f 3573/4139/3076 3571/4137/3074 3490/4054/2993
f 3574/4140/3077 3572/4138/3075 3571/4137/3074
f 3575/4141/3078 3573/4139/3076 3493/4057/2996
f 3576/4142/3079 3574/4140/3077 3573/4139/3076
f 3575/4141/3078 3496/4060/2999 3499/4063/3002
f 3576/4142/3079 3575/4141/3078 3577/4143/3080
f 3577/4143/3080 3499/4063/3002 3502/4066/3005
f 3578/4144/3081 3577/4143/3080 3579/4145/3082
f 3579/4145/3082 3502/4066/3005 3505/4069/3008
f 3580/4146/3083 3579/4145/3082 3581/4147/3084
f 3581/4147/3084 3505/4069/3008 3508/4072/3011
f 3582/4148/3085 3581/4147/3084 3583/4149/3086
f 3583/4149/3086 3508/4072/3011 3511/4075/3014
f 3584/4150/3087 3583/4149/3086 3585/4151/3088
f 3585/4151/3088 3511/4075/3014 3514/4078/3017
f 3586/4152/3089 3585/4151/3088 3587/4153/3090
f 3587/4153/3090 3514/4078/3017 3517/4081/3020
f 3588/4154/3091 3587/4153/3090 3589/4155/3092
f 3589/4155/3092 3517/4081/3020 3520/4084/3023
f 3590/4156/3093 3589/4155/3092 3591/4157/3094
f 3593/4159/3096 3591/4157/3094 3520/4084/3023
f 3594/4160/3097 3592/4158/3095 3591/4157/3094
f 3595/4161/3098 3593/4159/3096 3523/4087/3026
f 3596/4162/3099 3594/4160/3097 3593/4159/3096
f 3597/4163/3100 3595/4161/3098 3526/4090/3029
f 3598/4164/3101 3596/4162/3099 3595/4161/3098
f 3599/4165/3102 3597/4163/3100 3529/4093/3032
f 3600/4166/3103 3598/4164/3101 3597/4163/3100
f 3601/4167/3104 3599/4165/3102 3532/4096/3035
f 3602/4168/3105 3600/4166/3103 3599/4165/3102
f 3604/4169/3107 3602/4168/3105 3601/4167/3104
f 3605/4170/3108 3603/4171/3106 3602/4168/3105
f 3603/4171/3106 3665/4233/3168 3600/4166/3103
f 3607/4172/3110 3605/4170/3108 3604/4169/3107
f 3608/4173/3111 3606/4174/3109 3605/4170/3108
f 3606/4174/3109 3668/4235/3171 3603/4171/3106
f 3609/4175/3112 3607/4172/3110 3542/4108/3045
f 3610/4176/3113 3608/4173/3111 3607/4172/3110
f 3610/4176/3113 3609/4175/3112 3611/4177/3114
f 3609/4175/3112 3544/4107/3047 3546/4110/3049
f 3611/4177/3114 3546/4110/3049 3548/4112/3051
f 3612/4178/3115 3611/4177/3114 3613/4179/3116
f 3613/4179/3116 3548/4112/3051 3550/4114/3053
f 3614/4180/3117 3613/4179/3116 3615/4181/3118
f 3615/4181/3118 3550/4114/3053 3552/4116/3055
f 3616/4182/3119 3615/4181/3118 3617/4183/3120
f 3617/4183/3120 3552/4116/3055 3554/4118/3057
f 3618/4184/3121 3617/4183/3120 3619/4185/3122
f 3619/4185/3122 3554/4118/3057 3556/4120/3059
f 3620/4186/3123 3619/4185/3122 3621/4187/3124
f 3621/4187/3124 3556/4120/3059 3558/4122/3061
f 3622/4188/3125 3621/4187/3124 3623/4189/3126
f 3623/4189/3126 3558/4122/3061 3560/4124/3063
f 3624/4190/3127 3623/4189/3126 3625/4191/3128
f 3627/4193/3130 3625/4196/3128 3560/4194/3063
f 3628/4195/3131 3626/4689/3129 3625/4196/3128
f 3629/4197/3132 3627/4193/3130 3562/4127/3065
f 3630/4198/3133 3628/4195/3131 3627/4193/3130
f 3631/4199/3134 3629/4197/3132 3564/4130/3067
f 3632/4200/3135 3630/4198/3133 3629/4197/3132
f 3633/4201/3136 3631/4199/3134 3566/4132/3069
f 3634/4202/3137 3632/4200/3135 3631/4199/3134
f 3635/4203/3138 3633/4201/3136 3568/4134/3071
f 3636/4204/3139 3634/4202/3137 3633/4201/3136
f 3637/4205/3140 3635/4203/3138 3570/4136/3073
f 3638/4206/3141 3636/4204/3139 3635/4203/3138
f 3639/4207/3142 3637/4205/3140 3572/4138/3075
f 3640/4208/3143 3638/4206/3141 3637/4205/3140
f 3641/4209/3144 3639/4207/3142 3574/4140/3077
f 3642/4210/3145 3640/4208/3143 3639/4207/3142
f 3641/4209/3144 3576/4142/3079 3578/4144/3081
f 3642/4210/3145 3641/4209/3144 3643/4211/3146
f 3643/4211/3146 3578/4144/3081 3580/4146/3083
f 3644/4212/3147 3643/4211/3146 3645/4213/3148
f 3645/4213/3148 3580/4146/3083 3582/4148/3085
f 3646/4214/3149 3645/4213/3148 3647/4215/3150
f 3647/4215/3150 3582/4148/3085 3584/4150/3087
f 3648/4216/3151 3647/4215/3150 3649/4217/3152
f 3649/4217/3152 3584/4150/3087 3586/4152/3089
f 3650/4218/3153 3649/4217/3152 3651/4219/3154
f 3651/4219/3154 3586/4152/3089 3588/4154/3091
f 3652/4220/3155 3651/4219/3154 3653/4221/3156
f 3653/4221/3156 3588/4154/3091 3590/4156/3093
f 3654/4222/3157 3653/4221/3156 3655/4223/3158
f 3655/4223/3158 3590/4156/3093 3592/4158/3095
f 3656/4224/3159 3655/4223/3158 3657/4225/3160
f 3659/4227/3162 3657/4225/3160 3592/4158/3095
f 3660/4228/3163 3658/4226/3161 3657/4225/3160
f 3661/4229/3164 3659/4227/3162 3594/4160/3097
f 3662/4230/3165 3660/4228/3163 3659/4227/3162
f 3663/4231/3166 3661/4229/3164 3596/4162/3099
f 3664/4232/3167 3662/4230/3165 3661/4229/3164
f 3665/4233/3168 3663/4231/3166 3598/4164/3101
f 3666/4234/3169 3664/4232/3167 3663/4231/3166
f 3668/4235/3171 3666/4234/3169 3665/4233/3168
f 3667/4236/3170 3666/4234/3169 3668/4235/3171
f 3729/4238/3232 3664/4232/3167 3666/4234/3169
f 3669/4237/3172 3668/4235/3171 3606/4174/3109
f 3670/4240/3173 3669/4237/3172 3671/4239/3174
f 3732/4242/3235 3667/4236/3170 3669/4237/3172
f 3671/4239/3174 3606/4174/3109 3608/4173/3111
f 3672/4241/3175 3671/4239/3174 3673/4243/3176
f 3673/4243/3176 3608/4173/3111 3610/4176/3113
f 3674/4244/3177 3673/4243/3176 3675/4245/3178
f 3677/4247/3180 3675/4245/3178 3610/4176/3113
f 3678/4248/3181 3676/4246/3179 3675/4245/3178
f 3679/4249/3182 3677/4247/3180 3612/4178/3115
f 3680/4250/3183 3678/4248/3181 3677/4247/3180
f 3681/4251/3184 3679/4249/3182 3614/4180/3117
f 3682/4252/3185 3680/4250/3183 3679/4249/3182
f 3683/4253/3186 3681/4251/3184 3616/4182/3119
f 3684/4254/3187 3682/4252/3185 3681/4251/3184
f 3685/4255/3188 3683/4253/3186 3618/4184/3121
f 3686/4256/3189 3684/4254/3187 3683/4253/3186
f 3687/4257/3190 3685/4255/3188 3620/4186/3123
f 3688/4258/3191 3686/4256/3189 3685/4255/3188
f 3689/4259/3192 3687/4257/3190 3622/4188/3125
f 3690/4260/3193 3688/4258/3191 3687/4257/3190
f 3691/4261/3194 3689/4259/3192 3624/4190/3127
f 3692/4262/3195 3690/4260/3193 3689/4259/3192
f 3691/4263/3194 3626/4689/3129 3628/4195/3131
f 3692/4265/3195 3691/4263/3194 3693/4264/3196
f 3693/4264/3196 3628/4195/3131 3630/4198/3133
f 3694/4266/3197 3693/4264/3196 3695/4267/3198
f 3695/4267/3198 3630/4198/3133 3632/4200/3135
f 3696/4268/3199 3695/4267/3198 3697/4269/3200
f 3697/4269/3200 3632/4200/3135 3634/4202/3137
f 3698/4270/3201 3697/4269/3200 3699/4271/3202
f 3699/4271/3202 3634/4202/3137 3636/4204/3139
f 3700/4272/3203 3699/4271/3202 3701/4273/3204
f 3701/4273/3204 3636/4204/3139 3638/4206/3141
f 3702/4274/3205 3701/4273/3204 3703/4275/3206
f 3703/4275/3206 3638/4206/3141 3640/4208/3143
f 3704/4276/3207 3703/4275/3206 3705/4277/3208
f 3705/4277/3208 3640/4208/3143 3642/4210/3145
f 3706/4278/3209 3705/4277/3208 3707/4279/3210
f 3709/4281/3212 3707/4279/3210 3642/4210/3145
f 3710/4282/3213 3708/4280/3211 3707/4279/3210
f 3711/4283/3214 3709/4281/3212 3644/4212/3147
f 3712/4284/3215 3710/4282/3213 3709/4281/3212
f 3713/4285/3216 3711/4283/3214 3646/4214/3149
f 3714/4286/3217 3712/4284/3215 3711/4283/3214
f 3715/4287/3218 3713/4285/3216 3648/4216/3151
f 3716/4288/3219 3714/4286/3217 3713/4285/3216
f 3717/4289/3220 3715/4287/3218 3650/4218/3153
f 3718/4290/3221 3716/4288/3219 3715/4287/3218
f 3719/4291/3222 3717/4289/3220 3652/4220/3155
f 3720/4292/3223 3718/4290/3221 3717/4289/3220
f 3721/4293/3224 3719/4291/3222 3654/4222/3157
f 3722/4294/3225 3720/4292/3223 3719/4291/3222
f 3723/4295/3226 3721/4293/3224 3656/4224/3159
f 3724/4296/3227 3722/4294/3225 3721/4293/3224
f 3723/4295/3226 3658/4226/3161 3660/4228/3163
f 3724/4296/3227 3723/4295/3226 3725/4297/3228
f 3725/4297/3228 3660/4228/3163 3662/4230/3165
f 3726/4298/3229 3725/4297/3228 3727/4299/3230
f 3727/4299/3230 3662/4230/3165 3664/4232/3167
f 3728/4300/3231 3727/4299/3230 3729/4238/3232
f 3730/4301/3233 3729/4238/3232 3667/4236/3170
f 3731/4302/3234 3730/4301/3233 3732/4242/3235
f 3793/4304/3296 3728/4300/3231 3730/4301/3233
f 3733/4303/3236 3732/4242/3235 3670/4240/3173
f 3734/4306/3237 3733/4303/3236 3735/4305/3238
f 3796/4308/3299 3731/4302/3234 3733/4303/3236
f 3735/4305/3238 3670/4240/3173 3672/4241/3175
f 3736/4307/3239 3735/4305/3238 3737/4309/3240
f 3737/4309/3240 3672/4241/3175 3674/4244/3177
f 3738/4310/3241 3737/4309/3240 3739/4311/3242
f 3739/4311/3242 3674/4244/3177 3676/4246/3179
f 3740/4312/3243 3739/4311/3242 3741/4313/3244
f 3743/4315/3246 3741/4313/3244 3676/4246/3179
f 3744/4316/3247 3742/4314/3245 3741/4313/3244
f 3745/4317/3248 3743/4315/3246 3678/4248/3181
f 3746/4318/3249 3744/4316/3247 3743/4315/3246
f 3747/4319/3250 3745/4317/3248 3680/4250/3183
f 3748/4320/3251 3746/4318/3249 3745/4317/3248
f 3749/4321/3252 3747/4319/3250 3682/4252/3185
f 3750/4322/3253 3748/4320/3251 3747/4319/3250
f 3751/4323/3254 3749/4321/3252 3684/4254/3187
f 3752/4324/3255 3750/4322/3253 3749/4321/3252
f 3753/4325/3256 3751/4323/3254 3686/4256/3189
f 3754/4326/3257 3752/4324/3255 3751/4323/3254
f 3755/4327/3258 3753/4325/3256 3688/4258/3191
f 3756/4328/3259 3754/4326/3257 3753/4325/3256
f 3757/4329/3260 3755/4327/3258 3690/4260/3193
f 3758/4330/3261 3756/4328/3259 3755/4327/3258
f 3757/4331/3260 3692/4265/3195 3694/4266/3197
f 3758/4333/3261 3757/4331/3260 3759/4332/3262
f 3759/4332/3262 3694/4266/3197 3696/4268/3199
f 3760/4334/3263 3759/4332/3262 3761/4335/3264
f 3761/4335/3264 3696/4268/3199 3698/4270/3201
f 3762/4336/3265 3761/4335/3264 3763/4337/3266
f 3763/4337/3266 3698/4270/3201 3700/4272/3203
f 3764/4338/3267 3763/4337/3266 3765/4339/3268
f 3765/4339/3268 3700/4272/3203 3702/4274/3205
f 3766/4340/3269 3765/4339/3268 3767/4341/3270
f 3767/4341/3270 3702/4274/3205 3704/4276/3207
f 3768/4342/3271 3767/4341/3270 3769/4343/3272
f 3769/4343/3272 3704/4276/3207 3706/4278/3209
f 3770/4344/3273 3769/4343/3272 3771/4345/3274
f 3771/4345/3274 3706/4278/3209 3708/4280/3211
f 3772/4346/3275 3771/4345/3274 3773/4347/3276
f 3775/4349/3278 3773/4347/3276 3708/4280/3211
f 3776/4350/3279 3774/4348/3277 3773/4347/3276
f 3777/4351/3280 3775/4349/3278 3710/4282/3213
f 3778/4352/3281 3776/4350/3279 3775/4349/3278
f 3779/4353/3282 3777/4351/3280 3712/4284/3215
f 3780/4354/3283 3778/4352/3281 3777/4351/3280
f 3781/4355/3284 3779/4353/3282 3714/4286/3217
f 3782/4356/3285 3780/4354/3283 3779/4353/3282
f 3783/4357/3286 3781/4355/3284 3716/4288/3219
f 3784/4358/3287 3782/4356/3285 3781/4355/3284
f 3785/4359/3288 3783/4357/3286 3718/4290/3221
f 3786/4360/3289 3784/4358/3287 3783/4357/3286
f 3787/4361/3290 3785/4359/3288 3720/4292/3223
f 3788/4362/3291 3786/4360/3289 3785/4359/3288
f 3789/4363/3292 3787/4361/3290 3722/4294/3225
f 3790/4364/3293 3788/4362/3291 3787/4361/3290
f 3789/4363/3292 3724/4296/3227 3726/4298/3229
f 3790/4364/3293 3789/4363/3292 3791/4365/3294
f 3791/4365/3294 3726/4298/3229 3728/4300/3231
f 3792/4366/3295 3791/4365/3294 3793/4304/3296
f 3794/4367/3297 3793/4304/3296 3731/4302/3234
f 3795/4368/3298 3794/4367/3297 3796/4308/3299
f 3857/4370/3360 3792/4366/3295 3794/4367/3297
f 3797/4369/3300 3796/4308/3299 3734/4306/3237
f 3798/4372/3301 3797/4369/3300 3799/4371/3302
f 3860/4374/3363 3795/4368/3298 3797/4369/3300
f 3799/4371/3302 3734/4306/3237 3736/4307/3239
f 3800/4373/3303 3799/4371/3302 3801/4375/3304
f 3801/4375/3304 3736/4307/3239 3738/4310/3241
f 3802/4376/3305 3801/4375/3304 3803/4377/3306
f 3803/4377/3306 3738/4310/3241 3740/4312/3243
f 3804/4378/3307 3803/4377/3306 3805/4379/3308
f 3805/4379/3308 3740/4312/3243 3742/4314/3245
f 3806/4380/3309 3805/4379/3308 3807/4381/3310
f 3809/4383/3312 3807/4381/3310 3742/4314/3245
f 3810/4384/3313 3808/4382/3311 3807/4381/3310
f 3811/4385/3314 3809/4383/3312 3744/4316/3247
f 3812/4386/3315 3810/4384/3313 3809/4383/3312
f 3813/4387/3316 3811/4385/3314 3746/4318/3249
f 3814/4388/3317 3812/4386/3315 3811/4385/3314
f 3815/4389/3318 3813/4387/3316 3748/4320/3251
f 3816/4390/3319 3814/4388/3317 3813/4387/3316
f 3817/4391/3320 3815/4389/3318 3750/4322/3253
f 3818/4392/3321 3816/4390/3319 3815/4389/3318
f 3819/4393/3322 3817/4391/3320 3752/4324/3255
f 3820/4394/3323 3818/4392/3321 3817/4391/3320
f 3821/4395/3324 3819/4393/3322 3754/4326/3257
f 3822/4396/3325 3820/4394/3323 3819/4393/3322
f 3823/4397/3326 3821/4395/3324 3756/4328/3259
f 3824/4398/3327 3822/4396/3325 3821/4395/3324
f 3823/4399/3326 3758/4333/3261 3760/4334/3263
f 3824/4401/3327 3823/4399/3326 3825/4400/3328
f 3825/4400/3328 3760/4334/3263 3762/4336/3265
f 3826/4402/3329 3825/4400/3328 3827/4403/3330
f 3827/4403/3330 3762/4336/3265 3764/4338/3267
f 3828/4404/3331 3827/4403/3330 3829/4405/3332
f 3829/4405/3332 3764/4338/3267 3766/4340/3269
f 3830/4406/3333 3829/4405/3332 3831/4407/3334
f 3831/4407/3334 3766/4340/3269 3768/4342/3271
f 3832/4408/3335 3831/4407/3334 3833/4409/3336
f 3833/4409/3336 3768/4342/3271 3770/4344/3273
f 3834/4410/3337 3833/4409/3336 3835/4411/3338
f 3835/4411/3338 3770/4344/3273 3772/4346/3275
f 3836/4412/3339 3835/4411/3338 3837/4413/3340
f 3837/4413/3340 3772/4346/3275 3774/4348/3277
f 3838/4414/3341 3837/4413/3340 3839/4415/3342
f 3841/4417/3344 3839/4415/3342 3774/4348/3277
f 3842/4418/3345 3840/4416/3343 3839/4415/3342
f 3843/4419/3346 3841/4417/3344 3776/4350/3279
f 3844/4420/3347 3842/4418/3345 3841/4417/3344
f 3845/4421/3348 3843/4419/3346 3778/4352/3281
f 3846/4422/3349 3844/4420/3347 3843/4419/3346
f 3847/4423/3350 3845/4421/3348 3780/4354/3283
f 3848/4424/3351 3846/4422/3349 3845/4421/3348
f 3849/4425/3352 3847/4423/3350 3782/4356/3285
f 3850/4426/3353 3848/4424/3351 3847/4423/3350
f 3851/4427/3354 3849/4425/3352 3784/4358/3287
f 3852/4428/3355 3850/4426/3353 3849/4425/3352
f 3853/4429/3356 3851/4427/3354 3786/4360/3289
f 3854/4430/3357 3852/4428/3355 3851/4427/3354
f 3855/4431/3358 3853/4429/3356 3788/4362/3291
f 3856/4432/3359 3854/4430/3357 3853/4429/3356
f 3855/4431/3358 3790/4364/3293 3792/4366/3295
f 3856/4432/3359 3855/4431/3358 3857/4370/3360
f 3858/4433/3361 3857/4370/3360 3795/4368/3298
f 3859/4434/3362 3858/4433/3361 3860/4374/3363
f 3870/4436/3372 3856/4432/3359 3858/4433/3361
f 3861/4435/3364 3860/4374/3363 3798/4372/3301
f 3891/4497/3393 3892/4449/3394 3810/4384/3313
f 3892/4449/3394 3865/4447/3367 3808/4382/3311
f 3890/4495/3392 3891/4497/3393 3812/4386/3315
f 3889/4493/3391 3890/4495/3392 3814/4388/3317
f 3888/4491/3390 3889/4493/3391 3816/4390/3319
f 3887/4489/3389 3888/4491/3390 3818/4392/3321
f 3886/4486/3388 3887/4489/3389 3820/4394/3323
f 3885/4487/3387 3886/4486/3388 3822/4396/3325
f 3885/4484/3387 3824/4401/3327 3826/4402/3329
f 3884/4482/3386 3826/4402/3329 3828/4404/3331
f 3883/4480/3385 3828/4404/3331 3830/4406/3333
f 3882/4444/3384 3830/4406/3333 3832/4408/3335
f 3881/4442/3383 3834/4410/3337 3836/4412/3339
f 3864/4441/3366 3832/4408/3335 3834/4410/3337
f 3880/4477/3382 3836/4412/3339 3838/4414/3341
f 3879/4475/3381 3838/4414/3341 3840/4416/3343
f 3877/4471/3379 3878/4473/3380 3840/4416/3343
f 3876/4469/3378 3877/4471/3379 3842/4418/3345
f 3875/4467/3377 3876/4469/3378 3844/4420/3347
f 3874/4465/3376 3875/4467/3377 3846/4422/3349
f 3873/4463/3375 3874/4465/3376 3848/4424/3351
f 3872/4461/3374 3873/4463/3375 3850/4426/3353
f 3871/4459/3373 3872/4461/3374 3852/4428/3355
f 3870/4436/3372 3871/4459/3373 3854/4430/3357
f 3869/4455/3371 3800/4373/3303 3802/4376/3305
f 3862/4437/3365 3798/4372/3301 3800/4373/3303
f 3868/4453/3370 3802/4376/3305 3804/4378/3307
f 3867/4451/3369 3804/4378/3307 3806/4380/3309
f 3866/4446/3368 3806/4380/3309 3808/4382/3311
f 3894/4007/3396 3537/4101/3040 3893/4499/3395
f 3537/4101/3040 3534/4098/3037 3926/4501/3427
f 3447/4008/2950 3894/4007/3396 3895/4500/3397
f 3447/4008/2950 3897/4502/3398 3898/4505/3399
f 3450/4011/2953 3898/4505/3399 3899/4507/3400
f 3453/4014/2956 3899/4507/3400 3900/4509/3401
f 3456/4017/2959 3900/4509/3401 3901/4511/3402
f 3459/4020/2962 3901/4511/3402 3902/4513/3403
f 3462/4023/2965 3902/4513/3403 3903/4515/3404
f 3465/4026/2968 3903/4515/3404 3904/4517/3405
f 3468/4029/2971 3904/4517/3405 3905/4519/3406
f 3474/4037/2977 3471/4036/2974 3905/4521/3406
f 3477/4041/2980 3474/4037/2977 3906/4522/3407
f 3480/4044/2983 3477/4041/2980 3907/4524/3408
f 3483/4047/2986 3480/4044/2983 3908/4526/3409
f 3486/4050/2989 3483/4047/2986 3909/4528/3410
f 3489/4053/2992 3486/4050/2989 3910/4530/3411
f 3492/4056/2995 3489/4053/2992 3911/4532/3412
f 3495/4059/2998 3492/4056/2995 3912/4534/3413
f 3495/4059/2998 3913/4536/3414 3914/4538/3415
f 3498/4061/3001 3914/4538/3415 3915/4540/3416
f 3501/4064/3004 3915/4540/3416 3916/4542/3417
f 3504/4067/3007 3916/4542/3417 3917/4544/3418
f 3507/4070/3010 3917/4544/3418 3918/4546/3419
f 3510/4073/3013 3918/4546/3419 3919/4548/3420
f 3513/4076/3016 3919/4548/3420 3920/4550/3421
f 3516/4079/3019 3920/4550/3421 3921/4552/3422
f 3522/4086/3025 3519/4082/3022 3921/4552/3422
f 3525/4089/3028 3522/4086/3025 3922/4554/3423
f 3528/4092/3031 3525/4089/3028 3923/4556/3424
f 3531/4095/3034 3528/4092/3031 3924/4558/3425
f 3534/4098/3037 3531/4095/3034 3925/4560/3426
f 3929/4564/3430 3948/4593/3449 3928/4565/3429
f 3933/4567/3434 3930/4574/3431 3927/4568/3428
f 3932/4570/3433 3929/4586/3430 3927/4571/3428
f 3931/4573/3432 3940/4579/3441 3932/4570/3433
f 3933/4567/3434 3935/4578/3436 3931/4573/3432
f 3950/4575/3451 3934/4577/3435 3933/4567/3434
f 3936/4576/3437 3935/4578/3436 3933/4567/3434
f 3935/4578/3436 3937/4582/3438 3940/4579/3441
f 3938/4580/3439 3937/4582/3438 3935/4578/3436
f 3938/4580/3439 3952/4589/3453 3939/4581/3440
f 3939/4581/3440 3941/4583/3442 3940/4579/3441
f 3941/4583/3442 3942/4690/3443 3932/4570/3433
f 3944/4584/3445 3942/4588/3443 3941/4583/3442
f 3932/4570/3433 3942/4690/3443 3943/4585/3444
f 3944/4584/3445 3946/4691/3447 3943/4587/3444
f 3952/4589/3453 3945/4591/3446 3944/4584/3445
f 3947/4590/3448 3946/4691/3447 3944/4584/3445
f 3929/4564/3430 3943/4692/3444 3946/4592/3447
f 3946/4592/3447 3947/4596/3448 3949/4594/3450
f 3928/4565/3429 3948/4593/3449 3949/4594/3450
f 3947/4596/3448 3945/4693/3446 3951/4597/3452
f 3950/4595/3451 3949/4594/3450 3951/4597/3452
f 3951/4597/3452 3945/4693/3446 3952/4589/3453
f 3951/4597/3452 3938/4580/3439 3936/4576/3437
f 3954/4599/3455 3974/4629/3475 3955/4600/3456
f 3953/4602/3454 3956/4694/3457 3959/4603/3460
f 3953/4605/3454 3955/4695/3456 3958/4606/3459
f 3957/4608/3458 3956/4607/3457 3958/4606/3459
f 3959/4603/3460 3956/4694/3457 3957/4608/3458
f 3976/4611/3477 3954/4604/3455 3959/4603/3460
f 3959/4603/3460 3961/4610/3462 3962/4613/3463
f 3961/4610/3462 3957/4608/3458 3966/4609/3467
f 3961/4610/3462 3963/4614/3464 3964/4615/3465
f 3964/4615/3465 3963/4614/3464 3965/4616/3466
f 3966/4609/3467 3967/4618/3468 3965/4616/3466
f 3958/4606/3459 3968/4621/3469 3967/4618/3468
f 3967/4618/3468 3968/4696/3469 3970/4619/3471
f 3958/4606/3459 3955/4695/3456 3969/4620/3470
f 3970/4619/3471 3968/4696/3469 3969/4622/3470
f 3978/4617/3479 3965/4616/3466 3970/4619/3471
f 3970/4619/3471 3972/4623/3473 3973/4625/3474
f 3955/4600/3456 3974/4629/3475 3972/4626/3473
f 3975/4628/3476 3973/4631/3474 3972/4626/3473
f 3954/4599/3455 3976/4632/3477 3975/4628/3476
f 3977/4630/3478 3971/4633/3472 3973/4631/3474
f 3976/4632/3477 3960/4634/3461 3977/4630/3478
f 3977/4630/3478 3964/4615/3465 3978/4617/3479
f 3962/4613/3463 3964/4615/3465 3977/4630/3478
